work_id,mp_name,district,implementing_agency,work_category,cost_estimate_lakhs,status,risk_score,reasons_text
W10688,Victor Venkataraman,Nagpur,District Rural Development Agency,Road Construction,164.5050429768184,Ongoing,62.46616263667986,Cost is unusually high for 'Road Construction' works; Still ongoing 2+ years after sanction
W12715,Onveer Kata,Chennai,Zilla Panchayat,Road Construction,106.05963132257617,Ongoing,62.06863861978442,Cost is unusually high for 'Road Construction' works; Still ongoing 2+ years after sanction
W10150,Deepa Gala,Dharwad,Municipal Corporation,Community Health Center,35.26,Completed,61,Marked completed in under 30 days of sanction
W10996,Yamini Chand,Howrah,State Housing Board,Road Construction,78.14676526,Ongoing,60.633888903146854,Cost is unusually high for 'Road Construction' works; Still ongoing 2+ years after sanction
W10819,Leena Butala,Thane,State Housing Board,Drinking Water Supply,57.37122685,Completed,57.55701872322488,Cost is unusually high for 'Drinking Water Supply' works
W10185,Victor Venkataraman,Mysuru,State Housing Board,Community Health Center,30.71,Completed,56.83353628575788,Marked completed in under 30 days of sanction
W12823,Leena Butala,Lucknow,District Rural Development Agency,Street Lighting,1.31,Completed,56.61181375192424,Marked completed in under 30 days of sanction
W11950,Vrinda Biswas,Belagavi,District Rural Development Agency,Community Health Center,26.59,Completed,56.37695509864188,Marked completed in under 30 days of sanction
W12466,Triya Khatri,Madurai,District Rural Development Agency,Drinking Water Supply,17.66,Completed,54.54533492323343,Marked completed in under 30 days of sanction
W11096,Pallavi Krish,Chennai,Zilla Panchayat,Drinking Water Supply,16.03,Completed,52.256349431835616,Marked completed in under 30 days of sanction
W10230,Ria Ratta,Kanpur,State Housing Board,Drainage System,6.71,Completed,52.23075489,Marked completed in under 30 days of sanction
W10993,Hemang Bava,Asansol,Municipal Corporation,Drainage System,6.5,Completed,51.58823457728016,Marked completed in under 30 days of sanction
W11271,Deepa Gala,Mysuru,District Rural Development Agency,Drinking Water Supply,15.71,Completed,51.41735792334016,Marked completed in under 30 days of sanction
W10669,Yug Choudhry,Dharwad,Public Works Department,School Building Repair,10.32,Completed,51.30126063249732,Marked completed in under 30 days of sanction
W12754,Hemang Bava,Coimbatore,District Rural Development Agency,Public Toilet Complex,7.68,Completed,50.988826331141155,Marked completed in under 30 days of sanction
W10865,Onveer Kata,Asansol,Zilla Panchayat,Community Health Center,74.09449409651694,Completed,50.590983665168004,Cost is unusually high for 'Community Health Center' works
W12369,Sanya Swamy,Nagpur,Public Works Department,School Building Repair,11.23,Completed,50.50649456,Marked completed in under 30 days of sanction
W10038,Odika Naik,Belagavi,Zilla Panchayat,Drainage System,44.42879449315261,Ongoing,50.3878908,Cost is unusually high for 'Drainage System' works; Still ongoing 2+ years after sanction
W12894,Krishna Pant,Mysuru,Zilla Panchayat,Road Construction,59.36178626483484,Completed,49.370777040623935,Cost is unusually high for 'Road Construction' works
W10907,Gaurav Chandra,Pune,Zilla Panchayat,Community Health Center,45.04,Ongoing,48.83024330572489,Still ongoing 2+ years after sanction; Agency handles a disproportionate share of Pune's works
W12030,Oliver Sarma,Pune,Zilla Panchayat,Community Health Center,43.41,Ongoing,47.87689674987536,Still ongoing 2+ years after sanction; Agency handles a disproportionate share of Pune's works
W12572,Rayaan Mand,Pune,Zilla Panchayat,Community Health Center,49.62,Ongoing,47.06519216,Still ongoing 2+ years after sanction; Agency handles a disproportionate share of Pune's works
W11670,Owen Bansal,Nagpur,Public Works Department,Street Lighting,22.92929084968078,Ongoing,45.73540706245492,Cost is unusually high for 'Street Lighting' works; Still ongoing 2+ years after sanction
W11766,Ishwar Boase,Pune,Zilla Panchayat,Community Health Center,37.56,Completed,44.17058043207448,Agency handles a disproportionate share of Pune's works
W10104,Meera Banerjee,Pune,Zilla Panchayat,Community Health Center,49.13,Completed,44.050385804762335,Agency handles a disproportionate share of Pune's works
W12568,Leena Butala,Pune,Zilla Panchayat,Road Construction,21.59,Completed,43.847139833170544,Near-duplicate work description under same agency; Agency handles a disproportionate share of Pune's works
W12442,Owen Bansal,Belagavi,Municipal Corporation,School Building Repair,46.62613231508003,Completed,41.74358391859787,Cost is unusually high for 'School Building Repair' works
W10633,Gaurav Chandra,Pune,Zilla Panchayat,Community Health Center,42.7,Ongoing,41.378257213335544,Still ongoing 2+ years after sanction; Agency handles a disproportionate share of Pune's works
W12429,Krishna Pant,Coimbatore,District Rural Development Agency,Community Health Center,44.16,Ongoing,41.206109210220724,Near-duplicate work description under same agency
W12183,Ronith Zachariah,Pune,Zilla Panchayat,Road Construction,39.92,Ongoing,39.71977053946719,Still ongoing 2+ years after sanction; Agency handles a disproportionate share of Pune's works
W10239,Leena Butala,Pune,Zilla Panchayat,Road Construction,33.33,Ongoing,39.70431100267689,Still ongoing 2+ years after sanction; Agency handles a disproportionate share of Pune's works
W11191,Hemang Bava,Agra,Zilla Panchayat,Community Health Center,48.46,Completed,39.16535597623346,Flagged by ML pattern only
W12140,Eesha Memon,Kolkata,District Rural Development Agency,Community Health Center,49.74,Ongoing,38.78911833884817,Still ongoing 2+ years after sanction
W12632,Victor Venkataraman,Dharwad,Zilla Panchayat,Community Health Center,47.14,Completed,38.75961058789058,Flagged by ML pattern only
W11990,Ria Ratta,Coimbatore,Public Works Department,Community Health Center,49.03,Ongoing,38.73430836146733,Still ongoing 2+ years after sanction
W11772,Deepa Gala,Mysuru,Zilla Panchayat,Public Toilet Complex,23.69347963182055,Ongoing,38.65583518740888,Cost is unusually high for 'Public Toilet Complex' works; Still ongoing 2+ years after sanction
W10118,Gaurav Chandra,Pune,Zilla Panchayat,Road Construction,15.65,Ongoing,38.63505618530037,Near-duplicate work description under same agency; Still ongoing 2+ years after sanction; Agency handles a disproportionate share of Pune's works
W11840,Ekansh Sami,Pune,Zilla Panchayat,Road Construction,28.39,Completed,37.844962991900005,Agency handles a disproportionate share of Pune's works
W10400,Advaith Gole,Nashik,Zilla Panchayat,Community Health Center,49.49,Ongoing,37.57925235338486,Still ongoing 2+ years after sanction
W10670,Tanish Iyer,Pune,Zilla Panchayat,Community Health Center,38.62,Ongoing,37.55139986980882,Still ongoing 2+ years after sanction; Agency handles a disproportionate share of Pune's works
W12617,Yadavi Deshmukh,Asansol,Municipal Corporation,Community Health Center,48.58,Ongoing,36.70928761425086,Still ongoing 2+ years after sanction
W12267,Gabriel Thaman,Darjeeling,Public Works Department,Community Health Center,49.37,Completed,36.693323921677134,Flagged by ML pattern only
W12871,Yutika Rana,Lucknow,Municipal Corporation,Community Health Center,44.79,Ongoing,36.559785240549104,Still ongoing 2+ years after sanction
W12290,Deepa Gala,Nagpur,State Housing Board,Community Health Center,47.45,Ongoing,36.26037952416269,Still ongoing 2+ years after sanction
W11664,Yamini Chand,Varanasi,Municipal Corporation,Drinking Water Supply,24.0681886,Ongoing,36.20752288339886,Cost is unusually high for 'Drinking Water Supply' works; Still ongoing 2+ years after sanction
W10057,Gabriel Thaman,Thane,State Housing Board,Community Health Center,46.19,Completed,36.082289340094086,Flagged by ML pattern only
W10385,Christopher Kadakia,Kolkata,Public Works Department,School Building Repair,22.19556034002177,Completed,35.83843267966594,Cost is unusually high for 'School Building Repair' works
W10466,Vanya Suresh,Madurai,Public Works Department,Community Health Center,32.07,Ongoing,35.764619929073554,Near-duplicate work description under same agency
W10183,Ria Ratta,Madurai,District Rural Development Agency,Community Health Center,47.98,Completed,35.75942394235412,Flagged by ML pattern only
W12909,Leena Butala,Asansol,State Housing Board,Community Health Center,47.19,Ongoing,35.55686333609735,Still ongoing 2+ years after sanction
W10484,Ronith Zachariah,Mysuru,State Housing Board,Community Health Center,46.06,Completed,35.42946252074367,Flagged by ML pattern only
W11680,Owen Bansal,Belagavi,Zilla Panchayat,Community Health Center,46.38,Ongoing,35.42269347265514,Still ongoing 2+ years after sanction
W11793,Ekansh Sami,Thane,Public Works Department,Community Health Center,45.22,Ongoing,35.295804106743276,Still ongoing 2+ years after sanction
W12003,Owen Bala,Darjeeling,District Rural Development Agency,Community Health Center,47.23,Ongoing,35.09487280450193,Still ongoing 2+ years after sanction
W10373,Ekansh Sami,Pune,Zilla Panchayat,Road Construction,28.38,Completed,35.079147823468425,Agency handles a disproportionate share of Pune's works
W10673,Widisha Yohannan,Pune,Zilla Panchayat,Community Health Center,48.17,Ongoing,35.05846315102049,Agency handles a disproportionate share of Pune's works
W10730,Deepa Gala,Salem,Public Works Department,School Building Repair,8.9,Ongoing,34.96589291626438,Near-duplicate work description under same agency; Still ongoing 2+ years after sanction
W12854,Yamini Chand,Agra,Zilla Panchayat,Community Health Center,40.64,Ongoing,34.88009186666821,Still ongoing 2+ years after sanction
W11639,Nicholas Gour,Darjeeling,Zilla Panchayat,Community Health Center,40.92,Completed,34.87717201497588,Flagged by ML pattern only
W12676,Ronith Zachariah,Lucknow,Public Works Department,Community Health Center,47.11,Ongoing,34.67042996902687,Still ongoing 2+ years after sanction
W12511,Oliver Sarma,Pune,Zilla Panchayat,Community Health Center,39.04,Completed,34.556782200092854,Agency handles a disproportionate share of Pune's works
W12966,Owen Bansal,Thane,District Rural Development Agency,Community Health Center,41.12,Ongoing,33.928555666879646,Still ongoing 2+ years after sanction
W11173,Gabriel Thaman,Nashik,Public Works Department,Public Toilet Complex,2.42,Completed,33.73161994027363,Near-duplicate work description under same agency
W11696,Azaan Gupta,Thane,Zilla Panchayat,Community Health Center,47.11,Completed,33.67433831803138,Flagged by ML pattern only
W10460,Eesha Memon,Coimbatore,State Housing Board,Community Health Center,46.23,Ongoing,33.536607441979214,Still ongoing 2+ years after sanction
W12344,Ishwar Boase,Coimbatore,Zilla Panchayat,Community Health Center,45.73,Ongoing,33.235769594562875,Still ongoing 2+ years after sanction
W11372,Meera Banerjee,Coimbatore,Municipal Corporation,Community Health Center,46.02,Ongoing,33.12487386746359,Still ongoing 2+ years after sanction
W11175,Triya Khatri,Lucknow,Zilla Panchayat,Community Health Center,44.93,Completed,33.081283437897326,Flagged by ML pattern only
W10398,Yutika Rana,Darjeeling,Zilla Panchayat,Community Health Center,44.05,Completed,32.955938085294164,Flagged by ML pattern only
W10845,Gabriel Thaman,Agra,State Housing Board,Community Health Center,45.92,Completed,32.94290175443714,Flagged by ML pattern only
W10143,Meera Banerjee,Chennai,District Rural Development Agency,Community Health Center,44.47,Completed,32.83236742951362,Flagged by ML pattern only
W10044,Ekansh Sami,Kolkata,Public Works Department,Community Health Center,45.98,Completed,32.804326798317724,Flagged by ML pattern only
W11982,Mugdha Varty,Asansol,Zilla Panchayat,Community Health Center,43.81,Completed,32.611876485287446,Flagged by ML pattern only
W10300,Yug Choudhry,Chennai,District Rural Development Agency,Community Health Center,44.61,Ongoing,32.53782435243231,Still ongoing 2+ years after sanction
W10406,Yutika Rana,Varanasi,Public Works Department,Community Health Center,45.52,Completed,32.529342910093405,Flagged by ML pattern only
W10178,Advaith Gole,Belagavi,Zilla Panchayat,Community Health Center,45.58,Ongoing,32.450260219726545,Still ongoing 2+ years after sanction
W10173,Pallavi Krish,Kolkata,District Rural Development Agency,Community Health Center,44.93,Ongoing,32.38373581028931,Still ongoing 2+ years after sanction
W12070,Varsha Morar,Nagpur,State Housing Board,Community Health Center,46.04,Completed,32.33048502105121,Flagged by ML pattern only
W12859,Onveer Kata,Darjeeling,State Housing Board,Community Health Center,45.07,Ongoing,32.16734249640129,Still ongoing 2+ years after sanction
W10532,Krishna Pant,Coimbatore,Zilla Panchayat,Community Health Center,45.29,Ongoing,32.115186401799036,Still ongoing 2+ years after sanction
W10196,Azaan Gupta,Lucknow,State Housing Board,Community Health Center,45.56,Ongoing,32.09809109,Still ongoing 2+ years after sanction
W11701,Ekansh Sami,Nagpur,Zilla Panchayat,Community Health Center,42.97,Ongoing,31.973484090909807,Still ongoing 2+ years after sanction
W11526,Widisha Yohannan,Coimbatore,Public Works Department,Community Health Center,49.97,Completed,31.927497615187026,Flagged by ML pattern only
W12581,Oliver Sarma,Dharwad,Zilla Panchayat,Road Construction,27.63,Ongoing,31.90340708,Still ongoing 2+ years after sanction
W10260,Advaith Gole,Agra,District Rural Development Agency,Community Health Center,32.11,Ongoing,31.85595959871763,Still ongoing 2+ years after sanction
W10200,Bachittar Choudhry,Belagavi,Zilla Panchayat,Community Health Center,44.57,Ongoing,31.751273385949546,Still ongoing 2+ years after sanction
W11269,Ekansh Sami,Pune,Zilla Panchayat,Community Health Center,43.3,Completed,31.748689122775627,Agency handles a disproportionate share of Pune's works
W10867,Onveer Kata,Pune,Zilla Panchayat,Street Lighting,3.61,Ongoing,31.581958731115883,Still ongoing 2+ years after sanction; Agency handles a disproportionate share of Pune's works
W11816,Mugdha Varty,Agra,District Rural Development Agency,Community Health Center,48.65,Completed,31.489254249344885,Flagged by ML pattern only
W12857,Lucky Prashad,Nagpur,Zilla Panchayat,Community Health Center,43.96,Ongoing,31.314341985468577,Still ongoing 2+ years after sanction
W10810,Gabriel Thaman,Bengaluru Urban,Zilla Panchayat,Community Health Center,43.23,Ongoing,31.30262152118798,Still ongoing 2+ years after sanction
W12901,Sanya Swamy,Kanpur,Public Works Department,Community Health Center,33.93,Completed,31.26060257298304,Flagged by ML pattern only
W10517,Ria Ratta,Nashik,District Rural Development Agency,Community Health Center,43.56,Ongoing,31.153340795559405,Still ongoing 2+ years after sanction
W11452,Yutika Rana,Mysuru,State Housing Board,Community Health Center,42.8,Ongoing,31.115268637637282,Still ongoing 2+ years after sanction
W10416,Yadavi Deshmukh,Madurai,District Rural Development Agency,Community Health Center,39.54,Ongoing,31.058001684959013,Still ongoing 2+ years after sanction
W11684,Krishna Pant,Bengaluru Urban,Zilla Panchayat,Community Health Center,40.34,Completed,30.83487372985964,Flagged by ML pattern only
W12321,Sanya Swamy,Kolkata,Municipal Corporation,Community Health Center,42.29,Completed,30.690432313552556,Flagged by ML pattern only
W10610,Gabriel Thaman,Agra,State Housing Board,Community Health Center,42.32,Ongoing,30.684700635791966,Still ongoing 2+ years after sanction
W11622,Owen Bansal,Lucknow,State Housing Board,Road Construction,28.93,Completed,30.53771549327719,Flagged by ML pattern only
W10417,Vrinda Biswas,Salem,District Rural Development Agency,Street Lighting,10.917518242964356,Ongoing,30.530869010289067,Cost is unusually high for 'Street Lighting' works; Still ongoing 2+ years after sanction
W11389,Ekansh Sami,Pune,Zilla Panchayat,Drainage System,6.17,Ongoing,30.466055838880322,Still ongoing 2+ years after sanction; Agency handles a disproportionate share of Pune's works
W12890,Leena Butala,Belagavi,State Housing Board,Community Health Center,41.54,Ongoing,30.457340771187543,Still ongoing 2+ years after sanction
W10981,Oliver Sarma,Howrah,District Rural Development Agency,Community Health Center,29.41,Ongoing,30.447818099518795,Still ongoing 2+ years after sanction
W11380,Ekansh Sami,Nagpur,District Rural Development Agency,Community Health Center,38.88,Completed,30.33394824503875,Flagged by ML pattern only
W12804,Christopher Kadakia,Coimbatore,District Rural Development Agency,Street Lighting,20.901096748739697,Completed,30.203870469892145,Cost is unusually high for 'Street Lighting' works
W11923,Vrinda Biswas,Agra,Public Works Department,Community Health Center,40.11,Completed,30.103816558623944,Flagged by ML pattern only
W10515,Vanya Suresh,Nagpur,Public Works Department,Community Health Center,42.23,Ongoing,30.075321624400726,Still ongoing 2+ years after sanction
W11429,Christopher Kadakia,Thane,Zilla Panchayat,Road Construction,34.2,Ongoing,30.020802858831864,Still ongoing 2+ years after sanction
W12445,Rayaan Mand,Kanpur,Public Works Department,Community Health Center,39.15,Ongoing,30.00054731517603,Still ongoing 2+ years after sanction
W11753,Widisha Yohannan,Coimbatore,Zilla Panchayat,Community Health Center,40.76,Completed,30.000273136763397,Flagged by ML pattern only
W10566,Christopher Kadakia,Salem,District Rural Development Agency,Community Health Center,47.21,Completed,29.94135010334911,Flagged by ML pattern only
W12249,Ekansh Sami,Bengaluru Urban,Municipal Corporation,Community Health Center,40.22,Completed,29.882491680289025,Flagged by ML pattern only
W11783,Meera Banerjee,Varanasi,State Housing Board,Road Construction,32.56,Ongoing,29.878753108899186,Still ongoing 2+ years after sanction
W10074,Widisha Yohannan,Darjeeling,State Housing Board,Community Health Center,49.87,Completed,29.857946173706456,Flagged by ML pattern only
W10510,Gabriel Thaman,Belagavi,Public Works Department,Community Health Center,44.42,Completed,29.826239052794513,Flagged by ML pattern only
W12167,Yamini Chand,Pune,Zilla Panchayat,Street Lighting,1.46,Ongoing,29.713297510059185,Still ongoing 2+ years after sanction; Agency handles a disproportionate share of Pune's works
W11687,Gabriel Thaman,Howrah,Public Works Department,Community Health Center,41.98,Ongoing,29.68345438822434,Still ongoing 2+ years after sanction
W12507,Owen Bala,Madurai,Public Works Department,Community Health Center,41.24,Completed,29.633845069525663,Flagged by ML pattern only
W12189,Owen Bala,Lucknow,District Rural Development Agency,Street Lighting,22.35538126069453,Ongoing,29.616700567198855,Cost is unusually high for 'Street Lighting' works
W11563,Odika Naik,Nashik,Public Works Department,Community Health Center,49.59,Completed,29.555748120315332,Flagged by ML pattern only
W11566,Leena Butala,Agra,Public Works Department,Community Health Center,47.89,Completed,29.551099273165946,Flagged by ML pattern only
W12437,Ishwar Boase,Nagpur,Public Works Department,Community Health Center,47.82,Completed,29.496619702426017,Flagged by ML pattern only
W12950,Ria Ratta,Salem,Public Works Department,Road Construction,39.92,Ongoing,29.444736780011663,Still ongoing 2+ years after sanction
W12891,Sanya Swamy,Bengaluru Urban,Public Works Department,Community Health Center,38.35,Completed,29.40700721,Flagged by ML pattern only
W12868,Leena Butala,Mysuru,District Rural Development Agency,Community Health Center,41.61,Ongoing,29.357684879805888,Still ongoing 2+ years after sanction
W11410,Ria Ratta,Coimbatore,District Rural Development Agency,Community Health Center,40.68,Ongoing,29.346441116509272,Still ongoing 2+ years after sanction
W11723,Odika Naik,Kolkata,District Rural Development Agency,Road Construction,39.4,Completed,29.23106617101915,Flagged by ML pattern only
W12298,Triya Khatri,Bengaluru Urban,State Housing Board,Street Lighting,3.97,Ongoing,29.099266465639914,Near-duplicate work description under same agency; Still ongoing 2+ years after sanction
W10702,Gaurav Chandra,Pune,Zilla Panchayat,Road Construction,21.79,Completed,29.079329329601546,Agency handles a disproportionate share of Pune's works
W11881,Azaan Gupta,Bengaluru Urban,Public Works Department,Community Health Center,33.96,Ongoing,29.04932189198708,Still ongoing 2+ years after sanction
W11209,Eesha Memon,Pune,Zilla Panchayat,School Building Repair,11.74,Completed,29.00322220828403,Agency handles a disproportionate share of Pune's works
W11714,Gaurav Chandra,Howrah,District Rural Development Agency,Community Health Center,40.79,Ongoing,28.993168937644988,Still ongoing 2+ years after sanction
W11812,Yutika Rana,Nagpur,Municipal Corporation,Community Health Center,31.2,Ongoing,28.919629183152708,Still ongoing 2+ years after sanction
W11628,Leena Butala,Kolkata,Zilla Panchayat,Community Health Center,29.85,Ongoing,28.89649146264039,Still ongoing 2+ years after sanction
W12411,Ronith Zachariah,Thane,District Rural Development Agency,Road Construction,38.09,Completed,28.859828541016675,Flagged by ML pattern only
W10946,Leena Butala,Kanpur,Public Works Department,Community Health Center,42.82,Completed,28.757784855725625,Flagged by ML pattern only
W11775,Vrinda Biswas,Pune,Zilla Panchayat,School Building Repair,7.87,Completed,28.736521703835116,Agency handles a disproportionate share of Pune's works
W12853,Deepa Gala,Nagpur,Public Works Department,Community Health Center,35.8,Ongoing,28.66395190163504,Still ongoing 2+ years after sanction
W10473,Oliver Sarma,Lucknow,Municipal Corporation,Road Construction,39.32,Ongoing,28.601344600358615,Still ongoing 2+ years after sanction
W12730,Yadavi Deshmukh,Bengaluru Urban,State Housing Board,Street Lighting,4.36,Ongoing,28.456820207823792,Near-duplicate work description under same agency; Still ongoing 2+ years after sanction
W10411,Vrinda Biswas,Howrah,District Rural Development Agency,Community Health Center,43.23,Completed,28.368859728219128,Flagged by ML pattern only
W12232,Ekansh Sami,Pune,Public Works Department,Road Construction,32.81,Completed,28.354151083707848,Flagged by ML pattern only
W11311,Mugdha Varty,Pune,Zilla Panchayat,Drainage System,12.22,Completed,28.331315752544455,Agency handles a disproportionate share of Pune's works
W10142,Nicholas Gour,Bengaluru Urban,Public Works Department,Community Health Center,39.88,Ongoing,28.256438167840685,Still ongoing 2+ years after sanction
W10694,Krishna Pant,Asansol,Public Works Department,Road Construction,36.17,Completed,28.254619159021946,Flagged by ML pattern only
W10592,Eesha Memon,Thane,State Housing Board,Community Health Center,41.05,Ongoing,28.23810328952918,Still ongoing 2+ years after sanction
W11681,Widisha Yohannan,Asansol,Zilla Panchayat,Road Construction,37.69,Ongoing,28.229488680522334,Still ongoing 2+ years after sanction
W11991,Widisha Yohannan,Kolkata,District Rural Development Agency,Community Health Center,29.42,Ongoing,28.175166190639445,Still ongoing 2+ years after sanction
W10890,Meera Banerjee,Darjeeling,Zilla Panchayat,Public Toilet Complex,5.36,Completed,28.039256389057552,Flagged by ML pattern only
W11485,Christopher Kadakia,Agra,District Rural Development Agency,Community Health Center,33.64,Completed,28.038863395729887,Flagged by ML pattern only
W12480,Mugdha Varty,Dharwad,Zilla Panchayat,Community Health Center,46.69,Completed,27.962715310500542,Flagged by ML pattern only
W10017,Ekansh Sami,Salem,Public Works Department,School Building Repair,14.15,Ongoing,27.923142146021974,Near-duplicate work description under same agency; Still ongoing 2+ years after sanction
W10303,Azaan Gupta,Thane,Public Works Department,Road Construction,39.74,Ongoing,27.84212585457496,Still ongoing 2+ years after sanction
W10376,Owen Bala,Dharwad,Zilla Panchayat,Road Construction,39.59,Ongoing,27.827857948368838,Still ongoing 2+ years after sanction
W10600,Gabriel Thaman,Pune,Zilla Panchayat,Community Health Center,22.32,Ongoing,27.741185236254413,Still ongoing 2+ years after sanction; Agency handles a disproportionate share of Pune's works
W10761,Advaith Gole,Asansol,Public Works Department,Community Health Center,32.49,Completed,27.711055207259182,Flagged by ML pattern only
W10668,Harrison Kapur,Pune,Zilla Panchayat,Drinking Water Supply,16.43,Ongoing,27.70355053205446,Still ongoing 2+ years after sanction; Agency handles a disproportionate share of Pune's works
W12404,Lucky Prashad,Dharwad,Public Works Department,Road Construction,39.56,Ongoing,27.66745996133297,Still ongoing 2+ years after sanction
W12246,Owen Bansal,Thane,District Rural Development Agency,Street Lighting,2.52,Ongoing,27.65375456367486,Still ongoing 2+ years after sanction
W12314,Owen Bansal,Kanpur,Public Works Department,Community Health Center,40.3,Ongoing,27.611072090429367,Still ongoing 2+ years after sanction
W12828,Eesha Memon,Coimbatore,District Rural Development Agency,Community Health Center,10.51,Ongoing,27.59342096330871,Near-duplicate work description under same agency; Still ongoing 2+ years after sanction
W10949,Yutika Rana,Dharwad,District Rural Development Agency,Public Toilet Complex,3.85,Completed,27.53821766065521,Flagged by ML pattern only
W10910,Owen Bala,Darjeeling,Public Works Department,Road Construction,39.14,Ongoing,27.53430490036977,Still ongoing 2+ years after sanction
W10748,Meera Banerjee,Mysuru,Municipal Corporation,Community Health Center,40.49,Completed,27.528109413781568,Flagged by ML pattern only
W12284,Deepa Gala,Dharwad,Municipal Corporation,Road Construction,39.21,Ongoing,27.497099591846172,Still ongoing 2+ years after sanction
W12974,Nicholas Gour,Bengaluru Urban,Public Works Department,Street Lighting,2.55,Ongoing,27.479741131150575,Still ongoing 2+ years after sanction
W11761,Nicholas Gour,Madurai,State Housing Board,Community Health Center,40.36,Ongoing,27.463833368380563,Still ongoing 2+ years after sanction
W11719,Azaan Gupta,Chennai,Public Works Department,Community Health Center,49.55,Ongoing,27.425235608506625,Flagged by ML pattern only
W12929,Advaith Gole,Varanasi,Zilla Panchayat,Community Health Center,37.13,Completed,27.422207549004636,Flagged by ML pattern only
W11056,Triya Khatri,Lucknow,State Housing Board,Community Health Center,26.76,Ongoing,27.346159637253145,Still ongoing 2+ years after sanction
W10754,Advaith Gole,Asansol,Public Works Department,Community Health Center,30.46,Ongoing,27.300500935157736,Still ongoing 2+ years after sanction
W12933,Tanish Iyer,Kanpur,Municipal Corporation,Community Health Center,49.15,Ongoing,27.199773255730264,Flagged by ML pattern only
W12782,Ekansh Sami,Madurai,District Rural Development Agency,Community Health Center,38.83,Ongoing,26.953510875389558,Still ongoing 2+ years after sanction
W12452,Triya Khatri,Kanpur,District Rural Development Agency,Community Health Center,45.48,Completed,26.952856788692614,Flagged by ML pattern only
W10387,Varsha Morar,Salem,Zilla Panchayat,Street Lighting,15.449974821245178,Ongoing,26.847835358603948,Cost is unusually high for 'Street Lighting' works
W11503,Meera Banerjee,Salem,District Rural Development Agency,Community Health Center,27.41,Completed,26.789004909714148,Flagged by ML pattern only
W10375,Mugdha Varty,Howrah,Zilla Panchayat,Road Construction,38.22,Ongoing,26.775473337901033,Still ongoing 2+ years after sanction
W11090,Victor Venkataraman,Coimbatore,Municipal Corporation,Community Health Center,47.26,Completed,26.71768952330988,Flagged by ML pattern only
W12561,Rayaan Mand,Bengaluru Urban,Municipal Corporation,Road Construction,36.39,Completed,26.693268503974338,Flagged by ML pattern only
W11097,Oliver Sarma,Pune,Zilla Panchayat,Drinking Water Supply,10.52,Completed,26.67785080203205,Agency handles a disproportionate share of Pune's works
W10351,Pallavi Krish,Coimbatore,Municipal Corporation,Road Construction,36.35,Completed,26.66322327130305,Flagged by ML pattern only
W10022,Harrison Kapur,Bengaluru Urban,District Rural Development Agency,Community Health Center,39.13,Ongoing,26.650516781301707,Still ongoing 2+ years after sanction
W12721,Triya Khatri,Darjeeling,Municipal Corporation,Road Construction,39.05,Ongoing,26.641680064313462,Still ongoing 2+ years after sanction
W10793,Jagat Mangat,Howrah,Public Works Department,Road Construction,39.09,Ongoing,26.568726519485267,Still ongoing 2+ years after sanction
W10578,Yamini Chand,Bengaluru Urban,Municipal Corporation,Community Health Center,36.41,Ongoing,26.567986354998858,Still ongoing 2+ years after sanction
W11242,Oliver Sarma,Dharwad,Zilla Panchayat,Road Construction,38.81,Completed,26.485707362928895,Flagged by ML pattern only
W12291,Meera Banerjee,Coimbatore,Public Works Department,Community Health Center,31.73,Completed,26.474167713031207,Flagged by ML pattern only
W10006,Lucky Prashad,Pune,Zilla Panchayat,Community Health Center,21.12,Ongoing,26.473637037248167,Still ongoing 2+ years after sanction; Agency handles a disproportionate share of Pune's works
W11792,Owen Bala,Chennai,Municipal Corporation,Road Construction,35.28,Completed,26.471515298105874,Flagged by ML pattern only
W12340,Victor Venkataraman,Chennai,Public Works Department,Community Health Center,43.68,Completed,26.402487075988127,Flagged by ML pattern only
W11528,Meera Banerjee,Agra,Zilla Panchayat,Community Health Center,39.34,Ongoing,26.398640606769426,Still ongoing 2+ years after sanction
W12911,Advaith Gole,Bengaluru Urban,Zilla Panchayat,Community Health Center,42.49,Completed,26.392911534535713,Flagged by ML pattern only
W10067,Leena Butala,Varanasi,Municipal Corporation,Road Construction,22.71,Completed,26.35578361018798,Flagged by ML pattern only
W11225,Eesha Memon,Kanpur,State Housing Board,Community Health Center,38.05,Completed,26.32014320819259,Flagged by ML pattern only
W12338,Gaurav Chandra,Varanasi,Public Works Department,Road Construction,38.42,Ongoing,26.296361052649804,Still ongoing 2+ years after sanction
W11699,Hemang Bava,Pune,Zilla Panchayat,Road Construction,21.49,Ongoing,26.273540336506713,Still ongoing 2+ years after sanction; Agency handles a disproportionate share of Pune's works
W10161,Ishwar Boase,Thane,State Housing Board,School Building Repair,4.95,Completed,26.272494179775613,Near-duplicate work description under same agency
W11185,Pallavi Krish,Dharwad,Municipal Corporation,Drinking Water Supply,4.08,Ongoing,26.270869620035242,Still ongoing 2+ years after sanction
W11381,Ronith Zachariah,Agra,Municipal Corporation,Road Construction,32.41,Completed,26.259980572487457,Flagged by ML pattern only
W10191,Yug Choudhry,Dharwad,Municipal Corporation,Community Health Center,37.2,Ongoing,26.258425206524407,Still ongoing 2+ years after sanction
W10315,Hemang Bava,Varanasi,Public Works Department,Public Toilet Complex,15.525775308472005,Completed,26.21288558587095,Cost is unusually high for 'Public Toilet Complex' works
W10892,Hemang Bava,Pune,Zilla Panchayat,Drinking Water Supply,18.69,Ongoing,26.160028747372273,Still ongoing 2+ years after sanction; Agency handles a disproportionate share of Pune's works
W11262,Gabriel Thaman,Salem,Public Works Department,Public Toilet Complex,2.81,Completed,26.151604159631077,Flagged by ML pattern only
W11995,Azaan Gupta,Madurai,State Housing Board,School Building Repair,5.31,Completed,26.099171620615632,Flagged by ML pattern only
W10784,Owen Bala,Madurai,State Housing Board,Road Construction,27.59,Completed,26.092260796854607,Flagged by ML pattern only
W12861,Jagat Mangat,Nashik,District Rural Development Agency,Road Construction,33.87,Ongoing,26.04730681,Still ongoing 2+ years after sanction
W10967,Odika Naik,Dharwad,Municipal Corporation,Community Health Center,44.16,Ongoing,26.040138167251502,Flagged by ML pattern only
W10951,Leena Butala,Mysuru,Public Works Department,Road Construction,32.89,Completed,26.03779195369133,Flagged by ML pattern only
W11682,Owen Bansal,Howrah,Public Works Department,Road Construction,39.72,Completed,25.988470873237976,Flagged by ML pattern only
W11497,Eesha Memon,Howrah,Public Works Department,Community Health Center,38.25,Completed,25.93418943446107,Flagged by ML pattern only
W10015,Hemang Bava,Lucknow,Municipal Corporation,Road Construction,37.52,Ongoing,25.923876058424945,Still ongoing 2+ years after sanction
W10712,Tanish Iyer,Howrah,Zilla Panchayat,Community Health Center,23.87,Ongoing,25.86179279814657,Still ongoing 2+ years after sanction
W10695,Sanya Swamy,Coimbatore,Municipal Corporation,Community Health Center,38.79,Ongoing,25.825843330343677,Still ongoing 2+ years after sanction
W12051,Leena Butala,Chennai,Municipal Corporation,Road Construction,9.07,Ongoing,25.785901607111498,Still ongoing 2+ years after sanction
W11018,Onveer Kata,Agra,Zilla Panchayat,Road Construction,38.07,Ongoing,25.76329782527418,Still ongoing 2+ years after sanction
W12988,Gaurav Chandra,Kanpur,Public Works Department,Community Health Center,26.97,Completed,25.725538696188934,Flagged by ML pattern only
W11583,Hemang Bava,Thane,Public Works Department,Road Construction,37.44,Ongoing,25.71197679151387,Still ongoing 2+ years after sanction
W12616,Bachittar Choudhry,Kolkata,District Rural Development Agency,Drinking Water Supply,15.56,Completed,25.691433855059877,Flagged by ML pattern only
W10666,Owen Bala,Howrah,State Housing Board,Community Health Center,36.26,Completed,25.685972715748974,Flagged by ML pattern only
W12287,Gaurav Chandra,Darjeeling,Zilla Panchayat,Road Construction,34.16,Ongoing,25.63121515441803,Still ongoing 2+ years after sanction
W12838,Advaith Gole,Asansol,Public Works Department,Community Health Center,34.5,Ongoing,25.576743289806323,Still ongoing 2+ years after sanction
W11013,Gabriel Thaman,Chennai,State Housing Board,Road Construction,39.3,Ongoing,25.57589892017267,Still ongoing 2+ years after sanction
W12013,Eesha Memon,Pune,Zilla Panchayat,Community Health Center,34.36,Ongoing,25.545157854249204,Agency handles a disproportionate share of Pune's works
W12067,Lucky Prashad,Mysuru,District Rural Development Agency,Road Construction,38.29,Completed,25.50662702,Flagged by ML pattern only
W10777,Tanish Iyer,Agra,District Rural Development Agency,Community Health Center,35.88,Ongoing,25.495752225015607,Still ongoing 2+ years after sanction
W10420,Ishwar Boase,Varanasi,Public Works Department,Street Lighting,1.14,Completed,25.49538270846155,Flagged by ML pattern only
W10247,Oliver Sarma,Howrah,State Housing Board,Road Construction,14.4,Completed,25.48792862474815,Flagged by ML pattern only
W12024,Odika Naik,Pune,Zilla Panchayat,Public Toilet Complex,5.47,Completed,25.483797309172566,Agency handles a disproportionate share of Pune's works
W12296,Vrinda Biswas,Madurai,State Housing Board,Road Construction,26.34,Completed,25.46733766528319,Flagged by ML pattern only
W12368,Bachittar Choudhry,Bengaluru Urban,Zilla Panchayat,Road Construction,13.82,Completed,25.46658628997404,Flagged by ML pattern only
W12242,Harrison Kapur,Coimbatore,State Housing Board,Community Health Center,43.7,Completed,25.458532204863495,Flagged by ML pattern only
W11770,Ria Ratta,Salem,Public Works Department,Road Construction,28.16,Completed,25.445556922619872,Flagged by ML pattern only
W10862,Sanya Swamy,Coimbatore,Zilla Panchayat,School Building Repair,12.83,Ongoing,25.42751581727048,Still ongoing 2+ years after sanction
W12731,Yutika Rana,Lucknow,District Rural Development Agency,Community Health Center,35.69,Completed,25.420634921282247,Flagged by ML pattern only
W10237,Gaurav Chandra,Thane,Public Works Department,Street Lighting,1.64,Completed,25.39564424092882,Flagged by ML pattern only
W10474,Owen Bala,Howrah,Municipal Corporation,Community Health Center,36.15,Completed,25.37755310382804,Flagged by ML pattern only
W12943,Bachittar Choudhry,Coimbatore,District Rural Development Agency,Road Construction,32.91,Ongoing,25.375067992998808,Still ongoing 2+ years after sanction
W10485,Yug Choudhry,Pune,Zilla Panchayat,Drainage System,13.18,Completed,25.30349355958165,Agency handles a disproportionate share of Pune's works
W12797,Widisha Yohannan,Dharwad,Public Works Department,Street Lighting,2.2,Completed,25.29351479801492,Flagged by ML pattern only
W12109,Eesha Memon,Nagpur,District Rural Development Agency,Road Construction,38.04,Ongoing,25.293474692536808,Still ongoing 2+ years after sanction
W11756,Tanish Iyer,Pune,Zilla Panchayat,Drinking Water Supply,15.54,Ongoing,25.279041031602617,Still ongoing 2+ years after sanction; Agency handles a disproportionate share of Pune's works
W11508,Vrinda Biswas,Mysuru,State Housing Board,Community Health Center,18.27,Completed,25.27270993740787,Flagged by ML pattern only
W11111,Victor Venkataraman,Dharwad,Municipal Corporation,Road Construction,37.78,Ongoing,25.253171171047573,Still ongoing 2+ years after sanction
W12277,Widisha Yohannan,Nashik,Municipal Corporation,Community Health Center,41.73,Completed,25.185703514802846,Flagged by ML pattern only
W10122,Nicholas Gour,Kolkata,Public Works Department,Road Construction,32.54,Ongoing,25.146964359174465,Still ongoing 2+ years after sanction
W11961,Ria Ratta,Pune,Zilla Panchayat,Public Toilet Complex,6.82,Completed,25.127940065700024,Agency handles a disproportionate share of Pune's works
W10050,Advaith Gole,Mysuru,District Rural Development Agency,Community Health Center,34.45,Ongoing,25.01514936942481,Still ongoing 2+ years after sanction
W10789,Meera Banerjee,Mysuru,Public Works Department,Public Toilet Complex,4.66,Ongoing,24.977078694098516,Still ongoing 2+ years after sanction
W10488,Ishwar Boase,Bengaluru Urban,State Housing Board,Street Lighting,3.61,Ongoing,24.96285714168406,Still ongoing 2+ years after sanction
W10503,Pallavi Krish,Chennai,Public Works Department,Community Health Center,35.35,Ongoing,24.96093075612687,Still ongoing 2+ years after sanction
W12928,Widisha Yohannan,Varanasi,Municipal Corporation,Road Construction,29.41,Completed,24.94717115,Flagged by ML pattern only
W10430,Owen Bala,Chennai,Zilla Panchayat,Road Construction,36.39,Completed,24.913933479507808,Flagged by ML pattern only
W11511,Advaith Gole,Nashik,Zilla Panchayat,Community Health Center,37.61,Ongoing,24.900723111844876,Still ongoing 2+ years after sanction
W12714,Advaith Gole,Kolkata,Public Works Department,Road Construction,36.49,Ongoing,24.865687524251122,Still ongoing 2+ years after sanction
W10520,Eesha Memon,Darjeeling,Public Works Department,Community Health Center,35.27,Ongoing,24.85254055960312,Still ongoing 2+ years after sanction
W11815,Advaith Gole,Asansol,Municipal Corporation,Public Toilet Complex,2.26,Ongoing,24.746297801952707,Still ongoing 2+ years after sanction
W12021,Onveer Kata,Pune,State Housing Board,Drainage System,4.34,Ongoing,24.70648970687082,Still ongoing 2+ years after sanction
W12636,Gabriel Thaman,Agra,State Housing Board,Community Health Center,15.51,Completed,24.68554085957275,Flagged by ML pattern only
W10840,Leena Butala,Lucknow,State Housing Board,Road Construction,32.36,Completed,24.673647224722444,Flagged by ML pattern only
W11121,Lucky Prashad,Varanasi,Zilla Panchayat,Road Construction,37.42,Ongoing,24.666902906882754,Still ongoing 2+ years after sanction
W12849,Triya Khatri,Salem,Municipal Corporation,Drainage System,14.74,Ongoing,24.662954811335254,Still ongoing 2+ years after sanction
W12175,Varsha Morar,Pune,Zilla Panchayat,Public Toilet Complex,4.23,Ongoing,24.640224684717545,Still ongoing 2+ years after sanction; Agency handles a disproportionate share of Pune's works
W10162,Ronith Zachariah,Coimbatore,Zilla Panchayat,Community Health Center,34.42,Ongoing,24.59576442834521,Still ongoing 2+ years after sanction
W11043,Eesha Memon,Lucknow,Municipal Corporation,Community Health Center,29.21,Completed,24.56178078855517,Flagged by ML pattern only
W10313,Mugdha Varty,Thane,District Rural Development Agency,Road Construction,30.58,Ongoing,24.561534675028188,Still ongoing 2+ years after sanction
W10876,Vanya Suresh,Agra,State Housing Board,Road Construction,34.62,Ongoing,24.543101751316005,Still ongoing 2+ years after sanction
W10500,Vrinda Biswas,Coimbatore,State Housing Board,Community Health Center,30.25,Ongoing,24.534869908186607,Still ongoing 2+ years after sanction
W10190,Meera Banerjee,Pune,Zilla Panchayat,Road Construction,15.83,Completed,24.512051341225423,Agency handles a disproportionate share of Pune's works
W12399,Oliver Sarma,Kanpur,Zilla Panchayat,Road Construction,35,Ongoing,24.467234002951344,Still ongoing 2+ years after sanction
W11692,Gaurav Chandra,Madurai,State Housing Board,Road Construction,33.84,Ongoing,24.466321805555502,Still ongoing 2+ years after sanction
W10255,Deepa Gala,Bengaluru Urban,District Rural Development Agency,Drainage System,15.7,Ongoing,24.449421849462624,Still ongoing 2+ years after sanction
W10231,Meera Banerjee,Bengaluru Urban,State Housing Board,Road Construction,34.01,Ongoing,24.44936451100353,Still ongoing 2+ years after sanction
W12384,Mugdha Varty,Howrah,District Rural Development Agency,Street Lighting,1.72,Ongoing,24.418041237801805,Still ongoing 2+ years after sanction
W10986,Harrison Kapur,Pune,Zilla Panchayat,Public Toilet Complex,7.75,Completed,24.413199446657917,Agency handles a disproportionate share of Pune's works
W12694,Leena Butala,Howrah,Municipal Corporation,Road Construction,39.02,Completed,24.408094844518008,Flagged by ML pattern only
W11746,Sanya Swamy,Nashik,Public Works Department,Public Toilet Complex,2.77,Ongoing,24.38652177251199,Near-duplicate work description under same agency
W10343,Mugdha Varty,Kanpur,Public Works Department,Road Construction,21.17,Completed,24.38633139313038,Flagged by ML pattern only
W10685,Ronith Zachariah,Pune,Zilla Panchayat,Community Health Center,13.23,Ongoing,24.373008230470166,Still ongoing 2+ years after sanction; Agency handles a disproportionate share of Pune's works
W12915,Triya Khatri,Agra,Municipal Corporation,Road Construction,38.24,Completed,24.36420242025117,Flagged by ML pattern only
W12015,Odika Naik,Agra,State Housing Board,Community Health Center,30.21,Completed,24.33334896433036,Flagged by ML pattern only
W10606,Yug Choudhry,Chennai,Municipal Corporation,Road Construction,31.9,Completed,24.29383677049395,Flagged by ML pattern only
W12320,Odika Naik,Thane,Zilla Panchayat,Drainage System,12.75,Ongoing,24.267929779720838,Still ongoing 2+ years after sanction
W12372,Hemang Bava,Lucknow,Public Works Department,Road Construction,30.31,Completed,24.256011092350366,Flagged by ML pattern only
W12566,Eesha Memon,Pune,Zilla Panchayat,Street Lighting,5.66,Ongoing,24.213944355600724,Still ongoing 2+ years after sanction; Agency handles a disproportionate share of Pune's works
W10663,Ekansh Sami,Nashik,District Rural Development Agency,Street Lighting,1.05,Completed,24.203384409836872,Flagged by ML pattern only
W10969,Jagat Mangat,Thane,Public Works Department,School Building Repair,4.86,Ongoing,24.19094824152297,Still ongoing 2+ years after sanction
W10075,Victor Venkataraman,Coimbatore,Municipal Corporation,Road Construction,30.24,Ongoing,24.157897411229783,Still ongoing 2+ years after sanction
W12707,Widisha Yohannan,Kolkata,District Rural Development Agency,Community Health Center,32.58,Completed,24.134644339229965,Flagged by ML pattern only
W10613,Jagat Mangat,Belagavi,Municipal Corporation,Drinking Water Supply,12.11,Ongoing,24.13036229288282,Still ongoing 2+ years after sanction
W12799,Sanya Swamy,Pune,Zilla Panchayat,Public Toilet Complex,3.58,Ongoing,24.117609775738593,Still ongoing 2+ years after sanction; Agency handles a disproportionate share of Pune's works
W12371,Azaan Gupta,Varanasi,District Rural Development Agency,Community Health Center,19.8,Ongoing,24.117484287798945,Still ongoing 2+ years after sanction
W11210,Tanish Iyer,Chennai,District Rural Development Agency,Road Construction,34.64,Ongoing,24.11079396003864,Still ongoing 2+ years after sanction
W11037,Ronith Zachariah,Mysuru,Zilla Panchayat,Community Health Center,14.95,Ongoing,24.103750600316246,Still ongoing 2+ years after sanction
W11947,Lucky Prashad,Salem,State Housing Board,Road Construction,12.16,Ongoing,24.10254214,Still ongoing 2+ years after sanction
W11468,Tanish Iyer,Salem,State Housing Board,Drainage System,9.91,Completed,24.094258526439972,Flagged by ML pattern only
W10220,Ronith Zachariah,Varanasi,Public Works Department,Public Toilet Complex,4.83,Ongoing,24.093843433120355,Still ongoing 2+ years after sanction
W11884,Meera Banerjee,Thane,State Housing Board,Community Health Center,39.11,Completed,24.08398817749615,Flagged by ML pattern only
W11085,Rayaan Mand,Varanasi,State Housing Board,Road Construction,29.55,Ongoing,24.06297763398389,Still ongoing 2+ years after sanction
W10912,Gaurav Chandra,Mysuru,District Rural Development Agency,Community Health Center,36.19,Ongoing,24.05414732032076,Still ongoing 2+ years after sanction
W11575,Advaith Gole,Pune,Zilla Panchayat,Drinking Water Supply,9.7,Ongoing,24.036278091270198,Still ongoing 2+ years after sanction; Agency handles a disproportionate share of Pune's works
W12860,Bachittar Choudhry,Kolkata,Public Works Department,Road Construction,35.35,Ongoing,24.02285502116183,Still ongoing 2+ years after sanction
W10597,Varsha Morar,Mysuru,Public Works Department,Community Health Center,33.61,Ongoing,24.016301019769237,Still ongoing 2+ years after sanction
W10423,Varsha Morar,Kolkata,Public Works Department,Road Construction,27.52,Completed,24.00205415,Flagged by ML pattern only
W11501,Ekansh Sami,Thane,Zilla Panchayat,Road Construction,17.54,Completed,24.00005605945944,Flagged by ML pattern only
W11586,Yamini Chand,Pune,Zilla Panchayat,Drainage System,16.67,Completed,23.994183585534017,Agency handles a disproportionate share of Pune's works
W12450,Advaith Gole,Kolkata,Municipal Corporation,Road Construction,39.89,Completed,23.98778961753892,Flagged by ML pattern only
W10232,Gaurav Chandra,Asansol,State Housing Board,Road Construction,28.81,Completed,23.98469679565213,Flagged by ML pattern only
W10233,Jagat Mangat,Thane,State Housing Board,Community Health Center,32.56,Ongoing,23.97968485506241,Still ongoing 2+ years after sanction
W12405,Widisha Yohannan,Lucknow,Municipal Corporation,Road Construction,8.13,Completed,23.95432936127591,Flagged by ML pattern only
W10658,Ronith Zachariah,Darjeeling,District Rural Development Agency,Road Construction,27.48,Completed,23.922316879896556,Flagged by ML pattern only
W11957,Yug Choudhry,Dharwad,Public Works Department,Community Health Center,32.84,Ongoing,23.87565687979863,Still ongoing 2+ years after sanction
W11848,Leena Butala,Lucknow,District Rural Development Agency,Community Health Center,31.79,Ongoing,23.869356149457538,Still ongoing 2+ years after sanction
W12700,Yamini Chand,Pune,Zilla Panchayat,Drinking Water Supply,13.32,Ongoing,23.84160156274645,Still ongoing 2+ years after sanction; Agency handles a disproportionate share of Pune's works
W12821,Ishwar Boase,Kolkata,Municipal Corporation,Drinking Water Supply,12.51,Ongoing,23.793940312630458,Still ongoing 2+ years after sanction
W10152,Lucky Prashad,Asansol,District Rural Development Agency,Community Health Center,33.21,Ongoing,23.760208633875017,Still ongoing 2+ years after sanction
W12159,Krishna Pant,Darjeeling,District Rural Development Agency,Drinking Water Supply,10.85,Completed,23.760166608964443,Flagged by ML pattern only
W12778,Pallavi Krish,Dharwad,Municipal Corporation,Road Construction,32.39,Ongoing,23.75848377749583,Still ongoing 2+ years after sanction
W11853,Owen Bansal,Chennai,District Rural Development Agency,Community Health Center,28.82,Completed,23.730100763708087,Flagged by ML pattern only
W12919,Deepa Gala,Dharwad,Zilla Panchayat,Road Construction,36.22,Ongoing,23.678070592978813,Still ongoing 2+ years after sanction
W11871,Ria Ratta,Kolkata,Public Works Department,Community Health Center,35.74,Ongoing,23.665985346433867,Still ongoing 2+ years after sanction
W12443,Oliver Sarma,Asansol,Municipal Corporation,Community Health Center,38.43,Completed,23.656676451067607,Flagged by ML pattern only
W12139,Jagat Mangat,Pune,Zilla Panchayat,Community Health Center,11.06,Completed,23.636940268619668,Agency handles a disproportionate share of Pune's works
W10953,Krishna Pant,Nagpur,Public Works Department,Road Construction,17.48,Ongoing,23.629252328383814,Still ongoing 2+ years after sanction
W12348,Advaith Gole,Thane,State Housing Board,Street Lighting,1.21,Completed,23.62624165111376,Flagged by ML pattern only
W10002,Yadavi Deshmukh,Asansol,Municipal Corporation,School Building Repair,8.39,Ongoing,23.618390343239398,Still ongoing 2+ years after sanction
W10915,Meera Banerjee,Kanpur,State Housing Board,Road Construction,31.71,Ongoing,23.579473819746756,Still ongoing 2+ years after sanction
W12472,Odika Naik,Varanasi,Public Works Department,Street Lighting,2.86,Ongoing,23.576553609424806,Still ongoing 2+ years after sanction
W12914,Yutika Rana,Nagpur,Zilla Panchayat,Community Health Center,27.29,Completed,23.54263579422864,Flagged by ML pattern only
W11073,Krishna Pant,Pune,Zilla Panchayat,School Building Repair,3.29,Ongoing,23.53240288419166,Still ongoing 2+ years after sanction; Agency handles a disproportionate share of Pune's works
W11172,Azaan Gupta,Madurai,Public Works Department,Public Toilet Complex,2.02,Completed,23.522120745257837,Flagged by ML pattern only
W10593,Vanya Suresh,Kolkata,Zilla Panchayat,Street Lighting,1.55,Ongoing,23.519796360537278,Still ongoing 2+ years after sanction
W12917,Triya Khatri,Agra,Municipal Corporation,Community Health Center,16.09,Completed,23.51027561820025,Flagged by ML pattern only
W10079,Deepa Gala,Agra,District Rural Development Agency,Community Health Center,23.63,Completed,23.498685225174448,Flagged by ML pattern only
W12049,Azaan Gupta,Bengaluru Urban,State Housing Board,Community Health Center,30.81,Ongoing,23.479479007126727,Still ongoing 2+ years after sanction
W11039,Yutika Rana,Kanpur,Zilla Panchayat,School Building Repair,7.24,Ongoing,23.475465957812197,Still ongoing 2+ years after sanction
W12995,Ekansh Sami,Pune,Zilla Panchayat,Road Construction,24.01,Completed,23.46612734515863,Agency handles a disproportionate share of Pune's works
W12178,Yamini Chand,Madurai,Public Works Department,Community Health Center,36.3,Ongoing,23.443023492215765,Still ongoing 2+ years after sanction
W10700,Leena Butala,Lucknow,State Housing Board,Road Construction,39.69,Completed,23.41108866180403,Flagged by ML pattern only
W12740,Ishwar Boase,Asansol,Public Works Department,Road Construction,32.88,Ongoing,23.406187345708553,Still ongoing 2+ years after sanction
W10662,Yadavi Deshmukh,Asansol,Public Works Department,Community Health Center,40.93,Ongoing,23.406168751943852,Flagged by ML pattern only
W11548,Owen Bansal,Coimbatore,District Rural Development Agency,Community Health Center,21.27,Completed,23.402781408048114,Flagged by ML pattern only
W11036,Yutika Rana,Belagavi,Municipal Corporation,Public Toilet Complex,3.12,Completed,23.388907149753678,Flagged by ML pattern only
W10821,Sanya Swamy,Kolkata,Zilla Panchayat,Road Construction,30.92,Ongoing,23.38663584006597,Still ongoing 2+ years after sanction
W12582,Vanya Suresh,Pune,Zilla Panchayat,Public Toilet Complex,3.87,Ongoing,23.378939991953523,Still ongoing 2+ years after sanction; Agency handles a disproportionate share of Pune's works
W10851,Widisha Yohannan,Darjeeling,Public Works Department,Street Lighting,2.7,Ongoing,23.344245404907454,Still ongoing 2+ years after sanction
W12039,Gabriel Thaman,Varanasi,State Housing Board,Community Health Center,43.97,Ongoing,23.342586323639203,Flagged by ML pattern only
W11658,Vanya Suresh,Pune,Zilla Panchayat,Drainage System,4.23,Completed,23.302072983070847,Agency handles a disproportionate share of Pune's works
W12963,Varsha Morar,Dharwad,Municipal Corporation,Street Lighting,1.63,Completed,23.291653735489984,Flagged by ML pattern only
W11130,Nicholas Gour,Kanpur,Public Works Department,Road Construction,29.85,Completed,23.291600397265412,Flagged by ML pattern only
W10442,Yutika Rana,Agra,Municipal Corporation,Drainage System,17.64,Completed,23.287413657456668,Flagged by ML pattern only
W12376,Tanish Iyer,Salem,District Rural Development Agency,Community Health Center,27.66,Ongoing,23.281421927595176,Still ongoing 2+ years after sanction
W12374,Ishwar Boase,Pune,Zilla Panchayat,School Building Repair,10.63,Ongoing,23.256088506144142,Still ongoing 2+ years after sanction; Agency handles a disproportionate share of Pune's works
W11430,Odika Naik,Agra,Zilla Panchayat,Community Health Center,17.95,Completed,23.20622267415486,Flagged by ML pattern only
W12191,Mugdha Varty,Nashik,Municipal Corporation,Road Construction,35.98,Completed,23.197970916116727,Flagged by ML pattern only
W12548,Gabriel Thaman,Salem,District Rural Development Agency,Community Health Center,42.92,Completed,23.17643203,Flagged by ML pattern only
W11457,Jagat Mangat,Kolkata,Public Works Department,Road Construction,31.43,Ongoing,23.169280670467064,Still ongoing 2+ years after sanction
W11020,Vrinda Biswas,Agra,Public Works Department,Road Construction,38.74,Completed,23.135647027060347,Flagged by ML pattern only
W10389,Lucky Prashad,Nashik,District Rural Development Agency,Public Toilet Complex,4.46,Ongoing,23.121433988272223,Still ongoing 2+ years after sanction
W11544,Owen Bala,Chennai,Public Works Department,Community Health Center,22.74,Ongoing,23.11180452876696,Still ongoing 2+ years after sanction
W11060,Sanya Swamy,Madurai,Public Works Department,Street Lighting,1.6,Ongoing,23.094131513036032,Still ongoing 2+ years after sanction
W10129,Victor Venkataraman,Darjeeling,Zilla Panchayat,Community Health Center,30.22,Completed,23.093784721876588,Flagged by ML pattern only
W10721,Ekansh Sami,Kanpur,Municipal Corporation,Community Health Center,24.3,Ongoing,23.089453762562584,Still ongoing 2+ years after sanction
W12553,Oliver Sarma,Thane,Zilla Panchayat,Road Construction,18.34,Completed,23.064613394415595,Flagged by ML pattern only
W11606,Ria Ratta,Pune,Zilla Panchayat,Drinking Water Supply,9.82,Ongoing,23.03566331823304,Still ongoing 2+ years after sanction; Agency handles a disproportionate share of Pune's works
W11807,Tanish Iyer,Agra,State Housing Board,Drainage System,11.29,Ongoing,23.020822160536035,Still ongoing 2+ years after sanction
W12996,Yadavi Deshmukh,Pune,Zilla Panchayat,Road Construction,23.78,Completed,23.006548662437034,Agency handles a disproportionate share of Pune's works
W10807,Oliver Sarma,Pune,Zilla Panchayat,Drinking Water Supply,5.5,Ongoing,22.943708758975013,Still ongoing 2+ years after sanction; Agency handles a disproportionate share of Pune's works
W11630,Hemang Bava,Salem,Public Works Department,Community Health Center,30.28,Completed,22.922257235227704,Flagged by ML pattern only
W12224,Ishwar Boase,Pune,Zilla Panchayat,Public Toilet Complex,4.21,Completed,22.908100735824696,Agency handles a disproportionate share of Pune's works
W12942,Eesha Memon,Pune,Zilla Panchayat,School Building Repair,13.91,Ongoing,22.886579320328302,Still ongoing 2+ years after sanction; Agency handles a disproportionate share of Pune's works
W12172,Meera Banerjee,Lucknow,District Rural Development Agency,Drinking Water Supply,17.73,Ongoing,22.884513343675955,Still ongoing 2+ years after sanction
W11068,Lucky Prashad,Pune,Zilla Panchayat,School Building Repair,3.86,Ongoing,22.871172470425194,Still ongoing 2+ years after sanction; Agency handles a disproportionate share of Pune's works
W11072,Ishwar Boase,Chennai,District Rural Development Agency,Road Construction,33.87,Completed,22.849621399961553,Flagged by ML pattern only
W11799,Leena Butala,Varanasi,Municipal Corporation,Community Health Center,41.68,Completed,22.846012894822206,Flagged by ML pattern only
W11237,Nicholas Gour,Pune,Zilla Panchayat,Drinking Water Supply,15.61,Completed,22.840677689235424,Agency handles a disproportionate share of Pune's works
W10127,Harrison Kapur,Lucknow,Zilla Panchayat,Road Construction,39.95,Completed,22.838485844662564,Flagged by ML pattern only
W10419,Eesha Memon,Pune,Zilla Panchayat,Drainage System,5.39,Completed,22.835571120348064,Agency handles a disproportionate share of Pune's works
W12102,Mugdha Varty,Dharwad,Public Works Department,Drinking Water Supply,13.24,Ongoing,22.823633098002546,Still ongoing 2+ years after sanction
W12346,Eesha Memon,Kanpur,State Housing Board,School Building Repair,7,Completed,22.822161007794673,Flagged by ML pattern only
W10727,Mugdha Varty,Bengaluru Urban,Municipal Corporation,Community Health Center,35.55,Completed,22.82199840258177,Flagged by ML pattern only
W12304,Odika Naik,Thane,Public Works Department,Community Health Center,40.42,Completed,22.821743203726875,Flagged by ML pattern only
W12094,Vrinda Biswas,Asansol,Municipal Corporation,Public Toilet Complex,2.03,Completed,22.819462087464007,Flagged by ML pattern only
W11189,Odika Naik,Kanpur,Municipal Corporation,Drinking Water Supply,8.88,Completed,22.799646403490527,Flagged by ML pattern only
W11267,Onveer Kata,Nagpur,Municipal Corporation,Drinking Water Supply,19.03,Completed,22.778846136332803,Flagged by ML pattern only
W12134,Rayaan Mand,Lucknow,Public Works Department,Road Construction,22.4,Completed,22.77020076461141,Flagged by ML pattern only
W12777,Eesha Memon,Kolkata,District Rural Development Agency,School Building Repair,9.65,Completed,22.736333007788026,Flagged by ML pattern only
W12023,Victor Venkataraman,Pune,Zilla Panchayat,School Building Repair,14.71,Ongoing,22.717381381588556,Still ongoing 2+ years after sanction; Agency handles a disproportionate share of Pune's works
W10552,Ekansh Sami,Pune,Zilla Panchayat,School Building Repair,4.28,Completed,22.70193534915204,Agency handles a disproportionate share of Pune's works
W11211,Owen Bala,Nashik,Zilla Panchayat,Road Construction,29.46,Ongoing,22.69471160958731,Still ongoing 2+ years after sanction
W10097,Widisha Yohannan,Pune,Zilla Panchayat,Drinking Water Supply,16.36,Completed,22.68540959473669,Agency handles a disproportionate share of Pune's works
W10334,Yadavi Deshmukh,Nagpur,Zilla Panchayat,School Building Repair,3.08,Ongoing,22.684290913820362,Still ongoing 2+ years after sanction
W12090,Ria Ratta,Thane,Public Works Department,Public Toilet Complex,6.82,Ongoing,22.68211263975607,Still ongoing 2+ years after sanction
W10611,Sanya Swamy,Bengaluru Urban,District Rural Development Agency,Community Health Center,35.02,Completed,22.651824109626006,Flagged by ML pattern only
W12650,Vanya Suresh,Pune,Zilla Panchayat,Drainage System,12.31,Completed,22.632761691029145,Agency handles a disproportionate share of Pune's works
W11029,Owen Bansal,Kolkata,State Housing Board,Road Construction,31.02,Completed,22.601645325166892,Flagged by ML pattern only
W12759,Oliver Sarma,Salem,Public Works Department,School Building Repair,14.01,Completed,22.59917221317186,Flagged by ML pattern only
W11487,Vanya Suresh,Dharwad,Public Works Department,Community Health Center,38.17,Completed,22.56673696257118,Flagged by ML pattern only
W12046,Deepa Gala,Nagpur,State Housing Board,Drainage System,16.04,Completed,22.551705566614324,Flagged by ML pattern only
W11577,Rayaan Mand,Nashik,Zilla Panchayat,School Building Repair,12.49,Ongoing,22.532940744914317,Still ongoing 2+ years after sanction
W11706,Azaan Gupta,Pune,Zilla Panchayat,Community Health Center,15.04,Ongoing,22.513556892111826,Still ongoing 2+ years after sanction; Agency handles a disproportionate share of Pune's works
W10782,Vanya Suresh,Pune,Zilla Panchayat,School Building Repair,5.57,Completed,22.486555668563117,Agency handles a disproportionate share of Pune's works
W11163,Yutika Rana,Pune,Zilla Panchayat,School Building Repair,5.63,Ongoing,22.483042372078682,Still ongoing 2+ years after sanction; Agency handles a disproportionate share of Pune's works
W11876,Odika Naik,Nashik,Municipal Corporation,Road Construction,28.96,Ongoing,22.482485141742615,Still ongoing 2+ years after sanction
W10005,Hemang Bava,Madurai,District Rural Development Agency,Street Lighting,1.96,Ongoing,22.472917210083956,Still ongoing 2+ years after sanction
W12087,Eesha Memon,Pune,Zilla Panchayat,School Building Repair,13.64,Ongoing,22.430244866789632,Still ongoing 2+ years after sanction; Agency handles a disproportionate share of Pune's works
W10929,Yamini Chand,Coimbatore,Municipal Corporation,Street Lighting,5.37,Ongoing,22.42342269004324,Still ongoing 2+ years after sanction
W12422,Meera Banerjee,Pune,District Rural Development Agency,Road Construction,15.55,Completed,22.396125219483107,Flagged by ML pattern only
W10299,Owen Bala,Thane,Public Works Department,Road Construction,30.76,Completed,22.354867492444793,Flagged by ML pattern only
W12882,Rayaan Mand,Pune,Zilla Panchayat,Drainage System,12.04,Completed,22.333884046653097,Agency handles a disproportionate share of Pune's works
W12994,Krishna Pant,Varanasi,District Rural Development Agency,Street Lighting,2.12,Ongoing,22.325857115353212,Still ongoing 2+ years after sanction
W12079,Vanya Suresh,Kolkata,State Housing Board,Public Toilet Complex,2.12,Completed,22.320862146155893,Flagged by ML pattern only
W12487,Meera Banerjee,Darjeeling,State Housing Board,Community Health Center,29.29,Ongoing,22.311770242300092,Still ongoing 2+ years after sanction
W10408,Christopher Kadakia,Pune,Zilla Panchayat,Drinking Water Supply,15.38,Completed,22.30410665162737,Agency handles a disproportionate share of Pune's works
W11972,Owen Bansal,Salem,Municipal Corporation,Community Health Center,31.87,Ongoing,22.276590336494543,Still ongoing 2+ years after sanction
W10293,Vanya Suresh,Thane,State Housing Board,Community Health Center,33.86,Ongoing,22.256088321512586,Still ongoing 2+ years after sanction
W12402,Tanish Iyer,Pune,Zilla Panchayat,School Building Repair,12.78,Ongoing,22.251620130937635,Still ongoing 2+ years after sanction; Agency handles a disproportionate share of Pune's works
W12352,Victor Venkataraman,Nashik,Zilla Panchayat,School Building Repair,4.11,Ongoing,22.23233719595983,Still ongoing 2+ years after sanction
W10093,Tanish Iyer,Nashik,Municipal Corporation,Street Lighting,1.66,Completed,22.214028792599024,Flagged by ML pattern only
W11093,Vanya Suresh,Bengaluru Urban,Municipal Corporation,Road Construction,17.69,Ongoing,22.21142832,Still ongoing 2+ years after sanction
W12766,Deepa Gala,Darjeeling,District Rural Development Agency,Road Construction,30.49,Ongoing,22.185176795321226,Still ongoing 2+ years after sanction
W11759,Yutika Rana,Nagpur,Zilla Panchayat,Road Construction,30.64,Ongoing,22.13868577297558,Still ongoing 2+ years after sanction
W10330,Deepa Gala,Pune,Zilla Panchayat,Street Lighting,5.02,Ongoing,22.138566349641426,Still ongoing 2+ years after sanction; Agency handles a disproportionate share of Pune's works
W11693,Hemang Bava,Pune,Zilla Panchayat,Public Toilet Complex,5.25,Ongoing,22.136452423411818,Still ongoing 2+ years after sanction; Agency handles a disproportionate share of Pune's works
W12155,Krishna Pant,Chennai,Public Works Department,Public Toilet Complex,5.37,Completed,22.123580196823326,Flagged by ML pattern only
W12732,Christopher Kadakia,Pune,Public Works Department,Drinking Water Supply,19.07,Completed,22.11114670591988,Flagged by ML pattern only
W11042,Yadavi Deshmukh,Pune,Zilla Panchayat,Road Construction,32.74,Ongoing,22.10753131446429,Agency handles a disproportionate share of Pune's works
W11542,Lucky Prashad,Kanpur,Public Works Department,Road Construction,39.75,Completed,22.096748128878012,Flagged by ML pattern only
W12670,Onveer Kata,Nagpur,Public Works Department,Road Construction,22.53,Completed,22.07167724,Flagged by ML pattern only
W11458,Mugdha Varty,Thane,Public Works Department,Community Health Center,33.66,Ongoing,22.064272345511323,Still ongoing 2+ years after sanction
W10511,Nicholas Gour,Mysuru,Municipal Corporation,Community Health Center,33.24,Ongoing,22.054723019286506,Still ongoing 2+ years after sanction
W11954,Ekansh Sami,Kolkata,State Housing Board,Drainage System,11.84,Completed,22.04953259528227,Flagged by ML pattern only
W10421,Ekansh Sami,Lucknow,Municipal Corporation,Road Construction,14.16,Ongoing,22.035228753360478,Still ongoing 2+ years after sanction
W10586,Ishwar Boase,Mysuru,Public Works Department,Drinking Water Supply,17.43,Ongoing,22.025636640930017,Still ongoing 2+ years after sanction
W12262,Sanya Swamy,Mysuru,Zilla Panchayat,Public Toilet Complex,5.84,Ongoing,22.00783151356388,Still ongoing 2+ years after sanction
W12385,Ria Ratta,Asansol,Public Works Department,Road Construction,17.28,Ongoing,22.00702518,Still ongoing 2+ years after sanction
W10601,Advaith Gole,Darjeeling,Zilla Panchayat,Road Construction,21.05,Completed,21.98884460883076,Flagged by ML pattern only
W10612,Owen Bala,Madurai,Public Works Department,Street Lighting,5.03,Ongoing,21.98391825537908,Still ongoing 2+ years after sanction
W12014,Deepa Gala,Nashik,Municipal Corporation,Drainage System,6.44,Completed,21.97607023,Flagged by ML pattern only
W11297,Sanya Swamy,Kanpur,Municipal Corporation,Road Construction,31.86,Ongoing,21.975063242558143,Still ongoing 2+ years after sanction
W12274,Krishna Pant,Madurai,Zilla Panchayat,Community Health Center,32.35,Ongoing,21.936591290947327,Still ongoing 2+ years after sanction
W11810,Widisha Yohannan,Howrah,Municipal Corporation,Community Health Center,24.72,Completed,21.931745591433213,Flagged by ML pattern only
W11158,Vrinda Biswas,Lucknow,Public Works Department,School Building Repair,6.83,Completed,21.92249301703189,Flagged by ML pattern only
W10404,Mugdha Varty,Howrah,Public Works Department,Road Construction,28.69,Ongoing,21.917582435013536,Still ongoing 2+ years after sanction
W12205,Christopher Kadakia,Bengaluru Urban,Public Works Department,Community Health Center,38.71,Completed,21.900017319836138,Flagged by ML pattern only
W12683,Hemang Bava,Asansol,District Rural Development Agency,Community Health Center,18.21,Completed,21.88823768635015,Flagged by ML pattern only
W12513,Christopher Kadakia,Coimbatore,State Housing Board,Community Health Center,30.21,Ongoing,21.867636484016646,Still ongoing 2+ years after sanction
W11119,Widisha Yohannan,Nashik,State Housing Board,School Building Repair,14.43,Ongoing,21.847057777218847,Still ongoing 2+ years after sanction
W10628,Pallavi Krish,Bengaluru Urban,State Housing Board,Community Health Center,25.68,Completed,21.841134122923872,Flagged by ML pattern only
W10650,Gaurav Chandra,Darjeeling,Municipal Corporation,Street Lighting,1.26,Completed,21.836452774375797,Flagged by ML pattern only
W11554,Gabriel Thaman,Kanpur,State Housing Board,Community Health Center,21.52,Ongoing,21.82473546623799,Still ongoing 2+ years after sanction
W12954,Yadavi Deshmukh,Darjeeling,Zilla Panchayat,Road Construction,20.25,Ongoing,21.82427485359534,Still ongoing 2+ years after sanction
W11499,Krishna Pant,Pune,Public Works Department,Community Health Center,17.73,Completed,21.817879457964217,Flagged by ML pattern only
W12308,Vanya Suresh,Asansol,Public Works Department,Community Health Center,33.41,Ongoing,21.81384389170131,Still ongoing 2+ years after sanction
W10360,Yamini Chand,Dharwad,State Housing Board,Drainage System,17.91,Ongoing,21.810587327276153,Still ongoing 2+ years after sanction
W11531,Yutika Rana,Thane,Zilla Panchayat,Road Construction,24,Completed,21.808430977361827,Flagged by ML pattern only
W11860,Jagat Mangat,Pune,Zilla Panchayat,Public Toilet Complex,7.04,Ongoing,21.788041686615415,Still ongoing 2+ years after sanction; Agency handles a disproportionate share of Pune's works
W12809,Onveer Kata,Coimbatore,State Housing Board,Community Health Center,38.92,Completed,21.785429601289195,Flagged by ML pattern only
W11711,Ishwar Boase,Pune,Zilla Panchayat,School Building Repair,5.88,Ongoing,21.772173731531005,Still ongoing 2+ years after sanction; Agency handles a disproportionate share of Pune's works
W10219,Leena Butala,Nagpur,State Housing Board,Road Construction,28.44,Ongoing,21.769144303516434,Still ongoing 2+ years after sanction
W10763,Leena Butala,Nashik,State Housing Board,Drinking Water Supply,16.95,Ongoing,21.76145908958711,Still ongoing 2+ years after sanction
W12516,Harrison Kapur,Belagavi,State Housing Board,Drainage System,10.76,Completed,21.76025986836855,Flagged by ML pattern only
W11836,Yadavi Deshmukh,Agra,Public Works Department,Road Construction,28.52,Ongoing,21.74206945960378,Still ongoing 2+ years after sanction
W11127,Varsha Morar,Pune,Zilla Panchayat,Community Health Center,11.31,Ongoing,21.71916488091341,Still ongoing 2+ years after sanction; Agency handles a disproportionate share of Pune's works
W12601,Christopher Kadakia,Bengaluru Urban,State Housing Board,Road Construction,35.09,Completed,21.704788629485098,Flagged by ML pattern only
W12588,Varsha Morar,Dharwad,State Housing Board,Community Health Center,42.239066070660776,Completed,21.69975916228931,Flagged by ML pattern only
W10719,Rayaan Mand,Pune,Zilla Panchayat,Public Toilet Complex,5.28,Ongoing,21.698942600212956,Still ongoing 2+ years after sanction; Agency handles a disproportionate share of Pune's works
W12514,Ishwar Boase,Agra,State Housing Board,Road Construction,23.98,Completed,21.691082535183583,Flagged by ML pattern only
W11535,Yadavi Deshmukh,Kolkata,District Rural Development Agency,Public Toilet Complex,2.58,Completed,21.672683147753965,Flagged by ML pattern only
W10916,Hemang Bava,Pune,Public Works Department,Public Toilet Complex,6.77,Completed,21.64429536378667,Flagged by ML pattern only
W11075,Yug Choudhry,Chennai,District Rural Development Agency,Drinking Water Supply,18.77,Ongoing,21.637837284375664,Still ongoing 2+ years after sanction
W11886,Christopher Kadakia,Thane,District Rural Development Agency,Community Health Center,34.63,Completed,21.628849539861918,Flagged by ML pattern only
W11261,Yug Choudhry,Kolkata,Municipal Corporation,Public Toilet Complex,2.27,Completed,21.627054522981652,Flagged by ML pattern only
W12026,Vrinda Biswas,Bengaluru Urban,State Housing Board,Street Lighting,5.21,Completed,21.597641500264743,Flagged by ML pattern only
W12667,Rayaan Mand,Coimbatore,State Housing Board,Drinking Water Supply,12.33,Ongoing,21.59624292961273,Still ongoing 2+ years after sanction
W11025,Onveer Kata,Nashik,Public Works Department,Road Construction,29.03,Completed,21.59159055666799,Flagged by ML pattern only
W11091,Ronith Zachariah,Lucknow,State Housing Board,School Building Repair,7.71,Completed,21.585614923920176,Flagged by ML pattern only
W12806,Harrison Kapur,Varanasi,Public Works Department,Community Health Center,28.39,Ongoing,21.57496043,Still ongoing 2+ years after sanction
W12698,Tanish Iyer,Varanasi,Public Works Department,Road Construction,37.02,Completed,21.571338815315222,Flagged by ML pattern only
W10112,Ishwar Boase,Salem,Public Works Department,Road Construction,25.29,Ongoing,21.566212646539597,Still ongoing 2+ years after sanction
W10324,Vrinda Biswas,Pune,Zilla Panchayat,School Building Repair,4.03,Ongoing,21.565846661618608,Agency handles a disproportionate share of Pune's works
W10498,Oliver Sarma,Kanpur,District Rural Development Agency,Street Lighting,1.08,Ongoing,21.55489543906679,Still ongoing 2+ years after sanction
W11864,Yug Choudhry,Nagpur,District Rural Development Agency,Road Construction,34.78,Ongoing,21.554307538730804,Flagged by ML pattern only
W10049,Tanish Iyer,Darjeeling,Public Works Department,Road Construction,33.64,Ongoing,21.55410929826527,Still ongoing 2+ years after sanction
W10804,Harrison Kapur,Darjeeling,Municipal Corporation,Community Health Center,45.71,Ongoing,21.537034930477475,Flagged by ML pattern only
W10751,Oliver Sarma,Lucknow,District Rural Development Agency,Community Health Center,27.52,Completed,21.535159104597714,Flagged by ML pattern only
W12981,Owen Bala,Thane,District Rural Development Agency,Road Construction,23.52,Completed,21.524623553783268,Flagged by ML pattern only
W11949,Sanya Swamy,Pune,Zilla Panchayat,Drinking Water Supply,13.36,Completed,21.507157168571204,Agency handles a disproportionate share of Pune's works
W11530,Jagat Mangat,Darjeeling,Zilla Panchayat,Community Health Center,31.93,Ongoing,21.500408953766154,Still ongoing 2+ years after sanction
W12378,Mugdha Varty,Kanpur,State Housing Board,Road Construction,23.58,Ongoing,21.485803809915936,Still ongoing 2+ years after sanction
W10684,Krishna Pant,Howrah,State Housing Board,Community Health Center,19.75,Completed,21.463950654441177,Flagged by ML pattern only
W12738,Victor Venkataraman,Kanpur,State Housing Board,Public Toilet Complex,2.17,Completed,21.46233391,Flagged by ML pattern only
W12388,Widisha Yohannan,Bengaluru Urban,Public Works Department,Street Lighting,1.44,Completed,21.457238999987858,Flagged by ML pattern only
W11700,Gabriel Thaman,Mysuru,District Rural Development Agency,Drinking Water Supply,9.28,Completed,21.455843035642715,Flagged by ML pattern only
W12231,Widisha Yohannan,Bengaluru Urban,State Housing Board,Street Lighting,2.63,Completed,21.432508404111953,Flagged by ML pattern only
W10831,Deepa Gala,Asansol,State Housing Board,School Building Repair,11.57,Ongoing,21.421872761517864,Still ongoing 2+ years after sanction
W11588,Tanish Iyer,Salem,Zilla Panchayat,Drainage System,12.51,Ongoing,21.41015189030803,Still ongoing 2+ years after sanction
W11910,Owen Bala,Nagpur,Public Works Department,Drainage System,8.9,Ongoing,21.387483335933148,Still ongoing 2+ years after sanction
W11825,Lucky Prashad,Howrah,Zilla Panchayat,Road Construction,30.01,Ongoing,21.38208345296026,Still ongoing 2+ years after sanction
W12397,Hemang Bava,Nashik,Public Works Department,Drinking Water Supply,13.2,Ongoing,21.370036225328388,Still ongoing 2+ years after sanction
W10120,Leena Butala,Varanasi,Public Works Department,Road Construction,29.16,Ongoing,21.366455315133983,Still ongoing 2+ years after sanction
W11777,Lucky Prashad,Pune,Public Works Department,Street Lighting,1.9,Completed,21.36076063201192,Flagged by ML pattern only
W10381,Widisha Yohannan,Coimbatore,Municipal Corporation,Road Construction,31.1,Ongoing,21.34821617453983,Still ongoing 2+ years after sanction
W10047,Oliver Sarma,Nashik,District Rural Development Agency,Community Health Center,31.92,Ongoing,21.34155441469222,Still ongoing 2+ years after sanction
W12093,Vrinda Biswas,Kanpur,State Housing Board,Road Construction,27.65,Ongoing,21.330853116815227,Still ongoing 2+ years after sanction
W12579,Meera Banerjee,Darjeeling,Municipal Corporation,Street Lighting,1.01,Completed,21.32002228,Flagged by ML pattern only
W12431,Christopher Kadakia,Kanpur,Zilla Panchayat,Road Construction,17.53,Completed,21.308436533638037,Flagged by ML pattern only
W10767,Advaith Gole,Varanasi,Zilla Panchayat,Street Lighting,1.49,Ongoing,21.307598455998342,Still ongoing 2+ years after sanction
W10308,Gaurav Chandra,Chennai,Zilla Panchayat,Road Construction,8.49,Ongoing,21.29055132236764,Still ongoing 2+ years after sanction
W12983,Hemang Bava,Madurai,State Housing Board,Community Health Center,42.91,Completed,21.27890308218175,Flagged by ML pattern only
W11745,Oliver Sarma,Kolkata,State Housing Board,Public Toilet Complex,4.52,Completed,21.273255364091046,Flagged by ML pattern only
W11219,Owen Bala,Kolkata,Municipal Corporation,Street Lighting,3.35,Ongoing,21.23256579882932,Still ongoing 2+ years after sanction
W10263,Azaan Gupta,Mysuru,Zilla Panchayat,Street Lighting,1.72,Ongoing,21.229734646805866,Still ongoing 2+ years after sanction
W11100,Victor Venkataraman,Madurai,Zilla Panchayat,Drinking Water Supply,13.98,Completed,21.209115032981064,Flagged by ML pattern only
W12677,Ronith Zachariah,Dharwad,State Housing Board,Street Lighting,3.51,Ongoing,21.200438092385166,Still ongoing 2+ years after sanction
W11116,Rayaan Mand,Pune,Zilla Panchayat,Public Toilet Complex,6.01,Ongoing,21.199357585977353,Still ongoing 2+ years after sanction; Agency handles a disproportionate share of Pune's works
W12540,Owen Bansal,Madurai,District Rural Development Agency,Drainage System,10.9,Ongoing,21.19115749243872,Still ongoing 2+ years after sanction
W11019,Meera Banerjee,Nashik,State Housing Board,Street Lighting,4.29,Completed,21.18580368421366,Flagged by ML pattern only
W12793,Onveer Kata,Howrah,State Housing Board,Drinking Water Supply,20,Completed,21.174865944340585,Flagged by ML pattern only
W10486,Mugdha Varty,Thane,Municipal Corporation,Drainage System,14.53,Completed,21.161833505062912,Flagged by ML pattern only
W10131,Yug Choudhry,Madurai,Zilla Panchayat,Drinking Water Supply,19.26,Completed,21.15220426,Flagged by ML pattern only
W11763,Victor Venkataraman,Lucknow,State Housing Board,Road Construction,28.83,Ongoing,21.135860278933606,Still ongoing 2+ years after sanction
W11208,Yamini Chand,Mysuru,District Rural Development Agency,School Building Repair,4.16,Completed,21.13499536843449,Flagged by ML pattern only
W10296,Sanya Swamy,Agra,State Housing Board,Community Health Center,16.69,Ongoing,21.132721662399916,Still ongoing 2+ years after sanction
W11831,Lucky Prashad,Agra,Public Works Department,Road Construction,27.47,Ongoing,21.109876517435097,Still ongoing 2+ years after sanction
W12354,Leena Butala,Thane,Public Works Department,Street Lighting,1.11,Ongoing,21.083252718911396,Still ongoing 2+ years after sanction
W11581,Jagat Mangat,Asansol,Zilla Panchayat,Drinking Water Supply,6.27,Completed,21.072424706334598,Flagged by ML pattern only
W10947,Rayaan Mand,Nashik,Zilla Panchayat,Road Construction,23.71,Completed,21.06970240555378,Flagged by ML pattern only
W10250,Advaith Gole,Salem,Municipal Corporation,Community Health Center,31.35,Ongoing,21.059761272953743,Still ongoing 2+ years after sanction
W10240,Harrison Kapur,Kolkata,District Rural Development Agency,Community Health Center,33.91,Completed,21.05689225022264,Flagged by ML pattern only
W11283,Bachittar Choudhry,Salem,District Rural Development Agency,Public Toilet Complex,13.640865566559969,Completed,21.043186683374497,Cost is unusually high for 'Public Toilet Complex' works
W12866,Meera Banerjee,Kolkata,District Rural Development Agency,School Building Repair,3.5,Completed,21.04106914783649,Flagged by ML pattern only
W10277,Harrison Kapur,Howrah,Public Works Department,Street Lighting,5.99,Completed,21.00568553079664,Flagged by ML pattern only
W12074,Eesha Memon,Chennai,District Rural Development Agency,School Building Repair,11,Completed,21.005351577786247,Flagged by ML pattern only
W12900,Meera Banerjee,Thane,Public Works Department,Road Construction,19.02,Ongoing,20.991647029602525,Still ongoing 2+ years after sanction
W10060,Gaurav Chandra,Kolkata,District Rural Development Agency,Community Health Center,33.68,Completed,20.97797341,Flagged by ML pattern only
W10291,Eesha Memon,Asansol,Municipal Corporation,Street Lighting,1.57,Ongoing,20.976929452003503,Still ongoing 2+ years after sanction
W11295,Nicholas Gour,Varanasi,Municipal Corporation,Community Health Center,32.53,Completed,20.974288751164227,Flagged by ML pattern only
W11705,Vrinda Biswas,Nagpur,Public Works Department,Community Health Center,15.95,Completed,20.97403953149995,Flagged by ML pattern only
W12086,Owen Bala,Lucknow,State Housing Board,Drinking Water Supply,7.91,Completed,20.964842001148625,Flagged by ML pattern only
W12708,Harrison Kapur,Salem,District Rural Development Agency,Community Health Center,37.96,Ongoing,20.945297619207523,Flagged by ML pattern only
W11708,Odika Naik,Coimbatore,District Rural Development Agency,Community Health Center,17.66,Ongoing,20.944834531468118,Still ongoing 2+ years after sanction
W11139,Ria Ratta,Chennai,State Housing Board,School Building Repair,10.27,Ongoing,20.94299950050386,Still ongoing 2+ years after sanction
W12884,Krishna Pant,Agra,Zilla Panchayat,Road Construction,31.51,Completed,20.894579500277032,Flagged by ML pattern only
W10537,Yadavi Deshmukh,Pune,Zilla Panchayat,Community Health Center,18.69,Completed,20.890880770223895,Agency handles a disproportionate share of Pune's works
W11010,Ekansh Sami,Mysuru,District Rural Development Agency,Community Health Center,42.51,Completed,20.87969365358941,Flagged by ML pattern only
W11432,Tanish Iyer,Nagpur,Municipal Corporation,Road Construction,32.99,Completed,20.878259709139485,Flagged by ML pattern only
W11652,Sanya Swamy,Chennai,Public Works Department,Street Lighting,3.68,Completed,20.867008647647467,Flagged by ML pattern only
W11597,Eesha Memon,Howrah,State Housing Board,Community Health Center,29.21,Ongoing,20.81683533137457,Still ongoing 2+ years after sanction
W12494,Yamini Chand,Varanasi,Public Works Department,Public Toilet Complex,2.24,Completed,20.80185425,Flagged by ML pattern only
W12673,Jagat Mangat,Howrah,Zilla Panchayat,Road Construction,34.73,Completed,20.799567469991345,Flagged by ML pattern only
W12036,Ekansh Sami,Mysuru,State Housing Board,Street Lighting,3.17,Completed,20.776173704050983,Flagged by ML pattern only
W11421,Hemang Bava,Bengaluru Urban,State Housing Board,Street Lighting,1.46,Ongoing,20.76490794130813,Still ongoing 2+ years after sanction
W11743,Ekansh Sami,Howrah,District Rural Development Agency,Community Health Center,31.9,Completed,20.725141845702844,Flagged by ML pattern only
W12779,Ishwar Boase,Chennai,District Rural Development Agency,Road Construction,29.85,Ongoing,20.709970318240863,Still ongoing 2+ years after sanction
W11774,Lucky Prashad,Howrah,State Housing Board,Community Health Center,27,Ongoing,20.70923537695331,Still ongoing 2+ years after sanction
W11942,Tanish Iyer,Bengaluru Urban,Municipal Corporation,Street Lighting,1.49,Ongoing,20.70397404443085,Still ongoing 2+ years after sanction
W10103,Triya Khatri,Asansol,Zilla Panchayat,Drinking Water Supply,14.03,Completed,20.701551432255993,Flagged by ML pattern only
W11424,Meera Banerjee,Dharwad,State Housing Board,Street Lighting,2.47,Completed,20.67375162635764,Flagged by ML pattern only
W12910,Pallavi Krish,Kolkata,Zilla Panchayat,Public Toilet Complex,3.85,Completed,20.657052024450874,Flagged by ML pattern only
W11820,Victor Venkataraman,Thane,Zilla Panchayat,Street Lighting,1.54,Ongoing,20.646903283038185,Still ongoing 2+ years after sanction
W12531,Bachittar Choudhry,Madurai,State Housing Board,Public Toilet Complex,7.94,Ongoing,20.629574774731502,Still ongoing 2+ years after sanction
W12358,Ronith Zachariah,Asansol,State Housing Board,Drainage System,13.55,Completed,20.62855631456101,Flagged by ML pattern only
W11411,Eesha Memon,Belagavi,Municipal Corporation,Community Health Center,41.64,Ongoing,20.602253921199015,Flagged by ML pattern only
W10859,Ria Ratta,Kolkata,Zilla Panchayat,Public Toilet Complex,3.28,Ongoing,20.56811585620443,Still ongoing 2+ years after sanction
W10808,Yadavi Deshmukh,Pune,Zilla Panchayat,Street Lighting,4.83,Completed,20.551941479855152,Agency handles a disproportionate share of Pune's works
W11270,Owen Bala,Thane,District Rural Development Agency,Drinking Water Supply,18.69,Completed,20.549919040206472,Flagged by ML pattern only
W11136,Ishwar Boase,Lucknow,Zilla Panchayat,Community Health Center,41.82,Completed,20.543843051138968,Flagged by ML pattern only
W11919,Varsha Morar,Nagpur,District Rural Development Agency,Drainage System,13.92,Ongoing,20.542268515435502,Still ongoing 2+ years after sanction
W11154,Yamini Chand,Agra,District Rural Development Agency,Drainage System,12.62,Completed,20.532782454839364,Flagged by ML pattern only
W11138,Ekansh Sami,Kolkata,Municipal Corporation,Road Construction,39.16,Completed,20.529219874816956,Flagged by ML pattern only
W11338,Ekansh Sami,Asansol,State Housing Board,Street Lighting,1.14,Ongoing,20.523715339721534,Still ongoing 2+ years after sanction
W12409,Ronith Zachariah,Mysuru,Municipal Corporation,Community Health Center,23.63,Completed,20.485783489593064,Flagged by ML pattern only
W12520,Vrinda Biswas,Agra,Public Works Department,Public Toilet Complex,4.64,Completed,20.479729074599717,Flagged by ML pattern only
W11541,Widisha Yohannan,Varanasi,Municipal Corporation,Drinking Water Supply,19.81,Ongoing,20.479514592401653,Still ongoing 2+ years after sanction
W12908,Gabriel Thaman,Belagavi,District Rural Development Agency,Public Toilet Complex,3.32,Ongoing,20.45660062780081,Still ongoing 2+ years after sanction
W11633,Ekansh Sami,Belagavi,District Rural Development Agency,Road Construction,22.86,Ongoing,20.453094076131144,Still ongoing 2+ years after sanction
W11973,Rayaan Mand,Coimbatore,Public Works Department,Road Construction,20.54,Ongoing,20.447080686484032,Still ongoing 2+ years after sanction
W12091,Harrison Kapur,Coimbatore,Zilla Panchayat,Road Construction,13.95,Ongoing,20.44547034,Still ongoing 2+ years after sanction
W12927,Azaan Gupta,Coimbatore,Zilla Panchayat,Community Health Center,36.05,Completed,20.42667504897425,Flagged by ML pattern only
W11553,Yutika Rana,Nagpur,Zilla Panchayat,Road Construction,30.09,Ongoing,20.408521209904677,Still ongoing 2+ years after sanction
W11304,Meera Banerjee,Darjeeling,Municipal Corporation,Community Health Center,28.52,Completed,20.407913613191273,Flagged by ML pattern only
W12501,Triya Khatri,Chennai,Public Works Department,Community Health Center,21.99,Ongoing,20.40706641748269,Still ongoing 2+ years after sanction
W10061,Ishwar Boase,Pune,Zilla Panchayat,Drinking Water Supply,10.07,Completed,20.406766336850858,Agency handles a disproportionate share of Pune's works
W12532,Yadavi Deshmukh,Asansol,Zilla Panchayat,Community Health Center,11.07,Completed,20.4029417,Flagged by ML pattern only
W12544,Onveer Kata,Dharwad,Public Works Department,Road Construction,27.25,Ongoing,20.374559929046214,Still ongoing 2+ years after sanction
W11110,Bachittar Choudhry,Lucknow,Zilla Panchayat,Street Lighting,1.78,Ongoing,20.372021824107264,Still ongoing 2+ years after sanction
W12135,Yutika Rana,Thane,State Housing Board,Community Health Center,28.12,Ongoing,20.366074073314124,Still ongoing 2+ years after sanction
W10261,Victor Venkataraman,Varanasi,District Rural Development Agency,Street Lighting,5.89,Completed,20.339502172159456,Flagged by ML pattern only
W12923,Gabriel Thaman,Mysuru,District Rural Development Agency,Street Lighting,1.98,Ongoing,20.33526571357519,Still ongoing 2+ years after sanction
W11872,Varsha Morar,Agra,Zilla Panchayat,Public Toilet Complex,5.72,Completed,20.330057638799076,Flagged by ML pattern only
W12678,Harrison Kapur,Kolkata,Zilla Panchayat,Road Construction,29.8,Ongoing,20.326072084988276,Still ongoing 2+ years after sanction
W10064,Widisha Yohannan,Howrah,Municipal Corporation,Community Health Center,37.98,Completed,20.324815068822332,Flagged by ML pattern only
W11009,Meera Banerjee,Howrah,Zilla Panchayat,Community Health Center,29.37,Ongoing,20.313950809312093,Still ongoing 2+ years after sanction
W12556,Pallavi Krish,Agra,State Housing Board,Road Construction,38.83,Ongoing,20.30825103732818,Flagged by ML pattern only
W11695,Widisha Yohannan,Kanpur,District Rural Development Agency,Community Health Center,28.93,Ongoing,20.29955844743391,Still ongoing 2+ years after sanction
W11844,Mugdha Varty,Kanpur,Zilla Panchayat,Road Construction,30,Completed,20.295012229833617,Flagged by ML pattern only
W10425,Meera Banerjee,Kanpur,State Housing Board,Road Construction,21.07,Completed,20.278965855369414,Flagged by ML pattern only
W10207,Yadavi Deshmukh,Nagpur,State Housing Board,Street Lighting,3.55,Completed,20.26495626272289,Flagged by ML pattern only
W11902,Mugdha Varty,Nashik,Municipal Corporation,Community Health Center,28.57,Ongoing,20.24223963080489,Still ongoing 2+ years after sanction
W11148,Deepa Gala,Pune,Public Works Department,Community Health Center,21.34,Ongoing,20.221363244325403,Still ongoing 2+ years after sanction
W12100,Owen Bala,Nashik,Public Works Department,Street Lighting,1.64,Ongoing,20.214432463129093,Still ongoing 2+ years after sanction
W11618,Vanya Suresh,Dharwad,Municipal Corporation,Road Construction,22.5,Completed,20.21195088215989,Flagged by ML pattern only
W11301,Nicholas Gour,Lucknow,Zilla Panchayat,Road Construction,35.99,Completed,20.201039379716562,Flagged by ML pattern only
W12790,Vrinda Biswas,Kanpur,Zilla Panchayat,Street Lighting,1.7,Ongoing,20.196819816303545,Still ongoing 2+ years after sanction
W12651,Meera Banerjee,Mysuru,Zilla Panchayat,Community Health Center,13.35,Completed,20.187033510247943,Flagged by ML pattern only
W10153,Azaan Gupta,Kanpur,Municipal Corporation,Road Construction,20.77,Ongoing,20.176662200613972,Still ongoing 2+ years after sanction
W10052,Nicholas Gour,Asansol,District Rural Development Agency,Road Construction,24.51,Completed,20.16313050991336,Flagged by ML pattern only
W11346,Widisha Yohannan,Dharwad,Public Works Department,Road Construction,27.6,Completed,20.15660625545732,Flagged by ML pattern only
W11170,Jagat Mangat,Coimbatore,Municipal Corporation,Road Construction,23.62,Completed,20.155420184130907,Flagged by ML pattern only
W10897,Widisha Yohannan,Dharwad,District Rural Development Agency,Drinking Water Supply,18.24,Completed,20.150769923491303,Flagged by ML pattern only
W12985,Yamini Chand,Nashik,Zilla Panchayat,Community Health Center,14.26,Completed,20.149135581436028,Flagged by ML pattern only
W10018,Yamini Chand,Lucknow,Municipal Corporation,School Building Repair,5.7,Ongoing,20.144608406958525,Still ongoing 2+ years after sanction
W10217,Ronith Zachariah,Nashik,District Rural Development Agency,Road Construction,15.07,Completed,20.143745308721815,Flagged by ML pattern only
W10643,Krishna Pant,Agra,Public Works Department,Street Lighting,2.06,Ongoing,20.135014286756405,Still ongoing 2+ years after sanction
W11941,Ekansh Sami,Howrah,Municipal Corporation,Road Construction,20.73,Ongoing,20.126834970900106,Still ongoing 2+ years after sanction
W10805,Gaurav Chandra,Mysuru,Public Works Department,School Building Repair,3.65,Ongoing,20.114654754273147,Still ongoing 2+ years after sanction
W11047,Ronith Zachariah,Bengaluru Urban,Municipal Corporation,Community Health Center,26.29,Ongoing,20.11212075258954,Still ongoing 2+ years after sanction
W12423,Jagat Mangat,Pune,Zilla Panchayat,School Building Repair,4.21,Completed,20.108499431297858,Agency handles a disproportionate share of Pune's works
W12281,Varsha Morar,Pune,Zilla Panchayat,Drainage System,4.02,Completed,20.104910324451694,Agency handles a disproportionate share of Pune's works
W10629,Mugdha Varty,Madurai,State Housing Board,Drainage System,5.97,Completed,20.10155006291332,Flagged by ML pattern only
W12979,Vrinda Biswas,Pune,District Rural Development Agency,Drinking Water Supply,15.18,Completed,20.094466320780285,Flagged by ML pattern only
W10246,Hemang Bava,Thane,Municipal Corporation,School Building Repair,6.06,Completed,20.084282105936513,Flagged by ML pattern only
W11839,Owen Bansal,Asansol,Zilla Panchayat,Street Lighting,2.95,Completed,20.075935522565548,Flagged by ML pattern only
W12879,Gabriel Thaman,Asansol,District Rural Development Agency,Drainage System,5.86,Completed,20.07105273892004,Flagged by ML pattern only
W10248,Yutika Rana,Howrah,Municipal Corporation,Community Health Center,18.36,Completed,20.06447668285631,Flagged by ML pattern only
W11227,Christopher Kadakia,Thane,State Housing Board,Public Toilet Complex,6.52,Completed,20.061998292769317,Flagged by ML pattern only
W12776,Yutika Rana,Thane,Municipal Corporation,Community Health Center,43.97,Ongoing,20.052407255604475,Flagged by ML pattern only
W10037,Azaan Gupta,Thane,Municipal Corporation,School Building Repair,3.5,Ongoing,20.040834410535993,Still ongoing 2+ years after sanction
W11076,Triya Khatri,Darjeeling,Zilla Panchayat,Street Lighting,1.91,Ongoing,20.028004621751776,Still ongoing 2+ years after sanction
W12350,Owen Bala,Lucknow,District Rural Development Agency,Street Lighting,1.84,Completed,20.027694143635927,Flagged by ML pattern only
W11363,Onveer Kata,Nashik,Public Works Department,Drinking Water Supply,4.08,Completed,20.020326978602466,Flagged by ML pattern only
W11993,Widisha Yohannan,Agra,Municipal Corporation,Community Health Center,26.42,Ongoing,19.989827992399537,Still ongoing 2+ years after sanction
W10080,Azaan Gupta,Agra,District Rural Development Agency,Road Construction,25.2,Ongoing,19.98584092991212,Still ongoing 2+ years after sanction
W10926,Owen Bansal,Madurai,Zilla Panchayat,Drainage System,17.95,Completed,19.971518039861134,Flagged by ML pattern only
W11014,Bachittar Choudhry,Nashik,State Housing Board,Road Construction,38.12,Completed,19.969163166832374,Flagged by ML pattern only
W10106,Gaurav Chandra,Nagpur,Zilla Panchayat,Road Construction,26.33,Ongoing,19.96594315,Still ongoing 2+ years after sanction
W10117,Vrinda Biswas,Darjeeling,District Rural Development Agency,Street Lighting,2.11,Ongoing,19.964730422172202,Still ongoing 2+ years after sanction
W11767,Pallavi Krish,Chennai,Public Works Department,Road Construction,22.63,Completed,19.963788569680357,Flagged by ML pattern only
W10256,Gabriel Thaman,Pune,Zilla Panchayat,School Building Repair,9.07,Completed,19.96017309011559,Agency handles a disproportionate share of Pune's works
W10572,Pallavi Krish,Chennai,Zilla Panchayat,Road Construction,28.51,Ongoing,19.94123811220446,Still ongoing 2+ years after sanction
W12577,Vanya Suresh,Lucknow,Municipal Corporation,Public Toilet Complex,5.34,Ongoing,19.921569298632832,Still ongoing 2+ years after sanction
W10146,Deepa Gala,Asansol,Municipal Corporation,Street Lighting,1.39,Ongoing,19.906622268246828,Still ongoing 2+ years after sanction
W10110,Yamini Chand,Chennai,District Rural Development Agency,Street Lighting,5.33,Completed,19.89802656962783,Flagged by ML pattern only
W12176,Meera Banerjee,Howrah,Public Works Department,Community Health Center,26.54,Ongoing,19.89396042981037,Still ongoing 2+ years after sanction
W11051,Oliver Sarma,Bengaluru Urban,State Housing Board,Public Toilet Complex,2.08,Ongoing,19.886033753350194,Still ongoing 2+ years after sanction
W12078,Advaith Gole,Madurai,Zilla Panchayat,School Building Repair,3.55,Completed,19.868605683593078,Flagged by ML pattern only
W11419,Bachittar Choudhry,Agra,District Rural Development Agency,Community Health Center,42.24,Ongoing,19.848551219080395,Flagged by ML pattern only
W12668,Yug Choudhry,Mysuru,Zilla Panchayat,Road Construction,24.72,Ongoing,19.843077451205566,Still ongoing 2+ years after sanction
W12204,Oliver Sarma,Pune,Zilla Panchayat,School Building Repair,6.25,Completed,19.841171838033084,Agency handles a disproportionate share of Pune's works
W11694,Jagat Mangat,Nagpur,District Rural Development Agency,Street Lighting,3.41,Completed,19.830047980781615,Flagged by ML pattern only
W10184,Vrinda Biswas,Lucknow,Municipal Corporation,Street Lighting,1.69,Ongoing,19.81326400855765,Still ongoing 2+ years after sanction
W10193,Eesha Memon,Madurai,Public Works Department,Drainage System,4.18,Ongoing,19.803647849518345,Near-duplicate work description under same agency
W11960,Christopher Kadakia,Thane,State Housing Board,Road Construction,23.04,Completed,19.792172135572887,Flagged by ML pattern only
W12333,Mugdha Varty,Kolkata,Zilla Panchayat,Drinking Water Supply,7.09,Ongoing,19.783493863870714,Still ongoing 2+ years after sanction
W11920,Yutika Rana,Darjeeling,Municipal Corporation,Public Toilet Complex,2.14,Ongoing,19.781286044482187,Still ongoing 2+ years after sanction
W11050,Widisha Yohannan,Varanasi,Public Works Department,Street Lighting,1.5,Ongoing,19.751074613009415,Still ongoing 2+ years after sanction
W12099,Nicholas Gour,Howrah,Zilla Panchayat,School Building Repair,11.67,Completed,19.74073748,Flagged by ML pattern only
W10561,Victor Venkataraman,Belagavi,Public Works Department,Street Lighting,1.08,Ongoing,19.727464320007563,Still ongoing 2+ years after sanction
W10234,Vanya Suresh,Chennai,District Rural Development Agency,Public Toilet Complex,3.31,Ongoing,19.726893934284192,Still ongoing 2+ years after sanction
W12366,Ekansh Sami,Chennai,District Rural Development Agency,School Building Repair,12.14,Completed,19.723586684074707,Flagged by ML pattern only
W10298,Vanya Suresh,Bengaluru Urban,Municipal Corporation,Drinking Water Supply,16.4,Completed,19.722662721982587,Flagged by ML pattern only
W12433,Deepa Gala,Pune,Public Works Department,Community Health Center,22.72,Completed,19.719404143191507,Flagged by ML pattern only
W12690,Azaan Gupta,Kanpur,Zilla Panchayat,School Building Repair,7.06,Completed,19.716806559697545,Flagged by ML pattern only
W10422,Nicholas Gour,Kolkata,Public Works Department,Community Health Center,36.47,Completed,19.714469061976732,Flagged by ML pattern only
W11550,Eesha Memon,Nagpur,District Rural Development Agency,Drainage System,4.31,Completed,19.71012351502011,Flagged by ML pattern only
W10952,Vrinda Biswas,Madurai,State Housing Board,Street Lighting,4.13,Completed,19.70668559944935,Flagged by ML pattern only
W12752,Leena Butala,Nashik,State Housing Board,Community Health Center,31.94,Completed,19.68041623496836,Flagged by ML pattern only
W11041,Krishna Pant,Dharwad,Public Works Department,Community Health Center,32,Completed,19.67882515097193,Flagged by ML pattern only
W12345,Leena Butala,Kolkata,Zilla Panchayat,Road Construction,16.86,Completed,19.67584966074153,Flagged by ML pattern only
W10756,Ekansh Sami,Mysuru,Municipal Corporation,Community Health Center,34.18,Completed,19.667732281034365,Flagged by ML pattern only
W11672,Lucky Prashad,Madurai,Public Works Department,Community Health Center,19.83,Ongoing,19.662747956893877,Still ongoing 2+ years after sanction
W12075,Pallavi Krish,Nashik,Public Works Department,Drainage System,13.82,Completed,19.65514506113749,Flagged by ML pattern only
W10770,Victor Venkataraman,Kolkata,District Rural Development Agency,Street Lighting,2.68,Completed,19.654267785028416,Flagged by ML pattern only
W11374,Krishna Pant,Varanasi,Municipal Corporation,Road Construction,23.64,Ongoing,19.637783988828488,Still ongoing 2+ years after sanction
W10069,Onveer Kata,Asansol,State Housing Board,Community Health Center,27.42,Ongoing,19.636853230339746,Still ongoing 2+ years after sanction
W11506,Ekansh Sami,Belagavi,State Housing Board,Community Health Center,17.53,Completed,19.618223868627652,Flagged by ML pattern only
W10971,Advaith Gole,Dharwad,Zilla Panchayat,Street Lighting,1.81,Ongoing,19.61344471887545,Still ongoing 2+ years after sanction
W10753,Ronith Zachariah,Agra,State Housing Board,Drinking Water Supply,16.24,Completed,19.595596154495542,Flagged by ML pattern only
W10446,Meera Banerjee,Nashik,State Housing Board,Street Lighting,1.25,Ongoing,19.58741132761623,Still ongoing 2+ years after sanction
W11276,Krishna Pant,Dharwad,Public Works Department,Street Lighting,4.06,Ongoing,19.540206328894406,Still ongoing 2+ years after sanction
W12822,Lucky Prashad,Bengaluru Urban,Public Works Department,Road Construction,25.18,Ongoing,19.538368978961774,Still ongoing 2+ years after sanction
W11522,Bachittar Choudhry,Madurai,District Rural Development Agency,Road Construction,10.02,Completed,19.538110558022417,Flagged by ML pattern only
W11956,Triya Khatri,Darjeeling,Zilla Panchayat,Road Construction,19.38,Ongoing,19.525935441050432,Still ongoing 2+ years after sanction
W12050,Christopher Kadakia,Mysuru,State Housing Board,Community Health Center,12.9,Completed,19.525705499439386,Flagged by ML pattern only
W11927,Mugdha Varty,Nashik,Municipal Corporation,School Building Repair,4.21,Completed,19.524950802267497,Flagged by ML pattern only
W12834,Ekansh Sami,Thane,State Housing Board,Road Construction,23.87,Ongoing,19.509730087992263,Still ongoing 2+ years after sanction
W12564,Widisha Yohannan,Kanpur,State Housing Board,Road Construction,25.7,Ongoing,19.504128728866288,Still ongoing 2+ years after sanction
W11086,Odika Naik,Coimbatore,District Rural Development Agency,Road Construction,13.58,Completed,19.50299815996887,Flagged by ML pattern only
W12001,Ekansh Sami,Asansol,State Housing Board,Road Construction,5.21,Completed,19.50291738812177,Flagged by ML pattern only
W12489,Odika Naik,Bengaluru Urban,Zilla Panchayat,Street Lighting,1.92,Ongoing,19.50250809776858,Still ongoing 2+ years after sanction
W11233,Onveer Kata,Pune,Zilla Panchayat,School Building Repair,11.38,Completed,19.468921200304088,Agency handles a disproportionate share of Pune's works
W12165,Ekansh Sami,Howrah,Zilla Panchayat,School Building Repair,8.25,Ongoing,19.462991834762473,Still ongoing 2+ years after sanction
W10195,Bachittar Choudhry,Chennai,District Rural Development Agency,Drainage System,15.96,Ongoing,19.45891172995038,Still ongoing 2+ years after sanction
W10083,Lucky Prashad,Mysuru,District Rural Development Agency,School Building Repair,5.09,Completed,19.445549710321504,Flagged by ML pattern only
W10882,Ishwar Boase,Mysuru,State Housing Board,Public Toilet Complex,7.53,Completed,19.44242069330095,Flagged by ML pattern only
W11375,Bachittar Choudhry,Asansol,District Rural Development Agency,Community Health Center,26.41,Completed,19.433334925299135,Flagged by ML pattern only
W11795,Ria Ratta,Nashik,District Rural Development Agency,Community Health Center,21.9,Completed,19.425441564262204,Flagged by ML pattern only
W10355,Ronith Zachariah,Thane,Public Works Department,Road Construction,8.16,Completed,19.425254607933745,Flagged by ML pattern only
W10589,Krishna Pant,Pune,Zilla Panchayat,Drinking Water Supply,5.27,Ongoing,19.41481330587412,Agency handles a disproportionate share of Pune's works
W12787,Yamini Chand,Dharwad,District Rural Development Agency,Road Construction,28.22,Ongoing,19.407571065058775,Still ongoing 2+ years after sanction
W10627,Krishna Pant,Darjeeling,Public Works Department,Street Lighting,3.22,Ongoing,19.40435935582591,Still ongoing 2+ years after sanction
W10198,Owen Bansal,Nashik,Municipal Corporation,Street Lighting,1.72,Ongoing,19.397810049154334,Still ongoing 2+ years after sanction
W10838,Pallavi Krish,Lucknow,State Housing Board,Street Lighting,2.13,Ongoing,19.397683433285177,Still ongoing 2+ years after sanction
W12157,Bachittar Choudhry,Belagavi,Zilla Panchayat,Public Toilet Complex,3.66,Ongoing,19.39033514819003,Still ongoing 2+ years after sanction
W10329,Rayaan Mand,Bengaluru Urban,Public Works Department,Drainage System,15.94,Ongoing,19.377923144347232,Still ongoing 2+ years after sanction
W11527,Jagat Mangat,Pune,State Housing Board,Community Health Center,26.41,Ongoing,19.359804014473102,Still ongoing 2+ years after sanction
W11729,Bachittar Choudhry,Varanasi,District Rural Development Agency,Public Toilet Complex,4.21,Ongoing,19.345417857233002,Still ongoing 2+ years after sanction
W12747,Azaan Gupta,Asansol,Municipal Corporation,Community Health Center,22.01,Ongoing,19.33802291091779,Still ongoing 2+ years after sanction
W12080,Victor Venkataraman,Agra,Public Works Department,Community Health Center,20.51,Ongoing,19.324758267796554,Still ongoing 2+ years after sanction
W11193,Christopher Kadakia,Thane,State Housing Board,Public Toilet Complex,2.04,Completed,19.322891925632913,Flagged by ML pattern only
W10997,Owen Bansal,Agra,Public Works Department,School Building Repair,10.22,Ongoing,19.30384753648154,Still ongoing 2+ years after sanction
W12755,Ronith Zachariah,Mysuru,Public Works Department,Road Construction,22.4,Completed,19.299760402671936,Flagged by ML pattern only
W12081,Advaith Gole,Nashik,Municipal Corporation,Drinking Water Supply,13.3,Completed,19.29722943834743,Flagged by ML pattern only
W12840,Varsha Morar,Howrah,Municipal Corporation,Road Construction,8.3,Completed,19.29665547714012,Flagged by ML pattern only
W10138,Varsha Morar,Madurai,State Housing Board,Drainage System,17.12,Completed,19.26719705284404,Flagged by ML pattern only
W12137,Tanish Iyer,Kolkata,Municipal Corporation,Road Construction,37.47,Completed,19.266494297787233,Flagged by ML pattern only
W12085,Sanya Swamy,Nagpur,District Rural Development Agency,Drinking Water Supply,9.3,Completed,19.26618229,Flagged by ML pattern only
W12610,Ishwar Boase,Nashik,Zilla Panchayat,Street Lighting,3.12,Completed,19.24373784327017,Flagged by ML pattern only
W10644,Rayaan Mand,Salem,Public Works Department,School Building Repair,6.46,Completed,19.234610378463007,Flagged by ML pattern only
W11240,Gabriel Thaman,Salem,Municipal Corporation,Road Construction,26.54,Ongoing,19.212883785313885,Still ongoing 2+ years after sanction
W11833,Tanish Iyer,Chennai,District Rural Development Agency,Drinking Water Supply,19.36,Completed,19.201461950481146,Flagged by ML pattern only
W12391,Mugdha Varty,Dharwad,Zilla Panchayat,Drainage System,9.27,Completed,19.19576431098415,Flagged by ML pattern only
W12417,Pallavi Krish,Darjeeling,Zilla Panchayat,Drainage System,9.84,Completed,19.19117971,Flagged by ML pattern only
W11213,Vanya Suresh,Bengaluru Urban,Public Works Department,School Building Repair,3.4,Completed,19.17677122644433,Flagged by ML pattern only
W10317,Victor Venkataraman,Chennai,State Housing Board,School Building Repair,9.64,Completed,19.146047523654556,Flagged by ML pattern only
W10937,Yutika Rana,Kanpur,Municipal Corporation,Street Lighting,3.88,Completed,19.145192557285664,Flagged by ML pattern only
W10630,Eesha Memon,Dharwad,Zilla Panchayat,Road Construction,20.95,Ongoing,19.118275685492502,Still ongoing 2+ years after sanction
W11814,Ekansh Sami,Madurai,Municipal Corporation,Community Health Center,13.07,Ongoing,19.10934257387944,Still ongoing 2+ years after sanction
W11095,Hemang Bava,Chennai,State Housing Board,Street Lighting,3.82,Completed,19.092444128979853,Flagged by ML pattern only
W12058,Rayaan Mand,Chennai,District Rural Development Agency,School Building Repair,13.82,Ongoing,19.07931926519301,Still ongoing 2+ years after sanction
W12527,Vanya Suresh,Pune,State Housing Board,Community Health Center,17.67,Completed,19.07749492469269,Flagged by ML pattern only
W11358,Deepa Gala,Madurai,Public Works Department,Community Health Center,37.56,Completed,19.075036282796273,Flagged by ML pattern only
W12546,Tanish Iyer,Pune,Zilla Panchayat,Public Toilet Complex,6.48,Completed,19.061862877544456,Agency handles a disproportionate share of Pune's works
W11467,Sanya Swamy,Kolkata,Public Works Department,Road Construction,38.84,Completed,19.05242542,Flagged by ML pattern only
W11632,Jagat Mangat,Thane,Public Works Department,Road Construction,24.59,Ongoing,19.025597258917617,Still ongoing 2+ years after sanction
W12279,Triya Khatri,Mysuru,District Rural Development Agency,Street Lighting,2.13,Completed,19.02121071081995,Flagged by ML pattern only
W10988,Advaith Gole,Coimbatore,State Housing Board,Public Toilet Complex,2.86,Completed,19.020559515546207,Flagged by ML pattern only
W11371,Ishwar Boase,Nagpur,Public Works Department,Road Construction,24.98,Completed,19.01135712854742,Flagged by ML pattern only
W11619,Advaith Gole,Dharwad,Municipal Corporation,Public Toilet Complex,5.52,Completed,19.003604442782137,Flagged by ML pattern only
W12807,Nicholas Gour,Bengaluru Urban,Zilla Panchayat,Community Health Center,22.73,Ongoing,18.96479662532177,Still ongoing 2+ years after sanction
W11683,Ria Ratta,Nashik,Municipal Corporation,Road Construction,20.69,Ongoing,18.963894976902214,Still ongoing 2+ years after sanction
W10773,Christopher Kadakia,Asansol,Zilla Panchayat,School Building Repair,10.93,Completed,18.960442073522273,Flagged by ML pattern only
W12072,Advaith Gole,Salem,Municipal Corporation,Public Toilet Complex,7.34,Ongoing,18.95923495848966,Still ongoing 2+ years after sanction
W11921,Lucky Prashad,Mysuru,Zilla Panchayat,Road Construction,25.18,Completed,18.92927722430127,Flagged by ML pattern only
W11808,Krishna Pant,Bengaluru Urban,District Rural Development Agency,Drinking Water Supply,16.46,Completed,18.922543480825023,Flagged by ML pattern only
W12456,Varsha Morar,Darjeeling,Public Works Department,Road Construction,29.46,Ongoing,18.897753628988696,Flagged by ML pattern only
W12631,Owen Bansal,Nagpur,Zilla Panchayat,Community Health Center,27.98,Completed,18.895787549761714,Flagged by ML pattern only
W10294,Christopher Kadakia,Nagpur,Public Works Department,Community Health Center,21.55,Completed,18.891146927206897,Flagged by ML pattern only
W10641,Pallavi Krish,Kanpur,Municipal Corporation,Drainage System,7.41,Completed,18.869732094149903,Flagged by ML pattern only
W11321,Eesha Memon,Lucknow,District Rural Development Agency,Road Construction,20.52,Ongoing,18.86925660665004,Still ongoing 2+ years after sanction
W11598,Harrison Kapur,Bengaluru Urban,District Rural Development Agency,Drainage System,3.47,Completed,18.867195196066582,Flagged by ML pattern only
W12110,Advaith Gole,Agra,District Rural Development Agency,School Building Repair,4.81,Completed,18.86069879321904,Flagged by ML pattern only
W11966,Owen Bansal,Thane,State Housing Board,Street Lighting,1.43,Completed,18.842306795968554,Flagged by ML pattern only
W10226,Meera Banerjee,Agra,Zilla Panchayat,Street Lighting,2.64,Ongoing,18.838812032374832,Still ongoing 2+ years after sanction
W10181,Jagat Mangat,Salem,Municipal Corporation,Road Construction,30.44,Completed,18.831426576542203,Flagged by ML pattern only
W12967,Yutika Rana,Agra,Municipal Corporation,Road Construction,20.47,Completed,18.82709905,Flagged by ML pattern only
W12141,Odika Naik,Madurai,Zilla Panchayat,Public Toilet Complex,2.93,Completed,18.804548167444562,Flagged by ML pattern only
W11868,Deepa Gala,Howrah,Zilla Panchayat,Road Construction,37.69,Completed,18.791002688303774,Flagged by ML pattern only
W12541,Vanya Suresh,Darjeeling,Zilla Panchayat,Street Lighting,1.92,Completed,18.783899635847202,Flagged by ML pattern only
W11981,Tanish Iyer,Kolkata,District Rural Development Agency,Community Health Center,22.72,Ongoing,18.781139495079813,Still ongoing 2+ years after sanction
W12835,Lucky Prashad,Madurai,Zilla Panchayat,Community Health Center,18.83,Ongoing,18.774012387194784,Still ongoing 2+ years after sanction
W10418,Vrinda Biswas,Agra,Zilla Panchayat,Community Health Center,20.87,Completed,18.77004028217934,Flagged by ML pattern only
W12460,Owen Bansal,Asansol,State Housing Board,Drinking Water Supply,13.97,Completed,18.768015415584493,Flagged by ML pattern only
W11066,Bachittar Choudhry,Thane,Zilla Panchayat,Road Construction,22.36,Ongoing,18.736650462279172,Still ongoing 2+ years after sanction
W10444,Yug Choudhry,Kanpur,Public Works Department,Public Toilet Complex,2.45,Completed,18.73353010005162,Flagged by ML pattern only
W12357,Yug Choudhry,Mysuru,District Rural Development Agency,Road Construction,8.72,Completed,18.710992525478403,Flagged by ML pattern only
W11494,Gabriel Thaman,Bengaluru Urban,Municipal Corporation,Street Lighting,1.3,Completed,18.70693028479437,Flagged by ML pattern only
W11298,Advaith Gole,Salem,Public Works Department,Drainage System,3.08,Completed,18.70028352731228,Flagged by ML pattern only
W12383,Mugdha Varty,Howrah,Zilla Panchayat,School Building Repair,3.66,Completed,18.691866340247312,Flagged by ML pattern only
W10995,Mugdha Varty,Belagavi,Public Works Department,Road Construction,25.65,Ongoing,18.688037886533465,Still ongoing 2+ years after sanction
W10710,Onveer Kata,Lucknow,Public Works Department,Road Construction,18.67,Completed,18.68196970186626,Flagged by ML pattern only
W10553,Hemang Bava,Darjeeling,State Housing Board,Road Construction,17.82,Ongoing,18.678266212186912,Still ongoing 2+ years after sanction
W10258,Jagat Mangat,Pune,Zilla Panchayat,Road Construction,23.35,Ongoing,18.670516670067656,Agency handles a disproportionate share of Pune's works
W11446,Varsha Morar,Lucknow,Public Works Department,Drainage System,5.97,Completed,18.656137838579035,Flagged by ML pattern only
W11287,Leena Butala,Kanpur,District Rural Development Agency,Street Lighting,4.67,Completed,18.645683701695052,Flagged by ML pattern only
W11605,Advaith Gole,Nagpur,District Rural Development Agency,Public Toilet Complex,4.69,Completed,18.617733680191627,Flagged by ML pattern only
W12562,Deepa Gala,Kolkata,Public Works Department,Drainage System,7.57,Ongoing,18.616453168230855,Still ongoing 2+ years after sanction
W10828,Azaan Gupta,Nagpur,Zilla Panchayat,Public Toilet Complex,6.22,Completed,18.60809222998721,Flagged by ML pattern only
W10187,Vanya Suresh,Thane,Municipal Corporation,Road Construction,33.37,Completed,18.600024572845456,Flagged by ML pattern only
W12201,Ronith Zachariah,Agra,District Rural Development Agency,Drinking Water Supply,18.93,Completed,18.59457774048905,Flagged by ML pattern only
W12800,Pallavi Krish,Pune,State Housing Board,Public Toilet Complex,5.06,Completed,18.586696106891942,Flagged by ML pattern only
W12864,Yutika Rana,Belagavi,State Housing Board,Community Health Center,25.4,Ongoing,18.58302741382642,Still ongoing 2+ years after sanction
W11008,Leena Butala,Bengaluru Urban,State Housing Board,Road Construction,9.27,Completed,18.56691428,Flagged by ML pattern only
W10603,Christopher Kadakia,Mysuru,State Housing Board,Street Lighting,2.39,Ongoing,18.55572448,Still ongoing 2+ years after sanction
W11134,Vrinda Biswas,Mysuru,State Housing Board,Public Toilet Complex,2.14,Completed,18.549565741406987,Flagged by ML pattern only
W11933,Advaith Gole,Thane,Municipal Corporation,Road Construction,19.79,Ongoing,18.54820085301881,Still ongoing 2+ years after sanction
W12325,Tanish Iyer,Salem,State Housing Board,Road Construction,23.51,Ongoing,18.54817018,Still ongoing 2+ years after sanction
W10025,Yug Choudhry,Mysuru,Zilla Panchayat,Community Health Center,10.09,Completed,18.54799124738656,Flagged by ML pattern only
W11717,Azaan Gupta,Darjeeling,State Housing Board,Community Health Center,20.61,Ongoing,18.547636150266005,Still ongoing 2+ years after sanction
W11797,Jagat Mangat,Kanpur,Municipal Corporation,Drinking Water Supply,19.14,Completed,18.542523777002007,Flagged by ML pattern only
W10167,Meera Banerjee,Dharwad,Zilla Panchayat,Street Lighting,2.87,Ongoing,18.541030557722113,Still ongoing 2+ years after sanction
W12209,Jagat Mangat,Kolkata,State Housing Board,School Building Repair,4.87,Ongoing,18.528778382101553,Still ongoing 2+ years after sanction
W11882,Triya Khatri,Chennai,Public Works Department,Road Construction,34.35,Completed,18.523021545962823,Flagged by ML pattern only
W12946,Owen Bala,Kanpur,Municipal Corporation,Street Lighting,1.96,Ongoing,18.51520851167264,Still ongoing 2+ years after sanction
W12278,Varsha Morar,Darjeeling,Municipal Corporation,Public Toilet Complex,6.71,Completed,18.510370831637612,Flagged by ML pattern only
W10042,Owen Bala,Asansol,State Housing Board,Public Toilet Complex,7.89,Completed,18.49901371366489,Flagged by ML pattern only
W10222,Odika Naik,Pune,Public Works Department,School Building Repair,8.01,Completed,18.497999389792362,Flagged by ML pattern only
W10724,Nicholas Gour,Varanasi,Municipal Corporation,Community Health Center,24.91,Ongoing,18.497538173752517,Still ongoing 2+ years after sanction
W11945,Tanish Iyer,Darjeeling,Zilla Panchayat,Community Health Center,22.01,Ongoing,18.491896064029405,Still ongoing 2+ years after sanction
W12962,Oliver Sarma,Asansol,District Rural Development Agency,Community Health Center,14.75,Completed,18.48446523125555,Flagged by ML pattern only
W12127,Mugdha Varty,Varanasi,District Rural Development Agency,Drainage System,9.7,Completed,18.46400620754644,Flagged by ML pattern only
W11483,Meera Banerjee,Coimbatore,Public Works Department,Drainage System,11.07,Completed,18.46205690355364,Flagged by ML pattern only
W11979,Yadavi Deshmukh,Nagpur,Municipal Corporation,Road Construction,37.14,Completed,18.456168005350946,Flagged by ML pattern only
W11944,Ria Ratta,Mysuru,Public Works Department,Road Construction,21.17,Completed,18.44609583857041,Flagged by ML pattern only
W12604,Meera Banerjee,Dharwad,Zilla Panchayat,Road Construction,9.66,Completed,18.42991016771959,Flagged by ML pattern only
W11178,Rayaan Mand,Asansol,State Housing Board,Road Construction,14.45,Completed,18.427472215486084,Flagged by ML pattern only
W10679,Tanish Iyer,Howrah,District Rural Development Agency,Public Toilet Complex,5.48,Ongoing,18.422184444961516,Still ongoing 2+ years after sanction
W10356,Christopher Kadakia,Belagavi,Public Works Department,Street Lighting,2.01,Ongoing,18.420553054340136,Still ongoing 2+ years after sanction
W12280,Mugdha Varty,Madurai,State Housing Board,School Building Repair,4.22,Ongoing,18.412957461991862,Still ongoing 2+ years after sanction
W10096,Owen Bansal,Agra,State Housing Board,Community Health Center,19.75,Ongoing,18.394059517212074,Still ongoing 2+ years after sanction
W10716,Ria Ratta,Nagpur,Municipal Corporation,School Building Repair,4.4,Completed,18.39042729786507,Flagged by ML pattern only
W12628,Harrison Kapur,Chennai,Municipal Corporation,Drinking Water Supply,17.48,Completed,18.38616168185662,Flagged by ML pattern only
W11720,Yadavi Deshmukh,Varanasi,Public Works Department,School Building Repair,9.54,Completed,18.38549926,Flagged by ML pattern only
W11823,Tanish Iyer,Nagpur,District Rural Development Agency,Public Toilet Complex,4.25,Ongoing,18.381884776954625,Still ongoing 2+ years after sanction
W11781,Hemang Bava,Madurai,District Rural Development Agency,Road Construction,6.16,Completed,18.37880986833767,Flagged by ML pattern only
W11835,Nicholas Gour,Dharwad,Zilla Panchayat,Street Lighting,2.89,Ongoing,18.37748207884901,Still ongoing 2+ years after sanction
W10680,Leena Butala,Lucknow,Public Works Department,School Building Repair,11.42,Completed,18.360764493196996,Flagged by ML pattern only
W10544,Pallavi Krish,Chennai,District Rural Development Agency,School Building Repair,4.89,Completed,18.35486083301315,Flagged by ML pattern only
W12420,Triya Khatri,Dharwad,Municipal Corporation,Road Construction,12.62,Ongoing,18.349609789908516,Still ongoing 2+ years after sanction
W11469,Gaurav Chandra,Nagpur,Municipal Corporation,Road Construction,27.07,Completed,18.34522014009466,Flagged by ML pattern only
W10936,Yug Choudhry,Agra,Public Works Department,Public Toilet Complex,2.41,Ongoing,18.340584080602053,Still ongoing 2+ years after sanction
W10325,Ria Ratta,Mysuru,Zilla Panchayat,Public Toilet Complex,2.07,Ongoing,18.340194981933518,Still ongoing 2+ years after sanction
W10955,Meera Banerjee,Salem,State Housing Board,Road Construction,29.94,Completed,18.338846813018193,Flagged by ML pattern only
W11592,Tanish Iyer,Coimbatore,Zilla Panchayat,Drinking Water Supply,18.37,Ongoing,18.30808815376379,Still ongoing 2+ years after sanction
W11229,Victor Venkataraman,Coimbatore,District Rural Development Agency,Street Lighting,2.99,Ongoing,18.298272962839174,Still ongoing 2+ years after sanction
W11578,Harrison Kapur,Chennai,Zilla Panchayat,Road Construction,27.81,Completed,18.267513088449444,Flagged by ML pattern only
W12136,Harrison Kapur,Thane,District Rural Development Agency,Road Construction,8.9,Ongoing,18.26397636490957,Still ongoing 2+ years after sanction
W10726,Krishna Pant,Pune,Zilla Panchayat,School Building Repair,5.49,Completed,18.243978552155596,Agency handles a disproportionate share of Pune's works
W11905,Oliver Sarma,Kanpur,Public Works Department,Road Construction,21,Ongoing,18.239212612173606,Still ongoing 2+ years after sanction
W10445,Sanya Swamy,Madurai,Municipal Corporation,School Building Repair,4.93,Completed,18.238416112313892,Flagged by ML pattern only
W11752,Triya Khatri,Dharwad,Zilla Panchayat,Street Lighting,2.45,Ongoing,18.20916644711611,Still ongoing 2+ years after sanction
W12530,Azaan Gupta,Thane,District Rural Development Agency,Street Lighting,2.46,Ongoing,18.205936114380776,Still ongoing 2+ years after sanction
W12219,Varsha Morar,Asansol,Municipal Corporation,Street Lighting,4,Completed,18.20514789986444,Flagged by ML pattern only
W11399,Advaith Gole,Thane,Zilla Panchayat,Road Construction,20.47,Ongoing,18.20376023786605,Still ongoing 2+ years after sanction
W12660,Lucky Prashad,Asansol,Municipal Corporation,Road Construction,11.07,Ongoing,18.199306634227572,Still ongoing 2+ years after sanction
W11184,Vrinda Biswas,Chennai,Zilla Panchayat,Drainage System,7.42,Ongoing,18.18985560594558,Still ongoing 2+ years after sanction
W10297,Owen Bansal,Coimbatore,Zilla Panchayat,Street Lighting,2.44,Completed,18.188101337270492,Flagged by ML pattern only
W10939,Widisha Yohannan,Asansol,District Rural Development Agency,Community Health Center,28.51,Completed,18.187911201783734,Flagged by ML pattern only
W10893,Varsha Morar,Kolkata,Zilla Panchayat,Public Toilet Complex,3.35,Ongoing,18.180045377379653,Still ongoing 2+ years after sanction
W11326,Gabriel Thaman,Mysuru,Municipal Corporation,Public Toilet Complex,2.52,Completed,18.179195898612384,Flagged by ML pattern only
W11069,Onveer Kata,Dharwad,District Rural Development Agency,Community Health Center,10.83,Ongoing,18.175533390787525,Still ongoing 2+ years after sanction
W11559,Owen Bala,Bengaluru Urban,Municipal Corporation,Drinking Water Supply,13.41,Completed,18.174132319281465,Flagged by ML pattern only
W12567,Vanya Suresh,Kanpur,State Housing Board,Street Lighting,5.7,Ongoing,18.173026279344533,Still ongoing 2+ years after sanction
W11216,Yamini Chand,Lucknow,State Housing Board,Street Lighting,1.39,Completed,18.139588255204224,Flagged by ML pattern only
W11396,Onveer Kata,Nagpur,Public Works Department,Public Toilet Complex,6.3,Ongoing,18.136646195445437,Still ongoing 2+ years after sanction
W12196,Ria Ratta,Coimbatore,Municipal Corporation,Road Construction,15.57,Ongoing,18.13285511965247,Still ongoing 2+ years after sanction
W10310,Yug Choudhry,Chennai,Public Works Department,Drinking Water Supply,14.63,Ongoing,18.102058099686133,Still ongoing 2+ years after sanction
W12316,Azaan Gupta,Darjeeling,Zilla Panchayat,Drainage System,17.65,Ongoing,18.097180057060058,Still ongoing 2+ years after sanction
W12643,Odika Naik,Darjeeling,Public Works Department,Street Lighting,5.66,Completed,18.093132033390052,Flagged by ML pattern only
W12120,Hemang Bava,Coimbatore,Public Works Department,School Building Repair,5.95,Ongoing,18.088412932411554,Still ongoing 2+ years after sanction
W12124,Triya Khatri,Lucknow,Municipal Corporation,Community Health Center,18.34,Ongoing,18.070391399987678,Still ongoing 2+ years after sanction
W11534,Eesha Memon,Nagpur,Public Works Department,Community Health Center,22.66,Completed,18.063804683037773,Flagged by ML pattern only
W12875,Yutika Rana,Darjeeling,Zilla Panchayat,Community Health Center,27.11,Ongoing,18.054756513745783,Flagged by ML pattern only
W12505,Nicholas Gour,Kanpur,Public Works Department,School Building Repair,6.6,Ongoing,18.041404846659468,Still ongoing 2+ years after sanction
W10031,Azaan Gupta,Kolkata,State Housing Board,Road Construction,23.82,Ongoing,18.041084323309782,Still ongoing 2+ years after sanction
W12416,Krishna Pant,Nagpur,State Housing Board,Drainage System,4.82,Completed,18.02976145964551,Flagged by ML pattern only
W11409,Ishwar Boase,Salem,Zilla Panchayat,Drinking Water Supply,10.8,Completed,18.027731522874877,Flagged by ML pattern only
W10987,Krishna Pant,Thane,District Rural Development Agency,Community Health Center,39.57,Completed,18.021387888776424,Flagged by ML pattern only
W12589,Hemang Bava,Bengaluru Urban,District Rural Development Agency,Street Lighting,4.5,Ongoing,18.016168646430646,Still ongoing 2+ years after sanction
W10614,Sanya Swamy,Kolkata,Municipal Corporation,Drainage System,5.63,Completed,18.00032134664091,Flagged by ML pattern only
W10085,Christopher Kadakia,Thane,Public Works Department,Road Construction,24.06,Ongoing,17.98814425748373,Still ongoing 2+ years after sanction
W10905,Yutika Rana,Kolkata,Public Works Department,Community Health Center,23.75,Completed,17.987792635414802,Flagged by ML pattern only
W12202,Victor Venkataraman,Darjeeling,Public Works Department,Drainage System,15.21,Ongoing,17.982705424970003,Still ongoing 2+ years after sanction
W10176,Jagat Mangat,Lucknow,Public Works Department,Drinking Water Supply,7.23,Ongoing,17.97833838351442,Still ongoing 2+ years after sanction
W10121,Victor Venkataraman,Madurai,Public Works Department,Road Construction,18.93,Completed,17.975686957806197,Flagged by ML pattern only
W12309,Vrinda Biswas,Dharwad,Municipal Corporation,Public Toilet Complex,2.07,Completed,17.966424021335584,Flagged by ML pattern only
W12146,Varsha Morar,Asansol,Zilla Panchayat,Road Construction,22.9,Completed,17.95926909399935,Flagged by ML pattern only
W11023,Leena Butala,Salem,State Housing Board,Road Construction,23.51,Ongoing,17.954356166503626,Still ongoing 2+ years after sanction
W12972,Mugdha Varty,Thane,District Rural Development Agency,Street Lighting,3.52,Ongoing,17.929034004020945,Still ongoing 2+ years after sanction
W12627,Yadavi Deshmukh,Salem,State Housing Board,Public Toilet Complex,2.42,Completed,17.920197502094997,Flagged by ML pattern only
W11733,Owen Bala,Salem,District Rural Development Agency,Drinking Water Supply,4.62,Ongoing,17.916117307557485,Still ongoing 2+ years after sanction
W10062,Sanya Swamy,Chennai,State Housing Board,Community Health Center,10.78,Ongoing,17.915540027949326,Still ongoing 2+ years after sanction
W11824,Triya Khatri,Kolkata,State Housing Board,Street Lighting,2.84,Completed,17.914692926967973,Flagged by ML pattern only
W12512,Leena Butala,Thane,Zilla Panchayat,Street Lighting,1.39,Completed,17.88322262307337,Flagged by ML pattern only
W10465,Harrison Kapur,Thane,Public Works Department,Drinking Water Supply,17.44,Completed,17.85932883543297,Flagged by ML pattern only
W11245,Tanish Iyer,Asansol,State Housing Board,Street Lighting,2.59,Ongoing,17.848355502038338,Still ongoing 2+ years after sanction
W12528,Gaurav Chandra,Thane,Zilla Panchayat,Road Construction,24.66,Ongoing,17.841928552444458,Still ongoing 2+ years after sanction
W10019,Deepa Gala,Bengaluru Urban,Public Works Department,Public Toilet Complex,5.79,Completed,17.841619873317093,Flagged by ML pattern only
W10841,Advaith Gole,Pune,Zilla Panchayat,Drainage System,6.08,Completed,17.840924501941387,Agency handles a disproportionate share of Pune's works
W11114,Ronith Zachariah,Dharwad,Municipal Corporation,Drinking Water Supply,19.41,Ongoing,17.840200873308632,Still ongoing 2+ years after sanction
W10713,Widisha Yohannan,Nashik,Municipal Corporation,Community Health Center,33.15,Completed,17.839313284172157,Flagged by ML pattern only
W10479,Owen Bala,Howrah,District Rural Development Agency,School Building Repair,10.55,Completed,17.83620623079631,Flagged by ML pattern only
W12336,Bachittar Choudhry,Bengaluru Urban,Zilla Panchayat,Road Construction,29.75,Ongoing,17.827936814221605,Flagged by ML pattern only
W12164,Hemang Bava,Asansol,Zilla Panchayat,School Building Repair,3.89,Completed,17.825840702847024,Flagged by ML pattern only
W12640,Triya Khatri,Asansol,State Housing Board,Road Construction,25.62,Ongoing,17.825648351655317,Still ongoing 2+ years after sanction
W12960,Yutika Rana,Kolkata,Municipal Corporation,Road Construction,30.14,Ongoing,17.816744685630454,Flagged by ML pattern only
W12565,Yadavi Deshmukh,Nagpur,Municipal Corporation,Drinking Water Supply,18.54,Ongoing,17.808094135329775,Still ongoing 2+ years after sanction
W11265,Ekansh Sami,Varanasi,Public Works Department,Drainage System,5.68,Ongoing,17.805949559825294,Still ongoing 2+ years after sanction
W11716,Yamini Chand,Howrah,Public Works Department,Drinking Water Supply,17.36,Ongoing,17.805139958541677,Still ongoing 2+ years after sanction
W11570,Onveer Kata,Varanasi,Municipal Corporation,Community Health Center,19.84,Ongoing,17.794601604902965,Still ongoing 2+ years after sanction
W12680,Victor Venkataraman,Agra,State Housing Board,Drinking Water Supply,9.02,Completed,17.78336584340902,Flagged by ML pattern only
W12253,Meera Banerjee,Agra,Municipal Corporation,Drainage System,5.56,Completed,17.77632997403728,Flagged by ML pattern only
W10984,Tanish Iyer,Lucknow,District Rural Development Agency,Drinking Water Supply,17.97,Completed,17.774171652529688,Flagged by ML pattern only
W10745,Victor Venkataraman,Mysuru,Municipal Corporation,Public Toilet Complex,3.15,Completed,17.771235846268876,Flagged by ML pattern only
W10004,Nicholas Gour,Madurai,Zilla Panchayat,Drainage System,3.65,Completed,17.759292843351982,Flagged by ML pattern only
W12005,Christopher Kadakia,Thane,Municipal Corporation,Drinking Water Supply,7.65,Completed,17.757463909579347,Flagged by ML pattern only
W11932,Tanish Iyer,Varanasi,Public Works Department,Drainage System,16.86,Completed,17.756654867173093,Flagged by ML pattern only
W10934,Ria Ratta,Dharwad,Municipal Corporation,Drinking Water Supply,7.29,Completed,17.756503419661424,Flagged by ML pattern only
W11892,Sanya Swamy,Bengaluru Urban,Municipal Corporation,Drainage System,13.4,Completed,17.756331911960455,Flagged by ML pattern only
W11049,Triya Khatri,Nashik,District Rural Development Agency,Road Construction,11.36,Ongoing,17.752993323604457,Still ongoing 2+ years after sanction
W10583,Vanya Suresh,Kanpur,Public Works Department,Community Health Center,19.61,Ongoing,17.72997857242892,Still ongoing 2+ years after sanction
W11228,Azaan Gupta,Bengaluru Urban,Municipal Corporation,School Building Repair,8.26,Ongoing,17.728832653988427,Still ongoing 2+ years after sanction
W12237,Eesha Memon,Kolkata,State Housing Board,Road Construction,21.49,Completed,17.722234877569566,Flagged by ML pattern only
W10999,Jagat Mangat,Coimbatore,Public Works Department,Drainage System,13.75,Ongoing,17.714125356724928,Still ongoing 2+ years after sanction
W10280,Azaan Gupta,Lucknow,State Housing Board,Drainage System,17.53,Completed,17.710963827991463,Flagged by ML pattern only
W10698,Gabriel Thaman,Asansol,State Housing Board,Drainage System,17.93,Completed,17.699003037557812,Flagged by ML pattern only
W11453,Yamini Chand,Coimbatore,State Housing Board,Street Lighting,5.3,Ongoing,17.68986890315836,Still ongoing 2+ years after sanction
W12869,Hemang Bava,Lucknow,Zilla Panchayat,Road Construction,17.8,Ongoing,17.677733259644587,Still ongoing 2+ years after sanction
W10776,Gaurav Chandra,Howrah,Public Works Department,Community Health Center,19.54,Ongoing,17.67573691117602,Still ongoing 2+ years after sanction
W12248,Krishna Pant,Lucknow,District Rural Development Agency,Street Lighting,3.38,Completed,17.667788421114196,Flagged by ML pattern only
W10866,Hemang Bava,Mysuru,Municipal Corporation,Public Toilet Complex,2.15,Completed,17.666054933611644,Flagged by ML pattern only
W12470,Jagat Mangat,Madurai,State Housing Board,Road Construction,10.66,Ongoing,17.66221698713884,Still ongoing 2+ years after sanction
W11773,Varsha Morar,Thane,Public Works Department,Road Construction,20.21,Ongoing,17.659732293166684,Still ongoing 2+ years after sanction
W12171,Pallavi Krish,Salem,Municipal Corporation,Street Lighting,3.25,Ongoing,17.655719001846723,Still ongoing 2+ years after sanction
W12718,Bachittar Choudhry,Bengaluru Urban,Zilla Panchayat,Street Lighting,2.92,Ongoing,17.650021377425404,Still ongoing 2+ years after sanction
W12889,Christopher Kadakia,Dharwad,Municipal Corporation,Road Construction,17.66,Ongoing,17.64850866753239,Still ongoing 2+ years after sanction
W12478,Gabriel Thaman,Nagpur,Municipal Corporation,Public Toilet Complex,2.64,Ongoing,17.639405622988903,Still ongoing 2+ years after sanction
W11580,Meera Banerjee,Thane,Public Works Department,Drinking Water Supply,6.61,Completed,17.637376286738103,Flagged by ML pattern only
W11739,Ronith Zachariah,Belagavi,Public Works Department,Drinking Water Supply,15.86,Completed,17.622731459693895,Flagged by ML pattern only
W12569,Widisha Yohannan,Asansol,Zilla Panchayat,Street Lighting,2.67,Ongoing,17.61226085615597,Still ongoing 2+ years after sanction
W12669,Ekansh Sami,Varanasi,District Rural Development Agency,Street Lighting,2.83,Completed,17.589876910468902,Flagged by ML pattern only
W12457,Pallavi Krish,Kanpur,Public Works Department,Street Lighting,5.31,Completed,17.58332483,Flagged by ML pattern only
W10467,Tanish Iyer,Nashik,District Rural Development Agency,Public Toilet Complex,7.32,Completed,17.575563483310557,Flagged by ML pattern only
W11968,Vrinda Biswas,Asansol,Municipal Corporation,Public Toilet Complex,5.81,Ongoing,17.573579060860794,Still ongoing 2+ years after sanction
W12355,Tanish Iyer,Nagpur,Zilla Panchayat,Community Health Center,26.36,Ongoing,17.57106365816846,Flagged by ML pattern only
W10588,Yamini Chand,Pune,Zilla Panchayat,Drainage System,17.79,Ongoing,17.568844456689895,Agency handles a disproportionate share of Pune's works
W12084,Rayaan Mand,Chennai,Public Works Department,Community Health Center,31.49,Ongoing,17.564260554280775,Flagged by ML pattern only
W12341,Krishna Pant,Thane,State Housing Board,Road Construction,8.78,Ongoing,17.55634869565327,Still ongoing 2+ years after sanction
W11053,Deepa Gala,Kolkata,Public Works Department,Road Construction,25.53,Completed,17.541845606982232,Flagged by ML pattern only
W10543,Rayaan Mand,Dharwad,District Rural Development Agency,Drainage System,6.65,Completed,17.53101339340628,Flagged by ML pattern only
W11030,Yutika Rana,Thane,State Housing Board,Community Health Center,30.6,Completed,17.527085963987698,Flagged by ML pattern only
W11238,Krishna Pant,Varanasi,State Housing Board,Drainage System,17.86,Ongoing,17.525312408588412,Still ongoing 2+ years after sanction
W11003,Ria Ratta,Agra,Public Works Department,Drinking Water Supply,18.36,Ongoing,17.524202371858003,Still ongoing 2+ years after sanction
W10909,Yutika Rana,Chennai,State Housing Board,Road Construction,17.53,Ongoing,17.517212499671825,Still ongoing 2+ years after sanction
W12762,Leena Butala,Kanpur,State Housing Board,School Building Repair,6.94,Completed,17.51269878111825,Flagged by ML pattern only
W11601,Oliver Sarma,Bengaluru Urban,District Rural Development Agency,Community Health Center,16.98,Ongoing,17.508899460725143,Still ongoing 2+ years after sanction
W12805,Christopher Kadakia,Madurai,State Housing Board,School Building Repair,9.24,Completed,17.501938420360364,Flagged by ML pattern only
W12150,Lucky Prashad,Nagpur,Public Works Department,Public Toilet Complex,7.89,Completed,17.490470788752162,Flagged by ML pattern only
W10424,Krishna Pant,Dharwad,Municipal Corporation,Drinking Water Supply,7.85,Ongoing,17.489563562221036,Still ongoing 2+ years after sanction
W10210,Ronith Zachariah,Madurai,Zilla Panchayat,Public Toilet Complex,2.66,Completed,17.481324108385213,Flagged by ML pattern only
W12918,Triya Khatri,Mysuru,State Housing Board,Street Lighting,2.85,Completed,17.47459620783998,Flagged by ML pattern only
W12984,Yug Choudhry,Thane,District Rural Development Agency,Community Health Center,39.37,Completed,17.47264857112069,Flagged by ML pattern only
W10584,Ekansh Sami,Nagpur,State Housing Board,Public Toilet Complex,2.83,Ongoing,17.472023788168748,Still ongoing 2+ years after sanction
W12362,Meera Banerjee,Chennai,State Housing Board,Road Construction,19.13,Ongoing,17.467971241606023,Still ongoing 2+ years after sanction
W10839,Harrison Kapur,Belagavi,State Housing Board,School Building Repair,13.24,Completed,17.467807412251208,Flagged by ML pattern only
W12537,Lucky Prashad,Kolkata,Zilla Panchayat,Drinking Water Supply,4.02,Completed,17.466034041568978,Flagged by ML pattern only
W10461,Deepa Gala,Coimbatore,State Housing Board,Road Construction,11.35,Completed,17.46088245999731,Flagged by ML pattern only
W12605,Lucky Prashad,Madurai,Public Works Department,Public Toilet Complex,5.54,Ongoing,17.45420541414496,Still ongoing 2+ years after sanction
W11883,Eesha Memon,Lucknow,Public Works Department,Drinking Water Supply,17.24,Ongoing,17.447206445277523,Still ongoing 2+ years after sanction
W11279,Odika Naik,Pune,Zilla Panchayat,Drainage System,14.46,Completed,17.440289858000213,Agency handles a disproportionate share of Pune's works
W10392,Onveer Kata,Madurai,Zilla Panchayat,Drinking Water Supply,14.95,Ongoing,17.43983326526148,Still ongoing 2+ years after sanction
W10723,Rayaan Mand,Thane,State Housing Board,Drinking Water Supply,13.65,Ongoing,17.425190462152795,Still ongoing 2+ years after sanction
W12476,Tanish Iyer,Mysuru,State Housing Board,Public Toilet Complex,2.15,Completed,17.413578803552003,Flagged by ML pattern only
W10301,Onveer Kata,Nagpur,Public Works Department,Drainage System,6.1,Ongoing,17.412460668676463,Still ongoing 2+ years after sanction
W11434,Sanya Swamy,Coimbatore,Zilla Panchayat,Public Toilet Complex,2.51,Ongoing,17.40990261540154,Still ongoing 2+ years after sanction
W11654,Varsha Morar,Nashik,Public Works Department,Street Lighting,2.77,Ongoing,17.398545308211485,Still ongoing 2+ years after sanction
W11266,Harrison Kapur,Madurai,Public Works Department,Road Construction,17.16,Ongoing,17.396484019555388,Still ongoing 2+ years after sanction
W12921,Onveer Kata,Salem,Municipal Corporation,Road Construction,6.96,Ongoing,17.384105840927578,Still ongoing 2+ years after sanction
W12618,Gaurav Chandra,Lucknow,Municipal Corporation,Street Lighting,2.18,Ongoing,17.382577363855216,Flagged by ML pattern only
W11035,Leena Butala,Agra,State Housing Board,Road Construction,17.45,Ongoing,17.364611480020738,Still ongoing 2+ years after sanction
W10502,Vrinda Biswas,Kanpur,Zilla Panchayat,Drainage System,8.09,Completed,17.358248581263965,Flagged by ML pattern only
W12234,Eesha Memon,Chennai,Public Works Department,Street Lighting,3.18,Ongoing,17.356943777824675,Still ongoing 2+ years after sanction
W12539,Odika Naik,Bengaluru Urban,Public Works Department,Community Health Center,16.37,Completed,17.35593757096096,Flagged by ML pattern only
W12543,Eesha Memon,Agra,District Rural Development Agency,School Building Repair,3.19,Completed,17.349266667554385,Flagged by ML pattern only
W12256,Oliver Sarma,Kolkata,Zilla Panchayat,Community Health Center,20.72,Completed,17.346956186472312,Flagged by ML pattern only
W11033,Widisha Yohannan,Kanpur,Municipal Corporation,Drinking Water Supply,19.52,Completed,17.336063307881457,Flagged by ML pattern only
W11519,Yadavi Deshmukh,Agra,State Housing Board,School Building Repair,14.36,Ongoing,17.317151041069963,Still ongoing 2+ years after sanction
W11951,Tanish Iyer,Dharwad,Zilla Panchayat,Street Lighting,3.43,Ongoing,17.31636940960186,Still ongoing 2+ years after sanction
W12438,Christopher Kadakia,Nashik,State Housing Board,Street Lighting,1.63,Completed,17.31026092,Flagged by ML pattern only
W10478,Bachittar Choudhry,Agra,Zilla Panchayat,School Building Repair,10.09,Completed,17.307992447576677,Flagged by ML pattern only
W12526,Jagat Mangat,Agra,Public Works Department,Road Construction,19.25,Completed,17.28329545125655,Flagged by ML pattern only
W10732,Mugdha Varty,Kolkata,State Housing Board,Drainage System,6.89,Ongoing,17.283047740838356,Still ongoing 2+ years after sanction
W11959,Tanish Iyer,Dharwad,Municipal Corporation,Drainage System,3.22,Completed,17.28067362306738,Flagged by ML pattern only
W10799,Pallavi Krish,Varanasi,District Rural Development Agency,Road Construction,8.33,Ongoing,17.280009311028948,Still ongoing 2+ years after sanction
W12083,Odika Naik,Chennai,Zilla Panchayat,Road Construction,22.26,Ongoing,17.27913294,Still ongoing 2+ years after sanction
W10548,Ria Ratta,Howrah,Zilla Panchayat,Road Construction,23.59,Ongoing,17.269382120571017,Still ongoing 2+ years after sanction
W12484,Vanya Suresh,Asansol,State Housing Board,Drinking Water Supply,5.52,Ongoing,17.265037782440587,Still ongoing 2+ years after sanction
W12521,Onveer Kata,Howrah,Zilla Panchayat,School Building Repair,11.82,Completed,17.263001603765165,Flagged by ML pattern only
W11320,Hemang Bava,Lucknow,State Housing Board,Road Construction,17.93,Ongoing,17.247899983486327,Still ongoing 2+ years after sanction
W11002,Mugdha Varty,Chennai,Municipal Corporation,Drainage System,17.02,Ongoing,17.243213966058352,Still ongoing 2+ years after sanction
W11579,Onveer Kata,Kanpur,Municipal Corporation,Street Lighting,3.22,Ongoing,17.233311488574117,Still ongoing 2+ years after sanction
W10452,Vanya Suresh,Kolkata,Public Works Department,Public Toilet Complex,2.39,Completed,17.2252183,Flagged by ML pattern only
W11281,Nicholas Gour,Kanpur,State Housing Board,Road Construction,15.18,Completed,17.210278343967502,Flagged by ML pattern only
W10852,Christopher Kadakia,Lucknow,Municipal Corporation,Public Toilet Complex,2.36,Ongoing,17.194326207310628,Still ongoing 2+ years after sanction
W11098,Victor Venkataraman,Belagavi,Zilla Panchayat,School Building Repair,4.82,Completed,17.19405284805773,Flagged by ML pattern only
W10353,Oliver Sarma,Varanasi,Public Works Department,Drainage System,17.87,Ongoing,17.19108052232326,Still ongoing 2+ years after sanction
W12241,Gabriel Thaman,Belagavi,Public Works Department,Public Toilet Complex,2.28,Ongoing,17.190579912590184,Still ongoing 2+ years after sanction
W12767,Christopher Kadakia,Chennai,Municipal Corporation,Road Construction,19.02,Completed,17.17889463961119,Flagged by ML pattern only
W11924,Mugdha Varty,Agra,Public Works Department,Road Construction,9.53,Completed,17.175230864493646,Flagged by ML pattern only
W11160,Deepa Gala,Madurai,State Housing Board,Public Toilet Complex,2.5,Ongoing,17.170344165689176,Still ongoing 2+ years after sanction
W11765,Vanya Suresh,Kanpur,Public Works Department,Road Construction,16.93,Ongoing,17.166776699006014,Still ongoing 2+ years after sanction
W12693,Owen Bansal,Howrah,Municipal Corporation,Street Lighting,2.37,Ongoing,17.150545907505283,Still ongoing 2+ years after sanction
W11498,Ekansh Sami,Bengaluru Urban,Municipal Corporation,Drainage System,17.01,Ongoing,17.142366243057193,Still ongoing 2+ years after sanction
W11803,Gaurav Chandra,Dharwad,Public Works Department,Public Toilet Complex,3.33,Completed,17.141164626312694,Flagged by ML pattern only
W10449,Vrinda Biswas,Belagavi,State Housing Board,Community Health Center,19.61,Ongoing,17.13878640233789,Still ongoing 2+ years after sanction
W11461,Vrinda Biswas,Dharwad,Municipal Corporation,School Building Repair,3.84,Completed,17.128300303001886,Flagged by ML pattern only
W11447,Victor Venkataraman,Varanasi,Zilla Panchayat,Road Construction,25.02,Completed,17.1147133,Flagged by ML pattern only
W12783,Tanish Iyer,Salem,State Housing Board,Community Health Center,34.18,Ongoing,17.11112197195341,Flagged by ML pattern only
W11048,Ishwar Boase,Dharwad,District Rural Development Agency,Public Toilet Complex,2.31,Ongoing,17.10352112348147,Still ongoing 2+ years after sanction
W12781,Mugdha Varty,Nashik,Zilla Panchayat,School Building Repair,12.09,Completed,17.09857335831362,Flagged by ML pattern only
W10322,Hemang Bava,Agra,State Housing Board,Road Construction,27.42,Completed,17.090680370779065,Flagged by ML pattern only
W11869,Advaith Gole,Agra,Zilla Panchayat,Street Lighting,3.66,Completed,17.082443732734625,Flagged by ML pattern only
W12811,Gabriel Thaman,Nagpur,Municipal Corporation,Public Toilet Complex,2.85,Ongoing,17.069079077140216,Still ongoing 2+ years after sanction
W10961,Lucky Prashad,Nashik,State Housing Board,Drinking Water Supply,7.88,Ongoing,17.053455187874974,Still ongoing 2+ years after sanction
W11750,Azaan Gupta,Salem,Public Works Department,Public Toilet Complex,3.21,Ongoing,17.053031995734436,Still ongoing 2+ years after sanction
W10850,Hemang Bava,Darjeeling,Public Works Department,Community Health Center,39,Ongoing,17.050187356495453,Flagged by ML pattern only
W11156,Deepa Gala,Chennai,Municipal Corporation,Public Toilet Complex,7.21,Completed,17.04086154171465,Flagged by ML pattern only
W10645,Odika Naik,Agra,Zilla Panchayat,School Building Repair,4.02,Completed,17.02592916479416,Flagged by ML pattern only
W11140,Onveer Kata,Mysuru,Public Works Department,Road Construction,16.46,Ongoing,17.025180344790527,Still ongoing 2+ years after sanction
W11760,Sanya Swamy,Varanasi,State Housing Board,Road Construction,18.3,Ongoing,17.019916926087507,Still ongoing 2+ years after sanction
W12425,Owen Bala,Bengaluru Urban,District Rural Development Agency,Drinking Water Supply,4.27,Completed,17.017110230165322,Flagged by ML pattern only
W12748,Meera Banerjee,Varanasi,Zilla Panchayat,School Building Repair,6.46,Completed,17.010582471882326,Flagged by ML pattern only
W11987,Odika Naik,Darjeeling,District Rural Development Agency,Drinking Water Supply,16.86,Ongoing,17.00617879566269,Still ongoing 2+ years after sanction
W12702,Krishna Pant,Madurai,Public Works Department,Public Toilet Complex,2.98,Ongoing,17.004845290731744,Still ongoing 2+ years after sanction
W11677,Jagat Mangat,Kanpur,Zilla Panchayat,Drainage System,3.24,Ongoing,17.00191486914634,Still ongoing 2+ years after sanction
W10615,Ekansh Sami,Thane,State Housing Board,School Building Repair,10.53,Completed,16.993243887607157,Near-duplicate work description under same agency
W10179,Triya Khatri,Madurai,Zilla Panchayat,Drainage System,4.24,Ongoing,16.986737181264377,Still ongoing 2+ years after sanction
W10888,Oliver Sarma,Kanpur,State Housing Board,Street Lighting,1.97,Ongoing,16.98653803,Flagged by ML pattern only
W12855,Christopher Kadakia,Thane,District Rural Development Agency,School Building Repair,3.05,Ongoing,16.98180369760556,Still ongoing 2+ years after sanction
W10370,Advaith Gole,Nashik,District Rural Development Agency,Road Construction,21.57,Completed,16.975531024090692,Flagged by ML pattern only
W10896,Christopher Kadakia,Pune,Zilla Panchayat,Drainage System,12,Completed,16.972441076034873,Agency handles a disproportionate share of Pune's works
W12758,Triya Khatri,Salem,Municipal Corporation,Community Health Center,17.36,Ongoing,16.949936123740297,Still ongoing 2+ years after sanction
W12701,Nicholas Gour,Dharwad,Public Works Department,Street Lighting,4.87,Completed,16.947118440610165,Flagged by ML pattern only
W11249,Lucky Prashad,Kolkata,Municipal Corporation,School Building Repair,7.42,Completed,16.927927780537548,Flagged by ML pattern only
W12812,Azaan Gupta,Belagavi,Public Works Department,Road Construction,20.9,Ongoing,16.925657690068917,Still ongoing 2+ years after sanction
W10202,Christopher Kadakia,Dharwad,Public Works Department,Street Lighting,3.29,Ongoing,16.91972275982222,Still ongoing 2+ years after sanction
W10826,Yug Choudhry,Pune,Public Works Department,Drainage System,3.24,Ongoing,16.917835825119447,Still ongoing 2+ years after sanction
W11077,Rayaan Mand,Chennai,Municipal Corporation,Drinking Water Supply,18.66,Completed,16.90664087686988,Flagged by ML pattern only
W11195,Yamini Chand,Kolkata,Public Works Department,Public Toilet Complex,3.23,Completed,16.88902375090025,Flagged by ML pattern only
W11400,Eesha Memon,Chennai,District Rural Development Agency,Street Lighting,3.15,Ongoing,16.88105646250307,Still ongoing 2+ years after sanction
W10259,Hemang Bava,Belagavi,Public Works Department,Community Health Center,28.36,Completed,16.877311644851968,Flagged by ML pattern only
W10665,Hemang Bava,Bengaluru Urban,Public Works Department,Street Lighting,4.28,Completed,16.867930421067374,Flagged by ML pattern only
W10720,Tanish Iyer,Asansol,Zilla Panchayat,Drinking Water Supply,15.03,Completed,16.858130420676428,Flagged by ML pattern only
W12583,Varsha Morar,Nagpur,District Rural Development Agency,Road Construction,33.15,Completed,16.85748914913382,Flagged by ML pattern only
W12117,Eesha Memon,Coimbatore,State Housing Board,Road Construction,28.77,Completed,16.85604746876347,Flagged by ML pattern only
W10302,Leena Butala,Howrah,Municipal Corporation,Drinking Water Supply,19.66,Ongoing,16.84242223900447,Still ongoing 2+ years after sanction
W12629,Tanish Iyer,Salem,State Housing Board,Street Lighting,4.45,Ongoing,16.83436513477775,Still ongoing 2+ years after sanction
W10954,Ishwar Boase,Thane,Municipal Corporation,School Building Repair,3.79,Completed,16.830391243521476,Flagged by ML pattern only
W11323,Hemang Bava,Agra,District Rural Development Agency,Drainage System,13.02,Ongoing,16.824842860111367,Still ongoing 2+ years after sanction
W12792,Rayaan Mand,Nagpur,District Rural Development Agency,Street Lighting,1.78,Completed,16.80986535174291,Flagged by ML pattern only
W10521,Meera Banerjee,Asansol,District Rural Development Agency,Drainage System,16.61,Ongoing,16.78360813363675,Still ongoing 2+ years after sanction
W12885,Lucky Prashad,Salem,Zilla Panchayat,Drinking Water Supply,16.35,Ongoing,16.782798343143845,Still ongoing 2+ years after sanction
W10631,Deepa Gala,Madurai,Municipal Corporation,Community Health Center,17.33,Ongoing,16.78195427768639,Still ongoing 2+ years after sanction
W11830,Vrinda Biswas,Kolkata,District Rural Development Agency,Community Health Center,34.89,Ongoing,16.78040995628409,Flagged by ML pattern only
W12789,Leena Butala,Bengaluru Urban,Zilla Panchayat,Road Construction,38.89,Completed,16.771262409959462,Flagged by ML pattern only
W10706,Yadavi Deshmukh,Kolkata,State Housing Board,Drinking Water Supply,9.86,Ongoing,16.764705379563928,Still ongoing 2+ years after sanction
W10405,Triya Khatri,Dharwad,Public Works Department,Street Lighting,3.94,Completed,16.756623243529457,Flagged by ML pattern only
W11849,Gaurav Chandra,Mysuru,Public Works Department,Road Construction,18.29,Ongoing,16.75612678138829,Still ongoing 2+ years after sanction
W10957,Tanish Iyer,Asansol,Public Works Department,Community Health Center,30.44,Completed,16.74540349345568,Flagged by ML pattern only
W12329,Krishna Pant,Dharwad,District Rural Development Agency,Drinking Water Supply,18.21,Completed,16.735110216947987,Flagged by ML pattern only
W10729,Vrinda Biswas,Agra,District Rural Development Agency,School Building Repair,3.32,Ongoing,16.727186028250294,Still ongoing 2+ years after sanction
W11063,Owen Bala,Darjeeling,District Rural Development Agency,Drinking Water Supply,19.76,Ongoing,16.701887790156515,Still ongoing 2+ years after sanction
W12138,Gaurav Chandra,Thane,Public Works Department,Drainage System,13.24,Ongoing,16.701848527300285,Still ongoing 2+ years after sanction
W12447,Triya Khatri,Dharwad,District Rural Development Agency,Road Construction,19.8,Ongoing,16.68956527686594,Still ongoing 2+ years after sanction
W11655,Vrinda Biswas,Kanpur,Public Works Department,Street Lighting,4.08,Ongoing,16.68950390440837,Still ongoing 2+ years after sanction
W11952,Gabriel Thaman,Coimbatore,State Housing Board,Street Lighting,4.84,Ongoing,16.68299613391673,Still ongoing 2+ years after sanction
W10962,Yutika Rana,Varanasi,District Rural Development Agency,School Building Repair,8.31,Completed,16.668579604672363,Flagged by ML pattern only
W11070,Mugdha Varty,Pune,District Rural Development Agency,Drainage System,17.5,Completed,16.66006606937296,Flagged by ML pattern only
W10393,Mugdha Varty,Madurai,Public Works Department,School Building Repair,4.8,Completed,16.63867317352543,Flagged by ML pattern only
W11857,Advaith Gole,Darjeeling,Public Works Department,Community Health Center,11.17,Completed,16.638425325737682,Flagged by ML pattern only
W12401,Sanya Swamy,Agra,District Rural Development Agency,Drinking Water Supply,17.86,Completed,16.62850063586917,Flagged by ML pattern only
W11604,Onveer Kata,Bengaluru Urban,Municipal Corporation,Drainage System,16.15,Ongoing,16.620280454999808,Still ongoing 2+ years after sanction
W12288,Advaith Gole,Nashik,State Housing Board,Drinking Water Supply,17.56,Ongoing,16.617675670621907,Still ongoing 2+ years after sanction
W11841,Gaurav Chandra,Belagavi,State Housing Board,Road Construction,15.26,Ongoing,16.611035318483186,Still ongoing 2+ years after sanction
W12573,Yutika Rana,Chennai,Zilla Panchayat,Street Lighting,1.99,Completed,16.608564807322846,Flagged by ML pattern only
W12930,Onveer Kata,Nashik,Municipal Corporation,Public Toilet Complex,3.82,Ongoing,16.601495869783697,Still ongoing 2+ years after sanction
W11751,Christopher Kadakia,Agra,Municipal Corporation,Drinking Water Supply,11,Completed,16.587395872893374,Flagged by ML pattern only
W10924,Owen Bala,Bengaluru Urban,State Housing Board,Road Construction,17.61,Ongoing,16.58592741117359,Still ongoing 2+ years after sanction
W12315,Yadavi Deshmukh,Asansol,Municipal Corporation,Street Lighting,2.23,Completed,16.583029340248473,Flagged by ML pattern only
W10362,Gabriel Thaman,Salem,Public Works Department,Road Construction,14.28,Ongoing,16.58208520358673,Still ongoing 2+ years after sanction
W11669,Ria Ratta,Bengaluru Urban,Public Works Department,Drainage System,4.52,Completed,16.581435721230072,Flagged by ML pattern only
W10691,Harrison Kapur,Mysuru,Zilla Panchayat,School Building Repair,12.43,Completed,16.57977361875095,Flagged by ML pattern only
W11168,Yug Choudhry,Kanpur,Public Works Department,Drinking Water Supply,7.03,Completed,16.575990963779795,Flagged by ML pattern only
W11986,Yadavi Deshmukh,Asansol,Zilla Panchayat,Drinking Water Supply,18.88,Completed,16.575308631701105,Flagged by ML pattern only
W12390,Harrison Kapur,Nagpur,Public Works Department,Drinking Water Supply,16.11,Ongoing,16.570332163865302,Still ongoing 2+ years after sanction
W12729,Gaurav Chandra,Kanpur,District Rural Development Agency,Public Toilet Complex,2.62,Completed,16.56522367263914,Flagged by ML pattern only
W10506,Eesha Memon,Nagpur,Municipal Corporation,Public Toilet Complex,3.45,Ongoing,16.56185854776478,Still ongoing 2+ years after sanction
W10336,Gaurav Chandra,Mysuru,District Rural Development Agency,Public Toilet Complex,3.68,Completed,16.551022318906675,Flagged by ML pattern only
W10974,Varsha Morar,Dharwad,District Rural Development Agency,Community Health Center,38.24,Ongoing,16.54981472894165,Flagged by ML pattern only
W11662,Tanish Iyer,Agra,State Housing Board,Road Construction,29.03,Completed,16.53188029449455,Flagged by ML pattern only
W12576,Deepa Gala,Chennai,Zilla Panchayat,Road Construction,29.21,Completed,16.50379447549845,Flagged by ML pattern only
W11406,Varsha Morar,Lucknow,State Housing Board,Public Toilet Complex,3.8,Ongoing,16.50145900539114,Still ongoing 2+ years after sanction
W11427,Victor Venkataraman,Kolkata,Municipal Corporation,Drainage System,4.91,Ongoing,16.500981641356177,Still ongoing 2+ years after sanction
W10508,Onveer Kata,Varanasi,State Housing Board,Street Lighting,2.58,Ongoing,16.491245881987528,Still ongoing 2+ years after sanction
W11337,Onveer Kata,Agra,Public Works Department,Drinking Water Supply,4.64,Completed,16.47729765941894,Flagged by ML pattern only
W12492,Gabriel Thaman,Agra,Zilla Panchayat,School Building Repair,12.98,Completed,16.470067595744595,Flagged by ML pattern only
W11710,Yadavi Deshmukh,Howrah,Public Works Department,Road Construction,35.42,Completed,16.456811563612472,Flagged by ML pattern only
W10227,Ria Ratta,Pune,Zilla Panchayat,Drinking Water Supply,10.14,Completed,16.454368102023498,Agency handles a disproportionate share of Pune's works
W12365,Pallavi Krish,Mysuru,Public Works Department,Road Construction,39.93,Ongoing,16.446241923681274,Flagged by ML pattern only
W12179,Azaan Gupta,Madurai,Municipal Corporation,Drainage System,4.09,Ongoing,16.41683881407243,Still ongoing 2+ years after sanction
W11378,Azaan Gupta,Kanpur,District Rural Development Agency,Drinking Water Supply,6.12,Completed,16.411958765787766,Flagged by ML pattern only
W10873,Owen Bansal,Bengaluru Urban,State Housing Board,School Building Repair,5.88,Completed,16.40928644,Flagged by ML pattern only
W12375,Oliver Sarma,Lucknow,State Housing Board,Community Health Center,22.87,Ongoing,16.406942294826973,Flagged by ML pattern only
W10020,Ronith Zachariah,Howrah,Public Works Department,Drinking Water Supply,14.7,Completed,16.40633911530455,Flagged by ML pattern only
W11747,Vrinda Biswas,Nagpur,District Rural Development Agency,Public Toilet Complex,2.28,Ongoing,16.40115583,Still ongoing 2+ years after sanction
W10509,Vanya Suresh,Kanpur,District Rural Development Agency,Drainage System,11.65,Completed,16.400729605559697,Flagged by ML pattern only
W12538,Vanya Suresh,Thane,Zilla Panchayat,Public Toilet Complex,3.79,Completed,16.396755488632504,Flagged by ML pattern only
W11821,Gabriel Thaman,Darjeeling,District Rural Development Agency,Drinking Water Supply,15.99,Ongoing,16.39665900115883,Still ongoing 2+ years after sanction
W11585,Harrison Kapur,Asansol,Public Works Department,Public Toilet Complex,6.74,Completed,16.38823055841192,Flagged by ML pattern only
W10168,Ronith Zachariah,Belagavi,District Rural Development Agency,Drainage System,5.19,Completed,16.38324636181061,Flagged by ML pattern only
W10944,Vrinda Biswas,Varanasi,Public Works Department,Public Toilet Complex,4.4,Completed,16.374829971308948,Flagged by ML pattern only
W12042,Hemang Bava,Thane,Public Works Department,Drinking Water Supply,10.16,Ongoing,16.371126660683522,Still ongoing 2+ years after sanction
W12071,Oliver Sarma,Lucknow,Municipal Corporation,Road Construction,16.18,Ongoing,16.371032969638506,Still ongoing 2+ years after sanction
W11328,Yamini Chand,Dharwad,Municipal Corporation,Public Toilet Complex,3.72,Ongoing,16.367500602506937,Still ongoing 2+ years after sanction
W12394,Rayaan Mand,Dharwad,Municipal Corporation,Road Construction,33.22,Completed,16.35852699157503,Flagged by ML pattern only
W11441,Ronith Zachariah,Agra,Zilla Panchayat,Drainage System,16.47,Completed,16.34988032888512,Flagged by ML pattern only
W12482,Sanya Swamy,Kolkata,District Rural Development Agency,Street Lighting,1.9,Completed,16.337504878993823,Flagged by ML pattern only
W10856,Ria Ratta,Bengaluru Urban,Public Works Department,Road Construction,19.87,Completed,16.325861836755998,Flagged by ML pattern only
W12132,Varsha Morar,Bengaluru Urban,Zilla Panchayat,Drinking Water Supply,15.68,Ongoing,16.312676938100513,Still ongoing 2+ years after sanction
W10470,Varsha Morar,Kolkata,State Housing Board,Public Toilet Complex,3.43,Ongoing,16.30658238,Still ongoing 2+ years after sanction
W12446,Lucky Prashad,Lucknow,Zilla Panchayat,Road Construction,31.66,Completed,16.30332082199584,Flagged by ML pattern only
W11725,Owen Bala,Chennai,Municipal Corporation,Drinking Water Supply,16.62,Ongoing,16.293854215190205,Still ongoing 2+ years after sanction
W11817,Krishna Pant,Lucknow,District Rural Development Agency,Road Construction,38.03,Ongoing,16.290812047876685,Flagged by ML pattern only
W10252,Rayaan Mand,Lucknow,Public Works Department,Street Lighting,5.32,Completed,16.28797610749788,Flagged by ML pattern only
W11161,Advaith Gole,Lucknow,Public Works Department,School Building Repair,3.16,Completed,16.278989455766773,Flagged by ML pattern only
W11539,Krishna Pant,Mysuru,District Rural Development Agency,Community Health Center,13.88,Completed,16.262814184092527,Flagged by ML pattern only
W10950,Yutika Rana,Nashik,District Rural Development Agency,School Building Repair,5.4,Completed,16.259434833748333,Flagged by ML pattern only
W12305,Azaan Gupta,Pune,Municipal Corporation,School Building Repair,9.34,Completed,16.25469007862199,Flagged by ML pattern only
W10772,Odika Naik,Varanasi,State Housing Board,Street Lighting,3.58,Completed,16.243789734070134,Flagged by ML pattern only
W10842,Ishwar Boase,Mysuru,Public Works Department,Public Toilet Complex,4.18,Ongoing,16.237958746966243,Still ongoing 2+ years after sanction
W11357,Yug Choudhry,Kanpur,District Rural Development Agency,School Building Repair,4.01,Ongoing,16.20704087979044,Still ongoing 2+ years after sanction
W11251,Owen Bansal,Kolkata,Zilla Panchayat,Public Toilet Complex,6.36,Ongoing,16.20206695841022,Still ongoing 2+ years after sanction
W11152,Onveer Kata,Kolkata,District Rural Development Agency,Drinking Water Supply,14.32,Completed,16.201217043805368,Flagged by ML pattern only
W12097,Rayaan Mand,Thane,State Housing Board,Street Lighting,4.83,Completed,16.201166225902593,Flagged by ML pattern only
W11256,Yadavi Deshmukh,Nagpur,State Housing Board,Drainage System,16.64,Ongoing,16.190655476801453,Still ongoing 2+ years after sanction
W10066,Vanya Suresh,Pune,State Housing Board,Public Toilet Complex,6.63,Completed,16.184132478062498,Flagged by ML pattern only
W11847,Pallavi Krish,Nagpur,Public Works Department,Community Health Center,19.28,Ongoing,16.18233926,Still ongoing 2+ years after sanction
W11132,Azaan Gupta,Kolkata,Public Works Department,Street Lighting,2.91,Ongoing,16.18080452785528,Still ongoing 2+ years after sanction
W10266,Krishna Pant,Salem,State Housing Board,Community Health Center,19.13,Ongoing,16.17228010559683,Still ongoing 2+ years after sanction
W10705,Gaurav Chandra,Chennai,Municipal Corporation,Street Lighting,5.73,Completed,16.16794735726081,Flagged by ML pattern only
W12876,Ronith Zachariah,Mysuru,Public Works Department,Drainage System,10.73,Completed,16.167504424982226,Flagged by ML pattern only
W11495,Yutika Rana,Belagavi,State Housing Board,Community Health Center,22.25,Completed,16.165784438327453,Flagged by ML pattern only
W12436,Krishna Pant,Darjeeling,Zilla Panchayat,Road Construction,20.7,Completed,16.158036780363854,Flagged by ML pattern only
W12649,Vanya Suresh,Salem,Municipal Corporation,Public Toilet Complex,4.66,Completed,16.154945974628646,Flagged by ML pattern only
W12551,Bachittar Choudhry,Thane,State Housing Board,Drainage System,13.53,Completed,16.153623323609903,Flagged by ML pattern only
W11212,Oliver Sarma,Agra,Public Works Department,Public Toilet Complex,3.72,Ongoing,16.153215282746753,Still ongoing 2+ years after sanction
W12380,Yadavi Deshmukh,Lucknow,Public Works Department,Road Construction,15.31,Ongoing,16.151853114987524,Still ongoing 2+ years after sanction
W12229,Vrinda Biswas,Mysuru,Public Works Department,Drainage System,5.28,Ongoing,16.133048761788245,Still ongoing 2+ years after sanction
W10288,Gabriel Thaman,Agra,Public Works Department,Road Construction,30.81,Completed,16.128933182984472,Flagged by ML pattern only
W10737,Gaurav Chandra,Nagpur,State Housing Board,Drainage System,5.83,Completed,16.12310392820263,Flagged by ML pattern only
W10454,Ishwar Boase,Bengaluru Urban,State Housing Board,School Building Repair,12.53,Ongoing,16.120610145246307,Still ongoing 2+ years after sanction
W10076,Triya Khatri,Varanasi,State Housing Board,Public Toilet Complex,5.54,Completed,16.118116222900472,Flagged by ML pattern only
W12970,Gabriel Thaman,Darjeeling,Zilla Panchayat,Street Lighting,3,Completed,16.089887100886706,Flagged by ML pattern only
W10345,Sanya Swamy,Mysuru,Public Works Department,Public Toilet Complex,4.66,Ongoing,16.08558283529294,Still ongoing 2+ years after sanction
W11377,Odika Naik,Dharwad,Public Works Department,Street Lighting,3.56,Ongoing,16.084517323186304,Still ongoing 2+ years after sanction
W10913,Vrinda Biswas,Nashik,Public Works Department,Drainage System,8.59,Completed,16.06435393123839,Flagged by ML pattern only
W10238,Onveer Kata,Asansol,Public Works Department,Street Lighting,2.9,Ongoing,16.062820074360257,Still ongoing 2+ years after sanction
W12658,Tanish Iyer,Mysuru,Zilla Panchayat,Drainage System,7.77,Completed,16.062454480205446,Flagged by ML pattern only
W10901,Mugdha Varty,Bengaluru Urban,District Rural Development Agency,Road Construction,25.83,Ongoing,16.06138186908767,Flagged by ML pattern only
W11731,Mugdha Varty,Mysuru,State Housing Board,Drainage System,4.44,Completed,16.048005969523132,Flagged by ML pattern only
W11555,Yutika Rana,Mysuru,State Housing Board,School Building Repair,6.16,Completed,16.043092711667857,Flagged by ML pattern only
W11067,Lucky Prashad,Kanpur,Municipal Corporation,Public Toilet Complex,3.69,Ongoing,16.04109511097503,Still ongoing 2+ years after sanction
W10649,Vanya Suresh,Salem,State Housing Board,Street Lighting,1.39,Completed,16.03753395953085,Flagged by ML pattern only
W11146,Rayaan Mand,Salem,Public Works Department,Drainage System,5.79,Ongoing,16.02872160588879,Still ongoing 2+ years after sanction
W12691,Sanya Swamy,Mysuru,Public Works Department,Drainage System,15.08,Ongoing,16.02543542713553,Still ongoing 2+ years after sanction
W12510,Onveer Kata,Bengaluru Urban,State Housing Board,Street Lighting,2.69,Ongoing,16.01724890394716,Still ongoing 2+ years after sanction
W11936,Azaan Gupta,Coimbatore,District Rural Development Agency,Drainage System,16.18,Ongoing,16.013543224271636,Still ongoing 2+ years after sanction
W11169,Bachittar Choudhry,Bengaluru Urban,District Rural Development Agency,Public Toilet Complex,3.49,Completed,16.00752201022139,Flagged by ML pattern only
W11782,Leena Butala,Coimbatore,State Housing Board,Drainage System,14.13,Ongoing,16.00527683039284,Still ongoing 2+ years after sanction
W10267,Rayaan Mand,Belagavi,District Rural Development Agency,Drainage System,6.7,Ongoing,16.00462631991893,Still ongoing 2+ years after sanction
W11330,Oliver Sarma,Varanasi,State Housing Board,Street Lighting,2.82,Ongoing,16.002294943855517,Still ongoing 2+ years after sanction
W11274,Odika Naik,Thane,Public Works Department,Drainage System,17.15,Ongoing,15.99486276005085,Still ongoing 2+ years after sanction
W10830,Advaith Gole,Agra,State Housing Board,Public Toilet Complex,5.47,Completed,15.98356009551729,Flagged by ML pattern only
W11403,Ronith Zachariah,Salem,Public Works Department,Road Construction,39.2,Ongoing,15.98028287988609,Flagged by ML pattern only
W11895,Oliver Sarma,Kanpur,Municipal Corporation,Public Toilet Complex,2.6,Completed,15.979144231853674,Flagged by ML pattern only
W11556,Ishwar Boase,Nashik,Public Works Department,Drainage System,17.88,Ongoing,15.978387821867116,Still ongoing 2+ years after sanction
W10931,Victor Venkataraman,Nagpur,State Housing Board,Drinking Water Supply,13.09,Completed,15.976682499553807,Flagged by ML pattern only
W11734,Advaith Gole,Kanpur,Zilla Panchayat,Drinking Water Supply,9.44,Ongoing,15.97646402949377,Still ongoing 2+ years after sanction
W12756,Mugdha Varty,Pune,Zilla Panchayat,Road Construction,14.59,Completed,15.964465396272654,Agency handles a disproportionate share of Pune's works
W10094,Yamini Chand,Howrah,State Housing Board,Public Toilet Complex,2.95,Completed,15.96017175,Flagged by ML pattern only
W10491,Vrinda Biswas,Asansol,State Housing Board,Drinking Water Supply,19.82,Completed,15.958066959540297,Flagged by ML pattern only
W12034,Nicholas Gour,Bengaluru Urban,Public Works Department,Drinking Water Supply,16.37,Ongoing,15.94543208680349,Still ongoing 2+ years after sanction
W11737,Bachittar Choudhry,Pune,Municipal Corporation,School Building Repair,3.59,Completed,15.94399926,Flagged by ML pattern only
W10656,Lucky Prashad,Coimbatore,State Housing Board,Community Health Center,17.23,Completed,15.943415294906544,Flagged by ML pattern only
W11977,Lucky Prashad,Kolkata,Public Works Department,Road Construction,15.5,Ongoing,15.938794953483155,Still ongoing 2+ years after sanction
W11277,Triya Khatri,Howrah,State Housing Board,Public Toilet Complex,4.09,Ongoing,15.933467793577625,Still ongoing 2+ years after sanction
W12328,Advaith Gole,Mysuru,Municipal Corporation,Drainage System,15.47,Completed,15.930790498117018,Flagged by ML pattern only
W12056,Ronith Zachariah,Howrah,Municipal Corporation,Drainage System,15.86,Ongoing,15.926345252045856,Still ongoing 2+ years after sanction
W12491,Lucky Prashad,Nagpur,State Housing Board,Drinking Water Supply,5.4,Completed,15.922315681066818,Flagged by ML pattern only
W10223,Gaurav Chandra,Chennai,State Housing Board,Road Construction,15.44,Ongoing,15.920298938623034,Still ongoing 2+ years after sanction
W11854,Vanya Suresh,Nagpur,Public Works Department,Road Construction,5.49,Completed,15.920197094680328,Flagged by ML pattern only
W11364,Meera Banerjee,Salem,Municipal Corporation,Street Lighting,4.95,Ongoing,15.91985756479919,Still ongoing 2+ years after sanction
W11629,Owen Bala,Agra,State Housing Board,Road Construction,14.76,Completed,15.919323663869427,Flagged by ML pattern only
W12711,Ishwar Boase,Howrah,Zilla Panchayat,Community Health Center,25.08,Completed,15.918680251022536,Flagged by ML pattern only
W11308,Victor Venkataraman,Salem,Public Works Department,Drinking Water Supply,12.98,Ongoing,15.915563313491475,Still ongoing 2+ years after sanction
W12555,Krishna Pant,Coimbatore,Public Works Department,Street Lighting,3.62,Ongoing,15.915559526900347,Still ongoing 2+ years after sanction
W11819,Nicholas Gour,Pune,Municipal Corporation,School Building Repair,12.21,Completed,15.909257578312173,Flagged by ML pattern only
W11477,Bachittar Choudhry,Darjeeling,Zilla Panchayat,Community Health Center,15.32,Ongoing,15.906911121163123,Still ongoing 2+ years after sanction
W10271,Onveer Kata,Mysuru,Zilla Panchayat,Street Lighting,3.61,Ongoing,15.904958424277272,Still ongoing 2+ years after sanction
W10639,Bachittar Choudhry,Salem,Public Works Department,Street Lighting,3.89,Ongoing,15.90042216710162,Still ongoing 2+ years after sanction
W12902,Vrinda Biswas,Kolkata,State Housing Board,Street Lighting,5.1,Completed,15.892544097661336,Flagged by ML pattern only
W12713,Eesha Memon,Mysuru,Public Works Department,Drainage System,15.74,Ongoing,15.891482682638951,Still ongoing 2+ years after sanction
W12152,Krishna Pant,Lucknow,State Housing Board,Community Health Center,17.32,Ongoing,15.888893011062343,Still ongoing 2+ years after sanction
W11675,Ria Ratta,Kanpur,Public Works Department,Street Lighting,5.29,Completed,15.883661913151144,Flagged by ML pattern only
W10204,Bachittar Choudhry,Nashik,Zilla Panchayat,Public Toilet Complex,4.19,Completed,15.880128638266918,Flagged by ML pattern only
W11115,Lucky Prashad,Kanpur,State Housing Board,Public Toilet Complex,4.62,Ongoing,15.873654183923959,Still ongoing 2+ years after sanction
W12621,Mugdha Varty,Salem,Public Works Department,Community Health Center,19.68,Completed,15.872079869603546,Flagged by ML pattern only
W10549,Ria Ratta,Lucknow,Zilla Panchayat,Drainage System,12.57,Completed,15.870863571784765,Flagged by ML pattern only
W10475,Gabriel Thaman,Kanpur,Municipal Corporation,Street Lighting,3.03,Completed,15.870072409601391,Flagged by ML pattern only
W11456,Eesha Memon,Coimbatore,District Rural Development Agency,Public Toilet Complex,7.63,Ongoing,15.860151584676608,Still ongoing 2+ years after sanction
W12069,Hemang Bava,Varanasi,Municipal Corporation,School Building Repair,6.78,Ongoing,15.84261229542552,Still ongoing 2+ years after sanction
W10003,Pallavi Krish,Coimbatore,Municipal Corporation,School Building Repair,14.49,Completed,15.841758743779772,Flagged by ML pattern only
W11445,Sanya Swamy,Darjeeling,Municipal Corporation,Drainage System,16.49,Ongoing,15.839096626611592,Still ongoing 2+ years after sanction
W11722,Vanya Suresh,Thane,Municipal Corporation,School Building Repair,11.75,Ongoing,15.834128532101127,Still ongoing 2+ years after sanction
W10849,Sanya Swamy,Asansol,Zilla Panchayat,Public Toilet Complex,4.07,Ongoing,15.825913142109547,Still ongoing 2+ years after sanction
W12033,Ronith Zachariah,Chennai,Municipal Corporation,Drainage System,9.71,Ongoing,15.823771628635217,Still ongoing 2+ years after sanction
W10621,Leena Butala,Nagpur,State Housing Board,Drinking Water Supply,18.78,Ongoing,15.821334531860696,Still ongoing 2+ years after sanction
W11360,Yutika Rana,Agra,Municipal Corporation,Road Construction,11.44,Completed,15.820205253984975,Flagged by ML pattern only
W10144,Meera Banerjee,Asansol,Zilla Panchayat,Street Lighting,3.02,Completed,15.81738272505008,Flagged by ML pattern only
W12845,Ishwar Boase,Salem,District Rural Development Agency,Public Toilet Complex,2.83,Ongoing,15.811840196330635,Still ongoing 2+ years after sanction
W11439,Ekansh Sami,Chennai,Public Works Department,Community Health Center,11.37,Completed,15.806375798315365,Flagged by ML pattern only
W11898,Deepa Gala,Mysuru,State Housing Board,Drainage System,15.2,Ongoing,15.805748352320599,Still ongoing 2+ years after sanction
W12387,Krishna Pant,Belagavi,Public Works Department,Public Toilet Complex,3.07,Ongoing,15.80453259,Still ongoing 2+ years after sanction
W12211,Ekansh Sami,Lucknow,Public Works Department,Drainage System,5.79,Completed,15.803007486051493,Flagged by ML pattern only
W11911,Oliver Sarma,Asansol,District Rural Development Agency,Street Lighting,4.58,Completed,15.795299890463955,Flagged by ML pattern only
W10635,Deepa Gala,Thane,State Housing Board,Drainage System,17.7,Ongoing,15.788213825460954,Still ongoing 2+ years after sanction
W12768,Jagat Mangat,Coimbatore,State Housing Board,Road Construction,10.27,Completed,15.786022908918241,Flagged by ML pattern only
W10241,Bachittar Choudhry,Nagpur,District Rural Development Agency,Drainage System,15.96,Ongoing,15.777793510214963,Still ongoing 2+ years after sanction
W12734,Jagat Mangat,Coimbatore,District Rural Development Agency,School Building Repair,6.46,Ongoing,15.766416545799569,Still ongoing 2+ years after sanction
W11296,Eesha Memon,Nagpur,State Housing Board,Drainage System,17.13,Ongoing,15.76367833379832,Still ongoing 2+ years after sanction
W11955,Krishna Pant,Kanpur,Zilla Panchayat,Public Toilet Complex,2.39,Completed,15.762851497830136,Flagged by ML pattern only
W12940,Sanya Swamy,Kolkata,Municipal Corporation,Road Construction,19.76,Completed,15.761713082120828,Flagged by ML pattern only
W12978,Pallavi Krish,Varanasi,Zilla Panchayat,Public Toilet Complex,4.92,Completed,15.748093197695221,Flagged by ML pattern only
W11930,Yamini Chand,Darjeeling,State Housing Board,School Building Repair,12.35,Completed,15.737767308986847,Flagged by ML pattern only
W12272,Yamini Chand,Bengaluru Urban,Zilla Panchayat,Public Toilet Complex,6.5,Completed,15.736577218211103,Flagged by ML pattern only
W10029,Meera Banerjee,Bengaluru Urban,State Housing Board,Community Health Center,36.29,Ongoing,15.735537150741923,Flagged by ML pattern only
W12896,Rayaan Mand,Dharwad,Zilla Panchayat,Public Toilet Complex,2.83,Ongoing,15.73542924215665,Still ongoing 2+ years after sanction
W12148,Owen Bala,Howrah,Public Works Department,Street Lighting,4.39,Completed,15.72879135459533,Flagged by ML pattern only
W10350,Tanish Iyer,Agra,State Housing Board,Drinking Water Supply,18.6,Ongoing,15.726665690631547,Still ongoing 2+ years after sanction
W11135,Victor Venkataraman,Mysuru,Public Works Department,Drinking Water Supply,8.19,Completed,15.72054067298498,Flagged by ML pattern only
W11348,Leena Butala,Lucknow,Zilla Panchayat,Drinking Water Supply,19.34,Completed,15.718294607305902,Flagged by ML pattern only
W11280,Lucky Prashad,Varanasi,Zilla Panchayat,Public Toilet Complex,2.68,Completed,15.717039740864951,Flagged by ML pattern only
W12749,Rayaan Mand,Nashik,Zilla Panchayat,School Building Repair,9.73,Ongoing,15.716582038430264,Still ongoing 2+ years after sanction
W10354,Widisha Yohannan,Belagavi,State Housing Board,Street Lighting,3.82,Completed,15.707885524990964,Flagged by ML pattern only
W12104,Mugdha Varty,Varanasi,District Rural Development Agency,Drainage System,16.96,Ongoing,15.701502476283293,Still ongoing 2+ years after sanction
W10437,Pallavi Krish,Darjeeling,Public Works Department,Public Toilet Complex,4.07,Ongoing,15.699175919541222,Still ongoing 2+ years after sanction
W10160,Eesha Memon,Nagpur,District Rural Development Agency,Road Construction,15.35,Completed,15.683816577641544,Flagged by ML pattern only
W11450,Gaurav Chandra,Chennai,District Rural Development Agency,Drainage System,8.48,Completed,15.682550242107954,Flagged by ML pattern only
W12301,Gaurav Chandra,Kolkata,Public Works Department,Drainage System,11.89,Completed,15.663705950866731,Flagged by ML pattern only
W11367,Nicholas Gour,Howrah,Zilla Panchayat,Public Toilet Complex,4.34,Completed,15.659271787227798,Flagged by ML pattern only
W11573,Harrison Kapur,Darjeeling,Zilla Panchayat,Road Construction,23.52,Ongoing,15.655246714991717,Flagged by ML pattern only
W11928,Mugdha Varty,Chennai,Public Works Department,Street Lighting,4.32,Ongoing,15.653488921557155,Still ongoing 2+ years after sanction
W12684,Hemang Bava,Nagpur,District Rural Development Agency,Street Lighting,3,Completed,15.653271576736138,Flagged by ML pattern only
W12419,Deepa Gala,Chennai,Zilla Panchayat,Public Toilet Complex,2.69,Ongoing,15.642711816345933,Still ongoing 2+ years after sanction
W11855,Lucky Prashad,Pune,State Housing Board,Public Toilet Complex,3.16,Ongoing,15.638075026450586,Still ongoing 2+ years after sanction
W11164,Gaurav Chandra,Belagavi,Municipal Corporation,Community Health Center,16.57,Completed,15.635395704640253,Flagged by ML pattern only
W10762,Sanya Swamy,Asansol,Municipal Corporation,Street Lighting,4.38,Completed,15.634298492225406,Flagged by ML pattern only
W11514,Yutika Rana,Madurai,Municipal Corporation,Drinking Water Supply,17.69,Completed,15.63376231,Flagged by ML pattern only
W11686,Ishwar Boase,Varanasi,District Rural Development Agency,Community Health Center,18.81,Ongoing,15.630378230765546,Still ongoing 2+ years after sanction
W12502,Ishwar Boase,Mysuru,Zilla Panchayat,Community Health Center,17.15,Ongoing,15.624439215954379,Still ongoing 2+ years after sanction
W11074,Eesha Memon,Dharwad,Public Works Department,School Building Repair,14.89,Ongoing,15.62435165841571,Still ongoing 2+ years after sanction
W12247,Odika Naik,Nagpur,Public Works Department,School Building Repair,11.6,Ongoing,15.62417606093092,Still ongoing 2+ years after sanction
W11221,Lucky Prashad,Lucknow,State Housing Board,Drainage System,17.22,Completed,15.622408693625864,Flagged by ML pattern only
W12359,Krishna Pant,Asansol,State Housing Board,Drainage System,16.18,Ongoing,15.620022271546668,Still ongoing 2+ years after sanction
W10078,Triya Khatri,Coimbatore,Zilla Panchayat,Public Toilet Complex,7.21,Completed,15.61668389346252,Flagged by ML pattern only
W11671,Lucky Prashad,Bengaluru Urban,District Rural Development Agency,Community Health Center,15.4,Ongoing,15.614190162671058,Still ongoing 2+ years after sanction
W10409,Owen Bala,Bengaluru Urban,Zilla Panchayat,Road Construction,29.14,Completed,15.610817524445535,Flagged by ML pattern only
W11507,Meera Banerjee,Nashik,Public Works Department,Public Toilet Complex,6.2,Ongoing,15.60756477644554,Still ongoing 2+ years after sanction
W10813,Krishna Pant,Coimbatore,Zilla Panchayat,School Building Repair,14.58,Ongoing,15.605645724613018,Still ongoing 2+ years after sanction
W10655,Odika Naik,Bengaluru Urban,State Housing Board,Street Lighting,1.87,Completed,15.604792378245484,Flagged by ML pattern only
W10792,Nicholas Gour,Varanasi,Zilla Panchayat,School Building Repair,7.72,Completed,15.603945306276755,Flagged by ML pattern only
W10082,Owen Bala,Salem,District Rural Development Agency,Drinking Water Supply,13.1,Ongoing,15.60365838188052,Still ongoing 2+ years after sanction
W12474,Jagat Mangat,Thane,Public Works Department,Community Health Center,13.04,Ongoing,15.60365838188052,Still ongoing 2+ years after sanction
W11758,Ronith Zachariah,Mysuru,State Housing Board,Road Construction,16.46,Ongoing,15.602229387960367,Still ongoing 2+ years after sanction
W10213,Meera Banerjee,Asansol,District Rural Development Agency,Drainage System,15.73,Ongoing,15.591389523457254,Still ongoing 2+ years after sanction
W10014,Meera Banerjee,Coimbatore,Public Works Department,School Building Repair,7.49,Completed,15.583277102711229,Flagged by ML pattern only
W11028,Varsha Morar,Salem,District Rural Development Agency,Drainage System,7.69,Ongoing,15.578756120791793,Still ongoing 2+ years after sanction
W10357,Ria Ratta,Mysuru,Public Works Department,Street Lighting,4.52,Ongoing,15.577475212291652,Still ongoing 2+ years after sanction
W12382,Gaurav Chandra,Belagavi,Zilla Panchayat,Public Toilet Complex,7.2,Completed,15.573021768969776,Flagged by ML pattern only
W10787,Yug Choudhry,Lucknow,Zilla Panchayat,Drinking Water Supply,17.86,Completed,15.572045584802282,Flagged by ML pattern only
W11197,Ronith Zachariah,Mysuru,State Housing Board,Street Lighting,5.4,Ongoing,15.571466416882041,Still ongoing 2+ years after sanction
W11907,Nicholas Gour,Dharwad,State Housing Board,Drainage System,7.9,Ongoing,15.565225126328588,Still ongoing 2+ years after sanction
W10027,Deepa Gala,Dharwad,State Housing Board,Street Lighting,5.6,Completed,15.553861213538887,Flagged by ML pattern only
W12403,Rayaan Mand,Dharwad,State Housing Board,Road Construction,15.88,Ongoing,15.546529729510425,Still ongoing 2+ years after sanction
W10365,Varsha Morar,Chennai,District Rural Development Agency,Drinking Water Supply,8.18,Ongoing,15.53579488566813,Still ongoing 2+ years after sanction
W10331,Deepa Gala,Darjeeling,District Rural Development Agency,Road Construction,22.57,Completed,15.534863128583973,Flagged by ML pattern only
W10599,Rayaan Mand,Thane,Public Works Department,Street Lighting,2.9,Ongoing,15.534592296512074,Still ongoing 2+ years after sanction
W10877,Eesha Memon,Nagpur,State Housing Board,Street Lighting,5.76,Completed,15.534143385416852,Flagged by ML pattern only
W10526,Sanya Swamy,Nashik,Public Works Department,Community Health Center,35.06,Ongoing,15.530552549393631,Flagged by ML pattern only
W11484,Christopher Kadakia,Mysuru,State Housing Board,Public Toilet Complex,4.09,Ongoing,15.525903537488542,Still ongoing 2+ years after sanction
W10363,Vanya Suresh,Dharwad,Public Works Department,Community Health Center,39.3,Completed,15.520480528444901,Flagged by ML pattern only
W10041,Pallavi Krish,Nagpur,Zilla Panchayat,Road Construction,28.1,Completed,15.513971107799183,Flagged by ML pattern only
W11496,Ria Ratta,Asansol,Municipal Corporation,School Building Repair,9.42,Ongoing,15.513515167965469,Still ongoing 2+ years after sanction
W11462,Lucky Prashad,Agra,Zilla Panchayat,Street Lighting,1.84,Completed,15.50810363087384,Flagged by ML pattern only
W11940,Ishwar Boase,Kolkata,State Housing Board,Drainage System,4.78,Ongoing,15.501761638598644,Still ongoing 2+ years after sanction
W12068,Tanish Iyer,Mysuru,Zilla Panchayat,Drinking Water Supply,16.89,Ongoing,15.493209034235797,Still ongoing 2+ years after sanction
W12483,Oliver Sarma,Agra,State Housing Board,Public Toilet Complex,4.29,Ongoing,15.481999434487427,Still ongoing 2+ years after sanction
W12064,Ria Ratta,Madurai,Zilla Panchayat,Road Construction,20.59,Completed,15.478653364220092,Flagged by ML pattern only
W11576,Christopher Kadakia,Coimbatore,Public Works Department,Drainage System,15.16,Completed,15.458237184589166,Flagged by ML pattern only
W12158,Deepa Gala,Mysuru,Municipal Corporation,Public Toilet Complex,5.96,Ongoing,15.458116526052908,Still ongoing 2+ years after sanction
W10875,Bachittar Choudhry,Kanpur,State Housing Board,Road Construction,14.42,Ongoing,15.447583095610696,Still ongoing 2+ years after sanction
W11289,Deepa Gala,Belagavi,Zilla Panchayat,Public Toilet Complex,2.74,Ongoing,15.446713426408166,Still ongoing 2+ years after sanction
W11176,Advaith Gole,Nagpur,District Rural Development Agency,Drainage System,5.2,Ongoing,15.44439602427612,Still ongoing 2+ years after sanction
W12722,Ronith Zachariah,Salem,State Housing Board,Community Health Center,15.63,Completed,15.43961988845136,Flagged by ML pattern only
W11980,Vrinda Biswas,Mysuru,Municipal Corporation,Drinking Water Supply,18.5,Ongoing,15.438215102444113,Still ongoing 2+ years after sanction
W12121,Bachittar Choudhry,Salem,Municipal Corporation,Community Health Center,11.12,Completed,15.436723687384783,Flagged by ML pattern only
W12596,Azaan Gupta,Agra,Zilla Panchayat,Drainage System,8.81,Completed,15.43031714999365,Flagged by ML pattern only
W10555,Yamini Chand,Kolkata,Municipal Corporation,Public Toilet Complex,2.42,Completed,15.429208435895227,Flagged by ML pattern only
W11748,Victor Venkataraman,Kolkata,District Rural Development Agency,Public Toilet Complex,3.26,Completed,15.424246715768346,Flagged by ML pattern only
W12535,Yamini Chand,Dharwad,District Rural Development Agency,Community Health Center,30.08,Completed,15.421273403039088,Flagged by ML pattern only
W10335,Advaith Gole,Dharwad,Municipal Corporation,Drainage System,14.07,Ongoing,15.421202325837795,Still ongoing 2+ years after sanction
W12061,Yutika Rana,Dharwad,State Housing Board,Drainage System,7.1,Completed,15.41718912427715,Flagged by ML pattern only
W12816,Yug Choudhry,Coimbatore,District Rural Development Agency,Street Lighting,2.93,Ongoing,15.412844404021781,Still ongoing 2+ years after sanction
W12973,Krishna Pant,Kanpur,Municipal Corporation,Road Construction,6.7,Ongoing,15.411010506480938,Still ongoing 2+ years after sanction
W10133,Leena Butala,Salem,District Rural Development Agency,Drainage System,16.74,Ongoing,15.409544791908683,Still ongoing 2+ years after sanction
W11834,Onveer Kata,Howrah,Municipal Corporation,Community Health Center,33.62,Ongoing,15.408143642064426,Flagged by ML pattern only
W11084,Tanish Iyer,Nagpur,Public Works Department,Drainage System,6.37,Ongoing,15.404338093946407,Still ongoing 2+ years after sanction
W12379,Pallavi Krish,Kanpur,Public Works Department,Drainage System,16.69,Ongoing,15.403286612689058,Still ongoing 2+ years after sanction
W10678,Gaurav Chandra,Chennai,District Rural Development Agency,Drinking Water Supply,16.6,Ongoing,15.39968917409575,Still ongoing 2+ years after sanction
W11341,Nicholas Gour,Mysuru,Zilla Panchayat,School Building Repair,13.29,Ongoing,15.398925751748326,Still ongoing 2+ years after sanction
W11565,Lucky Prashad,Dharwad,State Housing Board,Community Health Center,16.33,Ongoing,15.398342670114317,Still ongoing 2+ years after sanction
W10623,Bachittar Choudhry,Bengaluru Urban,District Rural Development Agency,Drinking Water Supply,11.47,Ongoing,15.374274987114424,Still ongoing 2+ years after sanction
W10965,Ria Ratta,Nashik,Public Works Department,Drinking Water Supply,13.22,Completed,15.372610631824655,Flagged by ML pattern only
W12796,Nicholas Gour,Nagpur,Zilla Panchayat,Drainage System,3.11,Ongoing,15.371635797716515,Still ongoing 2+ years after sanction
W11083,Ishwar Boase,Belagavi,Public Works Department,Drinking Water Supply,17.58,Ongoing,15.36813552603245,Still ongoing 2+ years after sanction
W12763,Lucky Prashad,Nashik,District Rural Development Agency,Drainage System,14.6,Ongoing,15.362825702124809,Still ongoing 2+ years after sanction
W10739,Yamini Chand,Varanasi,District Rural Development Agency,School Building Repair,11.52,Ongoing,15.362262672441712,Still ongoing 2+ years after sanction
W12780,Yadavi Deshmukh,Asansol,District Rural Development Agency,Public Toilet Complex,3.11,Ongoing,15.361152921314456,Still ongoing 2+ years after sanction
W10618,Ishwar Boase,Kanpur,Municipal Corporation,Street Lighting,1.58,Completed,15.360033033581786,Flagged by ML pattern only
W11571,Eesha Memon,Darjeeling,Public Works Department,Street Lighting,4.97,Ongoing,15.35666919138583,Still ongoing 2+ years after sanction
W10439,Owen Bala,Bengaluru Urban,District Rural Development Agency,Community Health Center,15.81,Ongoing,15.355390174350063,Still ongoing 2+ years after sanction
W10692,Yamini Chand,Darjeeling,Municipal Corporation,Community Health Center,17.95,Completed,15.343377909892055,Flagged by ML pattern only
W10431,Leena Butala,Howrah,Zilla Panchayat,School Building Repair,4.45,Ongoing,15.332700596926166,Still ongoing 2+ years after sanction
W12238,Nicholas Gour,Darjeeling,District Rural Development Agency,Street Lighting,4.45,Ongoing,15.33023497242998,Still ongoing 2+ years after sanction
W12131,Rayaan Mand,Pune,District Rural Development Agency,Public Toilet Complex,7.42,Ongoing,15.329994898511691,Still ongoing 2+ years after sanction
W10775,Owen Bala,Chennai,Zilla Panchayat,Public Toilet Complex,3.22,Ongoing,15.324202387933942,Still ongoing 2+ years after sanction
W10742,Victor Venkataraman,Chennai,District Rural Development Agency,Road Construction,15.56,Completed,15.322254204781647,Flagged by ML pattern only
W11850,Owen Bala,Varanasi,Public Works Department,Community Health Center,14.85,Ongoing,15.320026669131389,Still ongoing 2+ years after sanction
W10433,Ronith Zachariah,Howrah,District Rural Development Agency,Community Health Center,10.17,Ongoing,15.316548178920025,Still ongoing 2+ years after sanction
W10785,Krishna Pant,Asansol,Municipal Corporation,Drinking Water Supply,14.22,Ongoing,15.308659788371779,Still ongoing 2+ years after sanction
W12454,Gabriel Thaman,Pune,Public Works Department,Drainage System,15.13,Ongoing,15.299896881662889,Still ongoing 2+ years after sanction
W11078,Rayaan Mand,Nashik,Zilla Panchayat,School Building Repair,7.69,Completed,15.294092980276071,Flagged by ML pattern only
W10887,Owen Bansal,Howrah,Zilla Panchayat,Road Construction,11.86,Ongoing,15.29269976580893,Still ongoing 2+ years after sanction
W10123,Rayaan Mand,Nagpur,Municipal Corporation,Drainage System,16.05,Completed,15.285355269314955,Flagged by ML pattern only
W11260,Lucky Prashad,Thane,Municipal Corporation,Public Toilet Complex,5.34,Ongoing,15.282933337685614,Still ongoing 2+ years after sanction
W11510,Widisha Yohannan,Mysuru,State Housing Board,School Building Repair,10.19,Completed,15.282775776616234,Flagged by ML pattern only
W11524,Eesha Memon,Asansol,Zilla Panchayat,Drinking Water Supply,14.97,Ongoing,15.282482151620403,Still ongoing 2+ years after sanction
W12007,Sanya Swamy,Mysuru,Municipal Corporation,Street Lighting,2.62,Ongoing,15.2791216,Still ongoing 2+ years after sanction
W11122,Leena Butala,Thane,Zilla Panchayat,Community Health Center,21.4,Completed,15.277996679834104,Flagged by ML pattern only
W10991,Advaith Gole,Varanasi,District Rural Development Agency,School Building Repair,11.63,Ongoing,15.274129503658944,Still ongoing 2+ years after sanction
W12111,Sanya Swamy,Bengaluru Urban,Municipal Corporation,Drinking Water Supply,10.49,Completed,15.252884292106197,Flagged by ML pattern only
W12536,Rayaan Mand,Belagavi,District Rural Development Agency,Public Toilet Complex,5.17,Ongoing,15.249378222097274,Still ongoing 2+ years after sanction
W10676,Oliver Sarma,Lucknow,Public Works Department,Public Toilet Complex,4.63,Ongoing,15.24892738429959,Still ongoing 2+ years after sanction
W12500,Owen Bala,Nagpur,Public Works Department,Public Toilet Complex,2.67,Completed,15.24692520181962,Flagged by ML pattern only
W11292,Hemang Bava,Kanpur,State Housing Board,Road Construction,14.25,Ongoing,15.243873867905185,Still ongoing 2+ years after sanction
W11627,Lucky Prashad,Thane,District Rural Development Agency,Drainage System,13.51,Ongoing,15.24300740624411,Still ongoing 2+ years after sanction
W10285,Sanya Swamy,Asansol,Zilla Panchayat,Drinking Water Supply,11.62,Ongoing,15.233232977606896,Still ongoing 2+ years after sanction
W10251,Meera Banerjee,Lucknow,Zilla Panchayat,Drainage System,17.72,Ongoing,15.231121807680003,Still ongoing 2+ years after sanction
W11863,Tanish Iyer,Lucknow,Municipal Corporation,Street Lighting,3.95,Ongoing,15.228758803278808,Still ongoing 2+ years after sanction
W10653,Mugdha Varty,Kolkata,State Housing Board,Public Toilet Complex,7.94,Completed,15.227841550182337,Flagged by ML pattern only
W11859,Vanya Suresh,Thane,Public Works Department,Street Lighting,4.9,Completed,15.221063237137962,Flagged by ML pattern only
W10681,Yutika Rana,Kanpur,District Rural Development Agency,Drainage System,11.87,Ongoing,15.22076194772772,Still ongoing 2+ years after sanction
W11800,Mugdha Varty,Coimbatore,State Housing Board,Street Lighting,4.49,Ongoing,15.19869697306637,Still ongoing 2+ years after sanction
W10388,Yamini Chand,Chennai,District Rural Development Agency,Drinking Water Supply,4.44,Ongoing,15.19859676867426,Still ongoing 2+ years after sanction
W11540,Tanish Iyer,Kanpur,Municipal Corporation,Drainage System,3.3,Ongoing,15.195730013921025,Still ongoing 2+ years after sanction
W12331,Jagat Mangat,Thane,Municipal Corporation,Community Health Center,36.08,Ongoing,15.192270136165845,Flagged by ML pattern only
W10028,Lucky Prashad,Kolkata,Zilla Panchayat,Public Toilet Complex,7.17,Ongoing,15.191055507004734,Still ongoing 2+ years after sanction
W10170,Lucky Prashad,Nashik,Zilla Panchayat,Road Construction,6.67,Completed,15.187068819703683,Flagged by ML pattern only
W10743,Pallavi Krish,Howrah,District Rural Development Agency,School Building Repair,11.05,Ongoing,15.184585448872257,Still ongoing 2+ years after sanction
W10945,Azaan Gupta,Nashik,Zilla Panchayat,Public Toilet Complex,6.49,Completed,15.181721294444529,Flagged by ML pattern only
W11199,Odika Naik,Darjeeling,Zilla Panchayat,Drainage System,12.19,Ongoing,15.178126150258205,Still ongoing 2+ years after sanction
W11310,Yamini Chand,Darjeeling,State Housing Board,Drainage System,14.06,Ongoing,15.175582176721711,Still ongoing 2+ years after sanction
W12185,Widisha Yohannan,Salem,Public Works Department,Drainage System,11.78,Completed,15.168339776825352,Flagged by ML pattern only
W12008,Deepa Gala,Varanasi,Municipal Corporation,Drinking Water Supply,14.45,Ongoing,15.166024562200581,Still ongoing 2+ years after sanction
W12029,Gabriel Thaman,Kanpur,Zilla Panchayat,School Building Repair,6.78,Completed,15.163880572941991,Flagged by ML pattern only
W12444,Victor Venkataraman,Mysuru,Municipal Corporation,Drainage System,14.72,Ongoing,15.16257021748498,Still ongoing 2+ years after sanction
W11703,Pallavi Krish,Nashik,Municipal Corporation,Road Construction,18.77,Completed,15.158404805339126,Flagged by ML pattern only
W10591,Gaurav Chandra,Nagpur,Public Works Department,Drainage System,6.07,Completed,15.156000487919336,Flagged by ML pattern only
W11339,Gaurav Chandra,Nagpur,District Rural Development Agency,School Building Repair,10.96,Ongoing,15.152025811558332,Still ongoing 2+ years after sanction
W11813,Onveer Kata,Nagpur,State Housing Board,School Building Repair,10.28,Ongoing,15.14601384372969,Still ongoing 2+ years after sanction
W12381,Bachittar Choudhry,Bengaluru Urban,District Rural Development Agency,Public Toilet Complex,4.51,Ongoing,15.141686842180997,Still ongoing 2+ years after sanction
W10228,Triya Khatri,Pune,Zilla Panchayat,Public Toilet Complex,2.71,Ongoing,15.137590131322563,Agency handles a disproportionate share of Pune's works
W11353,Christopher Kadakia,Belagavi,Public Works Department,Public Toilet Complex,5.54,Completed,15.131991600252386,Flagged by ML pattern only
W12076,Widisha Yohannan,Pune,State Housing Board,School Building Repair,8.14,Completed,15.126337260677552,Flagged by ML pattern only
W10434,Krishna Pant,Howrah,Public Works Department,Public Toilet Complex,5.47,Ongoing,15.117445772711031,Still ongoing 2+ years after sanction
W10736,Victor Venkataraman,Nashik,Zilla Panchayat,Drinking Water Supply,16.46,Ongoing,15.091954397088898,Still ongoing 2+ years after sanction
W11862,Jagat Mangat,Pune,Zilla Panchayat,Street Lighting,4.26,Ongoing,15.086421392383691,Agency handles a disproportionate share of Pune's works
W10581,Owen Bala,Belagavi,Municipal Corporation,Public Toilet Complex,4.11,Ongoing,15.084780354003076,Still ongoing 2+ years after sanction
W12395,Krishna Pant,Nagpur,Public Works Department,Drinking Water Supply,17.83,Ongoing,15.083361314005787,Still ongoing 2+ years after sanction
W10337,Mugdha Varty,Bengaluru Urban,Zilla Panchayat,Street Lighting,1.67,Completed,15.080106326125154,Flagged by ML pattern only
W10116,Tanish Iyer,Salem,Municipal Corporation,Drainage System,12.58,Ongoing,15.074360189913522,Still ongoing 2+ years after sanction
W10175,Deepa Gala,Madurai,Zilla Panchayat,Drainage System,12.64,Ongoing,15.071932737879328,Still ongoing 2+ years after sanction
W11065,Ria Ratta,Madurai,Zilla Panchayat,School Building Repair,9.98,Ongoing,15.071657483006955,Still ongoing 2+ years after sanction
W12455,Pallavi Krish,Howrah,Zilla Panchayat,Street Lighting,1.16,Completed,15.069714431698191,Flagged by ML pattern only
W10274,Lucky Prashad,Dharwad,Zilla Panchayat,Drinking Water Supply,17.47,Ongoing,15.066014679667024,Still ongoing 2+ years after sanction
W11996,Yadavi Deshmukh,Madurai,Zilla Panchayat,Drainage System,9.07,Ongoing,15.064863476832745,Still ongoing 2+ years after sanction
W10012,Vrinda Biswas,Darjeeling,District Rural Development Agency,Street Lighting,5.3,Ongoing,15.061111423298978,Still ongoing 2+ years after sanction
W10747,Gaurav Chandra,Agra,Zilla Panchayat,School Building Repair,9.17,Ongoing,15.058276053720402,Still ongoing 2+ years after sanction
W11000,Jagat Mangat,Coimbatore,Municipal Corporation,Road Construction,24.18,Completed,15.057925253367987,Flagged by ML pattern only
W10523,Hemang Bava,Agra,District Rural Development Agency,School Building Repair,5.21,Ongoing,15.053023548312876,Still ongoing 2+ years after sanction
W11948,Yug Choudhry,Kanpur,Zilla Panchayat,Drainage System,15.15,Completed,15.051145509421525,Flagged by ML pattern only
W11437,Tanish Iyer,Nagpur,Public Works Department,Street Lighting,5.83,Completed,15.046755142141093,Flagged by ML pattern only
W10371,Odika Naik,Chennai,Public Works Department,Public Toilet Complex,5.26,Completed,15.044542605008852,Flagged by ML pattern only
W11914,Christopher Kadakia,Howrah,District Rural Development Agency,School Building Repair,4.79,Ongoing,15.042914919138667,Still ongoing 2+ years after sanction
W11101,Widisha Yohannan,Kolkata,Zilla Panchayat,School Building Repair,9.8,Completed,15.03126089443449,Flagged by ML pattern only
W10471,Deepa Gala,Nagpur,Municipal Corporation,Public Toilet Complex,6.39,Completed,15.019007723126435,Flagged by ML pattern only
W11465,Advaith Gole,Kanpur,State Housing Board,Street Lighting,3.47,Ongoing,15.018705560568375,Still ongoing 2+ years after sanction
W10493,Lucky Prashad,Kolkata,District Rural Development Agency,School Building Repair,7.67,Ongoing,15.016706611663704,Still ongoing 2+ years after sanction
W11206,Owen Bansal,Lucknow,Zilla Panchayat,Drainage System,12.68,Ongoing,15.013859259330797,Still ongoing 2+ years after sanction
W11784,Vanya Suresh,Lucknow,Municipal Corporation,Drainage System,16.71,Ongoing,15.010969468209442,Still ongoing 2+ years after sanction
W12163,Sanya Swamy,Thane,State Housing Board,Street Lighting,3.02,Completed,14.997322101615254,Flagged by ML pattern only
W10225,Eesha Memon,Varanasi,Municipal Corporation,Public Toilet Complex,3.12,Ongoing,14.996045679373747,Still ongoing 2+ years after sanction
W11401,Owen Bansal,Lucknow,State Housing Board,Drinking Water Supply,16.07,Ongoing,14.995447933531313,Still ongoing 2+ years after sanction
W11631,Deepa Gala,Howrah,State Housing Board,Public Toilet Complex,3.18,Ongoing,14.993237206513836,Still ongoing 2+ years after sanction
W10275,Meera Banerjee,Nashik,Public Works Department,Drinking Water Supply,13.65,Ongoing,14.981605820873114,Still ongoing 2+ years after sanction
W10455,Gabriel Thaman,Agra,Municipal Corporation,Public Toilet Complex,4.43,Completed,14.981446988040426,Flagged by ML pattern only
W10306,Yug Choudhry,Dharwad,Municipal Corporation,Public Toilet Complex,5.98,Completed,14.981022214502964,Flagged by ML pattern only
W10654,Owen Bala,Kolkata,Municipal Corporation,Drainage System,14.76,Ongoing,14.978641856309238,Still ongoing 2+ years after sanction
W10900,Yutika Rana,Kolkata,District Rural Development Agency,Drinking Water Supply,14.41,Ongoing,14.975673664360398,Still ongoing 2+ years after sanction
W11314,Harrison Kapur,Howrah,Municipal Corporation,School Building Repair,14.35,Completed,14.971864922129441,Flagged by ML pattern only
W10151,Lucky Prashad,Salem,Municipal Corporation,Community Health Center,11.5,Completed,14.969331729973693,Flagged by ML pattern only
W12519,Tanish Iyer,Mysuru,Municipal Corporation,Public Toilet Complex,3.49,Ongoing,14.965900715404935,Still ongoing 2+ years after sanction
W10262,Meera Banerjee,Asansol,District Rural Development Agency,Drinking Water Supply,4.74,Completed,14.962713471200004,Flagged by ML pattern only
W12000,Owen Bala,Lucknow,Municipal Corporation,Road Construction,7.77,Ongoing,14.960896402116052,Still ongoing 2+ years after sanction
W10835,Lucky Prashad,Nashik,Zilla Panchayat,Public Toilet Complex,6.5,Ongoing,14.958101088613851,Still ongoing 2+ years after sanction
W12318,Eesha Memon,Madurai,District Rural Development Agency,Drainage System,16.16,Ongoing,14.954663026697027,Still ongoing 2+ years after sanction
W12848,Vrinda Biswas,Kanpur,Municipal Corporation,Drinking Water Supply,14.96,Ongoing,14.953946018196657,Still ongoing 2+ years after sanction
W12671,Ria Ratta,Dharwad,Public Works Department,School Building Repair,5.94,Completed,14.951545249746937,Flagged by ML pattern only
W11574,Azaan Gupta,Kanpur,Public Works Department,Drainage System,14.55,Completed,14.948465768335087,Flagged by ML pattern only
W11405,Ekansh Sami,Nagpur,Public Works Department,Drainage System,4.63,Ongoing,14.94835075738338,Still ongoing 2+ years after sanction
W11021,Rayaan Mand,Asansol,District Rural Development Agency,Road Construction,16.53,Ongoing,14.945941196831306,Still ongoing 2+ years after sanction
W12018,Bachittar Choudhry,Pune,State Housing Board,School Building Repair,9.44,Completed,14.944199258981442,Flagged by ML pattern only
W11648,Krishna Pant,Asansol,Municipal Corporation,Street Lighting,2.71,Ongoing,14.943207103893329,Flagged by ML pattern only
W11480,Nicholas Gour,Pune,District Rural Development Agency,Drinking Water Supply,7.9,Completed,14.942994278059338,Flagged by ML pattern only
W12634,Christopher Kadakia,Darjeeling,District Rural Development Agency,School Building Repair,10.56,Completed,14.940590422811315,Flagged by ML pattern only
W10415,Triya Khatri,Thane,District Rural Development Agency,Drinking Water Supply,8.23,Ongoing,14.934952109722648,Still ongoing 2+ years after sanction
W11040,Onveer Kata,Chennai,Municipal Corporation,School Building Repair,7.73,Ongoing,14.928013081277696,Still ongoing 2+ years after sanction
W11889,Mugdha Varty,Salem,State Housing Board,Drainage System,14.31,Ongoing,14.926493762634438,Still ongoing 2+ years after sanction
W10208,Jagat Mangat,Agra,State Housing Board,School Building Repair,10.28,Ongoing,14.918902602895754,Still ongoing 2+ years after sanction
W11552,Yug Choudhry,Mysuru,District Rural Development Agency,School Building Repair,14.02,Completed,14.910051158382068,Flagged by ML pattern only
W12047,Victor Venkataraman,Kanpur,Zilla Panchayat,Public Toilet Complex,7.39,Completed,14.901780156205405,Flagged by ML pattern only
W11917,Azaan Gupta,Lucknow,District Rural Development Agency,Drainage System,15.57,Ongoing,14.890810803634595,Still ongoing 2+ years after sanction
W12286,Harrison Kapur,Varanasi,Municipal Corporation,Drinking Water Supply,11.55,Ongoing,14.888821249581216,Still ongoing 2+ years after sanction
W10273,Widisha Yohannan,Coimbatore,State Housing Board,Public Toilet Complex,5.75,Ongoing,14.884648370018189,Still ongoing 2+ years after sanction
W10868,Oliver Sarma,Nagpur,State Housing Board,Drainage System,13.58,Ongoing,14.87587057793074,Still ongoing 2+ years after sanction
W12957,Widisha Yohannan,Belagavi,Public Works Department,Public Toilet Complex,2.91,Ongoing,14.87104620398491,Still ongoing 2+ years after sanction
W11234,Tanish Iyer,Asansol,District Rural Development Agency,Drinking Water Supply,17.23,Completed,14.85825803926238,Flagged by ML pattern only
W12228,Deepa Gala,Pune,Zilla Panchayat,School Building Repair,10.86,Ongoing,14.854888283606275,Agency handles a disproportionate share of Pune's works
W10414,Owen Bala,Bengaluru Urban,Zilla Panchayat,Drainage System,11.61,Completed,14.853829528254835,Flagged by ML pattern only
W11688,Advaith Gole,Mysuru,Zilla Panchayat,Drainage System,3.56,Completed,14.85253013427639,Flagged by ML pattern only
W11646,Victor Venkataraman,Coimbatore,State Housing Board,Drainage System,9.94,Ongoing,14.850773044868001,Still ongoing 2+ years after sanction
W12757,Oliver Sarma,Varanasi,Public Works Department,Street Lighting,2.04,Completed,14.850146741728743,Flagged by ML pattern only
W12603,Sanya Swamy,Asansol,Public Works Department,Public Toilet Complex,5.58,Ongoing,14.846967221853184,Still ongoing 2+ years after sanction
W11785,Eesha Memon,Thane,District Rural Development Agency,Drinking Water Supply,11.86,Ongoing,14.844799433146566,Still ongoing 2+ years after sanction
W11340,Widisha Yohannan,Kanpur,Public Works Department,Community Health Center,10.03,Ongoing,14.835719016264354,Still ongoing 2+ years after sanction
W12661,Lucky Prashad,Chennai,State Housing Board,School Building Repair,6.23,Completed,14.835691921129026,Flagged by ML pattern only
W10229,Nicholas Gour,Coimbatore,Zilla Panchayat,School Building Repair,14.49,Ongoing,14.826001405283458,Still ongoing 2+ years after sanction
W12186,Christopher Kadakia,Salem,District Rural Development Agency,Drainage System,7.57,Ongoing,14.821532896931421,Still ongoing 2+ years after sanction
W10311,Harrison Kapur,Bengaluru Urban,District Rural Development Agency,Road Construction,12.47,Ongoing,14.819455548704209,Still ongoing 2+ years after sanction
W12819,Gabriel Thaman,Belagavi,Public Works Department,Public Toilet Complex,3.44,Ongoing,14.81733890810868,Still ongoing 2+ years after sanction
W12216,Odika Naik,Nagpur,Municipal Corporation,Road Construction,17.63,Completed,14.816033945209572,Flagged by ML pattern only
W12791,Rayaan Mand,Belagavi,Public Works Department,Drainage System,14.89,Ongoing,14.814500973918674,Still ongoing 2+ years after sanction
W12991,Victor Venkataraman,Varanasi,State Housing Board,Community Health Center,31.55,Completed,14.811520110703905,Flagged by ML pattern only
W12542,Ronith Zachariah,Dharwad,State Housing Board,Street Lighting,4.43,Completed,14.809887151552514,Flagged by ML pattern only
W12937,Gaurav Chandra,Howrah,Zilla Panchayat,Street Lighting,2.35,Completed,14.809264385200635,Flagged by ML pattern only
W10236,Vrinda Biswas,Agra,Zilla Panchayat,Drainage System,16.76,Ongoing,14.80326590404523,Still ongoing 2+ years after sanction
W12426,Ronith Zachariah,Thane,State Housing Board,Street Lighting,5.1,Completed,14.80220137,Flagged by ML pattern only
W11962,Tanish Iyer,Asansol,District Rural Development Agency,School Building Repair,13.77,Ongoing,14.801462198940134,Still ongoing 2+ years after sanction
W11332,Sanya Swamy,Darjeeling,Public Works Department,Road Construction,22.96,Completed,14.797308173643778,Flagged by ML pattern only
W11879,Meera Banerjee,Dharwad,Zilla Panchayat,Street Lighting,2.31,Completed,14.795980404611067,Flagged by ML pattern only
W11587,Meera Banerjee,Lucknow,Public Works Department,Road Construction,12.67,Ongoing,14.793443788817031,Still ongoing 2+ years after sanction
W10689,Sanya Swamy,Chennai,Public Works Department,School Building Repair,4.35,Ongoing,14.792448074060879,Still ongoing 2+ years after sanction
W11922,Vrinda Biswas,Mysuru,Public Works Department,Community Health Center,11.94,Ongoing,14.79163968569447,Still ongoing 2+ years after sanction
W12101,Vrinda Biswas,Belagavi,Municipal Corporation,Drinking Water Supply,11.8,Ongoing,14.790906153175527,Still ongoing 2+ years after sanction
W10403,Meera Banerjee,Agra,State Housing Board,Community Health Center,10.19,Ongoing,14.788299680609185,Still ongoing 2+ years after sanction
W11268,Vanya Suresh,Pune,State Housing Board,School Building Repair,9.63,Completed,14.78742227961976,Flagged by ML pattern only
W11388,Owen Bala,Coimbatore,Public Works Department,Public Toilet Complex,6.83,Ongoing,14.785930611026917,Still ongoing 2+ years after sanction
W10638,Vanya Suresh,Nagpur,District Rural Development Agency,Street Lighting,5.52,Ongoing,14.78304780493233,Still ongoing 2+ years after sanction
W10063,Vrinda Biswas,Mysuru,State Housing Board,School Building Repair,13.07,Ongoing,14.782216121142081,Still ongoing 2+ years after sanction
W12675,Widisha Yohannan,Howrah,Zilla Panchayat,Drinking Water Supply,16.46,Ongoing,14.782196277274355,Still ongoing 2+ years after sanction
W12283,Meera Banerjee,Coimbatore,Municipal Corporation,School Building Repair,10.01,Ongoing,14.780529385062039,Still ongoing 2+ years after sanction
W10128,Lucky Prashad,Bengaluru Urban,District Rural Development Agency,Drinking Water Supply,13.73,Ongoing,14.776117026997726,Still ongoing 2+ years after sanction
W12830,Varsha Morar,Coimbatore,Municipal Corporation,Public Toilet Complex,4.83,Completed,14.773794040094504,Flagged by ML pattern only
W12558,Yug Choudhry,Agra,Zilla Panchayat,Street Lighting,3.57,Ongoing,14.771884778973023,Still ongoing 2+ years after sanction
W11564,Yutika Rana,Nagpur,Zilla Panchayat,School Building Repair,4.14,Ongoing,14.77144646335252,Still ongoing 2+ years after sanction
W12623,Varsha Morar,Thane,Zilla Panchayat,Drainage System,16.44,Ongoing,14.766556359403504,Still ongoing 2+ years after sanction
W12903,Onveer Kata,Belagavi,District Rural Development Agency,Drainage System,15.36,Ongoing,14.76002939869315,Still ongoing 2+ years after sanction
W11319,Odika Naik,Bengaluru Urban,Zilla Panchayat,Drainage System,13.77,Ongoing,14.737550710985118,Still ongoing 2+ years after sanction
W12635,Varsha Morar,Thane,Zilla Panchayat,Drinking Water Supply,4.3,Ongoing,14.73737075685325,Still ongoing 2+ years after sanction
W10134,Onveer Kata,Howrah,Public Works Department,School Building Repair,10.88,Ongoing,14.733025314196173,Still ongoing 2+ years after sanction
W10084,Oliver Sarma,Varanasi,Municipal Corporation,Road Construction,13.1,Ongoing,14.73284885557361,Still ongoing 2+ years after sanction
W11356,Vanya Suresh,Lucknow,District Rural Development Agency,Community Health Center,22.99,Ongoing,14.731544138098602,Flagged by ML pattern only
W11422,Gaurav Chandra,Asansol,Public Works Department,Street Lighting,4.25,Completed,14.730481743458904,Flagged by ML pattern only
W11769,Mugdha Varty,Nagpur,Public Works Department,School Building Repair,11.85,Ongoing,14.728696227206976,Still ongoing 2+ years after sanction
W12103,Harrison Kapur,Mysuru,Public Works Department,Road Construction,14.69,Ongoing,14.727917392356071,Still ongoing 2+ years after sanction
W11094,Azaan Gupta,Bengaluru Urban,Municipal Corporation,School Building Repair,10.17,Ongoing,14.727013592145443,Still ongoing 2+ years after sanction
W10718,Meera Banerjee,Nashik,Zilla Panchayat,Road Construction,37.22,Ongoing,14.72615986368369,Flagged by ML pattern only
W11402,Owen Bansal,Varanasi,State Housing Board,Public Toilet Complex,3.8,Ongoing,14.724560505313638,Still ongoing 2+ years after sanction
W10853,Bachittar Choudhry,Dharwad,District Rural Development Agency,Drinking Water Supply,13.16,Ongoing,14.72296253,Still ongoing 2+ years after sanction
W10124,Oliver Sarma,Nashik,District Rural Development Agency,Drainage System,5.62,Ongoing,14.720022723604648,Still ongoing 2+ years after sanction
W11397,Victor Venkataraman,Mysuru,District Rural Development Agency,Public Toilet Complex,6.98,Ongoing,14.70879177698119,Still ongoing 2+ years after sanction
W10401,Bachittar Choudhry,Coimbatore,District Rural Development Agency,Drinking Water Supply,14.15,Ongoing,14.708568510536582,Still ongoing 2+ years after sanction
W12612,Advaith Gole,Coimbatore,Zilla Panchayat,Public Toilet Complex,2.03,Completed,14.708360692536955,Flagged by ML pattern only
W11491,Leena Butala,Asansol,Zilla Panchayat,Drainage System,9.11,Ongoing,14.707861491505147,Still ongoing 2+ years after sanction
W12737,Ria Ratta,Bengaluru Urban,State Housing Board,Drinking Water Supply,7.71,Ongoing,14.707022479882877,Still ongoing 2+ years after sanction
W12820,Varsha Morar,Kanpur,District Rural Development Agency,School Building Repair,12.83,Ongoing,14.703590098429462,Still ongoing 2+ years after sanction
W12498,Gabriel Thaman,Agra,Municipal Corporation,Drainage System,4.95,Ongoing,14.700291845240391,Still ongoing 2+ years after sanction
W11383,Ishwar Boase,Mysuru,State Housing Board,Drainage System,6.94,Ongoing,14.697786338047036,Still ongoing 2+ years after sanction
W10587,Mugdha Varty,Salem,Municipal Corporation,Public Toilet Complex,7.6,Ongoing,14.69773014033252,Still ongoing 2+ years after sanction
W11600,Victor Venkataraman,Lucknow,District Rural Development Agency,Drinking Water Supply,16.33,Ongoing,14.690249437289161,Still ongoing 2+ years after sanction
W12458,Harrison Kapur,Belagavi,Zilla Panchayat,Drainage System,11.45,Ongoing,14.687872752952941,Still ongoing 2+ years after sanction
W11516,Rayaan Mand,Dharwad,District Rural Development Agency,School Building Repair,4,Ongoing,14.680541591772036,Still ongoing 2+ years after sanction
W11398,Deepa Gala,Nagpur,Zilla Panchayat,Street Lighting,4.81,Completed,14.672312317126055,Flagged by ML pattern only
W10141,Meera Banerjee,Lucknow,Public Works Department,Road Construction,12.15,Ongoing,14.665946426734443,Still ongoing 2+ years after sanction
W12144,Mugdha Varty,Howrah,Zilla Panchayat,Road Construction,15.06,Ongoing,14.660140269762802,Still ongoing 2+ years after sanction
W11404,Vanya Suresh,Kanpur,Zilla Panchayat,School Building Repair,3.79,Completed,14.659534434233215,Flagged by ML pattern only
W10164,Ronith Zachariah,Asansol,State Housing Board,School Building Repair,12.8,Ongoing,14.652834022004463,Still ongoing 2+ years after sanction
W12004,Owen Bala,Thane,District Rural Development Agency,Road Construction,10.15,Ongoing,14.64287924,Still ongoing 2+ years after sanction
W10378,Bachittar Choudhry,Dharwad,Public Works Department,Road Construction,19.51,Completed,14.641816211432118,Flagged by ML pattern only
W11104,Ria Ratta,Pune,Municipal Corporation,Street Lighting,3.44,Ongoing,14.63938100072593,Still ongoing 2+ years after sanction
W11006,Odika Naik,Thane,Public Works Department,School Building Repair,3.41,Ongoing,14.639041729494592,Still ongoing 2+ years after sanction
W12648,Tanish Iyer,Darjeeling,State Housing Board,Community Health Center,22.24,Ongoing,14.637396049508125,Flagged by ML pattern only
W12597,Vanya Suresh,Salem,District Rural Development Agency,Road Construction,17.72,Completed,14.626663806650297,Flagged by ML pattern only
W11602,Deepa Gala,Darjeeling,State Housing Board,Drinking Water Supply,4.36,Ongoing,14.625663802594204,Still ongoing 2+ years after sanction
W12953,Eesha Memon,Dharwad,State Housing Board,Street Lighting,2.17,Completed,14.619816623767836,Flagged by ML pattern only
W10715,Odika Naik,Nashik,Public Works Department,Drinking Water Supply,11.29,Ongoing,14.617633464273295,Still ongoing 2+ years after sanction
W10960,Tanish Iyer,Varanasi,District Rural Development Agency,School Building Repair,6.34,Completed,14.615520780040459,Flagged by ML pattern only
W12703,Tanish Iyer,Chennai,Municipal Corporation,Street Lighting,2.73,Completed,14.613205451512943,Flagged by ML pattern only
W12195,Gaurav Chandra,Mysuru,Zilla Panchayat,Drainage System,12.81,Ongoing,14.611329970209667,Still ongoing 2+ years after sanction
W10361,Hemang Bava,Kolkata,District Rural Development Agency,Community Health Center,15.63,Ongoing,14.609392370989413,Still ongoing 2+ years after sanction
W10894,Oliver Sarma,Madurai,District Rural Development Agency,Road Construction,26.91,Completed,14.608838462544952,Flagged by ML pattern only
W10774,Ishwar Boase,Howrah,Public Works Department,Drinking Water Supply,11.4,Ongoing,14.607904730463725,Still ongoing 2+ years after sanction
W12295,Yug Choudhry,Lucknow,Zilla Panchayat,Drinking Water Supply,7.59,Ongoing,14.603485417225416,Still ongoing 2+ years after sanction
W10016,Varsha Morar,Dharwad,State Housing Board,Drainage System,4.04,Completed,14.601909691694667,Flagged by ML pattern only
W10707,Pallavi Krish,Pune,State Housing Board,Public Toilet Complex,4.87,Ongoing,14.597779283313631,Still ongoing 2+ years after sanction
W10697,Ishwar Boase,Coimbatore,State Housing Board,Drainage System,14.92,Ongoing,14.595541101329772,Still ongoing 2+ years after sanction
W12077,Azaan Gupta,Kolkata,Municipal Corporation,School Building Repair,14.89,Ongoing,14.594283725766706,Still ongoing 2+ years after sanction
W12968,Ekansh Sami,Belagavi,District Rural Development Agency,Drinking Water Supply,9.08,Ongoing,14.592258713177483,Still ongoing 2+ years after sanction
W12430,Gaurav Chandra,Mysuru,Zilla Panchayat,Drinking Water Supply,16.59,Ongoing,14.591903001496613,Still ongoing 2+ years after sanction
W11740,Nicholas Gour,Dharwad,State Housing Board,Drainage System,8.42,Ongoing,14.589548369238344,Still ongoing 2+ years after sanction
W11011,Nicholas Gour,Kolkata,District Rural Development Agency,Drainage System,14.29,Ongoing,14.575033345136335,Still ongoing 2+ years after sanction
W10595,Harrison Kapur,Salem,State Housing Board,School Building Repair,8.07,Ongoing,14.565643870499242,Still ongoing 2+ years after sanction
W12591,Odika Naik,Darjeeling,District Rural Development Agency,Street Lighting,2.69,Completed,14.565368301922149,Flagged by ML pattern only
W10855,Ishwar Boase,Belagavi,Municipal Corporation,Street Lighting,3.91,Ongoing,14.565068616202202,Still ongoing 2+ years after sanction
W12906,Mugdha Varty,Kanpur,District Rural Development Agency,Street Lighting,5.58,Completed,14.564274019102639,Flagged by ML pattern only
W10235,Ria Ratta,Bengaluru Urban,Zilla Panchayat,Community Health Center,11.27,Ongoing,14.564213685369502,Still ongoing 2+ years after sanction
W12892,Lucky Prashad,Thane,Public Works Department,Drinking Water Supply,12.97,Completed,14.564105901645497,Flagged by ML pattern only
W10818,Widisha Yohannan,Kolkata,District Rural Development Agency,Drinking Water Supply,11.49,Ongoing,14.562061733025836,Still ongoing 2+ years after sanction
W11624,Yadavi Deshmukh,Dharwad,Municipal Corporation,School Building Repair,13.83,Ongoing,14.56178198008452,Still ongoing 2+ years after sanction
W12421,Deepa Gala,Pune,Public Works Department,Street Lighting,3.69,Ongoing,14.555126096360205,Still ongoing 2+ years after sanction
W12916,Eesha Memon,Howrah,State Housing Board,Drainage System,7.77,Ongoing,14.55067020517265,Still ongoing 2+ years after sanction
W12746,Christopher Kadakia,Salem,Public Works Department,Drainage System,16.46,Ongoing,14.547584606259752,Still ongoing 2+ years after sanction
W12275,Meera Banerjee,Nagpur,Municipal Corporation,Road Construction,16.33,Completed,14.545038209782598,Flagged by ML pattern only
W12907,Gaurav Chandra,Lucknow,State Housing Board,Drinking Water Supply,17.65,Completed,14.543791081578803,Flagged by ML pattern only
W11754,Ronith Zachariah,Thane,Municipal Corporation,School Building Repair,11.26,Ongoing,14.543060596502468,Still ongoing 2+ years after sanction
W11562,Tanish Iyer,Agra,Zilla Panchayat,Drainage System,16.49,Completed,14.540159214723602,Flagged by ML pattern only
W12725,Azaan Gupta,Varanasi,District Rural Development Agency,School Building Repair,3.76,Ongoing,14.534647925046368,Still ongoing 2+ years after sanction
W12644,Ekansh Sami,Agra,Public Works Department,Public Toilet Complex,6.19,Ongoing,14.531743453669552,Still ongoing 2+ years after sanction
W10637,Hemang Bava,Salem,State Housing Board,Road Construction,25.94,Completed,14.525605923626959,Flagged by ML pattern only
W12826,Krishna Pant,Madurai,Public Works Department,Public Toilet Complex,6.82,Ongoing,14.525394186049812,Still ongoing 2+ years after sanction
W11509,Jagat Mangat,Chennai,Municipal Corporation,School Building Repair,10.92,Ongoing,14.519508540949339,Still ongoing 2+ years after sanction
W11626,Advaith Gole,Kanpur,Municipal Corporation,Drainage System,8.65,Ongoing,14.514765454897233,Still ongoing 2+ years after sanction
W12523,Varsha Morar,Chennai,Public Works Department,Community Health Center,28.83,Ongoing,14.513201908024307,Flagged by ML pattern only
W11300,Yutika Rana,Dharwad,Public Works Department,School Building Repair,12.08,Completed,14.511400890348677,Flagged by ML pattern only
W12207,Krishna Pant,Madurai,State Housing Board,Community Health Center,14.23,Ongoing,14.506313871822467,Still ongoing 2+ years after sanction
W11151,Sanya Swamy,Pune,State Housing Board,Drinking Water Supply,4.29,Ongoing,14.505601787665183,Still ongoing 2+ years after sanction
W12958,Azaan Gupta,Chennai,State Housing Board,Drainage System,13.19,Ongoing,14.504685611037003,Still ongoing 2+ years after sanction
W12151,Pallavi Krish,Madurai,State Housing Board,School Building Repair,7.15,Ongoing,14.504084011609397,Still ongoing 2+ years after sanction
W12842,Ria Ratta,Kanpur,Municipal Corporation,Drinking Water Supply,9.05,Ongoing,14.503558261946171,Still ongoing 2+ years after sanction
W12895,Victor Venkataraman,Thane,Municipal Corporation,Public Toilet Complex,4.32,Ongoing,14.499008275123263,Still ongoing 2+ years after sanction
W12736,Onveer Kata,Agra,State Housing Board,School Building Repair,5.47,Ongoing,14.492097836500678,Still ongoing 2+ years after sanction
W12944,Rayaan Mand,Belagavi,Municipal Corporation,Drainage System,5.5,Completed,14.480482615447844,Flagged by ML pattern only
W11417,Yamini Chand,Belagavi,Zilla Panchayat,Drainage System,8.42,Ongoing,14.480475421815768,Still ongoing 2+ years after sanction
W12808,Owen Bansal,Belagavi,District Rural Development Agency,Street Lighting,5.49,Ongoing,14.475754375932686,Still ongoing 2+ years after sanction
W10068,Onveer Kata,Varanasi,Zilla Panchayat,Public Toilet Complex,7.35,Ongoing,14.472751341130717,Still ongoing 2+ years after sanction
W11690,Azaan Gupta,Darjeeling,State Housing Board,Public Toilet Complex,5.99,Ongoing,14.47244975672633,Still ongoing 2+ years after sanction
W12059,Ria Ratta,Salem,District Rural Development Agency,School Building Repair,11.22,Ongoing,14.459979324457557,Still ongoing 2+ years after sanction
W12347,Leena Butala,Lucknow,District Rural Development Agency,School Building Repair,12.03,Ongoing,14.456163898258165,Still ongoing 2+ years after sanction
W11802,Meera Banerjee,Nagpur,Municipal Corporation,School Building Repair,14.64,Ongoing,14.454790918471161,Still ongoing 2+ years after sanction
W11599,Onveer Kata,Kanpur,Public Works Department,Road Construction,6.87,Ongoing,14.45393602859033,Still ongoing 2+ years after sanction
W10998,Christopher Kadakia,Belagavi,Zilla Panchayat,Drainage System,13.6,Ongoing,14.453566186136968,Still ongoing 2+ years after sanction
W11685,Eesha Memon,Salem,Municipal Corporation,Public Toilet Complex,6.34,Ongoing,14.453248096702364,Still ongoing 2+ years after sanction
W12116,Meera Banerjee,Belagavi,Zilla Panchayat,School Building Repair,6.07,Ongoing,14.451390070006244,Still ongoing 2+ years after sanction
W10749,Nicholas Gour,Lucknow,State Housing Board,Community Health Center,21.34,Completed,14.450635365845883,Flagged by ML pattern only
W11244,Odika Naik,Kanpur,Public Works Department,School Building Repair,10.56,Completed,14.446859663702336,Flagged by ML pattern only
W12607,Jagat Mangat,Asansol,State Housing Board,Drinking Water Supply,14.07,Ongoing,14.445426506465047,Still ongoing 2+ years after sanction
W11697,Krishna Pant,Coimbatore,Municipal Corporation,Street Lighting,5.02,Ongoing,14.444429193362527,Still ongoing 2+ years after sanction
W11645,Nicholas Gour,Nagpur,Municipal Corporation,Drainage System,14.55,Ongoing,14.441216145883327,Still ongoing 2+ years after sanction
W10911,Leena Butala,Nashik,Public Works Department,Drainage System,11.32,Ongoing,14.44096313136396,Still ongoing 2+ years after sanction
W10482,Krishna Pant,Coimbatore,Zilla Panchayat,Public Toilet Complex,6.11,Completed,14.439321156122435,Flagged by ML pattern only
W11615,Odika Naik,Kolkata,District Rural Development Agency,Drainage System,5.87,Completed,14.438616949942082,Flagged by ML pattern only
W12259,Ishwar Boase,Salem,State Housing Board,Drinking Water Supply,5.2,Ongoing,14.435116985935633,Still ongoing 2+ years after sanction
W11258,Mugdha Varty,Lucknow,Municipal Corporation,School Building Repair,4.45,Completed,14.434361230776702,Flagged by ML pattern only
W11243,Owen Bala,Belagavi,District Rural Development Agency,Street Lighting,3.76,Ongoing,14.433510647930529,Still ongoing 2+ years after sanction
W10790,Harrison Kapur,Kolkata,State Housing Board,Road Construction,10.52,Completed,14.43251977812434,Flagged by ML pattern only
W12716,Deepa Gala,Lucknow,State Housing Board,Drinking Water Supply,8.7,Ongoing,14.432074589048943,Still ongoing 2+ years after sanction
W11143,Krishna Pant,Agra,Municipal Corporation,Community Health Center,26.95,Completed,14.428582891881627,Flagged by ML pattern only
W11517,Bachittar Choudhry,Lucknow,Public Works Department,Public Toilet Complex,7.6,Ongoing,14.420914042276712,Still ongoing 2+ years after sanction
W12764,Victor Venkataraman,Chennai,Public Works Department,Drainage System,14.32,Ongoing,14.416801506684129,Still ongoing 2+ years after sanction
W11838,Gabriel Thaman,Madurai,District Rural Development Agency,Public Toilet Complex,7.39,Ongoing,14.400366654074304,Still ongoing 2+ years after sanction
W10619,Vrinda Biswas,Dharwad,Municipal Corporation,School Building Repair,7.46,Ongoing,14.390355691767967,Still ongoing 2+ years after sanction
W11505,Tanish Iyer,Pune,State Housing Board,Drinking Water Supply,18.27,Completed,14.385557268497777,Flagged by ML pattern only
W11529,Yutika Rana,Kanpur,Public Works Department,Public Toilet Complex,5.18,Ongoing,14.384086373796636,Still ongoing 2+ years after sanction
W11897,Victor Venkataraman,Pune,State Housing Board,School Building Repair,7.4,Ongoing,14.381584961600641,Still ongoing 2+ years after sanction
W12533,Yamini Chand,Asansol,Municipal Corporation,School Building Repair,3.02,Ongoing,14.379123586575464,Flagged by ML pattern only
W10735,Gabriel Thaman,Madurai,Municipal Corporation,Drinking Water Supply,14.97,Ongoing,14.377296819660842,Still ongoing 2+ years after sanction
W11998,Harrison Kapur,Dharwad,District Rural Development Agency,School Building Repair,13.27,Ongoing,14.374795712144685,Still ongoing 2+ years after sanction
W12105,Gabriel Thaman,Kolkata,District Rural Development Agency,Community Health Center,23.42,Completed,14.366091577185262,Flagged by ML pattern only
W10340,Owen Bala,Varanasi,Municipal Corporation,Community Health Center,14.83,Ongoing,14.36372449386538,Still ongoing 2+ years after sanction
W11391,Gabriel Thaman,Agra,State Housing Board,Public Toilet Complex,3.01,Completed,14.360435313041933,Flagged by ML pattern only
W10765,Gaurav Chandra,Bengaluru Urban,Municipal Corporation,Drainage System,7.57,Ongoing,14.356547310694193,Still ongoing 2+ years after sanction
W10551,Mugdha Varty,Darjeeling,Municipal Corporation,Drinking Water Supply,10.56,Completed,14.354949309894137,Flagged by ML pattern only
W11727,Varsha Morar,Belagavi,Zilla Panchayat,Drainage System,8.84,Completed,14.353696578747227,Flagged by ML pattern only
W11344,Advaith Gole,Madurai,Zilla Panchayat,Drainage System,13.12,Completed,14.351819720730663,Flagged by ML pattern only
W11343,Jagat Mangat,Agra,District Rural Development Agency,Public Toilet Complex,3.46,Ongoing,14.349261264903344,Still ongoing 2+ years after sanction
W12386,Krishna Pant,Dharwad,Municipal Corporation,Public Toilet Complex,4.58,Ongoing,14.348240875840848,Still ongoing 2+ years after sanction
W11335,Eesha Memon,Mysuru,Zilla Panchayat,Drinking Water Supply,8.9,Completed,14.342008564549895,Flagged by ML pattern only
W11322,Gabriel Thaman,Belagavi,Municipal Corporation,Drainage System,13.08,Ongoing,14.34120223759109,Still ongoing 2+ years after sanction
W12351,Mugdha Varty,Coimbatore,Public Works Department,Community Health Center,12.15,Ongoing,14.340779256699241,Still ongoing 2+ years after sanction
W12580,Lucky Prashad,Varanasi,State Housing Board,Drinking Water Supply,15.49,Ongoing,14.340260669779745,Still ongoing 2+ years after sanction
W12011,Pallavi Krish,Pune,State Housing Board,School Building Repair,13.41,Completed,14.336178971283596,Flagged by ML pattern only
W12630,Yug Choudhry,Dharwad,Public Works Department,Drainage System,7.27,Ongoing,14.333103252373238,Still ongoing 2+ years after sanction
W10598,Eesha Memon,Bengaluru Urban,Municipal Corporation,Road Construction,29.72,Completed,14.332576459293987,Flagged by ML pattern only
W12342,Vanya Suresh,Asansol,Public Works Department,Road Construction,29.06,Completed,14.330155068629095,Flagged by ML pattern only
W12065,Lucky Prashad,Varanasi,Zilla Panchayat,Drinking Water Supply,5.28,Ongoing,14.325644575147644,Still ongoing 2+ years after sanction
W12739,Odika Naik,Madurai,District Rural Development Agency,School Building Repair,5.68,Ongoing,14.323546245601383,Still ongoing 2+ years after sanction
W10871,Tanish Iyer,Chennai,Zilla Panchayat,School Building Repair,6.68,Ongoing,14.322894048046201,Still ongoing 2+ years after sanction
W11861,Bachittar Choudhry,Chennai,Zilla Panchayat,Drainage System,8.03,Ongoing,14.321308555840961,Still ongoing 2+ years after sanction
W11726,Pallavi Krish,Bengaluru Urban,Public Works Department,Road Construction,10.68,Ongoing,14.318048393302394,Still ongoing 2+ years after sanction
W11390,Ria Ratta,Agra,Municipal Corporation,Street Lighting,5.5,Ongoing,14.306029549597499,Still ongoing 2+ years after sanction
W11925,Yutika Rana,Salem,State Housing Board,School Building Repair,5.38,Ongoing,14.305377687818055,Still ongoing 2+ years after sanction
W12212,Gaurav Chandra,Lucknow,State Housing Board,School Building Repair,11.36,Completed,14.299386614482387,Flagged by ML pattern only
W12107,Lucky Prashad,Kolkata,Public Works Department,Street Lighting,3.69,Completed,14.296046247114214,Flagged by ML pattern only
W10372,Christopher Kadakia,Lucknow,Municipal Corporation,Drinking Water Supply,11.04,Ongoing,14.29550989332184,Still ongoing 2+ years after sanction
W12415,Jagat Mangat,Bengaluru Urban,Municipal Corporation,School Building Repair,10.82,Ongoing,14.294534848043842,Still ongoing 2+ years after sanction
W12319,Tanish Iyer,Mysuru,Public Works Department,Drainage System,10.62,Ongoing,14.286372715739663,Still ongoing 2+ years after sanction
W11926,Leena Butala,Agra,District Rural Development Agency,Drinking Water Supply,7.33,Ongoing,14.286062577033535,Still ongoing 2+ years after sanction
W12524,Bachittar Choudhry,Asansol,Municipal Corporation,Community Health Center,10.96,Completed,14.282952197118124,Flagged by ML pattern only
W11560,Meera Banerjee,Salem,Zilla Panchayat,Drinking Water Supply,15.88,Ongoing,14.274026258116104,Still ongoing 2+ years after sanction
W10941,Victor Venkataraman,Dharwad,Public Works Department,Public Toilet Complex,7.67,Ongoing,14.268183370530217,Still ongoing 2+ years after sanction
W10884,Gaurav Chandra,Salem,Zilla Panchayat,Drainage System,12.02,Completed,14.260565359918779,Flagged by ML pattern only
W10577,Gaurav Chandra,Kolkata,Municipal Corporation,Drinking Water Supply,6.73,Ongoing,14.257282285326507,Still ongoing 2+ years after sanction
W10942,Meera Banerjee,Agra,Municipal Corporation,Drainage System,11.29,Completed,14.257207085978393,Flagged by ML pattern only
W11102,Deepa Gala,Kolkata,Municipal Corporation,Community Health Center,13.76,Ongoing,14.253896159829111,Still ongoing 2+ years after sanction
W11174,Pallavi Krish,Agra,Municipal Corporation,Drinking Water Supply,4.33,Completed,14.252952241890505,Flagged by ML pattern only
W10760,Vanya Suresh,Nashik,District Rural Development Agency,Public Toilet Complex,4.33,Completed,14.251468737869459,Flagged by ML pattern only
W11012,Nicholas Gour,Varanasi,State Housing Board,Road Construction,6.37,Ongoing,14.249509571615462,Still ongoing 2+ years after sanction
W12559,Azaan Gupta,Belagavi,State Housing Board,Road Construction,13.65,Ongoing,14.243319928164901,Still ongoing 2+ years after sanction
W11285,Victor Venkataraman,Belagavi,State Housing Board,Drinking Water Supply,16.27,Completed,14.238771384750729,Flagged by ML pattern only
W12682,Owen Bala,Madurai,Zilla Panchayat,Street Lighting,5.94,Ongoing,14.235761455705575,Still ongoing 2+ years after sanction
W11224,Krishna Pant,Mysuru,Zilla Panchayat,Street Lighting,4.04,Completed,14.235515233327025,Flagged by ML pattern only
W10902,Sanya Swamy,Darjeeling,State Housing Board,Drinking Water Supply,10.74,Ongoing,14.231534507628693,Still ongoing 2+ years after sanction
W11087,Gabriel Thaman,Kanpur,Municipal Corporation,Public Toilet Complex,5.16,Ongoing,14.229444081841011,Still ongoing 2+ years after sanction
W10186,Harrison Kapur,Darjeeling,Zilla Panchayat,Public Toilet Complex,7.5,Ongoing,14.227018114794149,Still ongoing 2+ years after sanction
W10803,Owen Bala,Varanasi,Zilla Panchayat,Public Toilet Complex,4.16,Ongoing,14.226372947109212,Still ongoing 2+ years after sanction
W10837,Yadavi Deshmukh,Belagavi,Public Works Department,Drinking Water Supply,9.71,Completed,14.224574798011174,Flagged by ML pattern only
W12496,Rayaan Mand,Bengaluru Urban,District Rural Development Agency,Street Lighting,2.11,Completed,14.214054552966969,Flagged by ML pattern only
W10114,Jagat Mangat,Varanasi,District Rural Development Agency,Public Toilet Complex,7.22,Ongoing,14.213566893651068,Still ongoing 2+ years after sanction
W11728,Gaurav Chandra,Thane,District Rural Development Agency,Drainage System,11.8,Completed,14.210407165657925,Flagged by ML pattern only
W11466,Leena Butala,Asansol,Zilla Panchayat,Street Lighting,3.59,Completed,14.200119458179245,Flagged by ML pattern only
W11272,Sanya Swamy,Coimbatore,Zilla Panchayat,Street Lighting,2.68,Completed,14.200110958417518,Flagged by ML pattern only
W12495,Gaurav Chandra,Nashik,State Housing Board,Drainage System,6.01,Ongoing,14.196475231875855,Still ongoing 2+ years after sanction
W11059,Yamini Chand,Nagpur,State Housing Board,Street Lighting,4.48,Ongoing,14.193681382004954,Still ongoing 2+ years after sanction
W10201,Tanish Iyer,Coimbatore,State Housing Board,Drainage System,5.39,Ongoing,14.186424279706308,Still ongoing 2+ years after sanction
W10320,Oliver Sarma,Asansol,Public Works Department,Drinking Water Supply,12.74,Completed,14.185227056334732,Flagged by ML pattern only
W11045,Vrinda Biswas,Lucknow,State Housing Board,Public Toilet Complex,6.38,Ongoing,14.18441961544559,Still ongoing 2+ years after sanction
W12898,Hemang Bava,Bengaluru Urban,Public Works Department,Drainage System,3.52,Completed,14.18359288919202,Flagged by ML pattern only
W10794,Ekansh Sami,Asansol,District Rural Development Agency,Street Lighting,2.3,Completed,14.181077052575047,Flagged by ML pattern only
W11721,Ishwar Boase,Thane,Municipal Corporation,Road Construction,8.48,Ongoing,14.179192021608456,Still ongoing 2+ years after sanction
W11481,Ria Ratta,Howrah,State Housing Board,Community Health Center,17.44,Completed,14.174620203444002,Flagged by ML pattern only
W12198,Rayaan Mand,Varanasi,Public Works Department,Public Toilet Complex,7.23,Ongoing,14.17429764849673,Still ongoing 2+ years after sanction
W11150,Krishna Pant,Lucknow,District Rural Development Agency,Drinking Water Supply,10.74,Ongoing,14.16637240713826,Still ongoing 2+ years after sanction
W12733,Tanish Iyer,Nagpur,State Housing Board,Road Construction,11.48,Ongoing,14.153781085662429,Still ongoing 2+ years after sanction
W12846,Mugdha Varty,Salem,District Rural Development Agency,Street Lighting,5.64,Completed,14.150760601698204,Flagged by ML pattern only
W11984,Odika Naik,Dharwad,District Rural Development Agency,Drinking Water Supply,10.62,Ongoing,14.150711756391747,Still ongoing 2+ years after sanction
W12948,Ishwar Boase,Varanasi,Municipal Corporation,Drinking Water Supply,17.26,Completed,14.150076942567807,Flagged by ML pattern only
W11609,Yadavi Deshmukh,Darjeeling,Municipal Corporation,School Building Repair,6.99,Ongoing,14.142267578231204,Still ongoing 2+ years after sanction
W12413,Leena Butala,Howrah,Public Works Department,Community Health Center,23.55,Completed,14.138248273248232,Flagged by ML pattern only
W10147,Leena Butala,Kolkata,Municipal Corporation,Street Lighting,3.55,Ongoing,14.137401727459022,Still ongoing 2+ years after sanction
W12992,Yamini Chand,Kanpur,State Housing Board,Road Construction,5.99,Ongoing,14.129031498704578,Still ongoing 2+ years after sanction
W12841,Rayaan Mand,Agra,Zilla Panchayat,Drinking Water Supply,6.94,Ongoing,14.122072695991584,Still ongoing 2+ years after sanction
W12837,Pallavi Krish,Howrah,District Rural Development Agency,Drainage System,6.65,Ongoing,14.121256349066323,Still ongoing 2+ years after sanction
W10522,Ekansh Sami,Madurai,Municipal Corporation,Street Lighting,4.22,Ongoing,14.118386022767412,Still ongoing 2+ years after sanction
W10714,Christopher Kadakia,Howrah,Municipal Corporation,Drainage System,7.6,Ongoing,14.114774675240607,Still ongoing 2+ years after sanction
W11294,Yamini Chand,Agra,District Rural Development Agency,Drinking Water Supply,16.2,Completed,14.10696778209136,Flagged by ML pattern only
W11144,Owen Bala,Kanpur,District Rural Development Agency,Street Lighting,2.76,Completed,14.102269229137114,Flagged by ML pattern only
W12143,Lucky Prashad,Nagpur,Zilla Panchayat,School Building Repair,10.68,Ongoing,14.096509160054355,Still ongoing 2+ years after sanction
W11704,Meera Banerjee,Darjeeling,Zilla Panchayat,Drinking Water Supply,14.46,Ongoing,14.090547393390882,Still ongoing 2+ years after sanction
W11459,Meera Banerjee,Lucknow,Public Works Department,Public Toilet Complex,6.44,Ongoing,14.087033024282402,Still ongoing 2+ years after sanction
W11106,Krishna Pant,Mysuru,District Rural Development Agency,Public Toilet Complex,6.93,Completed,14.08669533453524,Flagged by ML pattern only
W10864,Eesha Memon,Nagpur,Zilla Panchayat,Street Lighting,4.18,Ongoing,14.083398886068085,Still ongoing 2+ years after sanction
W10546,Triya Khatri,Varanasi,District Rural Development Agency,Public Toilet Complex,2.81,Completed,14.081483116871361,Flagged by ML pattern only
W12704,Odika Naik,Kanpur,Zilla Panchayat,Drinking Water Supply,8.67,Ongoing,14.080992214204699,Still ongoing 2+ years after sanction
W11186,Yamini Chand,Coimbatore,Public Works Department,Road Construction,29.96,Completed,14.08060564,Flagged by ML pattern only
W12302,Gaurav Chandra,Kolkata,State Housing Board,Drainage System,5.06,Completed,14.069665416340682,Flagged by ML pattern only
W11177,Yadavi Deshmukh,Madurai,Municipal Corporation,Public Toilet Complex,4.92,Ongoing,14.06670946395354,Still ongoing 2+ years after sanction
W11525,Rayaan Mand,Madurai,Public Works Department,Public Toilet Complex,4.73,Ongoing,14.06494642485398,Still ongoing 2+ years after sanction
W12020,Krishna Pant,Howrah,Municipal Corporation,Drainage System,10.19,Ongoing,14.050743199698358,Still ongoing 2+ years after sanction
W10869,Ekansh Sami,Dharwad,Municipal Corporation,Drainage System,17.01,Completed,14.048541228998523,Flagged by ML pattern only
W12115,Vrinda Biswas,Salem,Public Works Department,School Building Repair,8.44,Ongoing,14.045571473115846,Still ongoing 2+ years after sanction
W10312,Deepa Gala,Bengaluru Urban,District Rural Development Agency,Public Toilet Complex,4.06,Ongoing,14.044527179866202,Still ongoing 2+ years after sanction
W11826,Ekansh Sami,Asansol,Zilla Panchayat,Drainage System,12.37,Completed,14.043434521127034,Flagged by ML pattern only
W10738,Mugdha Varty,Bengaluru Urban,District Rural Development Agency,Drainage System,4.97,Ongoing,14.043226365686053,Still ongoing 2+ years after sanction
W10397,Owen Bala,Nashik,Municipal Corporation,School Building Repair,11.93,Ongoing,14.042263906085468,Still ongoing 2+ years after sanction
W12833,Rayaan Mand,Dharwad,Zilla Panchayat,Public Toilet Complex,6.96,Ongoing,14.034757621848224,Still ongoing 2+ years after sanction
W10816,Odika Naik,Varanasi,District Rural Development Agency,Street Lighting,4,Ongoing,14.034675836413218,Still ongoing 2+ years after sanction
W11352,Rayaan Mand,Chennai,Zilla Panchayat,Drainage System,5.68,Completed,14.032936347732203,Flagged by ML pattern only
W12453,Bachittar Choudhry,Howrah,Zilla Panchayat,School Building Repair,5.22,Ongoing,14.032386821190753,Still ongoing 2+ years after sanction
W10382,Meera Banerjee,Salem,District Rural Development Agency,Drainage System,13.44,Ongoing,14.025478870410685,Still ongoing 2+ years after sanction
W11893,Vrinda Biswas,Nashik,State Housing Board,Drinking Water Supply,14.23,Ongoing,14.020959772993267,Still ongoing 2+ years after sanction
W11232,Ria Ratta,Chennai,State Housing Board,School Building Repair,13.94,Ongoing,14.020629384719836,Still ongoing 2+ years after sanction
W10922,Odika Naik,Agra,Zilla Panchayat,Community Health Center,24.7,Completed,14.005563516395146,Flagged by ML pattern only
W10477,Ronith Zachariah,Nagpur,District Rural Development Agency,Drinking Water Supply,13.63,Ongoing,14.004732849163087,Still ongoing 2+ years after sanction
W11273,Azaan Gupta,Lucknow,Municipal Corporation,Public Toilet Complex,6.77,Completed,14.001284459334967,Flagged by ML pattern only
W12847,Eesha Memon,Agra,State Housing Board,Public Toilet Complex,4.95,Ongoing,13.99775868012311,Still ongoing 2+ years after sanction
W11543,Owen Bansal,Lucknow,Zilla Panchayat,Street Lighting,5.46,Ongoing,13.99730924581843,Still ongoing 2+ years after sanction
W10815,Krishna Pant,Howrah,Municipal Corporation,Drinking Water Supply,14.65,Completed,13.996248082960584,Flagged by ML pattern only
W10686,Eesha Memon,Nagpur,State Housing Board,School Building Repair,10.68,Ongoing,13.990002585872318,Still ongoing 2+ years after sanction
W10788,Tanish Iyer,Mysuru,District Rural Development Agency,Public Toilet Complex,3.57,Ongoing,13.987916555524373,Still ongoing 2+ years after sanction
W11306,Pallavi Krish,Asansol,State Housing Board,Drinking Water Supply,5.52,Ongoing,13.978504494779013,Still ongoing 2+ years after sanction
W11155,Yutika Rana,Bengaluru Urban,Municipal Corporation,School Building Repair,4.26,Ongoing,13.971535320766433,Still ongoing 2+ years after sanction
W12659,Victor Venkataraman,Thane,State Housing Board,School Building Repair,3.55,Ongoing,13.970593896693174,Still ongoing 2+ years after sanction
W12810,Triya Khatri,Salem,Public Works Department,Drainage System,15.56,Completed,13.968919994342151,Flagged by ML pattern only
W11643,Yutika Rana,Madurai,Municipal Corporation,Street Lighting,3.57,Ongoing,13.964025878227545,Still ongoing 2+ years after sanction
W12897,Triya Khatri,Salem,State Housing Board,Street Lighting,2.67,Completed,13.96149569632071,Flagged by ML pattern only
W10305,Gabriel Thaman,Varanasi,Municipal Corporation,Public Toilet Complex,7.62,Ongoing,13.958085985387747,Still ongoing 2+ years after sanction
W11992,Eesha Memon,Darjeeling,Zilla Panchayat,School Building Repair,3.56,Ongoing,13.95607016685696,Still ongoing 2+ years after sanction
W11286,Yadavi Deshmukh,Coimbatore,Zilla Panchayat,School Building Repair,13.06,Ongoing,13.95025216410038,Still ongoing 2+ years after sanction
W11603,Bachittar Choudhry,Agra,Zilla Panchayat,Road Construction,6.3,Ongoing,13.948136720396795,Still ongoing 2+ years after sanction
W10073,Nicholas Gour,Lucknow,Zilla Panchayat,Road Construction,15.3,Ongoing,13.938219162094962,Still ongoing 2+ years after sanction
W11489,Yutika Rana,Belagavi,District Rural Development Agency,Street Lighting,1.6,Completed,13.932473975863767,Flagged by ML pattern only
W10040,Widisha Yohannan,Dharwad,Zilla Panchayat,Drainage System,3.58,Completed,13.929855960538625,Flagged by ML pattern only
W11899,Krishna Pant,Nagpur,District Rural Development Agency,Street Lighting,1.72,Completed,13.926694345888265,Flagged by ML pattern only
W10286,Odika Naik,Bengaluru Urban,District Rural Development Agency,Drainage System,8.15,Ongoing,13.92379172913385,Still ongoing 2+ years after sanction
W10750,Gabriel Thaman,Varanasi,District Rural Development Agency,Drainage System,9.42,Ongoing,13.920233350713444,Still ongoing 2+ years after sanction
W11983,Onveer Kata,Chennai,District Rural Development Agency,Street Lighting,3.71,Ongoing,13.919464688099373,Still ongoing 2+ years after sanction
W10395,Widisha Yohannan,Nashik,State Housing Board,Public Toilet Complex,6.28,Ongoing,13.91628466090021,Still ongoing 2+ years after sanction
W11131,Eesha Memon,Nashik,District Rural Development Agency,School Building Repair,4.12,Ongoing,13.916069779077949,Still ongoing 2+ years after sanction
W11454,Eesha Memon,Howrah,Public Works Department,Drinking Water Supply,6.54,Ongoing,13.913317940079482,Still ongoing 2+ years after sanction
W12593,Onveer Kata,Coimbatore,District Rural Development Agency,Street Lighting,5.52,Ongoing,13.911322509060879,Still ongoing 2+ years after sanction
W11336,Yadavi Deshmukh,Agra,Public Works Department,Public Toilet Complex,4.4,Ongoing,13.909933192972337,Still ongoing 2+ years after sanction
W12449,Bachittar Choudhry,Mysuru,Public Works Department,Street Lighting,5.28,Ongoing,13.909286443714777,Still ongoing 2+ years after sanction
W10843,Onveer Kata,Mysuru,Municipal Corporation,Drainage System,15.14,Ongoing,13.90480390325493,Still ongoing 2+ years after sanction
W11617,Oliver Sarma,Madurai,Municipal Corporation,Community Health Center,25,Completed,13.895759858751433,Flagged by ML pattern only
W12600,Onveer Kata,Thane,District Rural Development Agency,Drainage System,3.13,Completed,13.89101924460397,Flagged by ML pattern only
W11118,Krishna Pant,Lucknow,Public Works Department,Road Construction,12.65,Ongoing,13.888542705726412,Still ongoing 2+ years after sanction
W10795,Onveer Kata,Agra,District Rural Development Agency,Drainage System,13.1,Ongoing,13.88748720824449,Still ongoing 2+ years after sanction
W12255,Oliver Sarma,Nashik,District Rural Development Agency,Public Toilet Complex,4.61,Ongoing,13.876616460423305,Still ongoing 2+ years after sanction
W11303,Ria Ratta,Darjeeling,Public Works Department,Street Lighting,4.25,Ongoing,13.871634456618876,Still ongoing 2+ years after sanction
W10781,Victor Venkataraman,Pune,Municipal Corporation,Drainage System,15.1,Ongoing,13.864768607307226,Still ongoing 2+ years after sanction
W10823,Vanya Suresh,Coimbatore,State Housing Board,School Building Repair,5.22,Completed,13.86205026,Flagged by ML pattern only
W11666,Yug Choudhry,Bengaluru Urban,Municipal Corporation,Drinking Water Supply,5.27,Ongoing,13.85742029815659,Still ongoing 2+ years after sanction
W10182,Azaan Gupta,Coimbatore,State Housing Board,Road Construction,10,Ongoing,13.850103959128974,Still ongoing 2+ years after sanction
W12258,Bachittar Choudhry,Asansol,Zilla Panchayat,Drinking Water Supply,14.98,Ongoing,13.848937809263614,Still ongoing 2+ years after sanction
W10891,Sanya Swamy,Agra,State Housing Board,Drinking Water Supply,5.95,Ongoing,13.834476731931332,Still ongoing 2+ years after sanction
W12303,Onveer Kata,Belagavi,Municipal Corporation,Drainage System,11.71,Ongoing,13.832716606224954,Still ongoing 2+ years after sanction
W11071,Vanya Suresh,Agra,Municipal Corporation,Drainage System,5.45,Ongoing,13.828807065773704,Still ongoing 2+ years after sanction
W12396,Pallavi Krish,Howrah,Municipal Corporation,Road Construction,10.28,Ongoing,13.821631413501827,Still ongoing 2+ years after sanction
W11331,Yadavi Deshmukh,Kanpur,Zilla Panchayat,Street Lighting,3.84,Ongoing,13.818711390289797,Still ongoing 2+ years after sanction
W11315,Gaurav Chandra,Varanasi,Zilla Panchayat,Public Toilet Complex,2.72,Completed,13.81410185201911,Flagged by ML pattern only
W12982,Jagat Mangat,Madurai,Zilla Panchayat,Drinking Water Supply,18.96,Ongoing,13.813119789040153,Flagged by ML pattern only
W11929,Victor Venkataraman,Mysuru,Municipal Corporation,Public Toilet Complex,7.08,Completed,13.806496097738288,Flagged by ML pattern only
W10115,Ria Ratta,Darjeeling,District Rural Development Agency,Road Construction,32.67,Completed,13.806353289080159,Flagged by ML pattern only
W11203,Gabriel Thaman,Dharwad,Municipal Corporation,Road Construction,36.78,Completed,13.801970161862034,Flagged by ML pattern only
W12570,Ronith Zachariah,Nashik,Public Works Department,Community Health Center,20.31,Completed,13.80055649751953,Flagged by ML pattern only
W12506,Yamini Chand,Thane,Municipal Corporation,Drinking Water Supply,8.27,Completed,13.787494193665811,Flagged by ML pattern only
W12486,Tanish Iyer,Nagpur,Zilla Panchayat,Drainage System,7.81,Completed,13.773982481101378,Flagged by ML pattern only
W11665,Varsha Morar,Howrah,Zilla Panchayat,Drainage System,3.54,Ongoing,13.770404920852837,Still ongoing 2+ years after sanction
W11870,Meera Banerjee,Nagpur,Public Works Department,Drinking Water Supply,12.26,Completed,13.768691777139196,Flagged by ML pattern only
W12624,Sanya Swamy,Agra,Public Works Department,School Building Repair,10.46,Ongoing,13.764770258314282,Still ongoing 2+ years after sanction
W11885,Pallavi Krish,Bengaluru Urban,Public Works Department,Street Lighting,2.33,Completed,13.764115355488872,Flagged by ML pattern only
W11787,Ria Ratta,Bengaluru Urban,Public Works Department,Public Toilet Complex,3.57,Ongoing,13.762815885397295,Still ongoing 2+ years after sanction
W10573,Sanya Swamy,Kolkata,Municipal Corporation,Drainage System,7.57,Ongoing,13.753585851490241,Still ongoing 2+ years after sanction
W10531,Nicholas Gour,Agra,Zilla Panchayat,Drinking Water Supply,4.15,Ongoing,13.750192292106059,Still ongoing 2+ years after sanction
W11349,Meera Banerjee,Lucknow,Municipal Corporation,Drinking Water Supply,14.98,Completed,13.744656035375337,Flagged by ML pattern only
W11247,Rayaan Mand,Mysuru,Municipal Corporation,School Building Repair,6.91,Completed,13.74293978941013,Flagged by ML pattern only
W11858,Advaith Gole,Asansol,District Rural Development Agency,Community Health Center,37.23,Completed,13.735050791023902,Flagged by ML pattern only
W10154,Ishwar Boase,Agra,Public Works Department,Street Lighting,3.61,Ongoing,13.734387849167483,Still ongoing 2+ years after sanction
W10215,Advaith Gole,Kanpur,Municipal Corporation,School Building Repair,6.35,Ongoing,13.725178061801309,Still ongoing 2+ years after sanction
W10459,Victor Venkataraman,Mysuru,State Housing Board,Road Construction,6.46,Completed,13.724022847050065,Flagged by ML pattern only
W10863,Lucky Prashad,Agra,Zilla Panchayat,Street Lighting,2.55,Completed,13.721410479617148,Flagged by ML pattern only
W10817,Advaith Gole,Agra,Municipal Corporation,Road Construction,6.42,Ongoing,13.720450429465748,Still ongoing 2+ years after sanction
W10701,Triya Khatri,Agra,District Rural Development Agency,School Building Repair,4,Ongoing,13.714540154040904,Still ongoing 2+ years after sanction
W12745,Deepa Gala,Lucknow,Zilla Panchayat,Drinking Water Supply,15.01,Ongoing,13.710055889391615,Still ongoing 2+ years after sanction
W11345,Owen Bansal,Kolkata,Public Works Department,School Building Repair,13.63,Ongoing,13.704513126980846,Still ongoing 2+ years after sanction
W10333,Advaith Gole,Nashik,State Housing Board,Street Lighting,4.92,Ongoing,13.703654263622548,Still ongoing 2+ years after sanction
W10699,Gabriel Thaman,Kanpur,State Housing Board,School Building Repair,6.93,Ongoing,13.70195343323921,Still ongoing 2+ years after sanction
W10504,Deepa Gala,Kolkata,Public Works Department,Public Toilet Complex,6.99,Completed,13.681748106271513,Flagged by ML pattern only
W12969,Varsha Morar,Thane,Public Works Department,Street Lighting,4.06,Ongoing,13.680506077842278,Still ongoing 2+ years after sanction
W11215,Yug Choudhry,Darjeeling,State Housing Board,Drinking Water Supply,13.9,Completed,13.678330590894891,Flagged by ML pattern only
W11912,Azaan Gupta,Lucknow,Zilla Panchayat,School Building Repair,9.85,Completed,13.677841542312649,Flagged by ML pattern only
W10163,Owen Bansal,Nashik,Zilla Panchayat,Public Toilet Complex,7.68,Ongoing,13.663645709031007,Still ongoing 2+ years after sanction
W10632,Bachittar Choudhry,Lucknow,Public Works Department,Drinking Water Supply,11.66,Ongoing,13.661027269816948,Still ongoing 2+ years after sanction
W12389,Vanya Suresh,Kanpur,State Housing Board,Drinking Water Supply,7.76,Completed,13.650945756372625,Flagged by ML pattern only
W10880,Owen Bala,Mysuru,Municipal Corporation,Public Toilet Complex,5.34,Ongoing,13.648019081807076,Still ongoing 2+ years after sanction
W12504,Hemang Bava,Salem,Municipal Corporation,Drainage System,4.04,Completed,13.646260937475091,Flagged by ML pattern only
W11656,Yamini Chand,Mysuru,Public Works Department,Drainage System,9.1,Ongoing,13.637065956060914,Still ongoing 2+ years after sanction
W12493,Deepa Gala,Madurai,State Housing Board,Drainage System,15.59,Ongoing,13.63314275,Still ongoing 2+ years after sanction
W10660,Sanya Swamy,Thane,Zilla Panchayat,Road Construction,15.11,Ongoing,13.63080688038491,Still ongoing 2+ years after sanction
W11877,Yadavi Deshmukh,Salem,Public Works Department,School Building Repair,14.62,Ongoing,13.621875560179985,Still ongoing 2+ years after sanction
W12710,Vrinda Biswas,Pune,Municipal Corporation,Drainage System,5.27,Completed,13.617462403871329,Flagged by ML pattern only
W11549,Deepa Gala,Bengaluru Urban,District Rural Development Agency,Drainage System,4.93,Ongoing,13.61630559390013,Still ongoing 2+ years after sanction
W10872,Krishna Pant,Belagavi,Public Works Department,Community Health Center,13.95,Ongoing,13.615106782537145,Still ongoing 2+ years after sanction
W10244,Yamini Chand,Salem,Zilla Panchayat,Community Health Center,15.97,Completed,13.615088409803912,Flagged by ML pattern only
W10696,Yamini Chand,Kolkata,Zilla Panchayat,Drinking Water Supply,6.18,Ongoing,13.613821435642055,Still ongoing 2+ years after sanction
W11120,Vanya Suresh,Chennai,Zilla Panchayat,Public Toilet Complex,4.99,Ongoing,13.612842088140354,Still ongoing 2+ years after sanction
W10725,Ishwar Boase,Mysuru,Zilla Panchayat,Public Toilet Complex,7.33,Ongoing,13.611159850349738,Still ongoing 2+ years after sanction
W10778,Hemang Bava,Madurai,District Rural Development Agency,Public Toilet Complex,5.3,Completed,13.608402275610793,Flagged by ML pattern only
W11852,Victor Venkataraman,Kolkata,Municipal Corporation,Drainage System,4.42,Ongoing,13.598294900446309,Still ongoing 2+ years after sanction
W11689,Bachittar Choudhry,Bengaluru Urban,Municipal Corporation,Public Toilet Complex,4.76,Completed,13.593424678922142,Flagged by ML pattern only
W10090,Triya Khatri,Varanasi,District Rural Development Agency,Community Health Center,23.33,Completed,13.59226476,Flagged by ML pattern only
W12037,Deepa Gala,Lucknow,State Housing Board,Drinking Water Supply,4.49,Ongoing,13.587513746391517,Still ongoing 2+ years after sanction
W11129,Varsha Morar,Kanpur,Public Works Department,Public Toilet Complex,4.34,Ongoing,13.586202490200435,Still ongoing 2+ years after sanction
W12598,Ekansh Sami,Chennai,State Housing Board,School Building Repair,7.49,Ongoing,13.581609019208123,Still ongoing 2+ years after sanction
W10848,Eesha Memon,Belagavi,Public Works Department,Street Lighting,4.05,Ongoing,13.573792834559415,Still ongoing 2+ years after sanction
W10166,Ishwar Boase,Howrah,Public Works Department,Drainage System,9.56,Ongoing,13.572358800849077,Still ongoing 2+ years after sanction
W10039,Varsha Morar,Lucknow,Municipal Corporation,School Building Repair,11.84,Ongoing,13.571891254644836,Still ongoing 2+ years after sanction
W12550,Tanish Iyer,Varanasi,State Housing Board,Street Lighting,4.77,Ongoing,13.567363024187836,Still ongoing 2+ years after sanction
W12836,Bachittar Choudhry,Coimbatore,Public Works Department,Road Construction,6.4,Ongoing,13.558145401166007,Still ongoing 2+ years after sanction
W10107,Harrison Kapur,Salem,Zilla Panchayat,Drinking Water Supply,14.67,Ongoing,13.557305555018853,Still ongoing 2+ years after sanction
W12310,Ronith Zachariah,Mysuru,District Rural Development Agency,Drainage System,11.77,Ongoing,13.555806123136124,Still ongoing 2+ years after sanction
W10989,Ronith Zachariah,Belagavi,State Housing Board,Drainage System,13.1,Completed,13.555549947992038,Flagged by ML pattern only
W11502,Yutika Rana,Asansol,Public Works Department,Drainage System,11.2,Ongoing,13.550875444772178,Still ongoing 2+ years after sanction
W10367,Vanya Suresh,Asansol,Municipal Corporation,School Building Repair,3.64,Completed,13.549971505395915,Flagged by ML pattern only
W10453,Hemang Bava,Lucknow,District Rural Development Agency,Public Toilet Complex,6.12,Ongoing,13.548511562894065,Still ongoing 2+ years after sanction
W10682,Victor Venkataraman,Varanasi,Zilla Panchayat,Drainage System,15.54,Ongoing,13.547858229066033,Still ongoing 2+ years after sanction
W12263,Lucky Prashad,Thane,District Rural Development Agency,School Building Repair,14.53,Ongoing,13.544425402092658,Still ongoing 2+ years after sanction
W12166,Widisha Yohannan,Asansol,Municipal Corporation,Public Toilet Complex,5.27,Ongoing,13.53192137715051,Still ongoing 2+ years after sanction
W10920,Harrison Kapur,Howrah,State Housing Board,Drainage System,8.61,Completed,13.518658658986817,Flagged by ML pattern only
W10975,Hemang Bava,Varanasi,State Housing Board,Public Toilet Complex,3.81,Ongoing,13.51797273672522,Still ongoing 2+ years after sanction
W11811,Triya Khatri,Kolkata,State Housing Board,Drainage System,4.85,Completed,13.50542165,Flagged by ML pattern only
W10137,Ria Ratta,Bengaluru Urban,Zilla Panchayat,Public Toilet Complex,5.18,Ongoing,13.505171877654625,Still ongoing 2+ years after sanction
W10108,Krishna Pant,Madurai,Municipal Corporation,Public Toilet Complex,7.77,Ongoing,13.504891006995495,Still ongoing 2+ years after sanction
W11347,Krishna Pant,Lucknow,Public Works Department,Drinking Water Supply,10.15,Ongoing,13.497656992830757,Still ongoing 2+ years after sanction
W10287,Odika Naik,Howrah,Zilla Panchayat,Drinking Water Supply,12.96,Completed,13.494978694657107,Flagged by ML pattern only
W10609,Bachittar Choudhry,Madurai,State Housing Board,Street Lighting,3.88,Ongoing,13.494699691351979,Still ongoing 2+ years after sanction
W11846,Yutika Rana,Pune,Zilla Panchayat,Drainage System,14.67,Ongoing,13.494030013594223,Agency handles a disproportionate share of Pune's works
W12592,Tanish Iyer,Bengaluru Urban,District Rural Development Agency,Street Lighting,4.28,Ongoing,13.479946989749806,Still ongoing 2+ years after sanction
W12154,Nicholas Gour,Varanasi,District Rural Development Agency,Road Construction,33.97,Ongoing,13.478308925712785,Flagged by ML pattern only
W12880,Gaurav Chandra,Kanpur,Public Works Department,Street Lighting,5.33,Completed,13.477745758576596,Flagged by ML pattern only
W12243,Nicholas Gour,Agra,Zilla Panchayat,School Building Repair,12.87,Ongoing,13.477681831780096,Still ongoing 2+ years after sanction
W12282,Nicholas Gour,Varanasi,Public Works Department,Street Lighting,4.21,Ongoing,13.477256830906455,Still ongoing 2+ years after sanction
W12989,Yamini Chand,Lucknow,District Rural Development Agency,Public Toilet Complex,3.79,Ongoing,13.47198222580194,Still ongoing 2+ years after sanction
W10539,Sanya Swamy,Salem,Public Works Department,Drainage System,3.19,Completed,13.469906482250355,Flagged by ML pattern only
W11637,Tanish Iyer,Coimbatore,District Rural Development Agency,Drainage System,6.94,Ongoing,13.459587201171582,Still ongoing 2+ years after sanction
W10328,Owen Bansal,Howrah,District Rural Development Agency,Drinking Water Supply,6.52,Completed,13.458309564102677,Flagged by ML pattern only
W10528,Ronith Zachariah,Thane,State Housing Board,Public Toilet Complex,6.49,Ongoing,13.457596174030693,Still ongoing 2+ years after sanction
W12010,Advaith Gole,Agra,Public Works Department,Drainage System,8.97,Ongoing,13.457154195291173,Still ongoing 2+ years after sanction
W11428,Tanish Iyer,Nashik,Municipal Corporation,School Building Repair,8.09,Ongoing,13.452099962258181,Still ongoing 2+ years after sanction
W11223,Christopher Kadakia,Kanpur,Zilla Panchayat,Public Toilet Complex,4.1,Ongoing,13.444955646318288,Still ongoing 2+ years after sanction
W12867,Lucky Prashad,Varanasi,Zilla Panchayat,Community Health Center,14.4,Completed,13.441089233863417,Flagged by ML pattern only
W12726,Ria Ratta,Agra,District Rural Development Agency,Public Toilet Complex,4.61,Completed,13.438417043625297,Flagged by ML pattern only
W11302,Meera Banerjee,Agra,Zilla Panchayat,Road Construction,15.39,Ongoing,13.43697958819359,Still ongoing 2+ years after sanction
W10441,Krishna Pant,Howrah,Zilla Panchayat,Public Toilet Complex,5.88,Ongoing,13.428439996692966,Still ongoing 2+ years after sanction
W11822,Sanya Swamy,Asansol,Municipal Corporation,Drainage System,5.91,Ongoing,13.428439996692966,Still ongoing 2+ years after sanction
W11678,Gaurav Chandra,Nagpur,Zilla Panchayat,Road Construction,36.52,Completed,13.424431681727626,Flagged by ML pattern only
W10212,Ishwar Boase,Bengaluru Urban,Municipal Corporation,School Building Repair,3.23,Completed,13.422714096151807,Flagged by ML pattern only
W12751,Onveer Kata,Salem,Zilla Panchayat,Road Construction,10.48,Ongoing,13.421846916787885,Still ongoing 2+ years after sanction
W11997,Christopher Kadakia,Chennai,Municipal Corporation,Road Construction,18.88,Ongoing,13.421648440012005,Flagged by ML pattern only
W11112,Jagat Mangat,Dharwad,Public Works Department,Drinking Water Supply,8.03,Completed,13.418417034863971,Flagged by ML pattern only
W12717,Krishna Pant,Varanasi,Municipal Corporation,Drainage System,8.93,Ongoing,13.414087261687914,Still ongoing 2+ years after sanction
W12463,Sanya Swamy,Nagpur,Municipal Corporation,Drainage System,4.17,Ongoing,13.413247445699122,Still ongoing 2+ years after sanction
W11414,Deepa Gala,Belagavi,Zilla Panchayat,Drinking Water Supply,12.61,Completed,13.412244940352991,Flagged by ML pattern only
W11873,Jagat Mangat,Coimbatore,Municipal Corporation,Drainage System,14.2,Ongoing,13.41176709021332,Still ongoing 2+ years after sanction
W12292,Yamini Chand,Belagavi,Municipal Corporation,School Building Repair,4.47,Ongoing,13.408441439167131,Still ongoing 2+ years after sanction
W11644,Yug Choudhry,Madurai,State Housing Board,School Building Repair,12.91,Ongoing,13.406051405195932,Still ongoing 2+ years after sanction
W11674,Ekansh Sami,Asansol,State Housing Board,Street Lighting,3.33,Completed,13.405756681372802,Flagged by ML pattern only
W10860,Ria Ratta,Dharwad,State Housing Board,Road Construction,9.23,Ongoing,13.404440893249749,Still ongoing 2+ years after sanction
W10647,Sanya Swamy,Dharwad,State Housing Board,Drainage System,13.96,Ongoing,13.402013768910898,Still ongoing 2+ years after sanction
W12735,Leena Butala,Agra,District Rural Development Agency,Road Construction,8.61,Ongoing,13.39624080794773,Still ongoing 2+ years after sanction
W12772,Hemang Bava,Mysuru,District Rural Development Agency,Street Lighting,2.91,Completed,13.395350229128972,Flagged by ML pattern only
W11828,Yutika Rana,Kolkata,State Housing Board,Drinking Water Supply,4.34,Ongoing,13.391467817296459,Still ongoing 2+ years after sanction
W12215,Gaurav Chandra,Nagpur,Zilla Panchayat,School Building Repair,13.86,Ongoing,13.389418106309556,Still ongoing 2+ years after sanction
W12285,Harrison Kapur,Belagavi,District Rural Development Agency,Road Construction,23.52,Completed,13.386107180750523,Flagged by ML pattern only
W11724,Eesha Memon,Dharwad,State Housing Board,Drinking Water Supply,5.94,Ongoing,13.385380442323475,Still ongoing 2+ years after sanction
W12475,Krishna Pant,Thane,Zilla Panchayat,Drainage System,17.26,Completed,13.381646720215272,Flagged by ML pattern only
W12609,Ishwar Boase,Belagavi,District Rural Development Agency,Public Toilet Complex,4.44,Completed,13.379966698677087,Flagged by ML pattern only
W12053,Gabriel Thaman,Nagpur,District Rural Development Agency,Road Construction,6.15,Ongoing,13.378220253287065,Still ongoing 2+ years after sanction
W12312,Triya Khatri,Belagavi,District Rural Development Agency,Drainage System,11.03,Completed,13.372237620177273,Flagged by ML pattern only
W10895,Ekansh Sami,Madurai,Public Works Department,School Building Repair,4.29,Completed,13.361661426816546,Flagged by ML pattern only
W11591,Owen Bala,Darjeeling,State Housing Board,Drinking Water Supply,12.9,Ongoing,13.36072967203775,Still ongoing 2+ years after sanction
W11623,Oliver Sarma,Thane,Zilla Panchayat,Drinking Water Supply,15.15,Completed,13.359475082127268,Flagged by ML pattern only
W12006,Mugdha Varty,Varanasi,Municipal Corporation,Drainage System,12.53,Ongoing,13.356290879248636,Still ongoing 2+ years after sanction
W12060,Ekansh Sami,Varanasi,Public Works Department,Street Lighting,4.82,Ongoing,13.355560368036809,Still ongoing 2+ years after sanction
W11312,Nicholas Gour,Asansol,Municipal Corporation,Community Health Center,36.59,Completed,13.35354968999096,Flagged by ML pattern only
W11974,Owen Bansal,Nashik,Zilla Panchayat,Street Lighting,4.8,Ongoing,13.348055383737568,Still ongoing 2+ years after sanction
W11248,Triya Khatri,Belagavi,Municipal Corporation,Street Lighting,4.94,Ongoing,13.346099670355024,Still ongoing 2+ years after sanction
W12925,Nicholas Gour,Coimbatore,Public Works Department,School Building Repair,4.94,Ongoing,13.346099670355024,Still ongoing 2+ years after sanction
W10468,Ria Ratta,Asansol,District Rural Development Agency,Drainage System,11.85,Completed,13.339972177271063,Flagged by ML pattern only
W11537,Varsha Morar,Salem,Public Works Department,Community Health Center,23.54,Completed,13.339298975738437,Flagged by ML pattern only
W12959,Lucky Prashad,Coimbatore,Municipal Corporation,Community Health Center,24.47,Completed,13.33848377385835,Flagged by ML pattern only
W11757,Ekansh Sami,Bengaluru Urban,Municipal Corporation,School Building Repair,13.79,Ongoing,13.337598462515176,Still ongoing 2+ years after sanction
W10973,Vrinda Biswas,Mysuru,Public Works Department,Drinking Water Supply,13.69,Ongoing,13.333251542200076,Still ongoing 2+ years after sanction
W11937,Yug Choudhry,Bengaluru Urban,Zilla Panchayat,Road Construction,26.56,Completed,13.331386363820918,Flagged by ML pattern only
W10051,Odika Naik,Kanpur,District Rural Development Agency,School Building Repair,10.87,Completed,13.326014866449029,Flagged by ML pattern only
W11205,Widisha Yohannan,Nagpur,State Housing Board,Drinking Water Supply,14.49,Ongoing,13.32428481755379,Still ongoing 2+ years after sanction
W12599,Jagat Mangat,Lucknow,District Rural Development Agency,Drinking Water Supply,18.85,Completed,13.321298285274725,Flagged by ML pattern only
W10065,Oliver Sarma,Bengaluru Urban,Zilla Panchayat,Drinking Water Supply,13.21,Ongoing,13.316413063789518,Still ongoing 2+ years after sanction
W11239,Triya Khatri,Kanpur,Municipal Corporation,School Building Repair,13.89,Ongoing,13.316154129189886,Still ongoing 2+ years after sanction
W11709,Meera Banerjee,Agra,Municipal Corporation,Public Toilet Complex,7.8,Ongoing,13.315971067423686,Still ongoing 2+ years after sanction
W11891,Eesha Memon,Madurai,State Housing Board,Drainage System,13.69,Ongoing,13.31387707863151,Still ongoing 2+ years after sanction
W12844,Tanish Iyer,Asansol,State Housing Board,School Building Repair,4.98,Ongoing,13.313272457548376,Still ongoing 2+ years after sanction
W12156,Krishna Pant,Thane,Municipal Corporation,Public Toilet Complex,2.34,Completed,13.312936284670656,Flagged by ML pattern only
W11640,Yadavi Deshmukh,Mysuru,Municipal Corporation,Drainage System,12.62,Ongoing,13.312555778103832,Still ongoing 2+ years after sanction
W10717,Vanya Suresh,Nagpur,Municipal Corporation,Street Lighting,4.54,Ongoing,13.31178298,Still ongoing 2+ years after sanction
W10764,Oliver Sarma,Varanasi,District Rural Development Agency,Drinking Water Supply,10.59,Ongoing,13.303985453314704,Still ongoing 2+ years after sanction
W12221,Lucky Prashad,Varanasi,Public Works Department,Street Lighting,4.51,Ongoing,13.303540068113106,Still ongoing 2+ years after sanction
W12220,Harrison Kapur,Belagavi,State Housing Board,Street Lighting,4.42,Ongoing,13.294591894981014,Still ongoing 2+ years after sanction
W10820,Hemang Bava,Asansol,State Housing Board,Community Health Center,13.78,Ongoing,13.289814958478738,Still ongoing 2+ years after sanction
W12239,Christopher Kadakia,Bengaluru Urban,Zilla Panchayat,School Building Repair,13.5,Ongoing,13.283993585742351,Still ongoing 2+ years after sanction
W11217,Varsha Morar,Belagavi,Municipal Corporation,Road Construction,12.84,Ongoing,13.282883492097739,Still ongoing 2+ years after sanction
W10270,Krishna Pant,Kolkata,Municipal Corporation,Street Lighting,3.99,Ongoing,13.280510785570014,Still ongoing 2+ years after sanction
W12652,Ekansh Sami,Madurai,State Housing Board,Public Toilet Complex,4.7,Ongoing,13.277207209677051,Still ongoing 2+ years after sanction
W11384,Gaurav Chandra,Coimbatore,Public Works Department,School Building Repair,12.55,Ongoing,13.277092101171467,Still ongoing 2+ years after sanction
W12244,Hemang Bava,Thane,Public Works Department,Public Toilet Complex,6.74,Completed,13.271147201325405,Flagged by ML pattern only
W11182,Rayaan Mand,Agra,Municipal Corporation,Street Lighting,5.84,Completed,13.269453587021623,Flagged by ML pattern only
W10769,Hemang Bava,Nashik,State Housing Board,Drinking Water Supply,4.76,Ongoing,13.266405876337936,Still ongoing 2+ years after sanction
W11818,Meera Banerjee,Lucknow,District Rural Development Agency,Drainage System,16.07,Completed,13.266205308567947,Flagged by ML pattern only
W11504,Sanya Swamy,Asansol,Zilla Panchayat,Street Lighting,2.94,Completed,13.258530993260957,Flagged by ML pattern only
W12245,Leena Butala,Darjeeling,State Housing Board,Public Toilet Complex,2.68,Completed,13.253448346893618,Flagged by ML pattern only
W12886,Tanish Iyer,Asansol,Public Works Department,Street Lighting,5.27,Ongoing,13.252853983576701,Still ongoing 2+ years after sanction
W12236,Advaith Gole,Belagavi,State Housing Board,School Building Repair,10.34,Completed,13.246743025697658,Flagged by ML pattern only
W12964,Advaith Gole,Kolkata,State Housing Board,Drainage System,9.41,Completed,13.243991208440903,Flagged by ML pattern only
W10518,Bachittar Choudhry,Madurai,District Rural Development Agency,Drinking Water Supply,4.32,Ongoing,13.240576895729934,Still ongoing 2+ years after sanction
W12870,Varsha Morar,Asansol,Zilla Panchayat,Drainage System,15.47,Ongoing,13.229209945186922,Still ongoing 2+ years after sanction
W11512,Vrinda Biswas,Chennai,District Rural Development Agency,Public Toilet Complex,6.16,Ongoing,13.227919248801406,Still ongoing 2+ years after sanction
W10512,Yug Choudhry,Coimbatore,State Housing Board,Drinking Water Supply,11.54,Ongoing,13.222479612240042,Still ongoing 2+ years after sanction
W12688,Gaurav Chandra,Howrah,State Housing Board,School Building Repair,6.3,Ongoing,13.199283944531555,Still ongoing 2+ years after sanction
W12625,Yug Choudhry,Nagpur,State Housing Board,Public Toilet Complex,3.09,Completed,13.195424560894708,Flagged by ML pattern only
W10783,Ronith Zachariah,Chennai,Zilla Panchayat,Drinking Water Supply,12.73,Ongoing,13.19413789040036,Still ongoing 2+ years after sanction
W10000,Hemang Bava,Bengaluru Urban,Public Works Department,Public Toilet Complex,3.65,Completed,13.19305960849438,Flagged by ML pattern only
W11386,Bachittar Choudhry,Chennai,State Housing Board,Drainage System,5.1,Ongoing,13.184723622780794,Still ongoing 2+ years after sanction
W11055,Vrinda Biswas,Thane,State Housing Board,Street Lighting,4.56,Ongoing,13.182229014471355,Still ongoing 2+ years after sanction
W12226,Yug Choudhry,Kanpur,State Housing Board,Public Toilet Complex,4.45,Ongoing,13.179308348616887,Still ongoing 2+ years after sanction
W10802,Mugdha Varty,Belagavi,Public Works Department,Public Toilet Complex,5.18,Ongoing,13.17149209877026,Still ongoing 2+ years after sanction
W10822,Owen Bala,Dharwad,State Housing Board,Public Toilet Complex,3.79,Completed,13.16978605013872,Flagged by ML pattern only
W10440,Eesha Memon,Pune,Public Works Department,Public Toilet Complex,6.71,Completed,13.16528827685626,Flagged by ML pattern only
W12784,Victor Venkataraman,Chennai,Municipal Corporation,Street Lighting,5.95,Ongoing,13.164768909131254,Still ongoing 2+ years after sanction
W11460,Widisha Yohannan,Bengaluru Urban,District Rural Development Agency,Street Lighting,2.56,Ongoing,13.161448746028363,Flagged by ML pattern only
W12997,Lucky Prashad,Varanasi,Municipal Corporation,Drainage System,11.65,Completed,13.15832185110987,Flagged by ML pattern only
W10374,Owen Bansal,Agra,Zilla Panchayat,Street Lighting,5.41,Completed,13.158181843264229,Flagged by ML pattern only
W12706,Deepa Gala,Kolkata,District Rural Development Agency,Community Health Center,12.55,Ongoing,13.155328568313962,Still ongoing 2+ years after sanction
W12322,Owen Bala,Dharwad,Public Works Department,Drinking Water Supply,14.15,Ongoing,13.153428595083973,Still ongoing 2+ years after sanction
W10148,Bachittar Choudhry,Nashik,Public Works Department,School Building Repair,5.08,Completed,13.153224012848137,Flagged by ML pattern only
W10429,Ekansh Sami,Bengaluru Urban,District Rural Development Agency,Drainage System,12.88,Ongoing,13.143434676006637,Still ongoing 2+ years after sanction
W10309,Ria Ratta,Dharwad,Public Works Department,School Building Repair,14.95,Ongoing,13.123472739895325,Still ongoing 2+ years after sanction
W10059,Mugdha Varty,Salem,Municipal Corporation,Community Health Center,11.16,Ongoing,13.112602698760684,Still ongoing 2+ years after sanction
W10249,Meera Banerjee,Dharwad,Public Works Department,School Building Repair,11.35,Ongoing,13.109600699540453,Still ongoing 2+ years after sanction
W10624,Vrinda Biswas,Coimbatore,Municipal Corporation,Drinking Water Supply,7.21,Ongoing,13.102642430907338,Still ongoing 2+ years after sanction
W10111,Sanya Swamy,Darjeeling,State Housing Board,School Building Repair,10.64,Ongoing,13.097404545315593,Still ongoing 2+ years after sanction
W10396,Hemang Bava,Nagpur,Public Works Department,Drinking Water Supply,5.56,Ongoing,13.075564262267227,Still ongoing 2+ years after sanction
W12485,Ekansh Sami,Salem,State Housing Board,Drinking Water Supply,4.92,Ongoing,13.070638779849128,Still ongoing 2+ years after sanction
W11117,Mugdha Varty,Varanasi,Zilla Panchayat,Road Construction,32.72,Completed,13.06850868801326,Flagged by ML pattern only
W12850,Bachittar Choudhry,Agra,District Rural Development Agency,Street Lighting,5.92,Ongoing,13.064234137644872,Still ongoing 2+ years after sanction
W12334,Hemang Bava,Madurai,District Rural Development Agency,Drainage System,5.5,Ongoing,13.062821713237307,Still ongoing 2+ years after sanction
W12208,Yadavi Deshmukh,Coimbatore,Zilla Panchayat,Street Lighting,5.36,Completed,13.061676867253167,Flagged by ML pattern only
W11500,Advaith Gole,Lucknow,Municipal Corporation,Public Toilet Complex,5.33,Ongoing,13.05896851552135,Still ongoing 2+ years after sanction
W11479,Victor Venkataraman,Kanpur,Public Works Department,Drainage System,13.43,Ongoing,13.058537867235865,Still ongoing 2+ years after sanction
W11064,Yamini Chand,Bengaluru Urban,Zilla Panchayat,Public Toilet Complex,6.47,Ongoing,13.057349939955053,Still ongoing 2+ years after sanction
W12815,Hemang Bava,Nagpur,State Housing Board,Street Lighting,4.97,Ongoing,13.056623241265719,Still ongoing 2+ years after sanction
W11412,Oliver Sarma,Asansol,District Rural Development Agency,Drainage System,7.11,Ongoing,13.055266978836732,Still ongoing 2+ years after sanction
W12129,Vrinda Biswas,Belagavi,Public Works Department,Public Toilet Complex,5.27,Ongoing,13.053710979039064,Still ongoing 2+ years after sanction
W10976,Varsha Morar,Belagavi,Public Works Department,Drainage System,5.14,Ongoing,13.052076203118617,Still ongoing 2+ years after sanction
W12063,Christopher Kadakia,Nashik,Municipal Corporation,Drainage System,6.42,Ongoing,13.050709278614518,Still ongoing 2+ years after sanction
W10885,Hemang Bava,Coimbatore,District Rural Development Agency,Community Health Center,10.37,Ongoing,13.048739684784605,Still ongoing 2+ years after sanction
W10126,Widisha Yohannan,Varanasi,Zilla Panchayat,Street Lighting,3.97,Completed,13.044916960240034,Flagged by ML pattern only
W10847,Pallavi Krish,Pune,State Housing Board,Public Toilet Complex,7.88,Ongoing,13.038294743064778,Still ongoing 2+ years after sanction
W10242,Onveer Kata,Madurai,Public Works Department,School Building Repair,6.62,Completed,13.036957461193058,Flagged by ML pattern only
W12949,Harrison Kapur,Thane,District Rural Development Agency,School Building Repair,9.53,Ongoing,13.035738567989776,Still ongoing 2+ years after sanction
W10529,Widisha Yohannan,Howrah,Municipal Corporation,Drainage System,4.34,Ongoing,13.030633186644222,Still ongoing 2+ years after sanction
W10878,Pallavi Krish,Coimbatore,Zilla Panchayat,Road Construction,7.11,Ongoing,13.028875006575394,Still ongoing 2+ years after sanction
W10206,Ria Ratta,Kolkata,Zilla Panchayat,School Building Repair,14.7,Ongoing,13.027299256695136,Still ongoing 2+ years after sanction
W11832,Tanish Iyer,Nashik,Municipal Corporation,Public Toilet Complex,5.98,Ongoing,13.026435939655778,Still ongoing 2+ years after sanction
W12674,Vanya Suresh,Nagpur,District Rural Development Agency,Public Toilet Complex,7.8,Completed,13.022393741985873,Flagged by ML pattern only
W11874,Vanya Suresh,Agra,State Housing Board,School Building Repair,4.68,Ongoing,13.019847954412185,Still ongoing 2+ years after sanction
W12373,Widisha Yohannan,Chennai,Municipal Corporation,Public Toilet Complex,5.62,Ongoing,13.018071331726958,Still ongoing 2+ years after sanction
W12468,Yug Choudhry,Nagpur,Municipal Corporation,School Building Repair,13.5,Ongoing,13.00356359448556,Still ongoing 2+ years after sanction
W12335,Onveer Kata,Kolkata,Zilla Panchayat,Public Toilet Complex,5.91,Completed,13.00345553,Flagged by ML pattern only
W10071,Gabriel Thaman,Thane,Municipal Corporation,School Building Repair,7.26,Ongoing,12.99809962022827,Still ongoing 2+ years after sanction
W12119,Christopher Kadakia,Nashik,Public Works Department,Drainage System,6.59,Ongoing,12.997546936059049,Still ongoing 2+ years after sanction
W12642,Yadavi Deshmukh,Darjeeling,District Rural Development Agency,Community Health Center,14.06,Completed,12.990436564891496,Flagged by ML pattern only
W11190,Pallavi Krish,Agra,Zilla Panchayat,Road Construction,9.85,Ongoing,12.986928698674584,Still ongoing 2+ years after sanction
W11523,Ronith Zachariah,Dharwad,Public Works Department,Drainage System,11.5,Completed,12.986836068630081,Flagged by ML pattern only
W10844,Mugdha Varty,Salem,Public Works Department,Drinking Water Supply,14.07,Completed,12.985239201205491,Flagged by ML pattern only
W11590,Gabriel Thaman,Belagavi,Public Works Department,Street Lighting,5.49,Ongoing,12.985230861990656,Still ongoing 2+ years after sanction
W10948,Ekansh Sami,Varanasi,District Rural Development Agency,School Building Repair,5.6,Completed,12.974516853349662,Flagged by ML pattern only
W10347,Eesha Memon,Nashik,Municipal Corporation,School Building Repair,13.9,Ongoing,12.97435959978404,Still ongoing 2+ years after sanction
W11829,Jagat Mangat,Mysuru,Public Works Department,Drainage System,14.71,Ongoing,12.973881090857605,Still ongoing 2+ years after sanction
W11478,Tanish Iyer,Belagavi,District Rural Development Agency,School Building Repair,8.31,Ongoing,12.973681576804882,Still ongoing 2+ years after sanction
W12602,Ria Ratta,Pune,District Rural Development Agency,School Building Repair,7.38,Ongoing,12.97202909376391,Still ongoing 2+ years after sanction
W11438,Tanish Iyer,Kanpur,Municipal Corporation,Drinking Water Supply,10.46,Ongoing,12.966104069451998,Still ongoing 2+ years after sanction
W10165,Harrison Kapur,Chennai,District Rural Development Agency,Public Toilet Complex,7.08,Ongoing,12.964749787990284,Still ongoing 2+ years after sanction
W10709,Yutika Rana,Dharwad,State Housing Board,Public Toilet Complex,5.19,Ongoing,12.962027719543352,Still ongoing 2+ years after sanction
W12410,Christopher Kadakia,Thane,Zilla Panchayat,Street Lighting,4.72,Completed,12.961956501192459,Flagged by ML pattern only
W11126,Ishwar Boase,Belagavi,Municipal Corporation,Drainage System,6.36,Ongoing,12.960873923660452,Still ongoing 2+ years after sanction
W11034,Sanya Swamy,Varanasi,State Housing Board,Drinking Water Supply,7.41,Ongoing,12.951592961947659,Still ongoing 2+ years after sanction
W12696,Christopher Kadakia,Lucknow,Zilla Panchayat,Public Toilet Complex,2.22,Completed,12.949351161206128,Flagged by ML pattern only
W12574,Nicholas Gour,Coimbatore,Municipal Corporation,Drainage System,7.41,Completed,12.949165611494308,Flagged by ML pattern only
W11044,Yutika Rana,Nagpur,District Rural Development Agency,School Building Repair,6.37,Ongoing,12.93885571826332,Still ongoing 2+ years after sanction
W12633,Eesha Memon,Darjeeling,Public Works Department,Road Construction,13.33,Ongoing,12.93733517252675,Still ongoing 2+ years after sanction
W12477,Christopher Kadakia,Mysuru,State Housing Board,Public Toilet Complex,6.45,Ongoing,12.917888353923033,Still ongoing 2+ years after sanction
W11547,Pallavi Krish,Madurai,Zilla Panchayat,Drainage System,10.69,Ongoing,12.915715917465482,Still ongoing 2+ years after sanction
W10316,Azaan Gupta,Mysuru,Zilla Panchayat,Drainage System,4.85,Ongoing,12.911269887309336,Still ongoing 2+ years after sanction
W10435,Ishwar Boase,Kanpur,Municipal Corporation,Drinking Water Supply,10.37,Ongoing,12.911120893596157,Still ongoing 2+ years after sanction
W11661,Yamini Chand,Thane,Municipal Corporation,School Building Repair,5.62,Ongoing,12.911047397849174,Still ongoing 2+ years after sanction
W11259,Pallavi Krish,Dharwad,District Rural Development Agency,Road Construction,29.15,Completed,12.90689938845087,Flagged by ML pattern only
W10657,Victor Venkataraman,Thane,Zilla Panchayat,Drainage System,17.9,Completed,12.903694433231403,Flagged by ML pattern only
W10651,Varsha Morar,Asansol,Zilla Panchayat,Street Lighting,4.67,Ongoing,12.902408730060351,Still ongoing 2+ years after sanction
W12873,Varsha Morar,Darjeeling,Public Works Department,School Building Repair,7.38,Ongoing,12.900633594105285,Still ongoing 2+ years after sanction
W12987,Jagat Mangat,Nagpur,Municipal Corporation,School Building Repair,11.25,Ongoing,12.892078091169719,Still ongoing 2+ years after sanction
W11486,Owen Bala,Salem,District Rural Development Agency,Drainage System,13.59,Ongoing,12.886873744933041,Still ongoing 2+ years after sanction
W10307,Advaith Gole,Thane,Municipal Corporation,Drinking Water Supply,9.17,Ongoing,12.88669254354447,Still ongoing 2+ years after sanction
W11908,Vanya Suresh,Howrah,Municipal Corporation,School Building Repair,13.76,Ongoing,12.885614583670057,Still ongoing 2+ years after sanction
W10199,Leena Butala,Kolkata,District Rural Development Agency,Drinking Water Supply,7.87,Ongoing,12.882393234395671,Still ongoing 2+ years after sanction
W11061,Vrinda Biswas,Nashik,District Rural Development Agency,School Building Repair,6.25,Ongoing,12.880085617544276,Still ongoing 2+ years after sanction
W10321,Ishwar Boase,Bengaluru Urban,District Rural Development Agency,Drinking Water Supply,7.45,Ongoing,12.877921149481331,Still ongoing 2+ years after sanction
W10458,Ria Ratta,Howrah,State Housing Board,School Building Repair,11.96,Ongoing,12.874282224073234,Still ongoing 2+ years after sanction
W10216,Pallavi Krish,Salem,Municipal Corporation,Drinking Water Supply,12.97,Completed,12.871984523257948,Flagged by ML pattern only
W12044,Nicholas Gour,Kolkata,Municipal Corporation,Community Health Center,12.14,Ongoing,12.862793575833983,Still ongoing 2+ years after sanction
W10545,Tanish Iyer,Pune,Municipal Corporation,School Building Repair,8.85,Completed,12.86012580754877,Flagged by ML pattern only
W12641,Yamini Chand,Howrah,Zilla Panchayat,School Building Repair,12.88,Ongoing,12.855147237139159,Still ongoing 2+ years after sanction
W12260,Vanya Suresh,Kanpur,State Housing Board,Drinking Water Supply,17.42,Completed,12.85395284009345,Flagged by ML pattern only
W12439,Christopher Kadakia,Lucknow,State Housing Board,Drainage System,6.95,Ongoing,12.85241898173722,Still ongoing 2+ years after sanction
W11827,Yadavi Deshmukh,Coimbatore,State Housing Board,Street Lighting,4.92,Ongoing,12.850126119367674,Still ongoing 2+ years after sanction
W11124,Krishna Pant,Kolkata,Zilla Panchayat,Public Toilet Complex,3.74,Completed,12.850068766113603,Flagged by ML pattern only
W11368,Harrison Kapur,Chennai,State Housing Board,School Building Repair,11.98,Ongoing,12.849630096842214,Still ongoing 2+ years after sanction
W10480,Lucky Prashad,Thane,District Rural Development Agency,Street Lighting,5.85,Ongoing,12.847772992255942,Still ongoing 2+ years after sanction
W12098,Leena Butala,Asansol,Municipal Corporation,School Building Repair,12.64,Ongoing,12.84512895418356,Still ongoing 2+ years after sanction
W10366,Varsha Morar,Bengaluru Urban,State Housing Board,Drinking Water Supply,13.5,Completed,12.843771450962658,Flagged by ML pattern only
W11207,Sanya Swamy,Darjeeling,State Housing Board,School Building Repair,11.37,Completed,12.83586987,Flagged by ML pattern only
W12147,Pallavi Krish,Thane,Zilla Panchayat,Road Construction,8.45,Completed,12.830250591401342,Flagged by ML pattern only
W11376,Ria Ratta,Lucknow,Public Works Department,Drinking Water Supply,13.76,Completed,12.826406584021896,Flagged by ML pattern only
W10281,Leena Butala,Coimbatore,State Housing Board,Public Toilet Complex,5.68,Ongoing,12.82633503879423,Still ongoing 2+ years after sanction
W12434,Odika Naik,Madurai,Public Works Department,Public Toilet Complex,4.75,Ongoing,12.820010518147482,Still ongoing 2+ years after sanction
W12872,Rayaan Mand,Madurai,State Housing Board,Public Toilet Complex,5.23,Ongoing,12.819949499642478,Still ongoing 2+ years after sanction
W12525,Vanya Suresh,Nagpur,Zilla Panchayat,Drainage System,4.77,Completed,12.818356336958056,Flagged by ML pattern only
W11488,Eesha Memon,Madurai,State Housing Board,School Building Repair,9.84,Ongoing,12.816203854567277,Still ongoing 2+ years after sanction
W11253,Azaan Gupta,Varanasi,State Housing Board,Drinking Water Supply,7.12,Ongoing,12.816072485764137,Still ongoing 2+ years after sanction
W11157,Oliver Sarma,Madurai,Zilla Panchayat,Public Toilet Complex,5.68,Ongoing,12.814292745794278,Still ongoing 2+ years after sanction
W11744,Azaan Gupta,Madurai,Public Works Department,School Building Repair,7.85,Ongoing,12.811755752436552,Still ongoing 2+ years after sanction
W10733,Ekansh Sami,Coimbatore,Zilla Panchayat,Road Construction,14.54,Ongoing,12.809506796039422,Still ongoing 2+ years after sanction
W10536,Hemang Bava,Mysuru,Public Works Department,Road Construction,14.87,Completed,12.803670457063095,Flagged by ML pattern only
W12534,Vanya Suresh,Darjeeling,District Rural Development Agency,Public Toilet Complex,6.72,Completed,12.801701551626117,Flagged by ML pattern only
W11408,Pallavi Krish,Coimbatore,Municipal Corporation,Drinking Water Supply,11.55,Ongoing,12.800695378199814,Still ongoing 2+ years after sanction
W12712,Odika Naik,Lucknow,Municipal Corporation,Road Construction,9.88,Ongoing,12.80055160612945,Still ongoing 2+ years after sanction
W10100,Sanya Swamy,Salem,Zilla Panchayat,Public Toilet Complex,7.48,Ongoing,12.790927624897721,Still ongoing 2+ years after sanction
W12190,Deepa Gala,Madurai,Municipal Corporation,School Building Repair,6.11,Ongoing,12.78700584311557,Still ongoing 2+ years after sanction
W12699,Owen Bansal,Dharwad,State Housing Board,School Building Repair,14.25,Ongoing,12.78331948898407,Still ongoing 2+ years after sanction
W12945,Ria Ratta,Asansol,Public Works Department,Drainage System,13.13,Completed,12.78303451,Flagged by ML pattern only
W11142,Victor Venkataraman,Kanpur,Municipal Corporation,Drinking Water Supply,6.77,Ongoing,12.775679654999177,Still ongoing 2+ years after sanction
W10567,Christopher Kadakia,Chennai,Public Works Department,Drinking Water Supply,12.64,Ongoing,12.77437880606713,Still ongoing 2+ years after sanction
W12587,Owen Bansal,Mysuru,Municipal Corporation,Street Lighting,5.93,Completed,12.771733784725463,Flagged by ML pattern only
W12273,Ronith Zachariah,Madurai,Municipal Corporation,Drinking Water Supply,19.2,Completed,12.767992308709843,Flagged by ML pattern only
W11837,Oliver Sarma,Belagavi,Municipal Corporation,Drainage System,5.88,Ongoing,12.766555331508552,Still ongoing 2+ years after sanction
W11305,Leena Butala,Kanpur,District Rural Development Agency,School Building Repair,8.65,Ongoing,12.756574443285393,Still ongoing 2+ years after sanction
W10693,Ronith Zachariah,Mysuru,Public Works Department,Public Toilet Complex,4.48,Ongoing,12.754689286445243,Still ongoing 2+ years after sanction
W11999,Deepa Gala,Agra,Municipal Corporation,Public Toilet Complex,5.94,Ongoing,12.754073686426748,Still ongoing 2+ years after sanction
W12045,Bachittar Choudhry,Madurai,District Rural Development Agency,Drinking Water Supply,11.78,Ongoing,12.744369851775062,Still ongoing 2+ years after sanction
W10542,Oliver Sarma,Mysuru,Zilla Panchayat,Road Construction,13.26,Ongoing,12.741978247584152,Still ongoing 2+ years after sanction
W10284,Victor Venkataraman,Salem,Public Works Department,Road Construction,9.06,Ongoing,12.737560558126274,Still ongoing 2+ years after sanction
W12294,Oliver Sarma,Salem,Zilla Panchayat,Community Health Center,13.5,Completed,12.734937466834934,Flagged by ML pattern only
W12770,Christopher Kadakia,Mysuru,Municipal Corporation,Drinking Water Supply,12.03,Ongoing,12.734121672460827,Still ongoing 2+ years after sanction
W10752,Yamini Chand,Mysuru,Public Works Department,Road Construction,17.73,Completed,12.72915713058351,Flagged by ML pattern only
W10978,Bachittar Choudhry,Nashik,Public Works Department,School Building Repair,11.45,Completed,12.727434871063348,Flagged by ML pattern only
W10786,Meera Banerjee,Dharwad,Public Works Department,Drinking Water Supply,8.81,Ongoing,12.72212178353306,Still ongoing 2+ years after sanction
W12719,Advaith Gole,Darjeeling,Zilla Panchayat,Public Toilet Complex,7.43,Ongoing,12.720413601971481,Still ongoing 2+ years after sanction
W10342,Jagat Mangat,Mysuru,District Rural Development Agency,Drinking Water Supply,10.34,Ongoing,12.717066728049076,Still ongoing 2+ years after sanction
W11482,Mugdha Varty,Salem,Public Works Department,Drinking Water Supply,9.83,Ongoing,12.716910871885142,Still ongoing 2+ years after sanction
W12184,Ria Ratta,Dharwad,State Housing Board,Drinking Water Supply,8.82,Ongoing,12.712093671270093,Still ongoing 2+ years after sanction
W10339,Harrison Kapur,Mysuru,State Housing Board,School Building Repair,12.36,Completed,12.710360443909302,Flagged by ML pattern only
W10264,Owen Bansal,Asansol,Municipal Corporation,Public Toilet Complex,7.38,Ongoing,12.69273774884942,Still ongoing 2+ years after sanction
W10043,Lucky Prashad,Nashik,Zilla Panchayat,Road Construction,8.79,Ongoing,12.683740602716451,Still ongoing 2+ years after sanction
W10359,Odika Naik,Nashik,Public Works Department,School Building Repair,10.99,Ongoing,12.678905586295505,Still ongoing 2+ years after sanction
W10192,Yamini Chand,Kolkata,Public Works Department,Drainage System,4.86,Ongoing,12.67440372616042,Still ongoing 2+ years after sanction
W10661,Owen Bala,Belagavi,Municipal Corporation,Drainage System,9.48,Ongoing,12.666211600219969,Still ongoing 2+ years after sanction
W12639,Lucky Prashad,Thane,State Housing Board,Public Toilet Complex,5.45,Completed,12.663085485459645,Flagged by ML pattern only
W10861,Widisha Yohannan,Madurai,District Rural Development Agency,Drinking Water Supply,8.7,Completed,12.660096796071057,Flagged by ML pattern only
W10983,Jagat Mangat,Salem,Municipal Corporation,Drinking Water Supply,9.93,Ongoing,12.656921538117288,Still ongoing 2+ years after sanction
W11887,Ekansh Sami,Howrah,Municipal Corporation,Drainage System,10.17,Ongoing,12.633381115340624,Still ongoing 2+ years after sanction
W11845,Christopher Kadakia,Howrah,District Rural Development Agency,Drinking Water Supply,4.31,Completed,12.628803640845945,Flagged by ML pattern only
W12217,Gabriel Thaman,Varanasi,State Housing Board,Public Toilet Complex,6.87,Ongoing,12.628146498866487,Still ongoing 2+ years after sanction
W10836,Christopher Kadakia,Lucknow,Zilla Panchayat,Drainage System,9.24,Ongoing,12.623358860565364,Still ongoing 2+ years after sanction
W11052,Mugdha Varty,Darjeeling,Public Works Department,School Building Repair,10.8,Completed,12.615014338565228,Flagged by ML pattern only
W12856,Victor Venkataraman,Darjeeling,Public Works Department,Street Lighting,5.59,Ongoing,12.614952252589395,Still ongoing 2+ years after sanction
W10671,Jagat Mangat,Kanpur,District Rural Development Agency,Public Toilet Complex,5.84,Ongoing,12.612538591673903,Still ongoing 2+ years after sanction
W10432,Oliver Sarma,Lucknow,State Housing Board,Public Toilet Complex,7.02,Completed,12.604385200767357,Flagged by ML pattern only
W11593,Yutika Rana,Agra,State Housing Board,School Building Repair,5.22,Completed,12.602956193976608,Flagged by ML pattern only
W11805,Sanya Swamy,Mysuru,Zilla Panchayat,Community Health Center,18.67,Completed,12.600027128961715,Flagged by ML pattern only
W12126,Krishna Pant,Coimbatore,Public Works Department,Drainage System,8.99,Ongoing,12.597423586255037,Still ongoing 2+ years after sanction
W12149,Rayaan Mand,Darjeeling,Public Works Department,Drainage System,9.04,Ongoing,12.595727190877827,Still ongoing 2+ years after sanction
W12608,Advaith Gole,Kanpur,Municipal Corporation,Drainage System,5.52,Completed,12.592568493888049,Flagged by ML pattern only
W12343,Lucky Prashad,Agra,District Rural Development Agency,Public Toilet Complex,5.92,Completed,12.592386967974504,Flagged by ML pattern only
W10427,Yadavi Deshmukh,Bengaluru Urban,State Housing Board,Drainage System,12.06,Ongoing,12.592329701125456,Still ongoing 2+ years after sanction
W11569,Tanish Iyer,Howrah,Municipal Corporation,Street Lighting,2.41,Completed,12.591522308977112,Flagged by ML pattern only
W12939,Azaan Gupta,Thane,State Housing Board,School Building Repair,13.13,Ongoing,12.582645342115256,Still ongoing 2+ years after sanction
W10081,Harrison Kapur,Dharwad,State Housing Board,Street Lighting,3.98,Completed,12.582608278107022,Flagged by ML pattern only
W11975,Mugdha Varty,Howrah,State Housing Board,Drinking Water Supply,12.55,Completed,12.576675489648393,Flagged by ML pattern only
W11317,Owen Bala,Varanasi,State Housing Board,Street Lighting,1.97,Completed,12.575141113934395,Flagged by ML pattern only
W11856,Odika Naik,Kanpur,Public Works Department,Drainage System,9.39,Completed,12.574002749516879,Flagged by ML pattern only
W11327,Widisha Yohannan,Nashik,Public Works Department,Community Health Center,13.25,Ongoing,12.570815025293674,Still ongoing 2+ years after sanction
W11316,Yutika Rana,Salem,Public Works Department,School Building Repair,10.4,Ongoing,12.569537415066135,Still ongoing 2+ years after sanction
W12187,Gaurav Chandra,Mysuru,District Rural Development Agency,Public Toilet Complex,7.25,Completed,12.569512486615814,Flagged by ML pattern only
W12647,Owen Bala,Darjeeling,District Rural Development Agency,Road Construction,18.58,Completed,12.564177894541704,Flagged by ML pattern only
W10559,Vanya Suresh,Darjeeling,Zilla Panchayat,Drainage System,8.58,Ongoing,12.558510113913442,Still ongoing 2+ years after sanction
W11918,Pallavi Krish,Lucknow,State Housing Board,Drainage System,11.59,Completed,12.557807511350186,Flagged by ML pattern only
W10149,Harrison Kapur,Asansol,State Housing Board,Public Toilet Complex,7.54,Ongoing,12.548704774975446,Still ongoing 2+ years after sanction
W11125,Jagat Mangat,Mysuru,District Rural Development Agency,Drainage System,10.04,Completed,12.545435422365717,Flagged by ML pattern only
W12549,Yamini Chand,Nashik,Public Works Department,School Building Repair,7.51,Ongoing,12.545154187958515,Still ongoing 2+ years after sanction
W10319,Krishna Pant,Lucknow,District Rural Development Agency,Street Lighting,5.44,Ongoing,12.534865969905201,Still ongoing 2+ years after sanction
W11123,Owen Bansal,Bengaluru Urban,District Rural Development Agency,Street Lighting,5.66,Completed,12.519944011632788,Flagged by ML pattern only
W12795,Rayaan Mand,Bengaluru Urban,District Rural Development Agency,School Building Repair,7.16,Ongoing,12.51798623958318,Still ongoing 2+ years after sanction
W10188,Yutika Rana,Madurai,Public Works Department,Drainage System,5.36,Ongoing,12.513109740808634,Still ongoing 2+ years after sanction
W12611,Deepa Gala,Lucknow,District Rural Development Agency,School Building Repair,5.36,Ongoing,12.509887103326571,Still ongoing 2+ years after sanction
W10369,Victor Venkataraman,Chennai,State Housing Board,Community Health Center,13.51,Completed,12.509544215820853,Flagged by ML pattern only
W12451,Hemang Bava,Bengaluru Urban,District Rural Development Agency,Community Health Center,31.85,Completed,12.507317120550331,Flagged by ML pattern only
W12040,Gaurav Chandra,Chennai,State Housing Board,Street Lighting,5.27,Ongoing,12.494504229388124,Still ongoing 2+ years after sanction
W11252,Ekansh Sami,Asansol,State Housing Board,Street Lighting,4.67,Completed,12.490035481559035,Flagged by ML pattern only
W11635,Mugdha Varty,Agra,Zilla Panchayat,School Building Repair,4.19,Completed,12.473711663982314,Flagged by ML pattern only
W12552,Mugdha Varty,Agra,Municipal Corporation,School Building Repair,9.21,Ongoing,12.473078923437368,Still ongoing 2+ years after sanction
W10919,Krishna Pant,Nagpur,Public Works Department,School Building Repair,8.42,Ongoing,12.472609731617206,Still ongoing 2+ years after sanction
W11596,Jagat Mangat,Nagpur,Zilla Panchayat,Drainage System,8.01,Ongoing,12.466934591506856,Still ongoing 2+ years after sanction
W12188,Yadavi Deshmukh,Salem,State Housing Board,Drainage System,8.34,Ongoing,12.456435542929398,Still ongoing 2+ years after sanction
W10438,Ekansh Sami,Asansol,Zilla Panchayat,Street Lighting,3.85,Completed,12.453283316446246,Flagged by ML pattern only
W11676,Meera Banerjee,Chennai,Zilla Panchayat,Street Lighting,5.52,Ongoing,12.453109302615854,Still ongoing 2+ years after sanction
W10903,Ronith Zachariah,Mysuru,State Housing Board,Drinking Water Supply,13.35,Ongoing,12.445866775261992,Still ongoing 2+ years after sanction
W11702,Lucky Prashad,Belagavi,State Housing Board,School Building Repair,3.78,Completed,12.443170487133711,Flagged by ML pattern only
W11423,Yug Choudhry,Kanpur,Public Works Department,Public Toilet Complex,3.98,Completed,12.440559229744597,Flagged by ML pattern only
W11851,Triya Khatri,Kolkata,State Housing Board,Public Toilet Complex,7.77,Ongoing,12.438679051702646,Still ongoing 2+ years after sanction
W12142,Azaan Gupta,Asansol,Public Works Department,Drainage System,6.69,Ongoing,12.438092754358504,Still ongoing 2+ years after sanction
W11149,Advaith Gole,Asansol,Municipal Corporation,Public Toilet Complex,6.54,Ongoing,12.434682031485105,Still ongoing 2+ years after sanction
W10652,Varsha Morar,Belagavi,Municipal Corporation,Public Toilet Complex,6.71,Completed,12.42518202655129,Flagged by ML pattern only
W10703,Krishna Pant,Thane,Municipal Corporation,School Building Repair,12.48,Completed,12.42210789371204,Flagged by ML pattern only
W11789,Krishna Pant,Coimbatore,District Rural Development Agency,Drinking Water Supply,9.91,Ongoing,12.421157531548069,Still ongoing 2+ years after sanction
W11004,Leena Butala,Kolkata,Public Works Department,Public Toilet Complex,6.71,Ongoing,12.42007691,Still ongoing 2+ years after sanction
W12424,Hemang Bava,Nagpur,State Housing Board,Public Toilet Complex,7.21,Ongoing,12.418911584426276,Still ongoing 2+ years after sanction
W12268,Oliver Sarma,Bengaluru Urban,Municipal Corporation,School Building Repair,3.55,Completed,12.41763996150923,Flagged by ML pattern only
W12936,Sanya Swamy,Kolkata,Municipal Corporation,Drinking Water Supply,4.38,Completed,12.417387251338205,Flagged by ML pattern only
W10268,Leena Butala,Varanasi,District Rural Development Agency,Drinking Water Supply,5.7,Ongoing,12.416983555420156,Still ongoing 2+ years after sanction
W10254,Vanya Suresh,Agra,Municipal Corporation,School Building Repair,11.79,Completed,12.414676689683631,Flagged by ML pattern only
W12646,Yadavi Deshmukh,Mysuru,State Housing Board,School Building Repair,5.46,Completed,12.412178198174098,Flagged by ML pattern only
W10535,Vanya Suresh,Varanasi,Public Works Department,Public Toilet Complex,5.74,Ongoing,12.40936645549321,Still ongoing 2+ years after sanction
W12931,Owen Bansal,Agra,Zilla Panchayat,Street Lighting,5.88,Ongoing,12.406614304113159,Still ongoing 2+ years after sanction
W10646,Lucky Prashad,Agra,Zilla Panchayat,Street Lighting,5.1,Ongoing,12.406416401597728,Still ongoing 2+ years after sanction
W11192,Jagat Mangat,Nashik,State Housing Board,Drainage System,6.64,Ongoing,12.404964725253537,Still ongoing 2+ years after sanction
W12803,Vanya Suresh,Darjeeling,Municipal Corporation,Drinking Water Supply,18.64,Ongoing,12.404204682266233,Flagged by ML pattern only
W10771,Ishwar Boase,Chennai,State Housing Board,Public Toilet Complex,6.94,Ongoing,12.401655687906182,Still ongoing 2+ years after sanction
W10574,Eesha Memon,Nagpur,District Rural Development Agency,Public Toilet Complex,4.24,Completed,12.388498249360488,Flagged by ML pattern only
W12265,Yadavi Deshmukh,Mysuru,State Housing Board,Road Construction,24.47,Ongoing,12.38029188388306,Flagged by ML pattern only
W12986,Sanya Swamy,Belagavi,Zilla Panchayat,Drinking Water Supply,11.91,Completed,12.374452822104537,Flagged by ML pattern only
W11263,Oliver Sarma,Darjeeling,Zilla Panchayat,Public Toilet Complex,5.9,Ongoing,12.367247759422547,Still ongoing 2+ years after sanction
W10899,Yug Choudhry,Dharwad,State Housing Board,School Building Repair,13.37,Completed,12.36428046661002,Flagged by ML pattern only
W11433,Yug Choudhry,Dharwad,District Rural Development Agency,Drainage System,9.3,Ongoing,12.345991209184081,Still ongoing 2+ years after sanction
W11476,Yadavi Deshmukh,Mysuru,State Housing Board,Road Construction,8.17,Ongoing,12.34119742304559,Still ongoing 2+ years after sanction
W10791,Hemang Bava,Kanpur,State Housing Board,Drinking Water Supply,6.78,Ongoing,12.331694411072476,Still ongoing 2+ years after sanction
W12043,Owen Bansal,Asansol,Public Works Department,School Building Repair,8.23,Completed,12.327164742250687,Flagged by ML pattern only
W11865,Owen Bansal,Darjeeling,Public Works Department,Street Lighting,5.85,Ongoing,12.316220434420364,Still ongoing 2+ years after sanction
W10755,Advaith Gole,Kanpur,District Rural Development Agency,Public Toilet Complex,7.65,Completed,12.315265934517754,Flagged by ML pattern only
W10811,Christopher Kadakia,Chennai,Zilla Panchayat,Public Toilet Complex,5.73,Ongoing,12.313122961364579,Still ongoing 2+ years after sanction
W11062,Ishwar Boase,Belagavi,Municipal Corporation,Public Toilet Complex,5.63,Ongoing,12.308023032039578,Still ongoing 2+ years after sanction
W11230,Ekansh Sami,Varanasi,Municipal Corporation,Drainage System,6.3,Ongoing,12.305933420322026,Still ongoing 2+ years after sanction
W12252,Ria Ratta,Salem,District Rural Development Agency,School Building Repair,11.81,Completed,12.304811354893246,Flagged by ML pattern only
W12002,Bachittar Choudhry,Agra,State Housing Board,Public Toilet Complex,4.97,Completed,12.30381259346921,Flagged by ML pattern only
W12027,Christopher Kadakia,Bengaluru Urban,Municipal Corporation,Drainage System,7.43,Completed,12.301443831725274,Flagged by ML pattern only
W10829,Yug Choudhry,Nashik,Zilla Panchayat,Street Lighting,5.15,Completed,12.295763400128093,Flagged by ML pattern only
W11474,Meera Banerjee,Salem,Zilla Panchayat,Drinking Water Supply,9.39,Ongoing,12.293800318830344,Still ongoing 2+ years after sanction
W10554,Onveer Kata,Lucknow,Zilla Panchayat,Drinking Water Supply,12.93,Completed,12.292473094531834,Flagged by ML pattern only
W11809,Gabriel Thaman,Salem,Municipal Corporation,Public Toilet Complex,6.22,Completed,12.28552182316182,Flagged by ML pattern only
W11022,Ekansh Sami,Nashik,Public Works Department,Road Construction,8.43,Completed,12.281954870967077,Flagged by ML pattern only
W12337,Eesha Memon,Nagpur,Public Works Department,Drinking Water Supply,9.94,Completed,12.275185709668921,Flagged by ML pattern only
W10994,Bachittar Choudhry,Coimbatore,State Housing Board,Public Toilet Complex,7.65,Ongoing,12.273381207272843,Still ongoing 2+ years after sanction
W11313,Hemang Bava,Agra,Zilla Panchayat,Drainage System,8.78,Ongoing,12.246961361073792,Still ongoing 2+ years after sanction
W11953,Owen Bala,Coimbatore,District Rural Development Agency,Public Toilet Complex,7.98,Ongoing,12.240772089298218,Still ongoing 2+ years after sanction
W10914,Lucky Prashad,Nagpur,State Housing Board,Drainage System,5.84,Ongoing,12.236878139817938,Still ongoing 2+ years after sanction
W10825,Gabriel Thaman,Madurai,Zilla Panchayat,Public Toilet Complex,6.04,Ongoing,12.220683661247088,Still ongoing 2+ years after sanction
W11607,Gaurav Chandra,Howrah,Municipal Corporation,Drinking Water Supply,15.76,Completed,12.213088177705092,Flagged by ML pattern only
W11931,Ria Ratta,Lucknow,Zilla Panchayat,School Building Repair,6.31,Ongoing,12.206695183334123,Still ongoing 2+ years after sanction
W10674,Gaurav Chandra,Lucknow,District Rural Development Agency,Public Toilet Complex,7.98,Ongoing,12.205190613835105,Still ongoing 2+ years after sanction
W12743,Ronith Zachariah,Coimbatore,State Housing Board,Public Toilet Complex,2.33,Completed,12.203980463921255,Flagged by ML pattern only
W10269,Pallavi Krish,Pune,State Housing Board,School Building Repair,8.17,Completed,12.198995818425832,Flagged by ML pattern only
W11558,Harrison Kapur,Pune,Municipal Corporation,Road Construction,7.2,Completed,12.194272325751106,Flagged by ML pattern only
W12210,Yutika Rana,Darjeeling,State Housing Board,Public Toilet Complex,3.53,Completed,12.190524820627585,Flagged by ML pattern only
W11915,Gaurav Chandra,Howrah,District Rural Development Agency,School Building Repair,3.45,Completed,12.182181353225332,Flagged by ML pattern only
W11449,Ekansh Sami,Madurai,State Housing Board,Drainage System,16.08,Completed,12.16508735155304,Flagged by ML pattern only
W12349,Vrinda Biswas,Nagpur,Municipal Corporation,Road Construction,5.87,Ongoing,12.164906620463572,Still ongoing 2+ years after sanction
W10932,Hemang Bava,Lucknow,Zilla Panchayat,Street Lighting,2.93,Completed,12.164128974846554,Flagged by ML pattern only
W11109,Onveer Kata,Chennai,State Housing Board,Drinking Water Supply,9.48,Completed,12.160519695314674,Flagged by ML pattern only
W10759,Yug Choudhry,Agra,State Housing Board,Road Construction,6.15,Ongoing,12.157947391097519,Still ongoing 2+ years after sanction
W10683,Ria Ratta,Mysuru,Municipal Corporation,Drinking Water Supply,5.01,Completed,12.157207349053643,Flagged by ML pattern only
W10091,Gabriel Thaman,Lucknow,Municipal Corporation,Community Health Center,13.52,Completed,12.149592192364338,Flagged by ML pattern only
W12235,Deepa Gala,Thane,District Rural Development Agency,Drainage System,5.17,Completed,12.130603367194858,Flagged by ML pattern only
W10558,Meera Banerjee,Thane,Public Works Department,Street Lighting,2.69,Completed,12.119080649535475,Flagged by ML pattern only
W10464,Azaan Gupta,Coimbatore,Municipal Corporation,Street Lighting,3.83,Completed,12.116087978528434,Flagged by ML pattern only
W11963,Pallavi Krish,Dharwad,Public Works Department,Drinking Water Supply,8.87,Completed,12.10858215367951,Flagged by ML pattern only
W11165,Ekansh Sami,Bengaluru Urban,Zilla Panchayat,School Building Repair,3.2,Completed,12.096508106988896,Flagged by ML pattern only
W11909,Advaith Gole,Nashik,Municipal Corporation,Street Lighting,5.7,Completed,12.086559543854861,Flagged by ML pattern only
W11362,Jagat Mangat,Kanpur,Municipal Corporation,Drainage System,17.03,Completed,12.080529803407492,Flagged by ML pattern only
W11366,Victor Venkataraman,Lucknow,Municipal Corporation,Drinking Water Supply,9.45,Completed,12.070897549445176,Flagged by ML pattern only
W10982,Ronith Zachariah,Bengaluru Urban,District Rural Development Agency,School Building Repair,9.27,Ongoing,12.058119365017644,Still ongoing 2+ years after sanction
W10594,Widisha Yohannan,Lucknow,District Rural Development Agency,Street Lighting,2.94,Completed,12.051955052473682,Flagged by ML pattern only
W10087,Meera Banerjee,Varanasi,Zilla Panchayat,Street Lighting,3.7,Completed,12.051289250919277,Flagged by ML pattern only
W10557,Varsha Morar,Lucknow,Municipal Corporation,Drainage System,12.58,Completed,12.050478576751392,Flagged by ML pattern only
W10711,Ishwar Boase,Mysuru,Public Works Department,Community Health Center,16.02,Completed,12.045411689728976,Flagged by ML pattern only
W11764,Oliver Sarma,Nashik,District Rural Development Agency,Road Construction,6.28,Completed,12.03867578208001,Flagged by ML pattern only
W12123,Owen Bansal,Coimbatore,Zilla Panchayat,Community Health Center,24.83,Completed,12.037292070076717,Flagged by ML pattern only
W12697,Ishwar Boase,Nagpur,Municipal Corporation,Public Toilet Complex,7.84,Ongoing,12.013494700664305,Still ongoing 2+ years after sanction
W11572,Rayaan Mand,Nagpur,District Rural Development Agency,Community Health Center,32.53,Completed,12.006654720299064,Flagged by ML pattern only
W11934,Yug Choudhry,Chennai,District Rural Development Agency,School Building Repair,10.19,Completed,12.004362306379925,Flagged by ML pattern only
W11133,Onveer Kata,Nashik,Public Works Department,School Building Repair,9.43,Ongoing,12,Still ongoing 2+ years after sanction
W10292,Ria Ratta,Kolkata,District Rural Development Agency,Public Toilet Complex,2.8,Completed,11.994859620899257,Flagged by ML pattern only
W10364,Sanya Swamy,Lucknow,State Housing Board,Drainage System,10.19,Completed,11.99215898864383,Flagged by ML pattern only
W12016,Vanya Suresh,Madurai,Municipal Corporation,Drinking Water Supply,18.67,Completed,11.988726428128667,Flagged by ML pattern only
W11365,Krishna Pant,Pune,State Housing Board,Street Lighting,2.44,Ongoing,11.940919160431294,Flagged by ML pattern only
W10722,Jagat Mangat,Nashik,State Housing Board,School Building Repair,3.27,Completed,11.939305101638194,Flagged by ML pattern only
W10102,Yadavi Deshmukh,Kanpur,Municipal Corporation,Road Construction,21.43,Completed,11.93818316150469,Flagged by ML pattern only
W12685,Owen Bansal,Kolkata,State Housing Board,School Building Repair,14.14,Completed,11.92526649414288,Flagged by ML pattern only
W12435,Nicholas Gour,Madurai,State Housing Board,Drainage System,14.28,Completed,11.903365417603354,Flagged by ML pattern only
W12118,Yamini Chand,Dharwad,Municipal Corporation,School Building Repair,10.67,Completed,11.900509789285078,Flagged by ML pattern only
W12761,Tanish Iyer,Agra,Zilla Panchayat,Public Toilet Complex,3.75,Completed,11.89314615978302,Flagged by ML pattern only
W12038,Mugdha Varty,Asansol,State Housing Board,Community Health Center,10.93,Completed,11.890863989965439,Flagged by ML pattern only
W10979,Eesha Memon,Nagpur,Public Works Department,School Building Repair,3.71,Completed,11.881801383815526,Flagged by ML pattern only
W11762,Gaurav Chandra,Bengaluru Urban,Public Works Department,Road Construction,24.78,Completed,11.879443112698532,Flagged by ML pattern only
W11024,Oliver Sarma,Mysuru,Zilla Panchayat,Drinking Water Supply,19.14,Completed,11.873233475235352,Flagged by ML pattern only
W11988,Ronith Zachariah,Dharwad,Zilla Panchayat,Drinking Water Supply,7.94,Completed,11.871773498226268,Flagged by ML pattern only
W12863,Azaan Gupta,Kolkata,District Rural Development Agency,Drinking Water Supply,8.08,Completed,11.856957062285996,Flagged by ML pattern only
W10854,Azaan Gupta,Howrah,State Housing Board,Drinking Water Supply,8.79,Completed,11.855492138545031,Flagged by ML pattern only
W10505,Advaith Gole,Howrah,Public Works Department,Community Health Center,22.55,Ongoing,11.850387248240857,Flagged by ML pattern only
W10358,Meera Banerjee,Lucknow,Public Works Department,Drinking Water Supply,8.83,Completed,11.850061211643098,Flagged by ML pattern only
W10525,Yamini Chand,Kolkata,Public Works Department,Road Construction,14.19,Completed,11.847040225372847,Flagged by ML pattern only
W11679,Ria Ratta,Coimbatore,District Rural Development Agency,Community Health Center,15.22,Completed,11.796464255876634,Flagged by ML pattern only
W12951,Owen Bansal,Kanpur,District Rural Development Agency,Drainage System,9.38,Completed,11.766647834942981,Flagged by ML pattern only
W10326,Ekansh Sami,Nashik,District Rural Development Agency,Public Toilet Complex,7.32,Completed,11.756613052263695,Flagged by ML pattern only
W11088,Varsha Morar,Chennai,District Rural Development Agency,School Building Repair,3.72,Ongoing,11.746515092285733,Flagged by ML pattern only
W12448,Oliver Sarma,Salem,District Rural Development Agency,Street Lighting,3.77,Completed,11.745048906965529,Flagged by ML pattern only
W10407,Owen Bansal,Thane,Public Works Department,Road Construction,12.99,Completed,11.743738186084867,Flagged by ML pattern only
W12324,Owen Bala,Belagavi,Public Works Department,School Building Repair,8.84,Completed,11.717817889538715,Flagged by ML pattern only
W11236,Oliver Sarma,Chennai,District Rural Development Agency,Street Lighting,4.81,Ongoing,11.709599235276432,Flagged by ML pattern only
W10568,Jagat Mangat,Agra,State Housing Board,Drainage System,11.93,Completed,11.706894726522439,Flagged by ML pattern only
W12883,Ronith Zachariah,Coimbatore,Municipal Corporation,School Building Repair,6.54,Completed,11.70267157055605,Flagged by ML pattern only
W11222,Sanya Swamy,Kolkata,Public Works Department,Street Lighting,3.39,Completed,11.701360726329924,Flagged by ML pattern only
W11257,Odika Naik,Chennai,State Housing Board,Road Construction,19.3,Completed,11.69178369551651,Flagged by ML pattern only
W12742,Yutika Rana,Agra,Municipal Corporation,Drainage System,3.07,Completed,11.660201796539488,Flagged by ML pattern only
W11108,Jagat Mangat,Agra,District Rural Development Agency,Road Construction,8,Completed,11.655789063216451,Flagged by ML pattern only
W10550,Rayaan Mand,Howrah,State Housing Board,Drinking Water Supply,15.54,Completed,11.635448389846953,Flagged by ML pattern only
W10834,Eesha Memon,Nashik,Zilla Panchayat,Public Toilet Complex,6.27,Completed,11.631252317541687,Flagged by ML pattern only
W12206,Advaith Gole,Agra,State Housing Board,Drainage System,6.88,Completed,11.621664088832869,Flagged by ML pattern only
W10648,Ekansh Sami,Asansol,State Housing Board,Public Toilet Complex,4.21,Completed,11.616376421967423,Flagged by ML pattern only
W11551,Vrinda Biswas,Mysuru,Zilla Panchayat,Street Lighting,4.13,Completed,11.575568126248434,Flagged by ML pattern only
W10265,Tanish Iyer,Chennai,District Rural Development Agency,Road Construction,20.3,Completed,11.573559010082844,Flagged by ML pattern only
W10492,Nicholas Gour,Thane,Public Works Department,Drainage System,13.49,Completed,11.565489125866748,Flagged by ML pattern only
W11663,Hemang Bava,Varanasi,Zilla Panchayat,Drinking Water Supply,10.1,Completed,11.560894655247772,Flagged by ML pattern only
W11147,Meera Banerjee,Chennai,District Rural Development Agency,Road Construction,16.15,Completed,11.549713311370873,Flagged by ML pattern only
W10768,Vanya Suresh,Darjeeling,Municipal Corporation,School Building Repair,10.38,Completed,11.547619414621991,Flagged by ML pattern only
W11794,Triya Khatri,Dharwad,District Rural Development Agency,Drinking Water Supply,7.88,Completed,11.545049037704565,Flagged by ML pattern only
W10565,Yadavi Deshmukh,Kolkata,District Rural Development Agency,Street Lighting,4.21,Completed,11.544013540428715,Flagged by ML pattern only
W12881,Krishna Pant,Bengaluru Urban,Public Works Department,Drainage System,10.52,Completed,11.536997292128085,Flagged by ML pattern only
W11788,Rayaan Mand,Darjeeling,Zilla Panchayat,Street Lighting,1.75,Ongoing,11.509969250255057,Flagged by ML pattern only
W12440,Lucky Prashad,Madurai,District Rural Development Agency,Drainage System,6.53,Completed,11.471122883910496,Flagged by ML pattern only
W11379,Yadavi Deshmukh,Asansol,Zilla Panchayat,School Building Repair,12.56,Completed,11.446812696124269,Flagged by ML pattern only
W10349,Pallavi Krish,Kanpur,State Housing Board,Community Health Center,17.98,Completed,11.40880672947748,Flagged by ML pattern only
W11651,Deepa Gala,Varanasi,District Rural Development Agency,Road Construction,9.89,Completed,11.40055649609005,Flagged by ML pattern only
W11613,Yutika Rana,Agra,Zilla Panchayat,School Building Repair,9.92,Completed,11.393356213200631,Flagged by ML pattern only
W11768,Yutika Rana,Salem,District Rural Development Agency,Street Lighting,4.48,Completed,11.390574466015039,Flagged by ML pattern only
W11538,Azaan Gupta,Nagpur,State Housing Board,Community Health Center,14.74,Completed,11.386442367511854,Flagged by ML pattern only
W12332,Gabriel Thaman,Salem,Municipal Corporation,Community Health Center,10.56,Completed,11.380168292197629,Flagged by ML pattern only
W11989,Ishwar Boase,Dharwad,Public Works Department,Public Toilet Complex,6.37,Completed,11.377030787034668,Flagged by ML pattern only
W10448,Gabriel Thaman,Nagpur,Municipal Corporation,Public Toilet Complex,3.99,Completed,11.362943495309135,Flagged by ML pattern only
W11231,Advaith Gole,Madurai,District Rural Development Agency,Public Toilet Complex,5.25,Completed,11.356446574708277,Flagged by ML pattern only
W10483,Lucky Prashad,Kanpur,State Housing Board,Road Construction,5.58,Completed,11.354662017478184,Flagged by ML pattern only
W11001,Mugdha Varty,Lucknow,Municipal Corporation,Street Lighting,4.63,Completed,11.34151038962733,Flagged by ML pattern only
W10494,Jagat Mangat,Lucknow,Municipal Corporation,Road Construction,14.21,Completed,11.311702016075309,Flagged by ML pattern only
W12089,Yamini Chand,Pune,State Housing Board,School Building Repair,10.12,Completed,11.310720356585525,Flagged by ML pattern only
W10221,Bachittar Choudhry,Kanpur,Municipal Corporation,Drainage System,17.46,Completed,11.278412871451454,Flagged by ML pattern only
W12035,Gaurav Chandra,Thane,State Housing Board,Street Lighting,4.63,Completed,11.273323210792682,Flagged by ML pattern only
W11866,Harrison Kapur,Kolkata,Municipal Corporation,Public Toilet Complex,2.5,Completed,11.263420884021764,Flagged by ML pattern only
W10218,Oliver Sarma,Nagpur,State Housing Board,Drainage System,11.08,Completed,11.251064386368732,Flagged by ML pattern only
W10812,Jagat Mangat,Madurai,District Rural Development Agency,Drainage System,3.83,Completed,11.229297813458329,Flagged by ML pattern only
W11913,Mugdha Varty,Asansol,Zilla Panchayat,Drainage System,10.91,Completed,11.216149275514196,Flagged by ML pattern only
W12788,Harrison Kapur,Dharwad,Zilla Panchayat,Street Lighting,4.24,Completed,11.215030299552854,Flagged by ML pattern only
W10564,Advaith Gole,Dharwad,District Rural Development Agency,Street Lighting,5.59,Completed,11.206064315474965,Flagged by ML pattern only
W12775,Lucky Prashad,Mysuru,Municipal Corporation,Drainage System,11,Completed,11.195773905966684,Flagged by ML pattern only
W12705,Onveer Kata,Belagavi,Municipal Corporation,Public Toilet Complex,5.79,Completed,11.182328384168356,Flagged by ML pattern only
W11284,Krishna Pant,Nagpur,State Housing Board,Drainage System,12.38,Completed,11.178370111271036,Flagged by ML pattern only
W11738,Ishwar Boase,Darjeeling,District Rural Development Agency,Street Lighting,4.29,Completed,11.136430485339028,Flagged by ML pattern only
W10155,Krishna Pant,Chennai,Municipal Corporation,Drainage System,12.46,Completed,11.131009636252736,Flagged by ML pattern only
W12113,Yug Choudhry,Belagavi,Municipal Corporation,Street Lighting,2.43,Completed,11.122030264603197,Flagged by ML pattern only
W11058,Gabriel Thaman,Asansol,Zilla Panchayat,Street Lighting,4.9,Ongoing,11.117824651907078,Flagged by ML pattern only
W10935,Vanya Suresh,Kolkata,Zilla Panchayat,School Building Repair,6.92,Completed,11.11574123713903,Flagged by ML pattern only
W12009,Hemang Bava,Mysuru,Zilla Panchayat,School Building Repair,4.85,Completed,11.102457246906331,Flagged by ML pattern only
W11660,Krishna Pant,Asansol,Public Works Department,Drainage System,9.63,Completed,11.092623079834983,Flagged by ML pattern only
W10541,Ria Ratta,Pune,Zilla Panchayat,Public Toilet Complex,7.62,Ongoing,11.072413817951407,Agency handles a disproportionate share of Pune's works
W11202,Widisha Yohannan,Kanpur,District Rural Development Agency,Road Construction,14.92,Completed,11.068985350254316,Flagged by ML pattern only
W12817,Triya Khatri,Kanpur,District Rural Development Agency,Public Toilet Complex,5.7,Completed,11.056654296412976,Flagged by ML pattern only
W11518,Christopher Kadakia,Mysuru,Municipal Corporation,Drinking Water Supply,17.75,Completed,11.05396284,Flagged by ML pattern only
W10667,Owen Bala,Salem,Zilla Panchayat,Public Toilet Complex,7.62,Completed,11.053000740117199,Flagged by ML pattern only
W12952,Eesha Memon,Chennai,Zilla Panchayat,Street Lighting,5.88,Completed,11.038900378688455,Flagged by ML pattern only
W11903,Gaurav Chandra,Kanpur,District Rural Development Agency,Drainage System,11.57,Completed,11.033380699750644,Flagged by ML pattern only
W12174,Meera Banerjee,Agra,State Housing Board,Road Construction,8.85,Completed,11.030906271446431,Flagged by ML pattern only
W10172,Vanya Suresh,Coimbatore,District Rural Development Agency,Street Lighting,3.08,Completed,11.028459210793807,Flagged by ML pattern only
W12961,Varsha Morar,Mysuru,Zilla Panchayat,Public Toilet Complex,3.79,Completed,11.02197581074008,Flagged by ML pattern only
W10923,Yamini Chand,Kanpur,Municipal Corporation,Drinking Water Supply,14.33,Completed,11.02042712977594,Flagged by ML pattern only
W10026,Christopher Kadakia,Asansol,Public Works Department,School Building Repair,5.28,Completed,11.017208094460665,Flagged by ML pattern only
W11620,Krishna Pant,Dharwad,District Rural Development Agency,Drinking Water Supply,12.7,Completed,11.014561872341398,Flagged by ML pattern only
W11730,Gaurav Chandra,Chennai,Municipal Corporation,Public Toilet Complex,7.6,Completed,11.003145172199467,Flagged by ML pattern only
W10035,Yug Choudhry,Varanasi,Public Works Department,Road Construction,5.12,Completed,10.99426090945794,Flagged by ML pattern only
W12251,Widisha Yohannan,Lucknow,Zilla Panchayat,Drinking Water Supply,19.52,Ongoing,10.993321593733544,Flagged by ML pattern only
W10980,Tanish Iyer,Mysuru,Zilla Panchayat,Road Construction,15.26,Completed,10.983913740740322,Flagged by ML pattern only
W10158,Ria Ratta,Varanasi,State Housing Board,Drainage System,4.92,Completed,10.98241620513507,Flagged by ML pattern only
W11545,Eesha Memon,Agra,Zilla Panchayat,Drinking Water Supply,4.65,Completed,10.978451919727009,Flagged by ML pattern only
W10746,Pallavi Krish,Asansol,Public Works Department,Drinking Water Supply,15.17,Completed,10.973979892386787,Flagged by ML pattern only
W10964,Lucky Prashad,Dharwad,Public Works Department,Public Toilet Complex,4.8,Completed,10.969806053140006,Flagged by ML pattern only
W12585,Krishna Pant,Kolkata,Public Works Department,School Building Repair,7.7,Ongoing,10.968868272954744,Flagged by ML pattern only
W11325,Vrinda Biswas,Madurai,State Housing Board,Road Construction,16.95,Completed,10.940145094293953,Flagged by ML pattern only
W10758,Krishna Pant,Kolkata,Zilla Panchayat,Drainage System,3.47,Completed,10.93371846138981,Flagged by ML pattern only
W12490,Varsha Morar,Asansol,Municipal Corporation,School Building Repair,10.07,Completed,10.928087432530459,Flagged by ML pattern only
W12638,Ekansh Sami,Belagavi,Municipal Corporation,Street Lighting,3.24,Ongoing,10.915947050460865,Flagged by ML pattern only
W10636,Odika Naik,Asansol,Zilla Panchayat,Road Construction,25.73,Completed,10.914135133458794,Flagged by ML pattern only
W12887,Yutika Rana,Darjeeling,Municipal Corporation,School Building Repair,4.94,Completed,10.905243813197806,Flagged by ML pattern only
W10590,Ishwar Boase,Agra,Public Works Department,School Building Repair,4.97,Completed,10.861801151670353,Flagged by ML pattern only
W12161,Eesha Memon,Mysuru,Zilla Panchayat,Road Construction,13.88,Completed,10.837238792217631,Flagged by ML pattern only
W11107,Gaurav Chandra,Thane,Zilla Panchayat,Drainage System,4.09,Completed,10.833381403310836,Flagged by ML pattern only
W12924,Lucky Prashad,Dharwad,Zilla Panchayat,Drainage System,12.38,Completed,10.81415124547227,Flagged by ML pattern only
W10011,Gaurav Chandra,Nagpur,State Housing Board,Drainage System,13.21,Completed,10.811301691020011,Flagged by ML pattern only
W12019,Ronith Zachariah,Asansol,Public Works Department,Street Lighting,3.64,Ongoing,10.810016933990049,Flagged by ML pattern only
W12028,Onveer Kata,Nashik,District Rural Development Agency,Drinking Water Supply,14.4,Completed,10.802761130612595,Flagged by ML pattern only
W11264,Meera Banerjee,Chennai,Municipal Corporation,School Building Repair,6.57,Completed,10.794045811846344,Flagged by ML pattern only
W11668,Lucky Prashad,Mysuru,Zilla Panchayat,Drinking Water Supply,12.77,Completed,10.791559740576618,Flagged by ML pattern only
W10048,Triya Khatri,Darjeeling,Public Works Department,Community Health Center,27.67,Ongoing,10.77790458161224,Flagged by ML pattern only
W10933,Yutika Rana,Pune,District Rural Development Agency,Public Toilet Complex,5.32,Completed,10.769619968804419,Flagged by ML pattern only
W10008,Advaith Gole,Belagavi,Public Works Department,Community Health Center,20.71,Ongoing,10.753446130150085,Flagged by ML pattern only
W11790,Eesha Memon,Bengaluru Urban,Zilla Panchayat,Public Toilet Complex,4.82,Completed,10.74674157656357,Flagged by ML pattern only
W10391,Owen Bansal,Coimbatore,State Housing Board,Community Health Center,22.09,Completed,10.73257891459163,Flagged by ML pattern only
W11638,Azaan Gupta,Nashik,Public Works Department,Community Health Center,27.99,Completed,10.732475438965109,Flagged by ML pattern only
W12824,Owen Bansal,Kanpur,Zilla Panchayat,School Building Repair,13.1,Completed,10.727113186071191,Flagged by ML pattern only
W12311,Bachittar Choudhry,Coimbatore,Municipal Corporation,Public Toilet Complex,7.2,Completed,10.719557128285345,Flagged by ML pattern only
W11235,Christopher Kadakia,Agra,Public Works Department,Community Health Center,11.78,Completed,10.712015686005543,Flagged by ML pattern only
W12497,Christopher Kadakia,Agra,Zilla Panchayat,Public Toilet Complex,2.22,Completed,10.700323171292128,Flagged by ML pattern only
W12092,Yutika Rana,Bengaluru Urban,Public Works Department,Drainage System,8.16,Completed,10.681221631654344,Flagged by ML pattern only
W11611,Nicholas Gour,Lucknow,State Housing Board,Street Lighting,3.72,Completed,10.68092092831455,Flagged by ML pattern only
W10497,Jagat Mangat,Belagavi,Public Works Department,School Building Repair,10.86,Completed,10.674454964095302,Flagged by ML pattern only
W10571,Yug Choudhry,Howrah,State Housing Board,Street Lighting,4.08,Completed,10.668248956678122,Flagged by ML pattern only
W12214,Leena Butala,Darjeeling,State Housing Board,Public Toilet Complex,4.13,Completed,10.665189923923098,Flagged by ML pattern only
W10257,Yug Choudhry,Asansol,Municipal Corporation,Road Construction,5.59,Completed,10.659317196234477,Flagged by ML pattern only
W12503,Sanya Swamy,Dharwad,Municipal Corporation,Drainage System,13.39,Ongoing,10.650591776656789,Flagged by ML pattern only
W12356,Krishna Pant,Nashik,Municipal Corporation,Drinking Water Supply,17.23,Ongoing,10.640999824223403,Flagged by ML pattern only
W11246,Owen Bansal,Chennai,District Rural Development Agency,Street Lighting,2.17,Completed,10.617444310923318,Flagged by ML pattern only
W10383,Ekansh Sami,Salem,Public Works Department,Street Lighting,4.23,Completed,10.61190319889126,Flagged by ML pattern only
W10796,Ishwar Boase,Salem,Public Works Department,Community Health Center,15.21,Ongoing,10.594055407431252,Flagged by ML pattern only
W11443,Jagat Mangat,Howrah,Public Works Department,School Building Repair,5.63,Completed,10.557291883859653,Flagged by ML pattern only
W11842,Christopher Kadakia,Kanpur,Public Works Department,Drainage System,12.44,Completed,10.550736100247383,Flagged by ML pattern only
W11567,Ishwar Boase,Belagavi,Municipal Corporation,Public Toilet Complex,4.86,Completed,10.528399283370316,Flagged by ML pattern only
W11201,Ishwar Boase,Dharwad,Zilla Panchayat,Drinking Water Supply,14.68,Completed,10.52297746089963,Flagged by ML pattern only
W10938,Yadavi Deshmukh,Mysuru,Zilla Panchayat,Community Health Center,12.56,Ongoing,10.515747287177383,Flagged by ML pattern only
W10077,Nicholas Gour,Nashik,State Housing Board,School Building Repair,6.63,Completed,10.514163844524095,Flagged by ML pattern only
W12461,Varsha Morar,Asansol,Zilla Panchayat,Drinking Water Supply,17.06,Completed,10.506376042527585,Flagged by ML pattern only
W12012,Yadavi Deshmukh,Bengaluru Urban,State Housing Board,Drainage System,15.7,Completed,10.503653481429744,Flagged by ML pattern only
W10604,Christopher Kadakia,Chennai,State Housing Board,School Building Repair,13.25,Ongoing,10.490950065854504,Flagged by ML pattern only
W10664,Eesha Memon,Dharwad,Municipal Corporation,Drinking Water Supply,7.51,Completed,10.489186088002985,Flagged by ML pattern only
W12112,Ria Ratta,Kanpur,Public Works Department,Public Toilet Complex,4.36,Completed,10.486264280299432,Flagged by ML pattern only
W11226,Gabriel Thaman,Madurai,District Rural Development Agency,School Building Repair,7.12,Completed,10.486116777812107,Flagged by ML pattern only
W12360,Yamini Chand,Bengaluru Urban,Municipal Corporation,Street Lighting,3.63,Completed,10.476561346987697,Flagged by ML pattern only
W10927,Yadavi Deshmukh,Thane,Public Works Department,School Building Repair,5.72,Completed,10.46613992838954,Flagged by ML pattern only
W10341,Rayaan Mand,Bengaluru Urban,Municipal Corporation,School Building Repair,12.69,Ongoing,10.460558137058419,Flagged by ML pattern only
W10622,Widisha Yohannan,Howrah,Zilla Panchayat,School Building Repair,11.69,Completed,10.458980635947626,Flagged by ML pattern only
W12615,Gaurav Chandra,Chennai,Municipal Corporation,Public Toilet Complex,4.25,Completed,10.446616761610166,Flagged by ML pattern only
W11361,Bachittar Choudhry,Darjeeling,State Housing Board,Drinking Water Supply,13.85,Completed,10.446359591028546,Flagged by ML pattern only
W10516,Christopher Kadakia,Salem,State Housing Board,Drinking Water Supply,8.02,Completed,10.446302143431826,Flagged by ML pattern only
W12240,Leena Butala,Belagavi,State Housing Board,School Building Repair,11.98,Completed,10.410861234125667,Flagged by ML pattern only
W10095,Onveer Kata,Dharwad,Public Works Department,Road Construction,27.67,Ongoing,10.410049372693639,Flagged by ML pattern only
W11589,Pallavi Krish,Lucknow,District Rural Development Agency,Road Construction,12,Completed,10.403570590141172,Flagged by ML pattern only
W12088,Bachittar Choudhry,Belagavi,Zilla Panchayat,Public Toilet Complex,4.01,Completed,10.393673810757596,Flagged by ML pattern only
W11798,Ronith Zachariah,Nashik,Public Works Department,Drinking Water Supply,12.7,Completed,10.392912734245058,Flagged by ML pattern only
W11218,Christopher Kadakia,Chennai,State Housing Board,Street Lighting,3.88,Completed,10.38404981125687,Flagged by ML pattern only
W11426,Vanya Suresh,Coimbatore,Public Works Department,School Building Repair,12.28,Completed,10.3770771,Flagged by ML pattern only
W10972,Ria Ratta,Chennai,Zilla Panchayat,Public Toilet Complex,4.31,Completed,10.353513259760222,Flagged by ML pattern only
W10881,Yadavi Deshmukh,Varanasi,Municipal Corporation,School Building Repair,10.95,Completed,10.341731541864872,Flagged by ML pattern only
W10731,Ria Ratta,Darjeeling,Zilla Panchayat,Street Lighting,3.4,Completed,10.33984224,Flagged by ML pattern only
W11015,Sanya Swamy,Varanasi,Municipal Corporation,Street Lighting,5.55,Ongoing,10.336669515831057,Flagged by ML pattern only
W12941,Yadavi Deshmukh,Pune,District Rural Development Agency,Drinking Water Supply,19.88,Ongoing,10.329809131102955,Flagged by ML pattern only
W10814,Widisha Yohannan,Varanasi,Public Works Department,Public Toilet Complex,6.52,Completed,10.323871751881871,Flagged by ML pattern only
W10224,Varsha Morar,Asansol,Zilla Panchayat,School Building Repair,13.21,Completed,10.30728215968842,Flagged by ML pattern only
W12874,Yadavi Deshmukh,Agra,Zilla Panchayat,Public Toilet Complex,2.85,Completed,10.304249045747865,Flagged by ML pattern only
W12619,Hemang Bava,Lucknow,District Rural Development Agency,Drinking Water Supply,14.99,Completed,10.304072891482921,Flagged by ML pattern only
W12692,Ronith Zachariah,Salem,Municipal Corporation,Public Toilet Complex,7.43,Completed,10.29460456781983,Flagged by ML pattern only
W12276,Azaan Gupta,Kanpur,Public Works Department,School Building Repair,14.27,Completed,10.29204195599172,Flagged by ML pattern only
W10402,Jagat Mangat,Thane,District Rural Development Agency,Drainage System,14.45,Completed,10.291793019102794,Flagged by ML pattern only
W10159,Yamini Chand,Belagavi,Public Works Department,Drinking Water Supply,6.88,Completed,10.281667951715495,Flagged by ML pattern only
W12802,Yadavi Deshmukh,Thane,Public Works Department,Drinking Water Supply,18.9,Completed,10.266640003954937,Flagged by ML pattern only
W12862,Ekansh Sami,Dharwad,State Housing Board,Drinking Water Supply,16.59,Completed,10.261021598865115,Flagged by ML pattern only
W11318,Onveer Kata,Kolkata,Municipal Corporation,Street Lighting,2.37,Completed,10.254457787034221,Flagged by ML pattern only
W12128,Triya Khatri,Nashik,District Rural Development Agency,Drainage System,13.76,Completed,10.252436225243745,Flagged by ML pattern only
W12852,Rayaan Mand,Nagpur,Public Works Department,Public Toilet Complex,5.67,Completed,10.220988718073905,Flagged by ML pattern only
W12653,Owen Bala,Varanasi,Municipal Corporation,Drinking Water Supply,16.03,Completed,10.209922347990414,Flagged by ML pattern only
W12213,Oliver Sarma,Dharwad,Public Works Department,Drinking Water Supply,15.1,Ongoing,10.206796526509565,Flagged by ML pattern only
W12575,Yamini Chand,Kolkata,Zilla Panchayat,Drainage System,7.06,Completed,10.186232017404558,Flagged by ML pattern only
W11290,Oliver Sarma,Dharwad,State Housing Board,Road Construction,5.52,Ongoing,10.15498225321008,Flagged by ML pattern only
W11016,Pallavi Krish,Pune,Public Works Department,School Building Repair,4.7,Ongoing,10.154284587245872,Flagged by ML pattern only
W11520,Varsha Morar,Lucknow,Public Works Department,Drainage System,9.61,Ongoing,10.153704185665026,Flagged by ML pattern only
W10030,Gaurav Chandra,Nashik,Municipal Corporation,Community Health Center,15.24,Completed,10.151129650693143,Flagged by ML pattern only
W10642,Jagat Mangat,Belagavi,Zilla Panchayat,Drainage System,3.47,Ongoing,10.138881418929728,Flagged by ML pattern only
W10740,Tanish Iyer,Coimbatore,District Rural Development Agency,School Building Repair,4.56,Completed,10.12489080354335,Flagged by ML pattern only
W12406,Ishwar Boase,Lucknow,Zilla Panchayat,School Building Repair,4.28,Completed,10.12439769,Flagged by ML pattern only
W12813,Odika Naik,Lucknow,Municipal Corporation,Drinking Water Supply,12.55,Completed,10.123642203078562,Flagged by ML pattern only
W11970,Pallavi Krish,Nagpur,State Housing Board,Community Health Center,21.36,Ongoing,10.109617360230168,Flagged by ML pattern only
W11976,Tanish Iyer,Salem,State Housing Board,Community Health Center,16.05,Completed,10.101158845695544,Flagged by ML pattern only
W12899,Victor Venkataraman,Salem,District Rural Development Agency,Drainage System,3.26,Ongoing,10.09776879,Flagged by ML pattern only
W12665,Yug Choudhry,Kanpur,District Rural Development Agency,Street Lighting,2.26,Completed,10.094453502236822,Flagged by ML pattern only
W12904,Yamini Chand,Belagavi,State Housing Board,Street Lighting,5.4,Completed,10.093738720168083,Flagged by ML pattern only
W12801,Leena Butala,Lucknow,Zilla Panchayat,Public Toilet Complex,7.97,Completed,10.090102421948473,Flagged by ML pattern only
W12192,Leena Butala,Mysuru,Municipal Corporation,School Building Repair,6.72,Completed,10.085902078490184,Flagged by ML pattern only
W11735,Ekansh Sami,Madurai,Municipal Corporation,Community Health Center,10.91,Completed,10.085551004371595,Flagged by ML pattern only
W10675,Pallavi Krish,Coimbatore,Zilla Panchayat,School Building Repair,9.65,Completed,10.083653431866333,Flagged by ML pattern only
W11741,Victor Venkataraman,Pune,State Housing Board,Drinking Water Supply,6.69,Completed,10.073632308200352,Flagged by ML pattern only
W10908,Gabriel Thaman,Howrah,Municipal Corporation,School Building Repair,8.77,Completed,10.071689005278484,Flagged by ML pattern only
W11373,Odika Naik,Asansol,Zilla Panchayat,School Building Repair,13.31,Completed,10.052169506922219,Flagged by ML pattern only
W12052,Bachittar Choudhry,Belagavi,District Rural Development Agency,School Building Repair,8.13,Completed,10.044468343293211,Flagged by ML pattern only
W10534,Eesha Memon,Salem,Public Works Department,School Building Repair,13.24,Completed,10.037000430687485,Flagged by ML pattern only
W11128,Bachittar Choudhry,Asansol,Zilla Panchayat,School Building Repair,9.67,Completed,10.025216951547959,Flagged by ML pattern only
W12168,Advaith Gole,Mysuru,State Housing Board,Road Construction,10.55,Completed,10.021864738535761,Flagged by ML pattern only
W11614,Victor Venkataraman,Bengaluru Urban,District Rural Development Agency,Community Health Center,15.77,Completed,10.02018744991622,Flagged by ML pattern only
W12727,Victor Venkataraman,Kolkata,State Housing Board,Road Construction,8.5,Completed,10.016933357907597,Flagged by ML pattern only
W11026,Harrison Kapur,Belagavi,State Housing Board,Public Toilet Complex,6.67,Completed,10.009082203059062,Flagged by ML pattern only
W12031,Yug Choudhry,Agra,District Rural Development Agency,Drainage System,4.12,Completed,10.003779840789655,Flagged by ML pattern only
W12400,Tanish Iyer,Coimbatore,State Housing Board,Public Toilet Complex,2.39,Completed,10.00019252714322,Flagged by ML pattern only
W12361,Yug Choudhry,Lucknow,District Rural Development Agency,Street Lighting,1.55,Ongoing,9.999940000684482,Flagged by ML pattern only
W12367,Gabriel Thaman,Kanpur,Zilla Panchayat,Drainage System,7.38,Completed,9.997965090177319,Flagged by ML pattern only
W10384,Ekansh Sami,Chennai,District Rural Development Agency,Street Lighting,4.96,Completed,9.986472708944897,Flagged by ML pattern only
W11691,Oliver Sarma,Pune,Municipal Corporation,Community Health Center,29.34,Completed,9.981490225564082,Flagged by ML pattern only
W10569,Hemang Bava,Nagpur,State Housing Board,Drinking Water Supply,5.32,Completed,9.979414358122987,Flagged by ML pattern only
W12977,Gabriel Thaman,Kolkata,Zilla Panchayat,Public Toilet Complex,7.63,Completed,9.974217389746734,Flagged by ML pattern only
W12073,Oliver Sarma,Dharwad,Public Works Department,Public Toilet Complex,3.15,Completed,9.970197888,Flagged by ML pattern only
W12666,Hemang Bava,Mysuru,Municipal Corporation,Public Toilet Complex,5.7,Completed,9.967392590018008,Flagged by ML pattern only
W12122,Yutika Rana,Salem,Zilla Panchayat,Drinking Water Supply,16.74,Ongoing,9.964663819162617,Flagged by ML pattern only
W11166,Rayaan Mand,Varanasi,State Housing Board,Drinking Water Supply,5.89,Completed,9.930100608455483,Flagged by ML pattern only
W12689,Eesha Memon,Mysuru,Zilla Panchayat,Public Toilet Complex,3.9,Completed,9.929163535890288,Flagged by ML pattern only
W11137,Bachittar Choudhry,Varanasi,Public Works Department,Public Toilet Complex,7.45,Completed,9.92674924,Flagged by ML pattern only
W11167,Krishna Pant,Agra,Zilla Panchayat,Street Lighting,2.67,Completed,9.924128710068892,Flagged by ML pattern only
W12744,Pallavi Krish,Nashik,Municipal Corporation,Public Toilet Complex,5.44,Completed,9.920487625,Flagged by ML pattern only
W12330,Advaith Gole,Chennai,Public Works Department,School Building Repair,6.66,Completed,9.912505110536173,Flagged by ML pattern only
W11901,Odika Naik,Chennai,Zilla Panchayat,Street Lighting,1.83,Completed,9.895538543,Flagged by ML pattern only
W11786,Lucky Prashad,Belagavi,State Housing Board,Community Health Center,28.75,Completed,9.888429434042477,Flagged by ML pattern only
W12955,Victor Venkataraman,Howrah,Zilla Panchayat,Drainage System,4.88,Completed,9.875379787526152,Flagged by ML pattern only
W11490,Jagat Mangat,Nagpur,Zilla Panchayat,Drainage System,5.72,Completed,9.870790577,Flagged by ML pattern only
W10456,Widisha Yohannan,Kolkata,District Rural Development Agency,Drainage System,14.19,Completed,9.864474179153195,Flagged by ML pattern only
W10968,Yadavi Deshmukh,Salem,Municipal Corporation,Community Health Center,22.23,Completed,9.856535402938881,Flagged by ML pattern only
W12269,Owen Bala,Darjeeling,Municipal Corporation,Public Toilet Complex,3.22,Completed,9.835540804,Flagged by ML pattern only
W11732,Azaan Gupta,Agra,Municipal Corporation,Street Lighting,5.98,Completed,9.829270944,Flagged by ML pattern only
W12728,Vanya Suresh,Kolkata,District Rural Development Agency,Drinking Water Supply,5.47,Completed,9.81192529,Flagged by ML pattern only
W10495,Gabriel Thaman,Darjeeling,District Rural Development Agency,Public Toilet Complex,7.78,Completed,9.810685322293999,Flagged by ML pattern only
W11568,Vrinda Biswas,Lucknow,Municipal Corporation,Drinking Water Supply,14.1,Completed,9.785782077959121,Flagged by ML pattern only
W12825,Gabriel Thaman,Madurai,Zilla Panchayat,Street Lighting,2.55,Ongoing,9.778104587,Flagged by ML pattern only
W12769,Rayaan Mand,Kolkata,State Housing Board,Public Toilet Complex,7.79,Ongoing,9.763529343,Flagged by ML pattern only
W10741,Vrinda Biswas,Agra,District Rural Development Agency,Road Construction,11.87,Completed,9.754678702,Flagged by ML pattern only
W10797,Ria Ratta,Thane,Municipal Corporation,Drainage System,5.19,Completed,9.727813643,Flagged by ML pattern only
W11880,Bachittar Choudhry,Varanasi,District Rural Development Agency,Drainage System,6.93,Completed,9.707077447,Flagged by ML pattern only
W12473,Mugdha Varty,Darjeeling,Public Works Department,Public Toilet Complex,2.56,Completed,9.694313921336507,Flagged by ML pattern only
W10801,Mugdha Varty,Kolkata,Public Works Department,Street Lighting,1.9,Ongoing,9.675166531654337,Flagged by ML pattern only
W11031,Harrison Kapur,Dharwad,Municipal Corporation,Public Toilet Complex,5.21,Completed,9.667296625976489,Flagged by ML pattern only
W11971,Ishwar Boase,Dharwad,Zilla Panchayat,Street Lighting,4.99,Completed,9.666401475200127,Flagged by ML pattern only
W12293,Triya Khatri,Lucknow,District Rural Development Agency,Road Construction,22.92,Completed,9.664445333107217,Flagged by ML pattern only
W10380,Jagat Mangat,Asansol,Zilla Panchayat,Road Construction,11.03,Completed,9.654136412956468,Flagged by ML pattern only
W12724,Ekansh Sami,Coimbatore,District Rural Development Agency,School Building Repair,7.29,Completed,9.648407845556848,Flagged by ML pattern only
W11179,Krishna Pant,Salem,Zilla Panchayat,Road Construction,13.55,Completed,9.641725014868147,Flagged by ML pattern only
W10734,Meera Banerjee,Mysuru,District Rural Development Agency,Drainage System,12.42,Ongoing,9.624883574965503,Flagged by ML pattern only
W11594,Gaurav Chandra,Darjeeling,Public Works Department,Drainage System,13.35,Ongoing,9.619098640328968,Flagged by ML pattern only
W12877,Christopher Kadakia,Agra,Public Works Department,Street Lighting,3.8,Completed,9.614924668087552,Flagged by ML pattern only
W11309,Bachittar Choudhry,Coimbatore,Public Works Department,Drinking Water Supply,13.02,Completed,9.604427879177347,Flagged by ML pattern only
W10338,Yamini Chand,Nashik,Zilla Panchayat,Drinking Water Supply,17.61,Completed,9.596422243,Flagged by ML pattern only
W12560,Jagat Mangat,Belagavi,Public Works Department,School Building Repair,10.24,Ongoing,9.564049106369456,Flagged by ML pattern only
W12578,Deepa Gala,Darjeeling,Zilla Panchayat,Road Construction,14.38,Completed,9.494279438,Flagged by ML pattern only
W11329,Hemang Bava,Nashik,Municipal Corporation,School Building Repair,5.13,Completed,9.490630161299265,Flagged by ML pattern only
W12664,Meera Banerjee,Dharwad,Zilla Panchayat,School Building Repair,7.25,Completed,9.472223019637543,Flagged by ML pattern only
W11392,Pallavi Krish,Belagavi,Public Works Department,School Building Repair,6.71,Completed,9.462562562280887,Flagged by ML pattern only
W11387,Harrison Kapur,Madurai,Public Works Department,Drinking Water Supply,19.12,Ongoing,9.453577127,Flagged by ML pattern only
W10211,Azaan Gupta,Coimbatore,Zilla Panchayat,Public Toilet Complex,2.31,Completed,9.447981283474785,Flagged by ML pattern only
W10501,Bachittar Choudhry,Darjeeling,State Housing Board,Street Lighting,5.07,Completed,9.443645222617944,Flagged by ML pattern only
W12686,Christopher Kadakia,Pune,District Rural Development Agency,Public Toilet Complex,6.97,Completed,9.371453693032638,Flagged by ML pattern only
W10966,Ronith Zachariah,Agra,Zilla Panchayat,School Building Repair,8.65,Completed,9.367188032632797,Flagged by ML pattern only
W12162,Bachittar Choudhry,Lucknow,District Rural Development Agency,School Building Repair,11.75,Completed,9.338616001884546,Flagged by ML pattern only
W11536,Eesha Memon,Belagavi,Public Works Department,Drinking Water Supply,7.25,Completed,9.335397199,Flagged by ML pattern only
W10640,Owen Bansal,Salem,Municipal Corporation,Public Toilet Complex,7.9,Completed,9.279831034774487,Flagged by ML pattern only
W12479,Azaan Gupta,Chennai,Public Works Department,Drinking Water Supply,7.36,Completed,9.275908130146407,Flagged by ML pattern only
W10089,Hemang Bava,Thane,Municipal Corporation,Street Lighting,4.26,Completed,9.274848730561503,Flagged by ML pattern only
W10171,Eesha Memon,Kolkata,Public Works Department,Public Toilet Complex,5.09,Completed,9.273080489,Flagged by ML pattern only
W11943,Harrison Kapur,Belagavi,District Rural Development Agency,Public Toilet Complex,2.36,Completed,9.271046768570965,Flagged by ML pattern only
W12865,Pallavi Krish,Kolkata,Public Works Department,Drinking Water Supply,12.24,Completed,9.270384030121667,Flagged by ML pattern only
W11642,Onveer Kata,Howrah,Zilla Panchayat,Community Health Center,23.48,Completed,9.270332869468415,Flagged by ML pattern only
W12720,Victor Venkataraman,Agra,District Rural Development Agency,Drainage System,16.21,Completed,9.250969533934619,Flagged by ML pattern only
W12832,Harrison Kapur,Kolkata,District Rural Development Agency,School Building Repair,4.58,Completed,9.242913228293686,Flagged by ML pattern only
W11032,Advaith Gole,Nagpur,Public Works Department,School Building Repair,3.9,Completed,9.241408216295383,Flagged by ML pattern only
W11965,Odika Naik,Bengaluru Urban,Zilla Panchayat,Drinking Water Supply,12.64,Completed,9.238213096183156,Flagged by ML pattern only
W10119,Eesha Memon,Salem,Public Works Department,Street Lighting,4.71,Completed,9.214121271377424,Flagged by ML pattern only
W10833,Gaurav Chandra,Coimbatore,Public Works Department,Community Health Center,23.75,Ongoing,9.203832551633464,Flagged by ML pattern only
W10585,Vanya Suresh,Thane,State Housing Board,Drainage System,5.18,Completed,9.198772925490545,Flagged by ML pattern only
W11159,Hemang Bava,Howrah,Zilla Panchayat,Street Lighting,3.39,Completed,9.190524129315374,Flagged by ML pattern only
W10970,Sanya Swamy,Agra,Zilla Panchayat,Public Toilet Complex,4.24,Completed,9.172170211964163,Flagged by ML pattern only
W11407,Ishwar Boase,Thane,Public Works Department,Drainage System,5.58,Completed,9.16430513,Flagged by ML pattern only
W10332,Ria Ratta,Varanasi,Municipal Corporation,Drainage System,15.67,Completed,9.162102062213073,Flagged by ML pattern only
W10992,Krishna Pant,Belagavi,State Housing Board,Drainage System,6.36,Ongoing,9.161423867856293,Flagged by ML pattern only
W10056,Christopher Kadakia,Kanpur,Zilla Panchayat,Public Toilet Complex,3.28,Completed,9.139924308640415,Flagged by ML pattern only
W10279,Owen Bansal,Thane,Zilla Panchayat,Drainage System,8.65,Completed,9.137730391675099,Flagged by ML pattern only
W12261,Meera Banerjee,Kolkata,State Housing Board,Community Health Center,21.72,Ongoing,9.134096195688555,Flagged by ML pattern only
W10140,Yamini Chand,Pune,Municipal Corporation,Drinking Water Supply,10.88,Ongoing,9.11813193,Flagged by ML pattern only
W12022,Azaan Gupta,Nagpur,Public Works Department,Drainage System,11.35,Ongoing,9.098401166372183,Flagged by ML pattern only
W11647,Onveer Kata,Darjeeling,Zilla Panchayat,School Building Repair,13.65,Completed,9.080281849,Flagged by ML pattern only
W11254,Hemang Bava,Coimbatore,District Rural Development Agency,Community Health Center,22.59,Completed,9.076592958422385,Flagged by ML pattern only
W10045,Owen Bansal,Howrah,Municipal Corporation,Drinking Water Supply,10.9,Completed,9.063496770170829,Flagged by ML pattern only
W11103,Harrison Kapur,Madurai,Public Works Department,Drinking Water Supply,5.43,Completed,9.033892944928139,Flagged by ML pattern only
W11707,Sanya Swamy,Agra,State Housing Board,Community Health Center,14.9,Ongoing,9.029955294975629,Flagged by ML pattern only
W10099,Sanya Swamy,Agra,Public Works Department,Drinking Water Supply,17.91,Ongoing,9.028389196880843,Flagged by ML pattern only
W10481,Owen Bansal,Agra,Zilla Panchayat,School Building Repair,5.63,Ongoing,9.015086710235193,Flagged by ML pattern only
W12108,Sanya Swamy,Dharwad,District Rural Development Agency,Public Toilet Complex,7.3,Completed,9.013114449458122,Flagged by ML pattern only
W12990,Owen Bala,Dharwad,Public Works Department,Street Lighting,4.69,Completed,9.008303349060798,Flagged by ML pattern only
W10779,Mugdha Varty,Madurai,Zilla Panchayat,Drainage System,3.95,Completed,9.007828157,Flagged by ML pattern only
W12412,Vrinda Biswas,Nagpur,State Housing Board,School Building Repair,11.12,Completed,8.999934235282877,Flagged by ML pattern only
W11153,Widisha Yohannan,Madurai,Municipal Corporation,Community Health Center,13.19,Completed,8.980298534787556,Flagged by ML pattern only
W11610,Hemang Bava,Howrah,Public Works Department,Street Lighting,2.71,Ongoing,8.976206792515981,Flagged by ML pattern only
W10959,Lucky Prashad,Salem,Zilla Panchayat,Drinking Water Supply,7.23,Completed,8.929889082926257,Flagged by ML pattern only
W10489,Ria Ratta,Chennai,State Housing Board,School Building Repair,8.11,Completed,8.924640394931274,Flagged by ML pattern only
W12681,Oliver Sarma,Lucknow,Municipal Corporation,Drinking Water Supply,13.33,Completed,8.916827156729584,Flagged by ML pattern only
W10379,Bachittar Choudhry,Belagavi,Municipal Corporation,Drainage System,11.03,Completed,8.915229626538927,Flagged by ML pattern only
W10798,Krishna Pant,Asansol,Public Works Department,Road Construction,5.36,Completed,8.903114170834248,Flagged by ML pattern only
W10507,Sanya Swamy,Coimbatore,District Rural Development Agency,Drainage System,4.6,Completed,8.889691501185599,Flagged by ML pattern only
W10582,Hemang Bava,Lucknow,Public Works Department,Street Lighting,5.75,Completed,8.885931478030015,Flagged by ML pattern only
W10053,Ronith Zachariah,Darjeeling,State Housing Board,Drainage System,16.37,Completed,8.883763520846975,Flagged by ML pattern only
W12888,Eesha Memon,Kanpur,District Rural Development Agency,Public Toilet Complex,3.09,Ongoing,8.876308244699041,Flagged by ML pattern only
W10245,Ekansh Sami,Coimbatore,District Rural Development Agency,Drainage System,9.95,Completed,8.857912267120573,Flagged by ML pattern only
W10156,Rayaan Mand,Madurai,State Housing Board,Public Toilet Complex,7.11,Completed,8.856491665961789,Flagged by ML pattern only
W12133,Onveer Kata,Nashik,Municipal Corporation,Drainage System,17.54,Completed,8.831599364453874,Flagged by ML pattern only
W11204,Deepa Gala,Nashik,State Housing Board,Street Lighting,5.28,Completed,8.810585185494457,Flagged by ML pattern only
W10157,Nicholas Gour,Madurai,Zilla Panchayat,Public Toilet Complex,6.19,Completed,8.804241067992457,Flagged by ML pattern only
W12935,Yadavi Deshmukh,Kanpur,Municipal Corporation,Public Toilet Complex,6.97,Completed,8.783623528746878,Flagged by ML pattern only
W10377,Gaurav Chandra,Chennai,Zilla Panchayat,Road Construction,18.58,Ongoing,8.760028303111767,Flagged by ML pattern only
W10963,Owen Bansal,Mysuru,Public Works Department,School Building Repair,4.51,Ongoing,8.753905295986316,Flagged by ML pattern only
W12851,Tanish Iyer,Kanpur,State Housing Board,Drinking Water Supply,5.86,Completed,8.736236268767035,Flagged by ML pattern only
W12655,Owen Bala,Kanpur,Municipal Corporation,Drinking Water Supply,14.93,Completed,8.729321412580575,Flagged by ML pattern only
W10608,Lucky Prashad,Pune,State Housing Board,Road Construction,25,Ongoing,8.728146571042863,Flagged by ML pattern only
W10605,Oliver Sarma,Dharwad,Municipal Corporation,School Building Repair,4.94,Ongoing,8.677937251276752,Flagged by ML pattern only
W12114,Gabriel Thaman,Kanpur,Public Works Department,Public Toilet Complex,3.84,Completed,8.668665586,Flagged by ML pattern only
W11307,Widisha Yohannan,Howrah,Public Works Department,Drinking Water Supply,14.06,Completed,8.666533979780764,Flagged by ML pattern only
W10874,Tanish Iyer,Lucknow,Zilla Panchayat,Drinking Water Supply,4.97,Completed,8.662344823349718,Flagged by ML pattern only
W12753,Leena Butala,Kanpur,State Housing Board,Drinking Water Supply,13.05,Completed,8.594120225547204,Flagged by ML pattern only
W10272,Ria Ratta,Kanpur,Municipal Corporation,Road Construction,10.85,Completed,8.575902959,Flagged by ML pattern only
W11288,Azaan Gupta,Asansol,Public Works Department,Drainage System,10.27,Completed,8.574247254096015,Flagged by ML pattern only
W12843,Triya Khatri,Varanasi,Zilla Panchayat,Drainage System,8.79,Completed,8.558084419,Flagged by ML pattern only
W12364,Rayaan Mand,Mysuru,Zilla Panchayat,Street Lighting,5.83,Completed,8.557738409016677,Flagged by ML pattern only
W10289,Meera Banerjee,Nagpur,District Rural Development Agency,Drinking Water Supply,16.04,Ongoing,8.549193418186622,Flagged by ML pattern only
W11653,Yamini Chand,Kolkata,State Housing Board,Road Construction,8.9,Completed,8.539522320143769,Flagged by ML pattern only
W12656,Oliver Sarma,Chennai,Municipal Corporation,School Building Repair,5.1,Completed,8.501605644,Flagged by ML pattern only
W12096,Yadavi Deshmukh,Asansol,Public Works Department,Public Toilet Complex,7.84,Completed,8.492613992171057,Flagged by ML pattern only
W11776,Oliver Sarma,Pune,State Housing Board,School Building Repair,11.84,Completed,8.468770574742793,Flagged by ML pattern only
W10283,Leena Butala,Agra,State Housing Board,Drainage System,13.19,Completed,8.445401591196942,Flagged by ML pattern only
W10538,Yutika Rana,Mysuru,Zilla Panchayat,Road Construction,14.33,Completed,8.374180185611966,Flagged by ML pattern only
W11878,Ria Ratta,Darjeeling,State Housing Board,Road Construction,12.82,Completed,8.373800445666605,Flagged by ML pattern only
W12547,Nicholas Gour,Kolkata,Zilla Panchayat,School Building Repair,14.48,Completed,8.372310770542722,Flagged by ML pattern only
W12932,Ishwar Boase,Nashik,Public Works Department,Street Lighting,4.71,Completed,8.371546276,Flagged by ML pattern only
W10530,Gabriel Thaman,Bengaluru Urban,Public Works Department,Street Lighting,5.08,Completed,8.365540531857787,Flagged by ML pattern only
W12798,Yadavi Deshmukh,Belagavi,State Housing Board,Drainage System,13.68,Completed,8.345889667774392,Flagged by ML pattern only
W12223,Lucky Prashad,Coimbatore,Zilla Panchayat,Road Construction,19.64,Completed,8.321065165659423,Flagged by ML pattern only
W11370,Jagat Mangat,Salem,State Housing Board,School Building Repair,7.5,Completed,8.316955011770908,Flagged by ML pattern only
W12993,Christopher Kadakia,Belagavi,Public Works Department,Street Lighting,5.88,Ongoing,8.316836509654186,Flagged by ML pattern only
W11801,Azaan Gupta,Lucknow,District Rural Development Agency,Public Toilet Complex,6.13,Completed,8.311948516,Flagged by ML pattern only
W10857,Harrison Kapur,Asansol,Zilla Panchayat,Street Lighting,3.79,Completed,8.280169363263623,Flagged by ML pattern only
W12464,Pallavi Krish,Madurai,District Rural Development Agency,Street Lighting,3.86,Ongoing,8.277390163813179,Flagged by ML pattern only
W11650,Yug Choudhry,Kanpur,Zilla Panchayat,Drinking Water Supply,4.82,Completed,8.272851343,Flagged by ML pattern only
W11007,Gabriel Thaman,Lucknow,Zilla Panchayat,Drainage System,9.96,Completed,8.268546157043867,Flagged by ML pattern only
W11413,Leena Butala,Lucknow,Zilla Panchayat,Drainage System,12.89,Completed,8.253048010524353,Flagged by ML pattern only
W10596,Harrison Kapur,Bengaluru Urban,State Housing Board,School Building Repair,12.34,Completed,8.222185856542088,Flagged by ML pattern only
W10344,Tanish Iyer,Thane,District Rural Development Agency,Drinking Water Supply,14.98,Ongoing,8.214487075663731,Flagged by ML pattern only
W10463,Eesha Memon,Belagavi,Public Works Department,Street Lighting,1.35,Completed,8.201234368097461,Flagged by ML pattern only
W11470,Meera Banerjee,Madurai,Municipal Corporation,Drainage System,13.25,Completed,8.189967113,Flagged by ML pattern only
W12586,Yutika Rana,Salem,Public Works Department,Public Toilet Complex,5.6,Completed,8.175269792837932,Flagged by ML pattern only
W10533,Vanya Suresh,Nashik,Public Works Department,Road Construction,19.78,Ongoing,8.170332084257177,Flagged by ML pattern only
W11342,Ronith Zachariah,Chennai,District Rural Development Agency,Community Health Center,16.37,Completed,8.152126619,Flagged by ML pattern only
W12407,Owen Bala,Bengaluru Urban,Public Works Department,Public Toilet Complex,6.55,Completed,8.148198524078989,Flagged by ML pattern only
W10766,Bachittar Choudhry,Agra,Zilla Panchayat,Drinking Water Supply,4.33,Ongoing,8.146274741610402,Flagged by ML pattern only
W12858,Owen Bala,Agra,District Rural Development Agency,Public Toilet Complex,6.44,Completed,8.130790669903737,Flagged by ML pattern only
W10513,Bachittar Choudhry,Thane,Municipal Corporation,Public Toilet Complex,6.51,Completed,8.129415819236195,Flagged by ML pattern only
W10958,Mugdha Varty,Kolkata,Zilla Panchayat,Drinking Water Supply,7.78,Completed,8.098593446112174,Flagged by ML pattern only
W10886,Advaith Gole,Darjeeling,Public Works Department,Drainage System,13.77,Completed,8.097765717777806,Flagged by ML pattern only
W12614,Bachittar Choudhry,Nashik,Public Works Department,Drinking Water Supply,5.2,Ongoing,8.081701923249128,Flagged by ML pattern only
W12173,Odika Naik,Thane,Zilla Panchayat,School Building Repair,3.45,Completed,8.071366353703521,Flagged by ML pattern only
W10136,Rayaan Mand,Madurai,Public Works Department,Drinking Water Supply,9.62,Completed,8.053323344683884,Flagged by ML pattern only
W10214,Eesha Memon,Agra,Zilla Panchayat,Drinking Water Supply,19.31,Ongoing,8.052234221597494,Flagged by ML pattern only
W12266,Leena Butala,Varanasi,State Housing Board,Public Toilet Complex,6.89,Completed,8.009285582,Flagged by ML pattern only
W10846,Sanya Swamy,Kolkata,Zilla Panchayat,Road Construction,16.84,Completed,8.008475608047743,Flagged by ML pattern only
W11935,Meera Banerjee,Kolkata,Public Works Department,Community Health Center,19.13,Completed,8.000500531448994,Flagged by ML pattern only
W12687,Nicholas Gour,Kanpur,Public Works Department,School Building Repair,8.77,Ongoing,7.990564487510563,Flagged by ML pattern only
W12938,Harrison Kapur,Nashik,State Housing Board,School Building Repair,14.01,Completed,7.9715113006827245,Flagged by ML pattern only
W10295,Advaith Gole,Chennai,Zilla Panchayat,Community Health Center,15.46,Completed,7.9497758798317655,Flagged by ML pattern only
W11938,Azaan Gupta,Chennai,Municipal Corporation,Drinking Water Supply,11.08,Completed,7.933117800411164,Flagged by ML pattern only
W11092,Onveer Kata,Salem,District Rural Development Agency,Drainage System,8.71,Completed,7.929562773711803,Flagged by ML pattern only
W12363,Varsha Morar,Nashik,Zilla Panchayat,Street Lighting,2.35,Completed,7.904820727491579,Flagged by ML pattern only
W11958,Bachittar Choudhry,Nagpur,State Housing Board,Public Toilet Complex,6.13,Ongoing,7.9046634496918635,Flagged by ML pattern only
W11415,Hemang Bava,Salem,Public Works Department,Drainage System,5.28,Ongoing,7.872853495788914,Flagged by ML pattern only
W12082,Varsha Morar,Agra,Public Works Department,Drainage System,15.72,Completed,7.863283929836989,Flagged by ML pattern only
W12180,Owen Bala,Madurai,Public Works Department,Street Lighting,3.25,Ongoing,7.861873929056201,Flagged by ML pattern only
W12233,Jagat Mangat,Kanpur,Municipal Corporation,Drainage System,7.71,Completed,7.855247246829383,Flagged by ML pattern only
W11582,Christopher Kadakia,Nashik,District Rural Development Agency,Street Lighting,5.18,Completed,7.838176620267494,Flagged by ML pattern only
W12794,Ria Ratta,Bengaluru Urban,Municipal Corporation,Public Toilet Complex,6.51,Completed,7.802670348960962,Flagged by ML pattern only
W11418,Vrinda Biswas,Varanasi,Municipal Corporation,Drinking Water Supply,7.18,Completed,7.802296340599476,Flagged by ML pattern only
W12965,Harrison Kapur,Nagpur,State Housing Board,School Building Repair,4.18,Completed,7.795107464093634,Flagged by ML pattern only
W12095,Meera Banerjee,Asansol,Municipal Corporation,School Building Repair,9.43,Completed,7.794887703591151,Flagged by ML pattern only
W12818,Odika Naik,Nagpur,Municipal Corporation,Drainage System,4.97,Completed,7.790676733758662,Flagged by ML pattern only
W12922,Yamini Chand,Howrah,State Housing Board,Street Lighting,5.74,Completed,7.779744776371451,Flagged by ML pattern only
W10276,Vrinda Biswas,Salem,Municipal Corporation,Street Lighting,4.91,Completed,7.775764597156644,Flagged by ML pattern only
W11451,Nicholas Gour,Bengaluru Urban,Public Works Department,Street Lighting,4.56,Completed,7.768784430085143,Flagged by ML pattern only
W10032,Widisha Yohannan,Madurai,State Housing Board,School Building Repair,8.26,Completed,7.765876754429705,Flagged by ML pattern only
W10800,Mugdha Varty,Kolkata,State Housing Board,Road Construction,13.88,Completed,7.760352356,Flagged by ML pattern only
W12427,Advaith Gole,Nashik,District Rural Development Agency,Drinking Water Supply,15.91,Completed,7.7451472683692835,Flagged by ML pattern only
W12606,Vrinda Biswas,Madurai,District Rural Development Agency,Drinking Water Supply,7.6,Completed,7.728822244201886,Flagged by ML pattern only
W12637,Ishwar Boase,Mysuru,State Housing Board,Public Toilet Complex,4.43,Completed,7.728619202318298,Flagged by ML pattern only
W12971,Rayaan Mand,Howrah,Zilla Panchayat,Drinking Water Supply,10.53,Completed,7.722228973015056,Flagged by ML pattern only
W11351,Vanya Suresh,Chennai,Zilla Panchayat,Street Lighting,5.04,Completed,7.691971617685408,Flagged by ML pattern only
W12465,Rayaan Mand,Nagpur,Public Works Department,School Building Repair,5.08,Completed,7.677564719648193,Flagged by ML pattern only
W11900,Gaurav Chandra,Bengaluru Urban,Municipal Corporation,Street Lighting,2.22,Ongoing,7.676172117640248,Flagged by ML pattern only
W11334,Yadavi Deshmukh,Chennai,District Rural Development Agency,Public Toilet Complex,4.15,Completed,7.663763131244188,Flagged by ML pattern only
W10940,Bachittar Choudhry,Kanpur,State Housing Board,Community Health Center,19.97,Completed,7.6405458119507905,Flagged by ML pattern only
W12773,Mugdha Varty,Lucknow,District Rural Development Agency,School Building Repair,13.52,Ongoing,7.624700044669099,Flagged by ML pattern only
W12695,Meera Banerjee,Nagpur,District Rural Development Agency,Public Toilet Complex,6.76,Completed,7.620693737804361,Flagged by ML pattern only
W10616,Deepa Gala,Madurai,Public Works Department,Street Lighting,3.68,Ongoing,7.596996695256056,Flagged by ML pattern only
W11464,Leena Butala,Madurai,Zilla Panchayat,Public Toilet Complex,5.05,Completed,7.575454190950168,Flagged by ML pattern only
W12297,Varsha Morar,Belagavi,District Rural Development Agency,Community Health Center,19.12,Ongoing,7.573636184141461,Flagged by ML pattern only
W10443,Triya Khatri,Asansol,Municipal Corporation,Drainage System,6.38,Ongoing,7.559617793752783,Flagged by ML pattern only
W12353,Ronith Zachariah,Darjeeling,District Rural Development Agency,Drainage System,4.23,Ongoing,7.559220791815419,Flagged by ML pattern only
W12299,Ria Ratta,Varanasi,State Housing Board,Public Toilet Complex,7.63,Completed,7.554461946195463,Flagged by ML pattern only
W12613,Mugdha Varty,Belagavi,State Housing Board,Community Health Center,12.16,Completed,7.553915823596309,Flagged by ML pattern only
W12657,Yug Choudhry,Asansol,Public Works Department,Drinking Water Supply,4.08,Completed,7.531391011767193,Flagged by ML pattern only
W11657,Victor Venkataraman,Chennai,Municipal Corporation,Road Construction,13.36,Completed,7.490816586935138,Flagged by ML pattern only
W12032,Yamini Chand,Chennai,Zilla Panchayat,Road Construction,5.46,Completed,7.490042321045386,Flagged by ML pattern only
W10177,Onveer Kata,Asansol,Public Works Department,Drinking Water Supply,4.59,Completed,7.482915772197423,Flagged by ML pattern only
W10883,Vrinda Biswas,Asansol,District Rural Development Agency,Drainage System,8.89,Completed,7.481215688492798,Flagged by ML pattern only
W10457,Varsha Morar,Kolkata,Zilla Panchayat,Drinking Water Supply,16.24,Completed,7.440501340026386,Flagged by ML pattern only
W12947,Hemang Bava,Lucknow,District Rural Development Agency,Drainage System,12.05,Ongoing,7.426904338479557,Flagged by ML pattern only
W10092,Christopher Kadakia,Asansol,State Housing Board,Community Health Center,12.17,Completed,7.4166269583673445,Flagged by ML pattern only
W10659,Owen Bala,Salem,State Housing Board,Public Toilet Complex,7.69,Completed,7.400947253194456,Flagged by ML pattern only
W10607,Victor Venkataraman,Kolkata,District Rural Development Agency,Drinking Water Supply,11.53,Completed,7.398150415601996,Flagged by ML pattern only
W12317,Odika Naik,Belagavi,Zilla Panchayat,Drainage System,8.79,Completed,7.395957268679841,Flagged by ML pattern only
W10132,Ishwar Boase,Belagavi,District Rural Development Agency,Drainage System,4.95,Ongoing,7.3865580451111015,Flagged by ML pattern only
W10386,Azaan Gupta,Coimbatore,Zilla Panchayat,Drinking Water Supply,9.89,Completed,7.369793610842506,Flagged by ML pattern only
W11440,Ronith Zachariah,Nagpur,Public Works Department,Road Construction,5.52,Completed,7.3547067488655005,Flagged by ML pattern only
W12313,Ekansh Sami,Chennai,Zilla Panchayat,School Building Repair,6.59,Completed,7.352883172425094,Flagged by ML pattern only
W12571,Yutika Rana,Darjeeling,District Rural Development Agency,Drainage System,9.07,Completed,7.341918472856516,Flagged by ML pattern only
W12441,Owen Bala,Thane,District Rural Development Agency,School Building Repair,9.93,Completed,7.328850459070839,Flagged by ML pattern only
W12545,Hemang Bava,Nashik,Public Works Department,Drainage System,11.92,Completed,7.319001220298706,Flagged by ML pattern only
W11888,Christopher Kadakia,Darjeeling,Public Works Department,Community Health Center,16.51,Completed,7.311525874062821,Flagged by ML pattern only
W10314,Varsha Morar,Kanpur,Public Works Department,Public Toilet Complex,7.96,Completed,7.270633507298796,Flagged by ML pattern only
W11621,Eesha Memon,Coimbatore,District Rural Development Agency,Street Lighting,5.92,Completed,7.2653427724569415,Flagged by ML pattern only
W11293,Tanish Iyer,Thane,Municipal Corporation,Street Lighting,2.39,Ongoing,7.262939858704583,Flagged by ML pattern only
W11904,Vrinda Biswas,Kanpur,District Rural Development Agency,Public Toilet Complex,2.61,Ongoing,7.2600831285923535,Flagged by ML pattern only
W11436,Ishwar Boase,Mysuru,Municipal Corporation,Drainage System,14.1,Completed,7.260043769,Flagged by ML pattern only
W11299,Yug Choudhry,Coimbatore,Zilla Panchayat,Drinking Water Supply,11.38,Completed,7.257692779329907,Flagged by ML pattern only
W11079,Ronith Zachariah,Belagavi,Zilla Panchayat,School Building Repair,5.18,Completed,7.250372159115132,Flagged by ML pattern only
W11385,Bachittar Choudhry,Kanpur,Municipal Corporation,Drainage System,6.9,Completed,7.245239810495376,Flagged by ML pattern only
W11442,Advaith Gole,Varanasi,State Housing Board,School Building Repair,6.87,Completed,7.239933496084198,Flagged by ML pattern only
W11659,Owen Bansal,Coimbatore,State Housing Board,Public Toilet Complex,4.95,Completed,7.2371744294936775,Flagged by ML pattern only
W11641,Nicholas Gour,Madurai,Zilla Panchayat,Drinking Water Supply,17.69,Completed,7.205036998873872,Flagged by ML pattern only
W11771,Ria Ratta,Salem,Public Works Department,School Building Repair,11.26,Completed,7.201569948971901,Flagged by ML pattern only
W12145,Christopher Kadakia,Thane,Municipal Corporation,Community Health Center,13.48,Completed,7.178058098105217,Flagged by ML pattern only
W12827,Harrison Kapur,Agra,District Rural Development Agency,Drainage System,11.02,Completed,7.158155661237619,Flagged by ML pattern only
W10088,Sanya Swamy,Darjeeling,State Housing Board,Road Construction,8.2,Ongoing,7.154355440546652,Flagged by ML pattern only
W12912,Azaan Gupta,Agra,State Housing Board,Drainage System,16.47,Ongoing,7.144348154272471,Flagged by ML pattern only
W10930,Sanya Swamy,Agra,State Housing Board,Public Toilet Complex,6.52,Completed,7.12346892,Flagged by ML pattern only
W11749,Ekansh Sami,Kanpur,District Rural Development Agency,School Building Repair,11.69,Completed,7.087760745456248,Flagged by ML pattern only
W11616,Lucky Prashad,Bengaluru Urban,District Rural Development Agency,Drinking Water Supply,11.24,Completed,7.070900095961196,Flagged by ML pattern only
W12225,Azaan Gupta,Pune,Municipal Corporation,School Building Repair,10.1,Ongoing,7.069279006831778,Flagged by ML pattern only
W10547,Lucky Prashad,Asansol,State Housing Board,School Building Repair,9.8,Completed,7.049495205673958,Flagged by ML pattern only
W10101,Rayaan Mand,Nashik,Zilla Panchayat,Drainage System,4.51,Completed,7.043260101099266,Flagged by ML pattern only
W10690,Leena Butala,Belagavi,Municipal Corporation,Drinking Water Supply,7.35,Completed,7.038000421324249,Flagged by ML pattern only
W11712,Ronith Zachariah,Bengaluru Urban,Municipal Corporation,Public Toilet Complex,4.16,Completed,7.0373794825210645,Flagged by ML pattern only
W12584,Harrison Kapur,Mysuru,State Housing Board,Street Lighting,2.86,Ongoing,7.022391091606983,Flagged by ML pattern only
W10174,Sanya Swamy,Belagavi,District Rural Development Agency,School Building Repair,11.8,Ongoing,6.9945032367789075,Flagged by ML pattern only
W10514,Yutika Rana,Nagpur,Municipal Corporation,Drainage System,4.5,Completed,6.991839796701836,Flagged by ML pattern only
W11890,Yug Choudhry,Varanasi,Municipal Corporation,Street Lighting,2.69,Ongoing,6.984208449674064,Flagged by ML pattern only
W12153,Jagat Mangat,Thane,District Rural Development Agency,Drainage System,14.98,Completed,6.980990145755499,Flagged by ML pattern only
W10487,Yutika Rana,Salem,District Rural Development Agency,Drainage System,6.49,Completed,6.970588109600965,Flagged by ML pattern only
W12170,Jagat Mangat,Thane,Municipal Corporation,Street Lighting,3.32,Completed,6.968979917,Flagged by ML pattern only
W12306,Eesha Memon,Asansol,Municipal Corporation,Drainage System,11.08,Completed,6.952702116652901,Flagged by ML pattern only
W10918,Sanya Swamy,Salem,Zilla Panchayat,Public Toilet Complex,7.73,Completed,6.934171149671741,Flagged by ML pattern only
W11736,Bachittar Choudhry,Kolkata,Municipal Corporation,Drinking Water Supply,5.81,Completed,6.928774537458307,Flagged by ML pattern only
W10625,Vanya Suresh,Coimbatore,District Rural Development Agency,School Building Repair,6.28,Completed,6.924456311508253,Flagged by ML pattern only
W11425,Bachittar Choudhry,Kanpur,Public Works Department,Drinking Water Supply,17.69,Completed,6.906444408916025,Flagged by ML pattern only
W10323,Yug Choudhry,Howrah,Municipal Corporation,Drainage System,5.33,Completed,6.878530516,Flagged by ML pattern only
W11027,Hemang Bava,Salem,Zilla Panchayat,Street Lighting,2.43,Ongoing,6.876912639609917,Flagged by ML pattern only
W12408,Vrinda Biswas,Belagavi,Zilla Panchayat,Drainage System,17.67,Ongoing,6.875217754402351,Flagged by ML pattern only
W12774,Hemang Bava,Salem,Public Works Department,Public Toilet Complex,7.2,Completed,6.866551499297838,Flagged by ML pattern only
W10563,Widisha Yohannan,Varanasi,Municipal Corporation,School Building Repair,4.66,Ongoing,6.858486249658565,Flagged by ML pattern only
W10194,Lucky Prashad,Kolkata,State Housing Board,Street Lighting,4.2,Ongoing,6.839847624,Flagged by ML pattern only
W11444,Ekansh Sami,Chennai,Public Works Department,School Building Repair,5.71,Completed,6.829354046,Flagged by ML pattern only
W12771,Oliver Sarma,Nashik,District Rural Development Agency,School Building Repair,3.9,Completed,6.820704209532302,Flagged by ML pattern only
W11333,Sanya Swamy,Mysuru,State Housing Board,Community Health Center,15.59,Completed,6.804208665049487,Flagged by ML pattern only
W12679,Harrison Kapur,Belagavi,Zilla Panchayat,Drainage System,9.99,Ongoing,6.800912569013213,Flagged by ML pattern only
W10145,Yug Choudhry,Thane,Municipal Corporation,Drainage System,13.34,Completed,6.770640075817679,Flagged by ML pattern only
W10447,Pallavi Krish,Howrah,State Housing Board,School Building Repair,9.25,Completed,6.717513532177143,Flagged by ML pattern only
W10524,Jagat Mangat,Nagpur,District Rural Development Agency,Community Health Center,14.12,Completed,6.714168272428154,Flagged by ML pattern only
W11493,Owen Bala,Nagpur,District Rural Development Agency,Drinking Water Supply,19.77,Completed,6.704299285675697,Flagged by ML pattern only
W10687,Nicholas Gour,Mysuru,District Rural Development Agency,Public Toilet Complex,5,Completed,6.702989560994293,Flagged by ML pattern only
W10169,Triya Khatri,Lucknow,Public Works Department,Road Construction,5.67,Completed,6.678611833185416,Flagged by ML pattern only
W12709,Azaan Gupta,Chennai,State Housing Board,Public Toilet Complex,7.98,Completed,6.674826436954146,Flagged by ML pattern only
W11354,Ria Ratta,Varanasi,Zilla Panchayat,Road Construction,9.25,Completed,6.666261019323658,Flagged by ML pattern only
W11843,Triya Khatri,Coimbatore,District Rural Development Agency,Public Toilet Complex,3.68,Completed,6.643649521307179,Flagged by ML pattern only
W12289,Yutika Rana,Kolkata,State Housing Board,School Building Repair,5.34,Completed,6.557519062404819,Flagged by ML pattern only
W10023,Vanya Suresh,Thane,Public Works Department,School Building Repair,6.34,Completed,6.556194342839003,Flagged by ML pattern only
W12393,Gabriel Thaman,Agra,Public Works Department,Drainage System,4.21,Ongoing,6.5518776523117985,Flagged by ML pattern only
W11875,Jagat Mangat,Darjeeling,Public Works Department,Drainage System,8.87,Completed,6.541573769413211,Flagged by ML pattern only
W10943,Gaurav Chandra,Agra,State Housing Board,School Building Repair,6.03,Completed,6.539508645103405,Flagged by ML pattern only
W12976,Vanya Suresh,Kolkata,Zilla Panchayat,Public Toilet Complex,6.68,Completed,6.5212761452498045,Flagged by ML pattern only
W11250,Krishna Pant,Nashik,State Housing Board,Street Lighting,4.58,Ongoing,6.5155134867599855,Flagged by ML pattern only
W12723,Ronith Zachariah,Nagpur,Municipal Corporation,Road Construction,13.84,Completed,6.475186098272804,Flagged by ML pattern only
W11188,Mugdha Varty,Darjeeling,Municipal Corporation,School Building Repair,9.77,Ongoing,6.434205443154919,Flagged by ML pattern only
W11241,Harrison Kapur,Belagavi,Municipal Corporation,Street Lighting,4.3,Completed,6.420071524708167,Flagged by ML pattern only
W12920,Vrinda Biswas,Nashik,District Rural Development Agency,Drainage System,8.95,Completed,6.417792642115977,Flagged by ML pattern only
W12130,Gaurav Chandra,Madurai,District Rural Development Agency,Drinking Water Supply,7.42,Completed,6.415900110330125,Flagged by ML pattern only
W12418,Hemang Bava,Dharwad,Public Works Department,Street Lighting,4.45,Ongoing,6.3877326818670515,Flagged by ML pattern only
W12831,Deepa Gala,Kolkata,Municipal Corporation,Drainage System,13.5,Completed,6.372595047256119,Flagged by ML pattern only
W11455,Gaurav Chandra,Kanpur,Zilla Panchayat,Drinking Water Supply,4.78,Completed,6.369601716244651,Flagged by ML pattern only
W10780,Hemang Bava,Pune,District Rural Development Agency,Street Lighting,4.67,Ongoing,6.364129637929475,Flagged by ML pattern only
W11046,Yutika Rana,Thane,Public Works Department,Road Construction,14.59,Completed,6.359714444598399,Flagged by ML pattern only
W10209,Tanish Iyer,Darjeeling,State Housing Board,Street Lighting,2.68,Ongoing,6.342195038173403,Flagged by ML pattern only
W11698,Hemang Bava,Bengaluru Urban,District Rural Development Agency,Road Construction,7.88,Completed,6.329023331616966,Flagged by ML pattern only
W11742,Onveer Kata,Nagpur,State Housing Board,Public Toilet Complex,7.74,Completed,6.316203076981961,Flagged by ML pattern only
W11394,Vanya Suresh,Dharwad,Municipal Corporation,Public Toilet Complex,2.59,Ongoing,6.315501766212688,Flagged by ML pattern only
W12786,Krishna Pant,Agra,Municipal Corporation,School Building Repair,12.13,Completed,6.313018085200017,Flagged by ML pattern only
W12905,Ishwar Boase,Belagavi,Zilla Panchayat,Public Toilet Complex,3.32,Completed,6.3085773327071895,Flagged by ML pattern only
W12398,Rayaan Mand,Bengaluru Urban,Zilla Panchayat,Public Toilet Complex,6.26,Completed,6.232656565869648,Flagged by ML pattern only
W10990,Meera Banerjee,Howrah,District Rural Development Agency,School Building Repair,5.54,Completed,6.221383341471197,Flagged by ML pattern only
W12339,Odika Naik,Dharwad,Municipal Corporation,School Building Repair,11.93,Ongoing,6.192935976797863,Flagged by ML pattern only
W12177,Jagat Mangat,Darjeeling,State Housing Board,Street Lighting,4.1,Ongoing,6.182201392045923,Flagged by ML pattern only
W11780,Varsha Morar,Mysuru,Zilla Panchayat,Street Lighting,3.21,Ongoing,6.179246943416151,Flagged by ML pattern only
W11181,Vrinda Biswas,Agra,District Rural Development Agency,Drinking Water Supply,8.95,Ongoing,6.176578147934354,Flagged by ML pattern only
W12307,Rayaan Mand,Howrah,Zilla Panchayat,Drainage System,4.58,Ongoing,6.164339350104482,Flagged by ML pattern only
W10304,Hemang Bava,Agra,Municipal Corporation,School Building Repair,9.93,Completed,6.097948365812395,Flagged by ML pattern only
W11673,Nicholas Gour,Bengaluru Urban,Municipal Corporation,Community Health Center,15.44,Completed,6.085997922151957,Flagged by ML pattern only
W10580,Varsha Morar,Lucknow,State Housing Board,Road Construction,13.66,Completed,6.0842101867145395,Flagged by ML pattern only
W11715,Lucky Prashad,Belagavi,State Housing Board,Drinking Water Supply,4.29,Completed,6.0764331769573925,Flagged by ML pattern only
W10562,Sanya Swamy,Chennai,Municipal Corporation,Drainage System,15.33,Ongoing,6.022149685607967,Flagged by ML pattern only
W12839,Victor Venkataraman,Howrah,Zilla Panchayat,Drainage System,13.25,Completed,5.981257117922378,Flagged by ML pattern only
W10352,Bachittar Choudhry,Howrah,Public Works Department,School Building Repair,4.2,Completed,5.951026560681779,Flagged by ML pattern only
W12428,Ria Ratta,Chennai,Municipal Corporation,School Building Repair,5.81,Completed,5.948054143377849,Flagged by ML pattern only
W12595,Onveer Kata,Lucknow,District Rural Development Agency,Drinking Water Supply,10.25,Ongoing,5.922729360447658,Flagged by ML pattern only
W12125,Hemang Bava,Chennai,District Rural Development Agency,Street Lighting,4.49,Ongoing,5.9035550288168075,Flagged by ML pattern only
W12509,Deepa Gala,Lucknow,Public Works Department,Drinking Water Supply,15.01,Completed,5.893087591142566,Flagged by ML pattern only
W12432,Christopher Kadakia,Asansol,Municipal Corporation,Road Construction,17.66,Ongoing,5.866637324934953,Flagged by ML pattern only
W10809,Rayaan Mand,Belagavi,District Rural Development Agency,Public Toilet Complex,7.89,Completed,5.859801332879605,Flagged by ML pattern only
W12041,Hemang Bava,Madurai,District Rural Development Agency,Street Lighting,2.57,Completed,5.842897051990223,Flagged by ML pattern only
W10928,Tanish Iyer,Belagavi,Zilla Panchayat,Drainage System,5.82,Completed,5.827014291836061,Flagged by ML pattern only
W10070,Meera Banerjee,Kanpur,State Housing Board,Drainage System,9.97,Completed,5.8206119314057485,Flagged by ML pattern only
W10368,Christopher Kadakia,Madurai,District Rural Development Agency,Drinking Water Supply,7.8,Completed,5.815187584949821,Flagged by ML pattern only
W11625,Gabriel Thaman,Lucknow,District Rural Development Agency,Public Toilet Complex,2.93,Completed,5.790230534,Flagged by ML pattern only
W11791,Christopher Kadakia,Asansol,District Rural Development Agency,Street Lighting,2.78,Ongoing,5.756834562547535,Flagged by ML pattern only
W10109,Jagat Mangat,Lucknow,Municipal Corporation,School Building Repair,7.58,Ongoing,5.750780161,Flagged by ML pattern only
W10348,Onveer Kata,Howrah,Zilla Panchayat,Public Toilet Complex,3.77,Completed,5.743143898877391,Flagged by ML pattern only
W11796,Triya Khatri,Asansol,Municipal Corporation,School Building Repair,4.25,Completed,5.739767388434991,Flagged by ML pattern only
W11471,Pallavi Krish,Varanasi,Public Works Department,Drainage System,14.9,Ongoing,5.734805090120551,Flagged by ML pattern only
W10197,Gaurav Chandra,Varanasi,District Rural Development Agency,Community Health Center,12.92,Completed,5.721069492747714,Flagged by ML pattern only
W12590,Yadavi Deshmukh,Mysuru,Public Works Department,Public Toilet Complex,7.14,Completed,5.711575380613415,Flagged by ML pattern only
W11054,Mugdha Varty,Darjeeling,Public Works Department,Drinking Water Supply,15.61,Ongoing,5.6891704756283294,Flagged by ML pattern only
W10490,Ria Ratta,Darjeeling,Public Works Department,Public Toilet Complex,4.38,Completed,5.660772854723209,Flagged by ML pattern only
W10476,Rayaan Mand,Howrah,District Rural Development Agency,Community Health Center,16.62,Ongoing,5.652345281084976,Flagged by ML pattern only
W12645,Advaith Gole,Salem,Public Works Department,Drinking Water Supply,6.76,Completed,5.632294752377605,Flagged by ML pattern only
W11187,Widisha Yohannan,Dharwad,Zilla Panchayat,Drinking Water Supply,7.98,Completed,5.605872645110167,Flagged by ML pattern only
W10527,Vanya Suresh,Madurai,State Housing Board,Drainage System,10.14,Completed,5.587118022576747,Flagged by ML pattern only
W10672,Vanya Suresh,Kolkata,Zilla Panchayat,Street Lighting,4.54,Completed,5.575735500526752,Flagged by ML pattern only
W11584,Christopher Kadakia,Madurai,Municipal Corporation,Drinking Water Supply,5.3,Completed,5.538953725,Flagged by ML pattern only
W10806,Vrinda Biswas,Lucknow,Municipal Corporation,Community Health Center,11.63,Completed,5.503015010153269,Flagged by ML pattern only
W10556,Nicholas Gour,Asansol,Public Works Department,School Building Repair,5.32,Ongoing,5.485384839718381,Flagged by ML pattern only
W12254,Meera Banerjee,Kanpur,State Housing Board,Drinking Water Supply,13.87,Ongoing,5.471845097156318,Flagged by ML pattern only
W11082,Vrinda Biswas,Chennai,District Rural Development Agency,School Building Repair,14.93,Completed,5.471520705548322,Flagged by ML pattern only
W10139,Onveer Kata,Kolkata,Zilla Panchayat,Public Toilet Complex,2.49,Completed,5.469382467735076,Flagged by ML pattern only
W10626,Widisha Yohannan,Madurai,Municipal Corporation,Drinking Water Supply,6.26,Ongoing,5.465039454033338,Flagged by ML pattern only
W12048,Gabriel Thaman,Nashik,Public Works Department,Drainage System,15.97,Ongoing,5.460464293612994,Flagged by ML pattern only
W11463,Onveer Kata,Darjeeling,Zilla Panchayat,School Building Repair,13.43,Completed,5.450952069083812,Flagged by ML pattern only
W12160,Ronith Zachariah,Howrah,State Housing Board,Street Lighting,2.61,Ongoing,5.395277103673488,Flagged by ML pattern only
W11145,Odika Naik,Asansol,State Housing Board,Drinking Water Supply,13.66,Completed,5.37146128,Flagged by ML pattern only
W11355,Pallavi Krish,Salem,District Rural Development Agency,Drinking Water Supply,14.8,Ongoing,5.366104059355303,Flagged by ML pattern only
W11369,Tanish Iyer,Lucknow,Public Works Department,School Building Repair,10.5,Completed,5.361072697630039,Flagged by ML pattern only
W12620,Lucky Prashad,Darjeeling,District Rural Development Agency,School Building Repair,13.27,Ongoing,5.359022380434226,Flagged by ML pattern only
W11448,Odika Naik,Varanasi,Municipal Corporation,Street Lighting,3.2,Ongoing,5.340220736334956,Flagged by ML pattern only
W12194,Oliver Sarma,Belagavi,Public Works Department,Public Toilet Complex,6.25,Ongoing,5.327077687918283,Flagged by ML pattern only
W11533,Bachittar Choudhry,Thane,Municipal Corporation,Street Lighting,4.33,Ongoing,5.312898105385491,Flagged by ML pattern only
W11194,Vrinda Biswas,Chennai,Municipal Corporation,Drinking Water Supply,13.51,Ongoing,5.298907413069627,Flagged by ML pattern only
W11198,Azaan Gupta,Dharwad,District Rural Development Agency,Community Health Center,12.23,Completed,5.284826039908141,Flagged by ML pattern only
W11939,Sanya Swamy,Salem,Municipal Corporation,Drainage System,4.6,Completed,5.262861720445298,Flagged by ML pattern only
W10180,Harrison Kapur,Chennai,Municipal Corporation,Road Construction,16.48,Completed,5.253075014,Flagged by ML pattern only
W10906,Yadavi Deshmukh,Agra,State Housing Board,Street Lighting,4.46,Ongoing,5.246157564018602,Flagged by ML pattern only
W12199,Victor Venkataraman,Howrah,Public Works Department,Road Construction,9.77,Completed,5.232899521461362,Flagged by ML pattern only
W12563,Vanya Suresh,Nashik,State Housing Board,Road Construction,5.58,Ongoing,5.228958525260566,Flagged by ML pattern only
W12785,Rayaan Mand,Madurai,Public Works Department,Drainage System,10.57,Completed,5.220141568175254,Flagged by ML pattern only
W10617,Lucky Prashad,Nashik,Zilla Panchayat,Drainage System,3.47,Ongoing,5.2140520130983266,Flagged by ML pattern only
W11057,Harrison Kapur,Bengaluru Urban,Public Works Department,Drainage System,17.59,Completed,5.198575929232807,Flagged by ML pattern only
W11561,Meera Banerjee,Howrah,District Rural Development Agency,School Building Repair,10.05,Completed,5.1927327863967605,Flagged by ML pattern only
W10278,Owen Bala,Chennai,Zilla Panchayat,Drainage System,15.72,Ongoing,5.150000407310107,Flagged by ML pattern only
W10428,Harrison Kapur,Chennai,Zilla Panchayat,Drainage System,6.34,Completed,5.128286637232752,Flagged by ML pattern only
W12518,Yadavi Deshmukh,Asansol,Public Works Department,Road Construction,15.15,Completed,5.113464480381828,Flagged by ML pattern only
W11382,Vrinda Biswas,Belagavi,District Rural Development Agency,Drainage System,8.98,Completed,5.109484128529932,Flagged by ML pattern only
W12203,Varsha Morar,Bengaluru Urban,State Housing Board,School Building Repair,13.92,Ongoing,5.086576532506138,Flagged by ML pattern only
W10824,Advaith Gole,Bengaluru Urban,Public Works Department,Community Health Center,14.67,Completed,5.051206909412816,Flagged by ML pattern only
W10086,Widisha Yohannan,Nashik,State Housing Board,Street Lighting,4.74,Completed,5.039381292596536,Flagged by ML pattern only
W10105,Odika Naik,Belagavi,Public Works Department,Drinking Water Supply,10,Completed,5.0335424118608625,Flagged by ML pattern only
W11718,Owen Bansal,Lucknow,District Rural Development Agency,Community Health Center,11.91,Completed,5.022185387072003,Flagged by ML pattern only
W10575,Yadavi Deshmukh,Nashik,District Rural Development Agency,Road Construction,17.01,Completed,5.007975950484084,Flagged by ML pattern only
W11282,Christopher Kadakia,Madurai,Zilla Panchayat,Public Toilet Complex,3.91,Completed,5.000016338000338,Flagged by ML pattern only
W11255,Bachittar Choudhry,Chennai,State Housing Board,Drinking Water Supply,14.45,Completed,4.983680010827939,Flagged by ML pattern only
W11546,Krishna Pant,Bengaluru Urban,Zilla Panchayat,Drinking Water Supply,10.09,Completed,4.972393002668784,Flagged by ML pattern only
W10436,Victor Venkataraman,Darjeeling,Municipal Corporation,Drainage System,13.52,Ongoing,4.938973088,Flagged by ML pattern only
W10879,Jagat Mangat,Nashik,State Housing Board,Road Construction,10.65,Ongoing,4.934755683261714,Flagged by ML pattern only
W11220,Azaan Gupta,Nashik,Public Works Department,Drainage System,3.89,Ongoing,4.910639966401472,Flagged by ML pattern only
W10394,Bachittar Choudhry,Dharwad,Zilla Panchayat,Drinking Water Supply,8.15,Completed,4.9075355246078125,Flagged by ML pattern only
W11416,Mugdha Varty,Kanpur,Municipal Corporation,Drinking Water Supply,13.16,Ongoing,4.903561584,Flagged by ML pattern only
W12499,Yug Choudhry,Darjeeling,Public Works Department,School Building Repair,8.56,Completed,4.889907083361614,Flagged by ML pattern only
W10203,Yug Choudhry,Salem,Zilla Panchayat,Street Lighting,5.41,Completed,4.8897122994383855,Flagged by ML pattern only
W11906,Varsha Morar,Pune,Public Works Department,Drinking Water Supply,6.91,Ongoing,4.855099023744479,Flagged by ML pattern only
W11557,Triya Khatri,Darjeeling,Municipal Corporation,School Building Repair,8.12,Completed,4.840443045814062,Flagged by ML pattern only
W10496,Varsha Morar,Nashik,State Housing Board,School Building Repair,3.4,Ongoing,4.828510481455778,Flagged by ML pattern only
W11475,Eesha Memon,Bengaluru Urban,State Housing Board,School Building Repair,9.98,Ongoing,4.827126233190967,Flagged by ML pattern only
W10602,Lucky Prashad,Nagpur,Zilla Panchayat,Street Lighting,4.3,Completed,4.826892822074612,Flagged by ML pattern only
W12230,Gabriel Thaman,Coimbatore,Zilla Panchayat,Drainage System,9.53,Completed,4.786008389480746,Flagged by ML pattern only
W12055,Nicholas Gour,Coimbatore,State Housing Board,Drainage System,12.69,Completed,4.7848699911598205,Flagged by ML pattern only
W12488,Pallavi Krish,Chennai,Public Works Department,Drainage System,11.78,Ongoing,4.770879386005592,Flagged by ML pattern only
W11595,Gabriel Thaman,Mysuru,Municipal Corporation,Street Lighting,5.45,Completed,4.769540026726667,Flagged by ML pattern only
W11713,Oliver Sarma,Howrah,State Housing Board,School Building Repair,4.77,Completed,4.767862346027868,Flagged by ML pattern only
W12765,Sanya Swamy,Agra,Public Works Department,Drainage System,10.23,Completed,4.764089829,Flagged by ML pattern only
W12462,Sanya Swamy,Bengaluru Urban,District Rural Development Agency,Public Toilet Complex,6.29,Ongoing,4.7309121258302325,Flagged by ML pattern only
W12197,Odika Naik,Mysuru,State Housing Board,School Building Repair,12.78,Completed,4.697339096847474,Flagged by ML pattern only
W10390,Gaurav Chandra,Mysuru,Municipal Corporation,Drinking Water Supply,13.73,Completed,4.687041875017936,Flagged by ML pattern only
W11755,Owen Bansal,Thane,Public Works Department,School Building Repair,3.21,Ongoing,4.677651167986673,Flagged by ML pattern only
W12829,Christopher Kadakia,Bengaluru Urban,Zilla Panchayat,Public Toilet Complex,4.71,Completed,4.661404538004604,Flagged by ML pattern only
W12370,Yug Choudhry,Lucknow,Municipal Corporation,Street Lighting,4.98,Completed,4.6596961987640855,Flagged by ML pattern only
W12998,Onveer Kata,Belagavi,Public Works Department,School Building Repair,14.16,Completed,4.651802438803082,Flagged by ML pattern only
W10009,Yug Choudhry,Agra,Public Works Department,School Building Repair,6.18,Ongoing,4.634200905925604,Flagged by ML pattern only
W11080,Vanya Suresh,Varanasi,Public Works Department,School Building Repair,12.63,Completed,4.613436882432814,Flagged by ML pattern only
W11099,Mugdha Varty,Nagpur,State Housing Board,Street Lighting,3.58,Ongoing,4.580469084509062,Flagged by ML pattern only
W11967,Jagat Mangat,Varanasi,Zilla Panchayat,Drainage System,5.48,Ongoing,4.573417007140385,Flagged by ML pattern only
W12956,Pallavi Krish,Coimbatore,State Housing Board,Drainage System,14.63,Ongoing,4.537626511158776,Flagged by ML pattern only
W11608,Hemang Bava,Madurai,Zilla Panchayat,School Building Repair,12.77,Ongoing,4.534182969792195,Flagged by ML pattern only
W12017,Meera Banerjee,Nashik,State Housing Board,Public Toilet Complex,9.189205137611236,Completed,4.5153698729948655,Flagged by ML pattern only
W11350,Yug Choudhry,Thane,Zilla Panchayat,Public Toilet Complex,4.73,Completed,4.504980156984008,Flagged by ML pattern only
W12270,Christopher Kadakia,Howrah,State Housing Board,Drainage System,9.57,Completed,4.450647219024708,Flagged by ML pattern only
W12622,Azaan Gupta,Thane,Public Works Department,Drinking Water Supply,8.15,Ongoing,4.444413419820392,Flagged by ML pattern only
W10472,Ronith Zachariah,Madurai,Public Works Department,School Building Repair,3.51,Ongoing,4.440117791102061,Flagged by ML pattern only
W10189,Nicholas Gour,Nagpur,Municipal Corporation,Drainage System,10.41,Ongoing,4.435064714542262,Flagged by ML pattern only
W10046,Krishna Pant,Salem,Municipal Corporation,Drinking Water Supply,10.44,Ongoing,4.428955418240145,Flagged by ML pattern only
W10399,Mugdha Varty,Kolkata,State Housing Board,Drainage System,13.21,Completed,4.428161370584066,Flagged by ML pattern only
W10451,Varsha Morar,Agra,Public Works Department,Road Construction,15.38,Completed,4.418838500184613,Flagged by ML pattern only
W10426,Nicholas Gour,Dharwad,District Rural Development Agency,Public Toilet Complex,5.92,Completed,4.3993255750671425,Flagged by ML pattern only
W12662,Rayaan Mand,Agra,State Housing Board,Drainage System,15.67,Ongoing,4.384678511880639,Flagged by ML pattern only
W11994,Harrison Kapur,Salem,Zilla Panchayat,Drainage System,8.46,Completed,4.375857504993465,Flagged by ML pattern only
W11916,Vanya Suresh,Asansol,Municipal Corporation,Drinking Water Supply,14.94,Ongoing,4.363914319480165,Flagged by ML pattern only
W10410,Onveer Kata,Kanpur,District Rural Development Agency,School Building Repair,11.34,Completed,4.350467730937112,Flagged by ML pattern only
W12515,Widisha Yohannan,Kanpur,Public Works Department,Public Toilet Complex,7.26,Completed,4.342496254456833,Flagged by ML pattern only
W10130,Yug Choudhry,Agra,Zilla Panchayat,School Building Repair,7.97,Completed,4.338773238163321,Flagged by ML pattern only
W10282,Ria Ratta,Bengaluru Urban,State Housing Board,Drinking Water Supply,7.55,Ongoing,4.334785595357013,Flagged by ML pattern only
W10925,Widisha Yohannan,Madurai,Public Works Department,School Building Repair,11.47,Ongoing,4.333582005220957,Flagged by ML pattern only
W11183,Advaith Gole,Kanpur,State Housing Board,Street Lighting,5.83,Ongoing,4.280349292463638,Flagged by ML pattern only
W11291,Onveer Kata,Kanpur,Municipal Corporation,Drainage System,12.09,Completed,4.265400633663742,Flagged by ML pattern only
W11985,Jagat Mangat,Agra,State Housing Board,Drinking Water Supply,12.73,Ongoing,4.248426920644326,Flagged by ML pattern only
W11969,Nicholas Gour,Chennai,District Rural Development Agency,Drainage System,11.71,Completed,4.2430305195015645,Flagged by ML pattern only
W10135,Odika Naik,Howrah,State Housing Board,Drainage System,9.44,Ongoing,4.230430435889462,Flagged by ML pattern only
W12654,Ekansh Sami,Agra,District Rural Development Agency,Drinking Water Supply,4.09,Completed,4.224021876,Flagged by ML pattern only
W12663,Meera Banerjee,Darjeeling,Zilla Panchayat,Road Construction,12.34,Completed,4.223291403384366,Flagged by ML pattern only
W10290,Krishna Pant,Thane,Zilla Panchayat,Road Construction,14.18,Ongoing,4.215135842797691,Flagged by ML pattern only
W10021,Christopher Kadakia,Kanpur,Zilla Panchayat,Road Construction,8.39,Completed,4.203882401308798,Flagged by ML pattern only
W10318,Azaan Gupta,Howrah,District Rural Development Agency,Public Toilet Complex,4.35,Completed,4.202442406464256,Flagged by ML pattern only
W12980,Odika Naik,Kanpur,District Rural Development Agency,Drinking Water Supply,12.97,Ongoing,4.202353212,Flagged by ML pattern only
W11278,Leena Butala,Agra,State Housing Board,Drainage System,12.45,Completed,4.193936866269369,Flagged by ML pattern only
W10125,Ronith Zachariah,Chennai,Public Works Department,School Building Repair,6.18,Completed,4.192571023688396,Flagged by ML pattern only
W11395,Odika Naik,Kolkata,State Housing Board,Drainage System,3.84,Ongoing,4.1559558953576134,Flagged by ML pattern only
W11324,Widisha Yohannan,Thane,Public Works Department,Road Construction,14.64,Ongoing,4.153903048441689,Flagged by ML pattern only
W10898,Jagat Mangat,Asansol,District Rural Development Agency,Road Construction,8.56,Ongoing,4.1336544029999365,Flagged by ML pattern only
W10469,Ria Ratta,Kanpur,Municipal Corporation,Drainage System,11.84,Completed,4.118142240980707,Flagged by ML pattern only
W11089,Owen Bansal,Dharwad,Zilla Panchayat,Drainage System,9.35,Ongoing,4.111341753268091,Flagged by ML pattern only
W10499,Gabriel Thaman,Madurai,State Housing Board,Drainage System,7.15,Completed,4.0990729764131375,Flagged by ML pattern only
W11141,Owen Bansal,Kanpur,State Housing Board,Road Construction,17.2,Completed,4.096305975416321,Flagged by ML pattern only
W12227,Yutika Rana,Lucknow,State Housing Board,Drinking Water Supply,14.61,Ongoing,4.090122808494486,Flagged by ML pattern only
W11005,Yug Choudhry,Salem,District Rural Development Agency,School Building Repair,14.34,Ongoing,4.086384161509755,Flagged by ML pattern only
W10010,Vrinda Biswas,Asansol,Public Works Department,Drinking Water Supply,7.51,Completed,4.020200626737701,Flagged by ML pattern only
W10113,Owen Bala,Nagpur,Municipal Corporation,School Building Repair,12.44,Ongoing,4.010696084968035,Flagged by ML pattern only
W11472,Widisha Yohannan,Thane,Municipal Corporation,Drainage System,4.33,Ongoing,3.9959216254731253,Flagged by ML pattern only
W11636,Ishwar Boase,Howrah,Zilla Panchayat,Drainage System,14.41,Ongoing,3.9684113185717464,Flagged by ML pattern only
W10858,Owen Bansal,Agra,State Housing Board,Drainage System,5.44,Completed,3.956539758179641,Flagged by ML pattern only
W12934,Varsha Morar,Agra,District Rural Development Agency,Drinking Water Supply,12.39,Ongoing,3.926462209908006,Flagged by ML pattern only
W11804,Oliver Sarma,Asansol,District Rural Development Agency,Public Toilet Complex,7.27,Ongoing,3.905545415799945,Flagged by ML pattern only
W12760,Odika Naik,Darjeeling,State Housing Board,Road Construction,12.53,Completed,3.8843927229888777,Flagged by ML pattern only
W10007,Yamini Chand,Nagpur,Municipal Corporation,School Building Repair,8.55,Ongoing,3.871232869708303,Flagged by ML pattern only
W10033,Lucky Prashad,Mysuru,District Rural Development Agency,Drinking Water Supply,5.85,Ongoing,3.8580410480782215,Flagged by ML pattern only
W12414,Owen Bansal,Mysuru,District Rural Development Agency,Drainage System,7.3,Ongoing,3.840443920421972,Flagged by ML pattern only
W12250,Vrinda Biswas,Belagavi,State Housing Board,School Building Repair,12.24,Completed,3.839728298954089,Flagged by ML pattern only
W11113,Christopher Kadakia,Belagavi,Zilla Panchayat,Drainage System,13.68,Ongoing,3.825031947577248,Flagged by ML pattern only
W12057,Yutika Rana,Dharwad,State Housing Board,Drainage System,13.99,Ongoing,3.822482099023953,Flagged by ML pattern only
W10579,Owen Bansal,Lucknow,State Housing Board,Drinking Water Supply,11.75,Ongoing,3.8141659073643694,Flagged by ML pattern only
W10413,Gabriel Thaman,Pune,Public Works Department,Street Lighting,3.48,Ongoing,3.808258458752169,Flagged by ML pattern only
W11081,Azaan Gupta,Kanpur,Zilla Panchayat,Community Health Center,13.34,Ongoing,3.7860101090172744,Flagged by ML pattern only
W12467,Eesha Memon,Chennai,State Housing Board,School Building Repair,13.26,Ongoing,3.7682879331867087,Flagged by ML pattern only
W12459,Victor Venkataraman,Varanasi,Public Works Department,Drainage System,5.57,Ongoing,3.764755424,Flagged by ML pattern only
W10036,Nicholas Gour,Kolkata,Public Works Department,Road Construction,7.63,Ongoing,3.763007873,Flagged by ML pattern only
W12392,Triya Khatri,Chennai,Zilla Panchayat,Street Lighting,5.4,Ongoing,3.7604090911608967,Flagged by ML pattern only
W10832,Varsha Morar,Salem,State Housing Board,Community Health Center,14.68,Completed,3.7597489843002885,Flagged by ML pattern only
W12878,Gabriel Thaman,Nashik,Municipal Corporation,School Building Repair,13.5,Completed,3.7338092390943616,Flagged by ML pattern only
W10744,Oliver Sarma,Coimbatore,State Housing Board,Drainage System,10.51,Completed,3.727155383454852,Flagged by ML pattern only
W12264,Ekansh Sami,Bengaluru Urban,Municipal Corporation,Drainage System,11.17,Ongoing,3.7217716487711474,Flagged by ML pattern only
W10001,Yutika Rana,Asansol,Public Works Department,Road Construction,6.04,Completed,3.7205034767485454,Flagged by ML pattern only
W12926,Mugdha Varty,Dharwad,District Rural Development Agency,School Building Repair,13.64,Ongoing,3.713646139115035,Flagged by ML pattern only
W10704,Eesha Memon,Chennai,Municipal Corporation,Drinking Water Supply,10.81,Ongoing,3.697470319561155,Flagged by ML pattern only
W11778,Owen Bala,Kolkata,District Rural Development Agency,School Building Repair,9.47,Completed,3.6695619548223135,Flagged by ML pattern only
W11162,Gaurav Chandra,Belagavi,State Housing Board,School Building Repair,12.77,Ongoing,3.6652812610635097,Flagged by ML pattern only
W10827,Vrinda Biswas,Howrah,Zilla Panchayat,Road Construction,15.53,Completed,3.6493818282820905,Flagged by ML pattern only
W11964,Odika Naik,Howrah,State Housing Board,Street Lighting,5.91,Completed,3.621689044238374,Flagged by ML pattern only
W12193,Tanish Iyer,Belagavi,State Housing Board,School Building Repair,10.96,Completed,3.6198920513820085,Flagged by ML pattern only
W11896,Ishwar Boase,Asansol,Public Works Department,School Building Repair,9,Completed,3.616191601809878,Flagged by ML pattern only
W12975,Krishna Pant,Nashik,District Rural Development Agency,Drainage System,6.54,Ongoing,3.614002074140391,Flagged by ML pattern only
W12182,Azaan Gupta,Kanpur,State Housing Board,Street Lighting,4.35,Ongoing,3.6108440966545348,Flagged by ML pattern only
W12469,Mugdha Varty,Pune,Municipal Corporation,Drainage System,11.06,Ongoing,3.5918582101865923,Flagged by ML pattern only
W10576,Krishna Pant,Nagpur,Municipal Corporation,School Building Repair,9.56,Ongoing,3.569699049796185,Flagged by ML pattern only
W10205,Onveer Kata,Howrah,District Rural Development Agency,Drinking Water Supply,12.85,Completed,3.5690165083717433,Flagged by ML pattern only
W12323,Victor Venkataraman,Belagavi,State Housing Board,Road Construction,6.31,Ongoing,3.567251652397495,Flagged by ML pattern only
W12218,Owen Bansal,Howrah,Municipal Corporation,School Building Repair,14.71,Completed,3.5619275056295194,Flagged by ML pattern only
W11867,Yutika Rana,Belagavi,State Housing Board,School Building Repair,5.82,Completed,3.5388080684709666,Flagged by ML pattern only
W12557,Nicholas Gour,Kanpur,State Housing Board,Street Lighting,5.57,Ongoing,3.5327217599406318,Flagged by ML pattern only
W11017,Varsha Morar,Coimbatore,District Rural Development Agency,Public Toilet Complex,5.73,Ongoing,3.5323216402553657,Flagged by ML pattern only
W10519,Krishna Pant,Howrah,Municipal Corporation,Drainage System,7.27,Completed,3.5175002428294904,Flagged by ML pattern only
W12626,Victor Venkataraman,Howrah,Public Works Department,School Building Repair,12.13,Ongoing,3.495800689,Flagged by ML pattern only
W12672,Triya Khatri,Asansol,Municipal Corporation,Public Toilet Complex,5.74,Completed,3.489312619735115,Flagged by ML pattern only
W11513,Jagat Mangat,Mysuru,Public Works Department,Drainage System,10.33,Ongoing,3.4241434798371895,Flagged by ML pattern only
W10620,Owen Bansal,Chennai,District Rural Development Agency,Drainage System,6.03,Completed,3.3871601131443705,Flagged by ML pattern only
W10072,Advaith Gole,Howrah,Zilla Panchayat,Road Construction,13.45,Ongoing,3.3745472153325906,Flagged by ML pattern only
W11978,Yadavi Deshmukh,Nagpur,Public Works Department,Public Toilet Complex,4.44,Completed,3.3714522496252353,Flagged by ML pattern only
W11492,Jagat Mangat,Madurai,Municipal Corporation,School Building Repair,11.49,Ongoing,3.3630711234335666,Flagged by ML pattern only
W12508,Mugdha Varty,Lucknow,Municipal Corporation,School Building Repair,7.31,Ongoing,3.356528934048428,Flagged by ML pattern only
W12913,Oliver Sarma,Varanasi,Zilla Panchayat,Road Construction,8.07,Completed,3.3540576639879376,Flagged by ML pattern only
W11420,Yadavi Deshmukh,Lucknow,Municipal Corporation,Street Lighting,5.37,Ongoing,3.334344037753085,Flagged by ML pattern only
W11431,Ishwar Boase,Kolkata,District Rural Development Agency,School Building Repair,12.08,Ongoing,3.3226669960453443,Flagged by ML pattern only
W10870,Odika Naik,Salem,District Rural Development Agency,Drinking Water Supply,5.46,Ongoing,3.3114639186537866,Flagged by ML pattern only
W10034,Hemang Bava,Nashik,Municipal Corporation,School Building Repair,11.25,Ongoing,3.3091782867854103,Flagged by ML pattern only
W10024,Jagat Mangat,Bengaluru Urban,Public Works Department,Drainage System,15.73,Completed,3.3004737139877878,Flagged by ML pattern only
W10055,Yamini Chand,Belagavi,Municipal Corporation,School Building Repair,6.26,Ongoing,3.2621530792562647,Flagged by ML pattern only
W11806,Leena Butala,Bengaluru Urban,State Housing Board,Drainage System,12.18,Ongoing,3.2581565652694744,Flagged by ML pattern only
W10346,Yug Choudhry,Lucknow,Zilla Panchayat,School Building Repair,14.09,Completed,3.255781751895599,Flagged by ML pattern only
W12062,Widisha Yohannan,Howrah,Municipal Corporation,Public Toilet Complex,7.98,Ongoing,3.2373384462376573,Flagged by ML pattern only
W12529,Owen Bala,Dharwad,District Rural Development Agency,Public Toilet Complex,7.49,Ongoing,3.224891700435734,Flagged by ML pattern only
W10412,Triya Khatri,Dharwad,Municipal Corporation,School Building Repair,10.31,Ongoing,3.213895476971152,Flagged by ML pattern only
W11521,Varsha Morar,Nashik,District Rural Development Agency,Road Construction,8.9,Completed,3.1597327009786698,Flagged by ML pattern only
W11946,Lucky Prashad,Asansol,State Housing Board,School Building Repair,7.19,Completed,3.1501563679742457,Flagged by ML pattern only
W11359,Widisha Yohannan,Madurai,District Rural Development Agency,Road Construction,10.14,Completed,3.132540862247822,Flagged by ML pattern only
W12522,Owen Bansal,Bengaluru Urban,State Housing Board,Drainage System,10.68,Ongoing,3.123663977540611,Flagged by ML pattern only
W11196,Deepa Gala,Nashik,District Rural Development Agency,Public Toilet Complex,3.87,Ongoing,3.1178513637615723,Flagged by ML pattern only
W10450,Owen Bansal,Varanasi,District Rural Development Agency,Street Lighting,4.62,Ongoing,3.113274070232194,Flagged by ML pattern only
W12554,Christopher Kadakia,Mysuru,State Housing Board,Drinking Water Supply,13.3,Ongoing,3.1106863402206417,Flagged by ML pattern only
W11038,Harrison Kapur,Varanasi,Public Works Department,Drinking Water Supply,9.83,Ongoing,3.0884705401525068,Flagged by ML pattern only
W10570,Jagat Mangat,Agra,Public Works Department,Drainage System,13.47,Ongoing,3.085841859,Flagged by ML pattern only
W12271,Sanya Swamy,Asansol,District Rural Development Agency,Public Toilet Complex,7.47,Ongoing,3.0074770463587104,Flagged by ML pattern only
W10708,Ekansh Sami,Salem,Municipal Corporation,Drinking Water Supply,4.87,Completed,2.9972396301086204,Flagged by ML pattern only
W11515,Yamini Chand,Dharwad,District Rural Development Agency,School Building Repair,4.53,Completed,2.980693653875536,Flagged by ML pattern only
W10977,Varsha Morar,Lucknow,Zilla Panchayat,Road Construction,7.44,Ongoing,2.9497972566185364,Flagged by ML pattern only
W11473,Yutika Rana,Bengaluru Urban,State Housing Board,Public Toilet Complex,4.44,Ongoing,2.9450616547725104,Flagged by ML pattern only
W12999,Eesha Memon,Asansol,Zilla Panchayat,Drainage System,8.04,Completed,2.932660906622182,Flagged by ML pattern only
W11435,Sanya Swamy,Nagpur,Public Works Department,School Building Repair,9.77,Ongoing,2.9190488659642306,Flagged by ML pattern only
W11214,Ronith Zachariah,Belagavi,State Housing Board,School Building Repair,11.19,Ongoing,2.909114985096471,Flagged by ML pattern only
W10054,Harrison Kapur,Varanasi,Municipal Corporation,Drainage System,6.71,Ongoing,2.8685986488358846,Flagged by ML pattern only
W10058,Yamini Chand,Madurai,Zilla Panchayat,Drainage System,8.85,Ongoing,2.8654407421114017,Flagged by ML pattern only
W10634,Yadavi Deshmukh,Agra,State Housing Board,School Building Repair,10.45,Completed,2.8512611175483866,Flagged by ML pattern only
W12106,Jagat Mangat,Belagavi,Public Works Department,Public Toilet Complex,6.76,Completed,2.8177643878098353,Flagged by ML pattern only
W12327,Pallavi Krish,Howrah,Municipal Corporation,School Building Repair,9.07,Ongoing,2.7858567089958797,Flagged by ML pattern only
W10889,Tanish Iyer,Pune,State Housing Board,School Building Repair,6.12,Ongoing,2.729499007643052,Flagged by ML pattern only
W10253,Advaith Gole,Nashik,Public Works Department,School Building Repair,7.56,Ongoing,2.7270632191932487,Flagged by ML pattern only
W12054,Meera Banerjee,Varanasi,District Rural Development Agency,Public Toilet Complex,6.98,Ongoing,2.7234567070708544,Flagged by ML pattern only
W12594,Hemang Bava,Salem,District Rural Development Agency,Public Toilet Complex,6.19,Ongoing,2.7079880230323607,Flagged by ML pattern only
W10921,Harrison Kapur,Darjeeling,Zilla Panchayat,School Building Repair,10.01,Ongoing,2.6949670649998057,Flagged by ML pattern only
W11393,Ria Ratta,Agra,District Rural Development Agency,Street Lighting,5.56,Ongoing,2.6921744334816253,Flagged by ML pattern only
W11105,Eesha Memon,Darjeeling,Zilla Panchayat,Drinking Water Supply,5.34,Ongoing,2.657291193706971,Flagged by ML pattern only
W12481,Meera Banerjee,Madurai,District Rural Development Agency,Drainage System,4.97,Ongoing,2.6547249921218388,Flagged by ML pattern only
W12377,Rayaan Mand,Pune,Public Works Department,Public Toilet Complex,5.04,Ongoing,2.6539295235463527,Flagged by ML pattern only
W10560,Gabriel Thaman,Thane,Municipal Corporation,Drainage System,11.25,Completed,2.641405493214023,Flagged by ML pattern only
W12517,Gaurav Chandra,Kanpur,District Rural Development Agency,Street Lighting,5.22,Ongoing,2.6355658609961043,Flagged by ML pattern only
W11275,Yug Choudhry,Varanasi,District Rural Development Agency,School Building Repair,5.38,Ongoing,2.6316188245444208,Flagged by ML pattern only
W10904,Azaan Gupta,Madurai,District Rural Development Agency,Drinking Water Supply,9.9,Ongoing,2.583865290438096,Flagged by ML pattern only
W11180,Yadavi Deshmukh,Belagavi,Zilla Panchayat,Public Toilet Complex,6.07,Ongoing,2.5436887932661754,Flagged by ML pattern only
W12893,Advaith Gole,Kanpur,State Housing Board,School Building Repair,6.82,Ongoing,2.537096974717618,Flagged by ML pattern only
W10677,Sanya Swamy,Thane,State Housing Board,Community Health Center,12.52,Completed,2.517333920607811,Flagged by ML pattern only
W11532,Tanish Iyer,Nashik,Zilla Panchayat,Street Lighting,5.45,Ongoing,2.514893261138613,Flagged by ML pattern only
W11200,Triya Khatri,Nagpur,State Housing Board,School Building Repair,9.14,Completed,2.5086698393822857,Flagged by ML pattern only
W11667,Eesha Memon,Coimbatore,Public Works Department,School Building Repair,7.91,Ongoing,2.471248533170732,Flagged by ML pattern only
W10985,Ishwar Boase,Kolkata,Public Works Department,Drainage System,10.96,Completed,2.322508053110507,Flagged by ML pattern only
W12222,Varsha Morar,Salem,Zilla Panchayat,School Building Repair,6.22,Ongoing,2.3018388578215787,Flagged by ML pattern only
W12741,Eesha Memon,Madurai,Public Works Department,School Building Repair,5.6,Ongoing,2.289854441474588,Flagged by ML pattern only
W12200,Vrinda Biswas,Mysuru,Municipal Corporation,Road Construction,12.68,Completed,2.2823927690378065,Flagged by ML pattern only
W12814,Victor Venkataraman,Agra,Public Works Department,Road Construction,10.68,Completed,2.257963626451455,Flagged by ML pattern only
W12181,Lucky Prashad,Mysuru,State Housing Board,School Building Repair,5.69,Completed,2.221442119311312,Flagged by ML pattern only
W10013,Leena Butala,Salem,Municipal Corporation,School Building Repair,8.44,Ongoing,2.212022981302327,Flagged by ML pattern only
W12326,Gabriel Thaman,Asansol,Zilla Panchayat,Street Lighting,4.99,Ongoing,2.1870673948259363,Flagged by ML pattern only
W10728,Widisha Yohannan,Nagpur,State Housing Board,Drainage System,8.73,Ongoing,2.170085040237627,Flagged by ML pattern only
W10540,Meera Banerjee,Thane,State Housing Board,Public Toilet Complex,6.63,Completed,2.1419540992632773,Flagged by ML pattern only
W11649,Bachittar Choudhry,Asansol,Municipal Corporation,Road Construction,7.33,Ongoing,2.117346495532325,Flagged by ML pattern only
W12471,Ronith Zachariah,Coimbatore,Public Works Department,Road Construction,9.13,Ongoing,2.098804534698121,Flagged by ML pattern only
W11612,Nicholas Gour,Nagpur,Municipal Corporation,Public Toilet Complex,6.26,Ongoing,2.079816575626701,Flagged by ML pattern only
W10098,Vanya Suresh,Asansol,State Housing Board,Drainage System,5.23,Ongoing,2.0639776165884625,Flagged by ML pattern only
W10757,Yadavi Deshmukh,Agra,Zilla Panchayat,School Building Repair,6.52,Ongoing,2.062753774613803,Flagged by ML pattern only
W11171,Pallavi Krish,Mysuru,Municipal Corporation,Public Toilet Complex,6.94,Ongoing,2.016295004821635,Flagged by ML pattern only
W11634,Ronith Zachariah,Belagavi,Public Works Department,Drainage System,5.06,Ongoing,2.0040312234154825,Flagged by ML pattern only
W12750,Leena Butala,Coimbatore,Zilla Panchayat,Public Toilet Complex,6.53,Ongoing,1.923484070987498,Flagged by ML pattern only
W12300,Mugdha Varty,Kanpur,Municipal Corporation,Street Lighting,5.55,Ongoing,1.918903827530282,Flagged by ML pattern only
W11779,Yamini Chand,Coimbatore,Zilla Panchayat,Drainage System,5.67,Ongoing,1.9004786781273477,Flagged by ML pattern only
W10956,Lucky Prashad,Kanpur,Municipal Corporation,Drinking Water Supply,6.81,Ongoing,1.8827803432519237,Flagged by ML pattern only
W12025,Vrinda Biswas,Nagpur,State Housing Board,Road Construction,5.57,Completed,1.861040452752997,Flagged by ML pattern only
W12066,Lucky Prashad,Belagavi,District Rural Development Agency,Drainage System,7.87,Ongoing,1.8485059856311112,Flagged by ML pattern only
W10243,Ekansh Sami,Mysuru,State Housing Board,Public Toilet Complex,6.07,Ongoing,1.8335553839956131,Flagged by ML pattern only
W10327,Advaith Gole,Belagavi,District Rural Development Agency,Public Toilet Complex,7.85,Ongoing,1.814229288346881,Flagged by ML pattern only
W10462,Azaan Gupta,Chennai,State Housing Board,Drinking Water Supply,5.57,Ongoing,1.758152914696439,Flagged by ML pattern only
W11894,Victor Venkataraman,Madurai,Municipal Corporation,Road Construction,12.29,Completed,1.7528944839715614,Flagged by ML pattern only
W10917,Meera Banerjee,Lucknow,State Housing Board,School Building Repair,9.1,Completed,1.654313474461536,Flagged by ML pattern only
W12257,Gabriel Thaman,Chennai,State Housing Board,Drainage System,9.57,Completed,1.5646818342461288,Flagged by ML pattern only
W12169,Gabriel Thaman,Varanasi,Zilla Panchayat,Drinking Water Supply,13.01,Completed,1.3074635314963656,Flagged by ML pattern only
