state,district,constituency,mp_name,work_id,work_name,work_category,implementing_agency,sanction_amount,expenditure,physical_progress,start_date,expected_completion_date,actual_completion_date,contractor,latitude,longitude,status,existing_rule_score,data_source,data_label,fund_utilization_pct,progress_expenditure_gap,progress_expenditure_mismatch,cost_overrun_amount,cost_overrun_pct,cost_overrun_flag,planned_duration_days,actual_duration_days,delay_days,timeline_delay_flag,high_fund_utilization,record_id,rule_risk_score,rule_risk_level,rule_reasons,ml_anomaly,ml_anomaly_score,ml_anomaly_status,ml_model,ml_risk_score,hybrid_risk_score,hybrid_risk_level,hybrid_risk_reasons,inspection_priority
,Nagpur,,Victor Venkataraman,W10688,,Road Construction,District Rural Development Agency,164.5050429768184,,,,,,,,,Ongoing,62.46616263667986,synthetic,Synthetic Test Data,,,False,,,False,,,,False,False,W10688,62.47,MEDIUM,No rule-based risk condition triggered,True,0.0596,Anomaly,Isolation Forest,100.0,77.48,HIGH,ML: Isolation Forest identified unusual project characteristics,HIGH
,Chennai,,Onveer Kata,W12715,,Road Construction,Zilla Panchayat,106.05963132257617,,,,,,,,,Ongoing,62.06863861978442,synthetic,Synthetic Test Data,,,False,,,False,,,,False,False,W12715,62.07,MEDIUM,No rule-based risk condition triggered,True,0.0279,Anomaly,Isolation Forest,99.7,77.12,HIGH,ML: Isolation Forest identified unusual project characteristics,HIGH
,Dharwad,,Deepa Gala,W10150,,Community Health Center,Municipal Corporation,35.26,,,,,,,,,Completed,61.0,synthetic,Synthetic Test Data,,,False,,,False,,,,False,False,W10150,61.0,MEDIUM,No rule-based risk condition triggered,False,-0.0039,Normal,Isolation Forest,93.62,74.05,HIGH,No significant risk indicator detected,HIGH
,Howrah,,Yamini Chand,W10996,,Road Construction,State Housing Board,78.14676526,,,,,,,,,Ongoing,60.63388890314685,synthetic,Synthetic Test Data,,,False,,,False,,,,False,False,W10996,60.63,MEDIUM,No rule-based risk condition triggered,True,0.033,Anomaly,Isolation Forest,99.87,76.33,HIGH,ML: Isolation Forest identified unusual project characteristics,HIGH
,Thane,,Leena Butala,W10819,,Drinking Water Supply,State Housing Board,57.37122685,,,,,,,,,Completed,57.55701872322488,synthetic,Synthetic Test Data,,,False,,,False,,,,False,False,W10819,57.56,MEDIUM,No rule-based risk condition triggered,True,0.0317,Anomaly,Isolation Forest,99.83,74.47,HIGH,ML: Isolation Forest identified unusual project characteristics,HIGH
,Mysuru,,Victor Venkataraman,W10185,,Community Health Center,State Housing Board,30.71,,,,,,,,,Completed,56.83353628575788,synthetic,Synthetic Test Data,,,False,,,False,,,,False,False,W10185,56.83,MEDIUM,No rule-based risk condition triggered,False,-0.0148,Normal,Isolation Forest,87.13,68.95,MEDIUM,No significant risk indicator detected,HIGH
,Lucknow,,Leena Butala,W12823,,Street Lighting,District Rural Development Agency,1.31,,,,,,,,,Completed,56.61181375192424,synthetic,Synthetic Test Data,,,False,,,False,,,,False,False,W12823,56.61,MEDIUM,No rule-based risk condition triggered,False,-0.0206,Normal,Isolation Forest,79.83,65.9,MEDIUM,No significant risk indicator detected,HIGH
,Belagavi,,Vrinda Biswas,W11950,,Community Health Center,District Rural Development Agency,26.59,,,,,,,,,Completed,56.37695509864188,synthetic,Synthetic Test Data,,,False,,,False,,,,False,False,W11950,56.38,MEDIUM,No rule-based risk condition triggered,False,-0.0317,Normal,Isolation Forest,47.08,52.66,MEDIUM,No significant risk indicator detected,MEDIUM
,Madurai,,Triya Khatri,W12466,,Drinking Water Supply,District Rural Development Agency,17.66,,,,,,,,,Completed,54.54533492323343,synthetic,Synthetic Test Data,,,False,,,False,,,,False,False,W12466,54.55,MEDIUM,No rule-based risk condition triggered,False,-0.026,Normal,Isolation Forest,68.0,59.93,MEDIUM,No significant risk indicator detected,MEDIUM
,Chennai,,Pallavi Krish,W11096,,Drinking Water Supply,Zilla Panchayat,16.03,,,,,,,,,Completed,52.256349431835616,synthetic,Synthetic Test Data,,,False,,,False,,,,False,False,W11096,52.26,MEDIUM,No rule-based risk condition triggered,False,-0.0383,Normal,Isolation Forest,21.42,39.92,LOW,No significant risk indicator detected,LOW
,Kanpur,,Ria Ratta,W10230,,Drainage System,State Housing Board,6.71,,,,,,,,,Completed,52.23075489,synthetic,Synthetic Test Data,,,False,,,False,,,,False,False,W10230,52.23,MEDIUM,No rule-based risk condition triggered,False,-0.0395,Normal,Isolation Forest,18.02,38.55,LOW,No significant risk indicator detected,LOW
,Asansol,,Hemang Bava,W10993,,Drainage System,Municipal Corporation,6.5,,,,,,,,,Completed,51.58823457728016,synthetic,Synthetic Test Data,,,False,,,False,,,,False,False,W10993,51.59,MEDIUM,No rule-based risk condition triggered,False,-0.0315,Normal,Isolation Forest,48.08,50.19,MEDIUM,No significant risk indicator detected,MEDIUM
,Mysuru,,Deepa Gala,W11271,,Drinking Water Supply,District Rural Development Agency,15.71,,,,,,,,,Completed,51.41735792334016,synthetic,Synthetic Test Data,,,False,,,False,,,,False,False,W11271,51.42,MEDIUM,No rule-based risk condition triggered,False,-0.0294,Normal,Isolation Forest,56.62,53.5,MEDIUM,No significant risk indicator detected,MEDIUM
,Dharwad,,Yug Choudhry,W10669,,School Building Repair,Public Works Department,10.32,,,,,,,,,Completed,51.30126063249732,synthetic,Synthetic Test Data,,,False,,,False,,,,False,False,W10669,51.3,MEDIUM,No rule-based risk condition triggered,False,-0.0395,Normal,Isolation Forest,18.02,37.99,LOW,No significant risk indicator detected,LOW
,Coimbatore,,Hemang Bava,W12754,,Public Toilet Complex,District Rural Development Agency,7.68,,,,,,,,,Completed,50.98882633114116,synthetic,Synthetic Test Data,,,False,,,False,,,,False,False,W12754,50.99,MEDIUM,No rule-based risk condition triggered,False,-0.029,Normal,Isolation Forest,58.33,53.93,MEDIUM,No significant risk indicator detected,MEDIUM
,Asansol,,Onveer Kata,W10865,,Community Health Center,Zilla Panchayat,74.09449409651694,,,,,,,,,Completed,50.590983665168,synthetic,Synthetic Test Data,,,False,,,False,,,,False,False,W10865,50.59,MEDIUM,No rule-based risk condition triggered,True,0.0289,Anomaly,Isolation Forest,99.73,70.25,HIGH,ML: Isolation Forest identified unusual project characteristics,HIGH
,Nagpur,,Sanya Swamy,W12369,,School Building Repair,Public Works Department,11.23,,,,,,,,,Completed,50.50649456,synthetic,Synthetic Test Data,,,False,,,False,,,,False,False,W12369,50.51,MEDIUM,No rule-based risk condition triggered,False,-0.0393,Normal,Isolation Forest,18.72,37.79,LOW,No significant risk indicator detected,LOW
,Belagavi,,Odika Naik,W10038,,Drainage System,Zilla Panchayat,44.42879449315261,,,,,,,,,Ongoing,50.3878908,synthetic,Synthetic Test Data,,,False,,,False,,,,False,False,W10038,50.39,MEDIUM,No rule-based risk condition triggered,True,0.0065,Anomaly,Isolation Forest,96.78,68.95,MEDIUM,ML: Isolation Forest identified unusual project characteristics,HIGH
,Mysuru,,Krishna Pant,W12894,,Road Construction,Zilla Panchayat,59.36178626483484,,,,,,,,,Completed,49.370777040623935,synthetic,Synthetic Test Data,,,False,,,False,,,,False,False,W12894,49.37,MEDIUM,No rule-based risk condition triggered,True,0.0151,Anomaly,Isolation Forest,98.38,68.97,MEDIUM,ML: Isolation Forest identified unusual project characteristics,HIGH
,Pune,,Gaurav Chandra,W10907,,Community Health Center,Zilla Panchayat,45.04,,,,,,,,,Ongoing,48.83024330572489,synthetic,Synthetic Test Data,,,False,,,False,,,,False,False,W10907,48.83,MEDIUM,No rule-based risk condition triggered,True,0.0122,Anomaly,Isolation Forest,97.83,68.43,MEDIUM,ML: Isolation Forest identified unusual project characteristics,HIGH
,Pune,,Oliver Sarma,W12030,,Community Health Center,Zilla Panchayat,43.41,,,,,,,,,Ongoing,47.87689674987536,synthetic,Synthetic Test Data,,,False,,,False,,,,False,False,W12030,47.88,MEDIUM,No rule-based risk condition triggered,True,0.006,Anomaly,Isolation Forest,96.58,67.36,MEDIUM,ML: Isolation Forest identified unusual project characteristics,HIGH
,Pune,,Rayaan Mand,W12572,,Community Health Center,Zilla Panchayat,49.62,,,,,,,,,Ongoing,47.06519216,synthetic,Synthetic Test Data,,,False,,,False,,,,False,False,W12572,47.07,MEDIUM,No rule-based risk condition triggered,True,0.0232,Anomaly,Isolation Forest,99.5,68.04,MEDIUM,ML: Isolation Forest identified unusual project characteristics,HIGH
,Nagpur,,Owen Bansal,W11670,,Street Lighting,Public Works Department,22.92929084968078,,,,,,,,,Ongoing,45.73540706245492,synthetic,Synthetic Test Data,,,False,,,False,,,,False,False,W11670,45.74,MEDIUM,No rule-based risk condition triggered,False,-0.0139,Normal,Isolation Forest,88.07,62.67,MEDIUM,No significant risk indicator detected,HIGH
,Pune,,Ishwar Boase,W11766,,Community Health Center,Zilla Panchayat,37.56,,,,,,,,,Completed,44.17058043207448,synthetic,Synthetic Test Data,,,False,,,False,,,,False,False,W11766,44.17,MEDIUM,No rule-based risk condition triggered,False,-0.0044,Normal,Isolation Forest,93.5,63.9,MEDIUM,No significant risk indicator detected,HIGH
,Pune,,Meera Banerjee,W10104,,Community Health Center,Zilla Panchayat,49.13,,,,,,,,,Completed,44.050385804762335,synthetic,Synthetic Test Data,,,False,,,False,,,,False,False,W10104,44.05,MEDIUM,No rule-based risk condition triggered,True,0.0192,Anomaly,Isolation Forest,99.07,66.06,MEDIUM,ML: Isolation Forest identified unusual project characteristics,HIGH
,Pune,,Leena Butala,W12568,,Road Construction,Zilla Panchayat,21.59,,,,,,,,,Completed,43.847139833170544,synthetic,Synthetic Test Data,,,False,,,False,,,,False,False,W12568,43.85,MEDIUM,No rule-based risk condition triggered,False,-0.0397,Normal,Isolation Forest,17.3,33.23,LOW,No significant risk indicator detected,LOW
,Belagavi,,Owen Bansal,W12442,,School Building Repair,Municipal Corporation,46.62613231508003,,,,,,,,,Completed,41.74358391859787,synthetic,Synthetic Test Data,,,False,,,False,,,,False,False,W12442,41.74,MEDIUM,No rule-based risk condition triggered,True,0.0351,Anomaly,Isolation Forest,99.9,65.0,MEDIUM,ML: Isolation Forest identified unusual project characteristics,HIGH
,Pune,,Gaurav Chandra,W10633,,Community Health Center,Zilla Panchayat,42.7,,,,,,,,,Ongoing,41.37825721333554,synthetic,Synthetic Test Data,,,False,,,False,,,,False,False,W10633,41.38,MEDIUM,No rule-based risk condition triggered,True,0.006,Anomaly,Isolation Forest,96.58,63.46,MEDIUM,ML: Isolation Forest identified unusual project characteristics,HIGH
,Coimbatore,,Krishna Pant,W12429,,Community Health Center,District Rural Development Agency,44.16,,,,,,,,,Ongoing,41.20610921022072,synthetic,Synthetic Test Data,,,False,,,False,,,,False,False,W12429,41.21,MEDIUM,No rule-based risk condition triggered,True,0.006,Anomaly,Isolation Forest,96.58,63.36,MEDIUM,ML: Isolation Forest identified unusual project characteristics,HIGH
,Pune,,Ronith Zachariah,W12183,,Road Construction,Zilla Panchayat,39.92,,,,,,,,,Ongoing,39.71977053946719,synthetic,Synthetic Test Data,,,False,,,False,,,,False,False,W12183,39.72,LOW,No rule-based risk condition triggered,False,-0.0076,Normal,Isolation Forest,92.3,60.75,MEDIUM,No significant risk indicator detected,HIGH
,Pune,,Leena Butala,W10239,,Road Construction,Zilla Panchayat,33.33,,,,,,,,,Ongoing,39.70431100267689,synthetic,Synthetic Test Data,,,False,,,False,,,,False,False,W10239,39.7,LOW,No rule-based risk condition triggered,False,-0.0272,Normal,Isolation Forest,64.7,49.7,MEDIUM,No significant risk indicator detected,MEDIUM
,Agra,,Hemang Bava,W11191,,Community Health Center,Zilla Panchayat,48.46,,,,,,,,,Completed,39.16535597623346,synthetic,Synthetic Test Data,,,False,,,False,,,,False,False,W11191,39.17,LOW,No rule-based risk condition triggered,True,0.0194,Anomaly,Isolation Forest,99.1,63.14,MEDIUM,ML: Isolation Forest identified unusual project characteristics,HIGH
,Kolkata,,Eesha Memon,W12140,,Community Health Center,District Rural Development Agency,49.74,,,,,,,,,Ongoing,38.78911833884817,synthetic,Synthetic Test Data,,,False,,,False,,,,False,False,W12140,38.79,LOW,No rule-based risk condition triggered,True,0.0199,Anomaly,Isolation Forest,99.15,62.93,MEDIUM,ML: Isolation Forest identified unusual project characteristics,HIGH
,Dharwad,,Victor Venkataraman,W12632,,Community Health Center,Zilla Panchayat,47.14,,,,,,,,,Completed,38.75961058789058,synthetic,Synthetic Test Data,,,False,,,False,,,,False,False,W12632,38.76,LOW,No rule-based risk condition triggered,True,0.0167,Anomaly,Isolation Forest,98.77,62.76,MEDIUM,ML: Isolation Forest identified unusual project characteristics,HIGH
,Coimbatore,,Ria Ratta,W11990,,Community Health Center,Public Works Department,49.03,,,,,,,,,Ongoing,38.73430836146733,synthetic,Synthetic Test Data,,,False,,,False,,,,False,False,W11990,38.73,LOW,No rule-based risk condition triggered,True,0.0152,Anomaly,Isolation Forest,98.43,62.61,MEDIUM,ML: Isolation Forest identified unusual project characteristics,HIGH
,Mysuru,,Deepa Gala,W11772,,Public Toilet Complex,Zilla Panchayat,23.69347963182055,,,,,,,,,Ongoing,38.65583518740888,synthetic,Synthetic Test Data,,,False,,,False,,,,False,False,W11772,38.66,LOW,No rule-based risk condition triggered,False,-0.0104,Normal,Isolation Forest,90.62,59.44,MEDIUM,No significant risk indicator detected,MEDIUM
,Pune,,Gaurav Chandra,W10118,,Road Construction,Zilla Panchayat,15.65,,,,,,,,,Ongoing,38.63505618530037,synthetic,Synthetic Test Data,,,False,,,False,,,,False,False,W10118,38.64,LOW,No rule-based risk condition triggered,False,-0.0455,Normal,Isolation Forest,6.45,25.76,LOW,No significant risk indicator detected,LOW
,Pune,,Ekansh Sami,W11840,,Road Construction,Zilla Panchayat,28.39,,,,,,,,,Completed,37.844962991900005,synthetic,Synthetic Test Data,,,False,,,False,,,,False,False,W11840,37.84,LOW,No rule-based risk condition triggered,False,-0.0301,Normal,Isolation Forest,53.48,44.1,MEDIUM,No significant risk indicator detected,MEDIUM
,Nashik,,Advaith Gole,W10400,,Community Health Center,Zilla Panchayat,49.49,,,,,,,,,Ongoing,37.57925235338486,synthetic,Synthetic Test Data,,,False,,,False,,,,False,False,W10400,37.58,LOW,No rule-based risk condition triggered,True,0.0231,Anomaly,Isolation Forest,99.47,62.34,MEDIUM,ML: Isolation Forest identified unusual project characteristics,HIGH
,Pune,,Tanish Iyer,W10670,,Community Health Center,Zilla Panchayat,38.62,,,,,,,,,Ongoing,37.55139986980882,synthetic,Synthetic Test Data,,,False,,,False,,,,False,False,W10670,37.55,LOW,No rule-based risk condition triggered,False,-0.0007,Normal,Isolation Forest,94.73,60.42,MEDIUM,No significant risk indicator detected,HIGH
,Asansol,,Yadavi Deshmukh,W12617,,Community Health Center,Municipal Corporation,48.58,,,,,,,,,Ongoing,36.70928761425086,synthetic,Synthetic Test Data,,,False,,,False,,,,False,False,W12617,36.71,LOW,No rule-based risk condition triggered,True,0.0372,Anomaly,Isolation Forest,99.95,62.01,MEDIUM,ML: Isolation Forest identified unusual project characteristics,HIGH
,Darjeeling,,Gabriel Thaman,W12267,,Community Health Center,Public Works Department,49.37,,,,,,,,,Completed,36.693323921677134,synthetic,Synthetic Test Data,,,False,,,False,,,,False,False,W12267,36.69,LOW,No rule-based risk condition triggered,True,0.0161,Anomaly,Isolation Forest,98.58,61.45,MEDIUM,ML: Isolation Forest identified unusual project characteristics,HIGH
,Lucknow,,Yutika Rana,W12871,,Community Health Center,Municipal Corporation,44.79,,,,,,,,,Ongoing,36.559785240549104,synthetic,Synthetic Test Data,,,False,,,False,,,,False,False,W12871,36.56,LOW,No rule-based risk condition triggered,True,0.027,Anomaly,Isolation Forest,99.63,61.79,MEDIUM,ML: Isolation Forest identified unusual project characteristics,HIGH
,Nagpur,,Deepa Gala,W12290,,Community Health Center,State Housing Board,47.45,,,,,,,,,Ongoing,36.26037952416269,synthetic,Synthetic Test Data,,,False,,,False,,,,False,False,W12290,36.26,LOW,No rule-based risk condition triggered,True,0.0176,Anomaly,Isolation Forest,98.97,61.34,MEDIUM,ML: Isolation Forest identified unusual project characteristics,HIGH
,Varanasi,,Yamini Chand,W11664,,Drinking Water Supply,Municipal Corporation,24.0681886,,,,,,,,,Ongoing,36.20752288339886,synthetic,Synthetic Test Data,,,False,,,False,,,,False,False,W11664,36.21,LOW,No rule-based risk condition triggered,False,-0.0076,Normal,Isolation Forest,92.3,58.65,MEDIUM,No significant risk indicator detected,MEDIUM
,Thane,,Gabriel Thaman,W10057,,Community Health Center,State Housing Board,46.19,,,,,,,,,Completed,36.082289340094086,synthetic,Synthetic Test Data,,,False,,,False,,,,False,False,W10057,36.08,LOW,No rule-based risk condition triggered,True,0.0167,Anomaly,Isolation Forest,98.77,61.16,MEDIUM,ML: Isolation Forest identified unusual project characteristics,HIGH
,Kolkata,,Christopher Kadakia,W10385,,School Building Repair,Public Works Department,22.19556034002177,,,,,,,,,Completed,35.83843267966594,synthetic,Synthetic Test Data,,,False,,,False,,,,False,False,W10385,35.84,LOW,No rule-based risk condition triggered,False,-0.008,Normal,Isolation Forest,92.13,58.36,MEDIUM,No significant risk indicator detected,MEDIUM
,Madurai,,Vanya Suresh,W10466,,Community Health Center,Public Works Department,32.07,,,,,,,,,Ongoing,35.764619929073554,synthetic,Synthetic Test Data,,,False,,,False,,,,False,False,W10466,35.76,LOW,No rule-based risk condition triggered,False,-0.0259,Normal,Isolation Forest,68.27,48.76,MEDIUM,No significant risk indicator detected,MEDIUM
,Madurai,,Ria Ratta,W10183,,Community Health Center,District Rural Development Agency,47.98,,,,,,,,,Completed,35.75942394235412,synthetic,Synthetic Test Data,,,False,,,False,,,,False,False,W10183,35.76,LOW,No rule-based risk condition triggered,True,0.0129,Anomaly,Isolation Forest,97.97,60.64,MEDIUM,ML: Isolation Forest identified unusual project characteristics,HIGH
,Asansol,,Leena Butala,W12909,,Community Health Center,State Housing Board,47.19,,,,,,,,,Ongoing,35.55686333609735,synthetic,Synthetic Test Data,,,False,,,False,,,,False,False,W12909,35.56,LOW,No rule-based risk condition triggered,True,0.0175,Anomaly,Isolation Forest,98.9,60.9,MEDIUM,ML: Isolation Forest identified unusual project characteristics,HIGH
,Mysuru,,Ronith Zachariah,W10484,,Community Health Center,State Housing Board,46.06,,,,,,,,,Completed,35.42946252074367,synthetic,Synthetic Test Data,,,False,,,False,,,,False,False,W10484,35.43,LOW,No rule-based risk condition triggered,True,0.0161,Anomaly,Isolation Forest,98.58,60.69,MEDIUM,ML: Isolation Forest identified unusual project characteristics,HIGH
,Belagavi,,Owen Bansal,W11680,,Community Health Center,Zilla Panchayat,46.38,,,,,,,,,Ongoing,35.42269347265514,synthetic,Synthetic Test Data,,,False,,,False,,,,False,False,W11680,35.42,LOW,No rule-based risk condition triggered,True,0.0151,Anomaly,Isolation Forest,98.38,60.6,MEDIUM,ML: Isolation Forest identified unusual project characteristics,HIGH
,Thane,,Ekansh Sami,W11793,,Community Health Center,Public Works Department,45.22,,,,,,,,,Ongoing,35.29580410674328,synthetic,Synthetic Test Data,,,False,,,False,,,,False,False,W11793,35.3,LOW,No rule-based risk condition triggered,True,0.0067,Anomaly,Isolation Forest,96.88,59.93,MEDIUM,ML: Isolation Forest identified unusual project characteristics,MEDIUM
,Darjeeling,,Owen Bala,W12003,,Community Health Center,District Rural Development Agency,47.23,,,,,,,,,Ongoing,35.09487280450193,synthetic,Synthetic Test Data,,,False,,,False,,,,False,False,W12003,35.09,LOW,No rule-based risk condition triggered,True,0.0158,Anomaly,Isolation Forest,98.47,60.44,MEDIUM,ML: Isolation Forest identified unusual project characteristics,HIGH
,Pune,,Ekansh Sami,W10373,,Road Construction,Zilla Panchayat,28.38,,,,,,,,,Completed,35.079147823468425,synthetic,Synthetic Test Data,,,False,,,False,,,,False,False,W10373,35.08,LOW,No rule-based risk condition triggered,False,-0.03,Normal,Isolation Forest,53.93,42.62,MEDIUM,No significant risk indicator detected,MEDIUM
,Pune,,Widisha Yohannan,W10673,,Community Health Center,Zilla Panchayat,48.17,,,,,,,,,Ongoing,35.05846315102049,synthetic,Synthetic Test Data,,,False,,,False,,,,False,False,W10673,35.06,LOW,No rule-based risk condition triggered,True,0.0213,Anomaly,Isolation Forest,99.3,60.76,MEDIUM,ML: Isolation Forest identified unusual project characteristics,HIGH
,Salem,,Deepa Gala,W10730,,School Building Repair,Public Works Department,8.9,,,,,,,,,Ongoing,34.96589291626438,synthetic,Synthetic Test Data,,,False,,,False,,,,False,False,W10730,34.97,LOW,No rule-based risk condition triggered,False,-0.0364,Normal,Isolation Forest,26.65,31.64,LOW,No significant risk indicator detected,LOW
,Agra,,Yamini Chand,W12854,,Community Health Center,Zilla Panchayat,40.64,,,,,,,,,Ongoing,34.88009186666821,synthetic,Synthetic Test Data,,,False,,,False,,,,False,False,W12854,34.88,LOW,No rule-based risk condition triggered,True,0.0024,Anomaly,Isolation Forest,95.47,59.12,MEDIUM,ML: Isolation Forest identified unusual project characteristics,MEDIUM
,Darjeeling,,Nicholas Gour,W11639,,Community Health Center,Zilla Panchayat,40.92,,,,,,,,,Completed,34.87717201497588,synthetic,Synthetic Test Data,,,False,,,False,,,,False,False,W11639,34.88,LOW,No rule-based risk condition triggered,False,-0.0,Normal,Isolation Forest,95.0,58.93,MEDIUM,No significant risk indicator detected,MEDIUM
,Lucknow,,Ronith Zachariah,W12676,,Community Health Center,Public Works Department,47.11,,,,,,,,,Ongoing,34.67042996902687,synthetic,Synthetic Test Data,,,False,,,False,,,,False,False,W12676,34.67,LOW,No rule-based risk condition triggered,True,0.0108,Anomaly,Isolation Forest,97.58,59.83,MEDIUM,ML: Isolation Forest identified unusual project characteristics,MEDIUM
,Pune,,Oliver Sarma,W12511,,Community Health Center,Zilla Panchayat,39.04,,,,,,,,,Completed,34.556782200092854,synthetic,Synthetic Test Data,,,False,,,False,,,,False,False,W12511,34.56,LOW,No rule-based risk condition triggered,False,-0.0017,Normal,Isolation Forest,94.28,58.45,MEDIUM,No significant risk indicator detected,MEDIUM
,Thane,,Owen Bansal,W12966,,Community Health Center,District Rural Development Agency,41.12,,,,,,,,,Ongoing,33.928555666879646,synthetic,Synthetic Test Data,,,False,,,False,,,,False,False,W12966,33.93,LOW,No rule-based risk condition triggered,False,-0.001,Normal,Isolation Forest,94.52,58.17,MEDIUM,No significant risk indicator detected,MEDIUM
,Nashik,,Gabriel Thaman,W11173,,Public Toilet Complex,Public Works Department,2.42,,,,,,,,,Completed,33.73161994027363,synthetic,Synthetic Test Data,,,False,,,False,,,,False,False,W11173,33.73,LOW,No rule-based risk condition triggered,False,-0.0258,Normal,Isolation Forest,68.57,47.67,MEDIUM,No significant risk indicator detected,MEDIUM
,Thane,,Azaan Gupta,W11696,,Community Health Center,Zilla Panchayat,47.11,,,,,,,,,Completed,33.67433831803138,synthetic,Synthetic Test Data,,,False,,,False,,,,False,False,W11696,33.67,LOW,No rule-based risk condition triggered,True,0.0167,Anomaly,Isolation Forest,98.77,59.71,MEDIUM,ML: Isolation Forest identified unusual project characteristics,MEDIUM
,Coimbatore,,Eesha Memon,W10460,,Community Health Center,State Housing Board,46.23,,,,,,,,,Ongoing,33.536607441979214,synthetic,Synthetic Test Data,,,False,,,False,,,,False,False,W10460,33.54,LOW,No rule-based risk condition triggered,True,0.0143,Anomaly,Isolation Forest,98.28,59.44,MEDIUM,ML: Isolation Forest identified unusual project characteristics,MEDIUM
,Coimbatore,,Ishwar Boase,W12344,,Community Health Center,Zilla Panchayat,45.73,,,,,,,,,Ongoing,33.235769594562875,synthetic,Synthetic Test Data,,,False,,,False,,,,False,False,W12344,33.24,LOW,No rule-based risk condition triggered,True,0.0127,Anomaly,Isolation Forest,97.92,59.11,MEDIUM,ML: Isolation Forest identified unusual project characteristics,MEDIUM
,Coimbatore,,Meera Banerjee,W11372,,Community Health Center,Municipal Corporation,46.02,,,,,,,,,Ongoing,33.12487386746359,synthetic,Synthetic Test Data,,,False,,,False,,,,False,False,W11372,33.12,LOW,No rule-based risk condition triggered,True,0.0307,Anomaly,Isolation Forest,99.8,59.79,MEDIUM,ML: Isolation Forest identified unusual project characteristics,MEDIUM
,Lucknow,,Triya Khatri,W11175,,Community Health Center,Zilla Panchayat,44.93,,,,,,,,,Completed,33.081283437897326,synthetic,Synthetic Test Data,,,False,,,False,,,,False,False,W11175,33.08,LOW,No rule-based risk condition triggered,True,0.0103,Anomaly,Isolation Forest,97.47,58.84,MEDIUM,ML: Isolation Forest identified unusual project characteristics,MEDIUM
,Darjeeling,,Yutika Rana,W10398,,Community Health Center,Zilla Panchayat,44.05,,,,,,,,,Completed,32.955938085294164,synthetic,Synthetic Test Data,,,False,,,False,,,,False,False,W10398,32.96,LOW,No rule-based risk condition triggered,True,0.0058,Anomaly,Isolation Forest,96.45,58.36,MEDIUM,ML: Isolation Forest identified unusual project characteristics,MEDIUM
,Agra,,Gabriel Thaman,W10845,,Community Health Center,State Housing Board,45.92,,,,,,,,,Completed,32.94290175443714,synthetic,Synthetic Test Data,,,False,,,False,,,,False,False,W10845,32.94,LOW,No rule-based risk condition triggered,True,0.016,Anomaly,Isolation Forest,98.52,59.17,MEDIUM,ML: Isolation Forest identified unusual project characteristics,MEDIUM
,Chennai,,Meera Banerjee,W10143,,Community Health Center,District Rural Development Agency,44.47,,,,,,,,,Completed,32.83236742951362,synthetic,Synthetic Test Data,,,False,,,False,,,,False,False,W10143,32.83,LOW,No rule-based risk condition triggered,True,0.0046,Anomaly,Isolation Forest,96.17,58.17,MEDIUM,ML: Isolation Forest identified unusual project characteristics,MEDIUM
,Kolkata,,Ekansh Sami,W10044,,Community Health Center,Public Works Department,45.98,,,,,,,,,Completed,32.804326798317724,synthetic,Synthetic Test Data,,,False,,,False,,,,False,False,W10044,32.8,LOW,No rule-based risk condition triggered,True,0.0096,Anomaly,Isolation Forest,97.3,58.6,MEDIUM,ML: Isolation Forest identified unusual project characteristics,MEDIUM
,Asansol,,Mugdha Varty,W11982,,Community Health Center,Zilla Panchayat,43.81,,,,,,,,,Completed,32.611876485287446,synthetic,Synthetic Test Data,,,False,,,False,,,,False,False,W11982,32.61,LOW,No rule-based risk condition triggered,True,0.0058,Anomaly,Isolation Forest,96.45,58.15,MEDIUM,ML: Isolation Forest identified unusual project characteristics,MEDIUM
,Chennai,,Yug Choudhry,W10300,,Community Health Center,District Rural Development Agency,44.61,,,,,,,,,Ongoing,32.53782435243231,synthetic,Synthetic Test Data,,,False,,,False,,,,False,False,W10300,32.54,LOW,No rule-based risk condition triggered,True,0.0073,Anomaly,Isolation Forest,97.02,58.33,MEDIUM,ML: Isolation Forest identified unusual project characteristics,MEDIUM
,Varanasi,,Yutika Rana,W10406,,Community Health Center,Public Works Department,45.52,,,,,,,,,Completed,32.529342910093405,synthetic,Synthetic Test Data,,,False,,,False,,,,False,False,W10406,32.53,LOW,No rule-based risk condition triggered,True,0.0091,Anomaly,Isolation Forest,97.2,58.4,MEDIUM,ML: Isolation Forest identified unusual project characteristics,MEDIUM
,Belagavi,,Advaith Gole,W10178,,Community Health Center,Zilla Panchayat,45.58,,,,,,,,,Ongoing,32.450260219726545,synthetic,Synthetic Test Data,,,False,,,False,,,,False,False,W10178,32.45,LOW,No rule-based risk condition triggered,True,0.0127,Anomaly,Isolation Forest,97.92,58.64,MEDIUM,ML: Isolation Forest identified unusual project characteristics,MEDIUM
,Kolkata,,Pallavi Krish,W10173,,Community Health Center,District Rural Development Agency,44.93,,,,,,,,,Ongoing,32.38373581028931,synthetic,Synthetic Test Data,,,False,,,False,,,,False,False,W10173,32.38,LOW,No rule-based risk condition triggered,True,0.009,Anomaly,Isolation Forest,97.17,58.3,MEDIUM,ML: Isolation Forest identified unusual project characteristics,MEDIUM
,Nagpur,,Varsha Morar,W12070,,Community Health Center,State Housing Board,46.04,,,,,,,,,Completed,32.33048502105121,synthetic,Synthetic Test Data,,,False,,,False,,,,False,False,W12070,32.33,LOW,No rule-based risk condition triggered,True,0.016,Anomaly,Isolation Forest,98.52,58.81,MEDIUM,ML: Isolation Forest identified unusual project characteristics,MEDIUM
,Darjeeling,,Onveer Kata,W12859,,Community Health Center,State Housing Board,45.07,,,,,,,,,Ongoing,32.16734249640129,synthetic,Synthetic Test Data,,,False,,,False,,,,False,False,W12859,32.17,LOW,No rule-based risk condition triggered,True,0.0124,Anomaly,Isolation Forest,97.87,58.45,MEDIUM,ML: Isolation Forest identified unusual project characteristics,MEDIUM
,Coimbatore,,Krishna Pant,W10532,,Community Health Center,Zilla Panchayat,45.29,,,,,,,,,Ongoing,32.11518640179904,synthetic,Synthetic Test Data,,,False,,,False,,,,False,False,W10532,32.12,LOW,No rule-based risk condition triggered,True,0.0121,Anomaly,Isolation Forest,97.8,58.39,MEDIUM,ML: Isolation Forest identified unusual project characteristics,MEDIUM
,Lucknow,,Azaan Gupta,W10196,,Community Health Center,State Housing Board,45.56,,,,,,,,,Ongoing,32.09809109,synthetic,Synthetic Test Data,,,False,,,False,,,,False,False,W10196,32.1,LOW,No rule-based risk condition triggered,True,0.014,Anomaly,Isolation Forest,98.17,58.53,MEDIUM,ML: Isolation Forest identified unusual project characteristics,MEDIUM
,Nagpur,,Ekansh Sami,W11701,,Community Health Center,Zilla Panchayat,42.97,,,,,,,,,Ongoing,31.973484090909807,synthetic,Synthetic Test Data,,,False,,,False,,,,False,False,W11701,31.97,LOW,No rule-based risk condition triggered,True,0.0062,Anomaly,Isolation Forest,96.67,57.85,MEDIUM,ML: Isolation Forest identified unusual project characteristics,MEDIUM
,Coimbatore,,Widisha Yohannan,W11526,,Community Health Center,Public Works Department,49.97,,,,,,,,,Completed,31.927497615187026,synthetic,Synthetic Test Data,,,False,,,False,,,,False,False,W11526,31.93,LOW,No rule-based risk condition triggered,True,0.0178,Anomaly,Isolation Forest,99.0,58.76,MEDIUM,ML: Isolation Forest identified unusual project characteristics,MEDIUM
,Dharwad,,Oliver Sarma,W12581,,Road Construction,Zilla Panchayat,27.63,,,,,,,,,Ongoing,31.90340708,synthetic,Synthetic Test Data,,,False,,,False,,,,False,False,W12581,31.9,LOW,No rule-based risk condition triggered,False,-0.0383,Normal,Isolation Forest,21.42,27.71,LOW,No significant risk indicator detected,LOW
,Agra,,Advaith Gole,W10260,,Community Health Center,District Rural Development Agency,32.11,,,,,,,,,Ongoing,31.85595959871763,synthetic,Synthetic Test Data,,,False,,,False,,,,False,False,W10260,31.86,LOW,No rule-based risk condition triggered,False,-0.0179,Normal,Isolation Forest,83.97,52.7,MEDIUM,No significant risk indicator detected,MEDIUM
,Belagavi,,Bachittar Choudhry,W10200,,Community Health Center,Zilla Panchayat,44.57,,,,,,,,,Ongoing,31.751273385949546,synthetic,Synthetic Test Data,,,False,,,False,,,,False,False,W10200,31.75,LOW,No rule-based risk condition triggered,True,0.01,Anomaly,Isolation Forest,97.38,58.0,MEDIUM,ML: Isolation Forest identified unusual project characteristics,MEDIUM
,Pune,,Ekansh Sami,W11269,,Community Health Center,Zilla Panchayat,43.3,,,,,,,,,Completed,31.748689122775627,synthetic,Synthetic Test Data,,,False,,,False,,,,False,False,W11269,31.75,LOW,No rule-based risk condition triggered,True,0.0039,Anomaly,Isolation Forest,95.9,57.41,MEDIUM,ML: Isolation Forest identified unusual project characteristics,MEDIUM
,Pune,,Onveer Kata,W10867,,Street Lighting,Zilla Panchayat,3.61,,,,,,,,,Ongoing,31.581958731115883,synthetic,Synthetic Test Data,,,False,,,False,,,,False,False,W10867,31.58,LOW,No rule-based risk condition triggered,False,-0.0458,Normal,Isolation Forest,5.97,21.34,LOW,No significant risk indicator detected,LOW
,Agra,,Mugdha Varty,W11816,,Community Health Center,District Rural Development Agency,48.65,,,,,,,,,Completed,31.489254249344885,synthetic,Synthetic Test Data,,,False,,,False,,,,False,False,W11816,31.49,LOW,No rule-based risk condition triggered,True,0.0142,Anomaly,Isolation Forest,98.23,58.19,MEDIUM,ML: Isolation Forest identified unusual project characteristics,MEDIUM
,Nagpur,,Lucky Prashad,W12857,,Community Health Center,Zilla Panchayat,43.96,,,,,,,,,Ongoing,31.314341985468577,synthetic,Synthetic Test Data,,,False,,,False,,,,False,False,W12857,31.31,LOW,No rule-based risk condition triggered,True,0.0073,Anomaly,Isolation Forest,97.02,57.59,MEDIUM,ML: Isolation Forest identified unusual project characteristics,MEDIUM
,Bengaluru Urban,,Gabriel Thaman,W10810,,Community Health Center,Zilla Panchayat,43.23,,,,,,,,,Ongoing,31.30262152118798,synthetic,Synthetic Test Data,,,False,,,False,,,,False,False,W10810,31.3,LOW,No rule-based risk condition triggered,True,0.006,Anomaly,Isolation Forest,96.58,57.41,MEDIUM,ML: Isolation Forest identified unusual project characteristics,MEDIUM
,Kanpur,,Sanya Swamy,W12901,,Community Health Center,Public Works Department,33.93,,,,,,,,,Completed,31.26060257298304,synthetic,Synthetic Test Data,,,False,,,False,,,,False,False,W12901,31.26,LOW,No rule-based risk condition triggered,False,-0.0162,Normal,Isolation Forest,85.83,53.09,MEDIUM,No significant risk indicator detected,MEDIUM
,Nashik,,Ria Ratta,W10517,,Community Health Center,District Rural Development Agency,43.56,,,,,,,,,Ongoing,31.153340795559405,synthetic,Synthetic Test Data,,,False,,,False,,,,False,False,W10517,31.15,LOW,No rule-based risk condition triggered,True,0.0036,Anomaly,Isolation Forest,95.8,57.01,MEDIUM,ML: Isolation Forest identified unusual project characteristics,MEDIUM
,Mysuru,,Yutika Rana,W11452,,Community Health Center,State Housing Board,42.8,,,,,,,,,Ongoing,31.11526863763728,synthetic,Synthetic Test Data,,,False,,,False,,,,False,False,W11452,31.12,LOW,No rule-based risk condition triggered,True,0.0078,Anomaly,Isolation Forest,97.1,57.51,MEDIUM,ML: Isolation Forest identified unusual project characteristics,MEDIUM
,Madurai,,Yadavi Deshmukh,W10416,,Community Health Center,District Rural Development Agency,39.54,,,,,,,,,Ongoing,31.058001684959013,synthetic,Synthetic Test Data,,,False,,,False,,,,False,False,W10416,31.06,LOW,No rule-based risk condition triggered,False,-0.0037,Normal,Isolation Forest,93.8,56.16,MEDIUM,No significant risk indicator detected,MEDIUM
,Bengaluru Urban,,Krishna Pant,W11684,,Community Health Center,Zilla Panchayat,40.34,,,,,,,,,Completed,30.83487372985964,synthetic,Synthetic Test Data,,,False,,,False,,,,False,False,W11684,30.83,LOW,No rule-based risk condition triggered,False,-0.0014,Normal,Isolation Forest,94.37,56.25,MEDIUM,No significant risk indicator detected,MEDIUM
,Kolkata,,Sanya Swamy,W12321,,Community Health Center,Municipal Corporation,42.29,,,,,,,,,Completed,30.69043231355256,synthetic,Synthetic Test Data,,,False,,,False,,,,False,False,W12321,30.69,LOW,No rule-based risk condition triggered,True,0.0147,Anomaly,Isolation Forest,98.33,57.75,MEDIUM,ML: Isolation Forest identified unusual project characteristics,MEDIUM
,Agra,,Gabriel Thaman,W10610,,Community Health Center,State Housing Board,42.32,,,,,,,,,Ongoing,30.68470063579197,synthetic,Synthetic Test Data,,,False,,,False,,,,False,False,W10610,30.68,LOW,No rule-based risk condition triggered,True,0.0077,Anomaly,Isolation Forest,97.07,57.24,MEDIUM,ML: Isolation Forest identified unusual project characteristics,MEDIUM
,Lucknow,,Owen Bansal,W11622,,Road Construction,State Housing Board,28.93,,,,,,,,,Completed,30.53771549327719,synthetic,Synthetic Test Data,,,False,,,False,,,,False,False,W11622,30.54,LOW,No rule-based risk condition triggered,False,-0.0091,Normal,Isolation Forest,91.47,54.91,MEDIUM,No significant risk indicator detected,MEDIUM
,Salem,,Vrinda Biswas,W10417,,Street Lighting,District Rural Development Agency,10.917518242964356,,,,,,,,,Ongoing,30.530869010289067,synthetic,Synthetic Test Data,,,False,,,False,,,,False,False,W10417,30.53,LOW,No rule-based risk condition triggered,False,-0.0317,Normal,Isolation Forest,47.08,37.15,LOW,No significant risk indicator detected,LOW
,Pune,,Ekansh Sami,W11389,,Drainage System,Zilla Panchayat,6.17,,,,,,,,,Ongoing,30.46605583888032,synthetic,Synthetic Test Data,,,False,,,False,,,,False,False,W11389,30.47,LOW,No rule-based risk condition triggered,False,-0.0446,Normal,Isolation Forest,7.4,21.24,LOW,No significant risk indicator detected,LOW
,Belagavi,,Leena Butala,W12890,,Community Health Center,State Housing Board,41.54,,,,,,,,,Ongoing,30.457340771187543,synthetic,Synthetic Test Data,,,False,,,False,,,,False,False,W12890,30.46,LOW,No rule-based risk condition triggered,True,0.0058,Anomaly,Isolation Forest,96.45,56.86,MEDIUM,ML: Isolation Forest identified unusual project characteristics,MEDIUM
,Howrah,,Oliver Sarma,W10981,,Community Health Center,District Rural Development Agency,29.41,,,,,,,,,Ongoing,30.447818099518795,synthetic,Synthetic Test Data,,,False,,,False,,,,False,False,W10981,30.45,LOW,No rule-based risk condition triggered,False,-0.0182,Normal,Isolation Forest,83.67,51.74,MEDIUM,No significant risk indicator detected,MEDIUM
,Nagpur,,Ekansh Sami,W11380,,Community Health Center,District Rural Development Agency,38.88,,,,,,,,,Completed,30.33394824503875,synthetic,Synthetic Test Data,,,False,,,False,,,,False,False,W11380,30.33,LOW,No rule-based risk condition triggered,False,-0.0103,Normal,Isolation Forest,90.77,54.51,MEDIUM,No significant risk indicator detected,MEDIUM
,Coimbatore,,Christopher Kadakia,W12804,,Street Lighting,District Rural Development Agency,20.901096748739697,,,,,,,,,Completed,30.203870469892145,synthetic,Synthetic Test Data,,,False,,,False,,,,False,False,W12804,30.2,LOW,No rule-based risk condition triggered,False,-0.0067,Normal,Isolation Forest,92.67,55.19,MEDIUM,No significant risk indicator detected,MEDIUM
,Agra,,Vrinda Biswas,W11923,,Community Health Center,Public Works Department,40.11,,,,,,,,,Completed,30.103816558623944,synthetic,Synthetic Test Data,,,False,,,False,,,,False,False,W11923,30.1,LOW,No rule-based risk condition triggered,False,-0.0039,Normal,Isolation Forest,93.62,55.51,MEDIUM,No significant risk indicator detected,MEDIUM
,Nagpur,,Vanya Suresh,W10515,,Community Health Center,Public Works Department,42.23,,,,,,,,,Ongoing,30.07532162440073,synthetic,Synthetic Test Data,,,False,,,False,,,,False,False,W10515,30.08,LOW,No rule-based risk condition triggered,False,-0.0017,Normal,Isolation Forest,94.28,55.76,MEDIUM,No significant risk indicator detected,MEDIUM
,Thane,,Christopher Kadakia,W11429,,Road Construction,Zilla Panchayat,34.2,,,,,,,,,Ongoing,30.020802858831864,synthetic,Synthetic Test Data,,,False,,,False,,,,False,False,W11429,30.02,LOW,No rule-based risk condition triggered,False,-0.0249,Normal,Isolation Forest,71.12,46.46,MEDIUM,No significant risk indicator detected,MEDIUM
,Kanpur,,Rayaan Mand,W12445,,Community Health Center,Public Works Department,39.15,,,,,,,,,Ongoing,30.00054731517603,synthetic,Synthetic Test Data,,,False,,,False,,,,False,False,W12445,30.0,LOW,No rule-based risk condition triggered,False,-0.014,Normal,Isolation Forest,87.9,53.16,MEDIUM,No significant risk indicator detected,MEDIUM
,Coimbatore,,Widisha Yohannan,W11753,,Community Health Center,Zilla Panchayat,40.76,,,,,,,,,Completed,30.0002731367634,synthetic,Synthetic Test Data,,,False,,,False,,,,False,False,W11753,30.0,LOW,No rule-based risk condition triggered,False,-0.0008,Normal,Isolation Forest,94.63,55.85,MEDIUM,No significant risk indicator detected,MEDIUM
,Salem,,Christopher Kadakia,W10566,,Community Health Center,District Rural Development Agency,47.21,,,,,,,,,Completed,29.94135010334911,synthetic,Synthetic Test Data,,,False,,,False,,,,False,False,W10566,29.94,LOW,No rule-based risk condition triggered,True,0.0118,Anomaly,Isolation Forest,97.77,57.07,MEDIUM,ML: Isolation Forest identified unusual project characteristics,MEDIUM
,Bengaluru Urban,,Ekansh Sami,W12249,,Community Health Center,Municipal Corporation,40.22,,,,,,,,,Completed,29.882491680289025,synthetic,Synthetic Test Data,,,False,,,False,,,,False,False,W12249,29.88,LOW,No rule-based risk condition triggered,True,0.0108,Anomaly,Isolation Forest,97.58,56.96,MEDIUM,ML: Isolation Forest identified unusual project characteristics,MEDIUM
,Varanasi,,Meera Banerjee,W11783,,Road Construction,State Housing Board,32.56,,,,,,,,,Ongoing,29.878753108899183,synthetic,Synthetic Test Data,,,False,,,False,,,,False,False,W11783,29.88,LOW,No rule-based risk condition triggered,False,-0.006,Normal,Isolation Forest,92.95,55.11,MEDIUM,No significant risk indicator detected,MEDIUM
,Darjeeling,,Widisha Yohannan,W10074,,Community Health Center,State Housing Board,49.87,,,,,,,,,Completed,29.857946173706456,synthetic,Synthetic Test Data,,,False,,,False,,,,False,False,W10074,29.86,LOW,No rule-based risk condition triggered,True,0.0229,Anomaly,Isolation Forest,99.43,57.69,MEDIUM,ML: Isolation Forest identified unusual project characteristics,MEDIUM
,Belagavi,,Gabriel Thaman,W10510,,Community Health Center,Public Works Department,44.42,,,,,,,,,Completed,29.826239052794516,synthetic,Synthetic Test Data,,,False,,,False,,,,False,False,W10510,29.83,LOW,No rule-based risk condition triggered,True,0.005,Anomaly,Isolation Forest,96.3,56.42,MEDIUM,ML: Isolation Forest identified unusual project characteristics,MEDIUM
,Pune,,Yamini Chand,W12167,,Street Lighting,Zilla Panchayat,1.46,,,,,,,,,Ongoing,29.713297510059185,synthetic,Synthetic Test Data,,,False,,,False,,,,False,False,W12167,29.71,LOW,No rule-based risk condition triggered,False,-0.0374,Normal,Isolation Forest,23.92,27.39,LOW,No significant risk indicator detected,LOW
,Howrah,,Gabriel Thaman,W11687,,Community Health Center,Public Works Department,41.98,,,,,,,,,Ongoing,29.68345438822434,synthetic,Synthetic Test Data,,,False,,,False,,,,False,False,W11687,29.68,LOW,No rule-based risk condition triggered,False,-0.0025,Normal,Isolation Forest,93.95,55.39,MEDIUM,No significant risk indicator detected,MEDIUM
,Madurai,,Owen Bala,W12507,,Community Health Center,Public Works Department,41.24,,,,,,,,,Completed,29.633845069525663,synthetic,Synthetic Test Data,,,False,,,False,,,,False,False,W12507,29.63,LOW,No rule-based risk condition triggered,False,-0.0025,Normal,Isolation Forest,93.95,55.36,MEDIUM,No significant risk indicator detected,MEDIUM
,Lucknow,,Owen Bala,W12189,,Street Lighting,District Rural Development Agency,22.35538126069453,,,,,,,,,Ongoing,29.61670056719885,synthetic,Synthetic Test Data,,,False,,,False,,,,False,False,W12189,29.62,LOW,No rule-based risk condition triggered,False,-0.0119,Normal,Isolation Forest,89.52,53.58,MEDIUM,No significant risk indicator detected,MEDIUM
,Nashik,,Odika Naik,W11563,,Community Health Center,Public Works Department,49.59,,,,,,,,,Completed,29.55574812031533,synthetic,Synthetic Test Data,,,False,,,False,,,,False,False,W11563,29.56,LOW,No rule-based risk condition triggered,True,0.0175,Anomaly,Isolation Forest,98.9,57.3,MEDIUM,ML: Isolation Forest identified unusual project characteristics,MEDIUM
,Agra,,Leena Butala,W11566,,Community Health Center,Public Works Department,47.89,,,,,,,,,Completed,29.551099273165946,synthetic,Synthetic Test Data,,,False,,,False,,,,False,False,W11566,29.55,LOW,No rule-based risk condition triggered,True,0.0131,Anomaly,Isolation Forest,98.03,56.94,MEDIUM,ML: Isolation Forest identified unusual project characteristics,MEDIUM
,Nagpur,,Ishwar Boase,W12437,,Community Health Center,Public Works Department,47.82,,,,,,,,,Completed,29.496619702426017,synthetic,Synthetic Test Data,,,False,,,False,,,,False,False,W12437,29.5,LOW,No rule-based risk condition triggered,True,0.013,Anomaly,Isolation Forest,98.0,56.9,MEDIUM,ML: Isolation Forest identified unusual project characteristics,MEDIUM
,Salem,,Ria Ratta,W12950,,Road Construction,Public Works Department,39.92,,,,,,,,,Ongoing,29.444736780011663,synthetic,Synthetic Test Data,,,False,,,False,,,,False,False,W12950,29.44,LOW,No rule-based risk condition triggered,False,-0.0007,Normal,Isolation Forest,94.73,55.56,MEDIUM,No significant risk indicator detected,MEDIUM
,Bengaluru Urban,,Sanya Swamy,W12891,,Community Health Center,Public Works Department,38.35,,,,,,,,,Completed,29.40700721,synthetic,Synthetic Test Data,,,False,,,False,,,,False,False,W12891,29.41,LOW,No rule-based risk condition triggered,False,-0.0098,Normal,Isolation Forest,91.05,54.07,MEDIUM,No significant risk indicator detected,MEDIUM
,Mysuru,,Leena Butala,W12868,,Community Health Center,District Rural Development Agency,41.61,,,,,,,,,Ongoing,29.357684879805888,synthetic,Synthetic Test Data,,,False,,,False,,,,False,False,W12868,29.36,LOW,No rule-based risk condition triggered,False,-0.0007,Normal,Isolation Forest,94.73,55.51,MEDIUM,No significant risk indicator detected,MEDIUM
,Coimbatore,,Ria Ratta,W11410,,Community Health Center,District Rural Development Agency,40.68,,,,,,,,,Ongoing,29.346441116509272,synthetic,Synthetic Test Data,,,False,,,False,,,,False,False,W11410,29.35,LOW,No rule-based risk condition triggered,False,-0.0014,Normal,Isolation Forest,94.37,55.36,MEDIUM,No significant risk indicator detected,MEDIUM
,Kolkata,,Odika Naik,W11723,,Road Construction,District Rural Development Agency,39.4,,,,,,,,,Completed,29.23106617101915,synthetic,Synthetic Test Data,,,False,,,False,,,,False,False,W11723,29.23,LOW,No rule-based risk condition triggered,True,0.0234,Anomaly,Isolation Forest,99.53,57.35,MEDIUM,ML: Isolation Forest identified unusual project characteristics,MEDIUM
,Bengaluru Urban,,Triya Khatri,W12298,,Street Lighting,State Housing Board,3.97,,,,,,,,,Ongoing,29.099266465639914,synthetic,Synthetic Test Data,,,False,,,False,,,,False,False,W12298,29.1,LOW,No rule-based risk condition triggered,False,-0.037,Normal,Isolation Forest,24.75,27.36,LOW,No significant risk indicator detected,LOW
,Pune,,Gaurav Chandra,W10702,,Road Construction,Zilla Panchayat,21.79,,,,,,,,,Completed,29.079329329601546,synthetic,Synthetic Test Data,,,False,,,False,,,,False,False,W10702,29.08,LOW,No rule-based risk condition triggered,False,-0.0394,Normal,Isolation Forest,18.43,24.82,LOW,No significant risk indicator detected,LOW
,Bengaluru Urban,,Azaan Gupta,W11881,,Community Health Center,Public Works Department,33.96,,,,,,,,,Ongoing,29.04932189198708,synthetic,Synthetic Test Data,,,False,,,False,,,,False,False,W11881,29.05,LOW,No rule-based risk condition triggered,False,-0.0251,Normal,Isolation Forest,70.53,45.64,MEDIUM,No significant risk indicator detected,MEDIUM
,Pune,,Eesha Memon,W11209,,School Building Repair,Zilla Panchayat,11.74,,,,,,,,,Completed,29.00322220828403,synthetic,Synthetic Test Data,,,False,,,False,,,,False,False,W11209,29.0,LOW,No rule-based risk condition triggered,False,-0.0497,Normal,Isolation Forest,3.12,18.65,LOW,No significant risk indicator detected,LOW
,Howrah,,Gaurav Chandra,W11714,,Community Health Center,District Rural Development Agency,40.79,,,,,,,,,Ongoing,28.993168937644988,synthetic,Synthetic Test Data,,,False,,,False,,,,False,False,W11714,28.99,LOW,No rule-based risk condition triggered,False,-0.0018,Normal,Isolation Forest,94.23,55.09,MEDIUM,No significant risk indicator detected,MEDIUM
,Nagpur,,Yutika Rana,W11812,,Community Health Center,Municipal Corporation,31.2,,,,,,,,,Ongoing,28.919629183152708,synthetic,Synthetic Test Data,,,False,,,False,,,,False,False,W11812,28.92,LOW,No rule-based risk condition triggered,False,-0.0086,Normal,Isolation Forest,91.73,54.04,MEDIUM,No significant risk indicator detected,MEDIUM
,Kolkata,,Leena Butala,W11628,,Community Health Center,Zilla Panchayat,29.85,,,,,,,,,Ongoing,28.89649146264039,synthetic,Synthetic Test Data,,,False,,,False,,,,False,False,W11628,28.9,LOW,No rule-based risk condition triggered,False,-0.0168,Normal,Isolation Forest,85.25,51.44,MEDIUM,No significant risk indicator detected,MEDIUM
,Thane,,Ronith Zachariah,W12411,,Road Construction,District Rural Development Agency,38.09,,,,,,,,,Completed,28.859828541016675,synthetic,Synthetic Test Data,,,False,,,False,,,,False,False,W12411,28.86,LOW,No rule-based risk condition triggered,True,0.0199,Anomaly,Isolation Forest,99.15,56.98,MEDIUM,ML: Isolation Forest identified unusual project characteristics,MEDIUM
,Kanpur,,Leena Butala,W10946,,Community Health Center,Public Works Department,42.82,,,,,,,,,Completed,28.757784855725625,synthetic,Synthetic Test Data,,,False,,,False,,,,False,False,W10946,28.76,LOW,No rule-based risk condition triggered,False,-0.0001,Normal,Isolation Forest,94.97,55.24,MEDIUM,No significant risk indicator detected,MEDIUM
,Pune,,Vrinda Biswas,W11775,,School Building Repair,Zilla Panchayat,7.87,,,,,,,,,Completed,28.73652170383512,synthetic,Synthetic Test Data,,,False,,,False,,,,False,False,W11775,28.74,LOW,No rule-based risk condition triggered,False,-0.0562,Normal,Isolation Forest,0.12,17.29,LOW,No significant risk indicator detected,LOW
,Nagpur,,Deepa Gala,W12853,,Community Health Center,Public Works Department,35.8,,,,,,,,,Ongoing,28.66395190163504,synthetic,Synthetic Test Data,,,False,,,False,,,,False,False,W12853,28.66,LOW,No rule-based risk condition triggered,False,-0.0224,Normal,Isolation Forest,76.3,47.72,MEDIUM,No significant risk indicator detected,MEDIUM
,Lucknow,,Oliver Sarma,W10473,,Road Construction,Municipal Corporation,39.32,,,,,,,,,Ongoing,28.601344600358612,synthetic,Synthetic Test Data,,,False,,,False,,,,False,False,W10473,28.6,LOW,No rule-based risk condition triggered,True,0.0215,Anomaly,Isolation Forest,99.37,56.91,MEDIUM,ML: Isolation Forest identified unusual project characteristics,MEDIUM
,Bengaluru Urban,,Yadavi Deshmukh,W12730,,Street Lighting,State Housing Board,4.36,,,,,,,,,Ongoing,28.456820207823792,synthetic,Synthetic Test Data,,,False,,,False,,,,False,False,W12730,28.46,LOW,No rule-based risk condition triggered,False,-0.0392,Normal,Isolation Forest,19.02,24.68,LOW,No significant risk indicator detected,LOW
,Howrah,,Vrinda Biswas,W10411,,Community Health Center,District Rural Development Agency,43.23,,,,,,,,,Completed,28.368859728219128,synthetic,Synthetic Test Data,,,False,,,False,,,,False,False,W10411,28.37,LOW,No rule-based risk condition triggered,True,0.0002,Anomaly,Isolation Forest,95.05,55.04,MEDIUM,ML: Isolation Forest identified unusual project characteristics,MEDIUM
,Pune,,Ekansh Sami,W12232,,Road Construction,Public Works Department,32.81,,,,,,,,,Completed,28.354151083707848,synthetic,Synthetic Test Data,,,False,,,False,,,,False,False,W12232,28.35,LOW,No rule-based risk condition triggered,False,-0.0168,Normal,Isolation Forest,85.25,51.11,MEDIUM,No significant risk indicator detected,MEDIUM
,Pune,,Mugdha Varty,W11311,,Drainage System,Zilla Panchayat,12.22,,,,,,,,,Completed,28.33131575254445,synthetic,Synthetic Test Data,,,False,,,False,,,,False,False,W11311,28.33,LOW,No rule-based risk condition triggered,False,-0.0489,Normal,Isolation Forest,3.7,18.48,LOW,No significant risk indicator detected,LOW
,Bengaluru Urban,,Nicholas Gour,W10142,,Community Health Center,Public Works Department,39.88,,,,,,,,,Ongoing,28.256438167840685,synthetic,Synthetic Test Data,,,False,,,False,,,,False,False,W10142,28.26,LOW,No rule-based risk condition triggered,False,-0.0101,Normal,Isolation Forest,90.83,53.29,MEDIUM,No significant risk indicator detected,MEDIUM
,Asansol,,Krishna Pant,W10694,,Road Construction,Public Works Department,36.17,,,,,,,,,Completed,28.254619159021946,synthetic,Synthetic Test Data,,,False,,,False,,,,False,False,W10694,28.25,LOW,No rule-based risk condition triggered,False,-0.0068,Normal,Isolation Forest,92.62,54.0,MEDIUM,No significant risk indicator detected,MEDIUM
,Thane,,Eesha Memon,W10592,,Community Health Center,State Housing Board,41.05,,,,,,,,,Ongoing,28.23810328952918,synthetic,Synthetic Test Data,,,False,,,False,,,,False,False,W10592,28.24,LOW,No rule-based risk condition triggered,True,0.0058,Anomaly,Isolation Forest,96.45,55.52,MEDIUM,ML: Isolation Forest identified unusual project characteristics,MEDIUM
,Asansol,,Widisha Yohannan,W11681,,Road Construction,Zilla Panchayat,37.69,,,,,,,,,Ongoing,28.229488680522334,synthetic,Synthetic Test Data,,,False,,,False,,,,False,False,W11681,28.23,LOW,No rule-based risk condition triggered,False,-0.0144,Normal,Isolation Forest,87.45,51.92,MEDIUM,No significant risk indicator detected,MEDIUM
,Kolkata,,Widisha Yohannan,W11991,,Community Health Center,District Rural Development Agency,29.42,,,,,,,,,Ongoing,28.175166190639445,synthetic,Synthetic Test Data,,,False,,,False,,,,False,False,W11991,28.18,LOW,No rule-based risk condition triggered,False,-0.0182,Normal,Isolation Forest,83.67,50.38,MEDIUM,No significant risk indicator detected,MEDIUM
,Darjeeling,,Meera Banerjee,W10890,,Public Toilet Complex,Zilla Panchayat,5.36,,,,,,,,,Completed,28.039256389057552,synthetic,Synthetic Test Data,,,False,,,False,,,,False,False,W10890,28.04,LOW,No rule-based risk condition triggered,False,-0.0543,Normal,Isolation Forest,0.6,17.06,LOW,No significant risk indicator detected,LOW
,Agra,,Christopher Kadakia,W11485,,Community Health Center,District Rural Development Agency,33.64,,,,,,,,,Completed,28.038863395729887,synthetic,Synthetic Test Data,,,False,,,False,,,,False,False,W11485,28.04,LOW,No rule-based risk condition triggered,False,-0.0254,Normal,Isolation Forest,69.65,44.68,MEDIUM,No significant risk indicator detected,MEDIUM
,Dharwad,,Mugdha Varty,W12480,,Community Health Center,Zilla Panchayat,46.69,,,,,,,,,Completed,27.962715310500545,synthetic,Synthetic Test Data,,,False,,,False,,,,False,False,W12480,27.96,LOW,No rule-based risk condition triggered,True,0.0143,Anomaly,Isolation Forest,98.28,56.09,MEDIUM,ML: Isolation Forest identified unusual project characteristics,MEDIUM
,Salem,,Ekansh Sami,W10017,,School Building Repair,Public Works Department,14.15,,,,,,,,,Ongoing,27.923142146021974,synthetic,Synthetic Test Data,,,False,,,False,,,,False,False,W10017,27.92,LOW,No rule-based risk condition triggered,False,-0.0239,Normal,Isolation Forest,73.77,46.26,MEDIUM,No significant risk indicator detected,MEDIUM
,Thane,,Azaan Gupta,W10303,,Road Construction,Public Works Department,39.74,,,,,,,,,Ongoing,27.84212585457496,synthetic,Synthetic Test Data,,,False,,,False,,,,False,False,W10303,27.84,LOW,No rule-based risk condition triggered,False,-0.0009,Normal,Isolation Forest,94.58,54.54,MEDIUM,No significant risk indicator detected,MEDIUM
,Dharwad,,Owen Bala,W10376,,Road Construction,Zilla Panchayat,39.59,,,,,,,,,Ongoing,27.82785794836884,synthetic,Synthetic Test Data,,,False,,,False,,,,False,False,W10376,27.83,LOW,No rule-based risk condition triggered,False,-0.0082,Normal,Isolation Forest,92.03,53.51,MEDIUM,No significant risk indicator detected,MEDIUM
,Pune,,Gabriel Thaman,W10600,,Community Health Center,Zilla Panchayat,22.32,,,,,,,,,Ongoing,27.741185236254413,synthetic,Synthetic Test Data,,,False,,,False,,,,False,False,W10600,27.74,LOW,No rule-based risk condition triggered,False,-0.0229,Normal,Isolation Forest,75.48,46.84,MEDIUM,No significant risk indicator detected,MEDIUM
,Asansol,,Advaith Gole,W10761,,Community Health Center,Public Works Department,32.49,,,,,,,,,Completed,27.711055207259182,synthetic,Synthetic Test Data,,,False,,,False,,,,False,False,W10761,27.71,LOW,No rule-based risk condition triggered,False,-0.0192,Normal,Isolation Forest,82.03,49.44,MEDIUM,No significant risk indicator detected,MEDIUM
,Pune,,Harrison Kapur,W10668,,Drinking Water Supply,Zilla Panchayat,16.43,,,,,,,,,Ongoing,27.70355053205446,synthetic,Synthetic Test Data,,,False,,,False,,,,False,False,W10668,27.7,LOW,No rule-based risk condition triggered,False,-0.0356,Normal,Isolation Forest,30.08,28.65,LOW,No significant risk indicator detected,LOW
,Dharwad,,Lucky Prashad,W12404,,Road Construction,Public Works Department,39.56,,,,,,,,,Ongoing,27.66745996133297,synthetic,Synthetic Test Data,,,False,,,False,,,,False,False,W12404,27.67,LOW,No rule-based risk condition triggered,False,-0.0013,Normal,Isolation Forest,94.43,54.37,MEDIUM,No significant risk indicator detected,MEDIUM
,Thane,,Owen Bansal,W12246,,Street Lighting,District Rural Development Agency,2.52,,,,,,,,,Ongoing,27.65375456367486,synthetic,Synthetic Test Data,,,False,,,False,,,,False,False,W12246,27.65,LOW,No rule-based risk condition triggered,False,-0.0287,Normal,Isolation Forest,59.43,40.36,MEDIUM,No significant risk indicator detected,MEDIUM
,Kanpur,,Owen Bansal,W12314,,Community Health Center,Public Works Department,40.3,,,,,,,,,Ongoing,27.611072090429367,synthetic,Synthetic Test Data,,,False,,,False,,,,False,False,W12314,27.61,LOW,No rule-based risk condition triggered,False,-0.007,Normal,Isolation Forest,92.53,53.58,MEDIUM,No significant risk indicator detected,MEDIUM
,Coimbatore,,Eesha Memon,W12828,,Community Health Center,District Rural Development Agency,10.51,,,,,,,,,Ongoing,27.59342096330871,synthetic,Synthetic Test Data,,,False,,,False,,,,False,False,W12828,27.59,LOW,No rule-based risk condition triggered,False,-0.0302,Normal,Isolation Forest,53.15,37.81,LOW,No significant risk indicator detected,LOW
,Dharwad,,Yutika Rana,W10949,,Public Toilet Complex,District Rural Development Agency,3.85,,,,,,,,,Completed,27.53821766065521,synthetic,Synthetic Test Data,,,False,,,False,,,,False,False,W10949,27.54,LOW,No rule-based risk condition triggered,False,-0.0257,Normal,Isolation Forest,68.93,44.1,MEDIUM,No significant risk indicator detected,MEDIUM
,Darjeeling,,Owen Bala,W10910,,Road Construction,Public Works Department,39.14,,,,,,,,,Ongoing,27.53430490036977,synthetic,Synthetic Test Data,,,False,,,False,,,,False,False,W10910,27.53,LOW,No rule-based risk condition triggered,False,-0.0023,Normal,Isolation Forest,94.05,54.14,MEDIUM,No significant risk indicator detected,MEDIUM
,Mysuru,,Meera Banerjee,W10748,,Community Health Center,Municipal Corporation,40.49,,,,,,,,,Completed,27.528109413781568,synthetic,Synthetic Test Data,,,False,,,False,,,,False,False,W10748,27.53,LOW,No rule-based risk condition triggered,True,0.0107,Anomaly,Isolation Forest,97.52,55.53,MEDIUM,ML: Isolation Forest identified unusual project characteristics,MEDIUM
,Dharwad,,Deepa Gala,W12284,,Road Construction,Municipal Corporation,39.21,,,,,,,,,Ongoing,27.49709959184617,synthetic,Synthetic Test Data,,,False,,,False,,,,False,False,W12284,27.5,LOW,No rule-based risk condition triggered,True,0.0215,Anomaly,Isolation Forest,99.37,56.25,MEDIUM,ML: Isolation Forest identified unusual project characteristics,MEDIUM
,Bengaluru Urban,,Nicholas Gour,W12974,,Street Lighting,Public Works Department,2.55,,,,,,,,,Ongoing,27.479741131150572,synthetic,Synthetic Test Data,,,False,,,False,,,,False,False,W12974,27.48,LOW,No rule-based risk condition triggered,False,-0.0314,Normal,Isolation Forest,48.37,35.84,LOW,No significant risk indicator detected,LOW
,Madurai,,Nicholas Gour,W11761,,Community Health Center,State Housing Board,40.36,,,,,,,,,Ongoing,27.463833368380563,synthetic,Synthetic Test Data,,,False,,,False,,,,False,False,W11761,27.46,LOW,No rule-based risk condition triggered,True,0.0041,Anomaly,Isolation Forest,96.0,54.88,MEDIUM,ML: Isolation Forest identified unusual project characteristics,MEDIUM
,Chennai,,Azaan Gupta,W11719,,Community Health Center,Public Works Department,49.55,,,,,,,,,Ongoing,27.425235608506625,synthetic,Synthetic Test Data,,,False,,,False,,,,False,False,W11719,27.43,LOW,No rule-based risk condition triggered,True,0.0166,Anomaly,Isolation Forest,98.7,55.94,MEDIUM,ML: Isolation Forest identified unusual project characteristics,MEDIUM
,Varanasi,,Advaith Gole,W12929,,Community Health Center,Zilla Panchayat,37.13,,,,,,,,,Completed,27.42220754900464,synthetic,Synthetic Test Data,,,False,,,False,,,,False,False,W12929,27.42,LOW,No rule-based risk condition triggered,False,-0.0047,Normal,Isolation Forest,93.42,53.82,MEDIUM,No significant risk indicator detected,MEDIUM
,Lucknow,,Triya Khatri,W11056,,Community Health Center,State Housing Board,26.76,,,,,,,,,Ongoing,27.346159637253145,synthetic,Synthetic Test Data,,,False,,,False,,,,False,False,W11056,27.35,LOW,No rule-based risk condition triggered,False,-0.023,Normal,Isolation Forest,75.33,46.54,MEDIUM,No significant risk indicator detected,MEDIUM
,Asansol,,Advaith Gole,W10754,,Community Health Center,Public Works Department,30.46,,,,,,,,,Ongoing,27.300500935157736,synthetic,Synthetic Test Data,,,False,,,False,,,,False,False,W10754,27.3,LOW,No rule-based risk condition triggered,False,-0.0243,Normal,Isolation Forest,73.07,45.61,MEDIUM,No significant risk indicator detected,MEDIUM
,Kanpur,,Tanish Iyer,W12933,,Community Health Center,Municipal Corporation,49.15,,,,,,,,,Ongoing,27.199773255730264,synthetic,Synthetic Test Data,,,False,,,False,,,,False,False,W12933,27.2,LOW,No rule-based risk condition triggered,True,0.0372,Anomaly,Isolation Forest,99.95,56.3,MEDIUM,ML: Isolation Forest identified unusual project characteristics,MEDIUM
,Madurai,,Ekansh Sami,W12782,,Community Health Center,District Rural Development Agency,38.83,,,,,,,,,Ongoing,26.95351087538956,synthetic,Synthetic Test Data,,,False,,,False,,,,False,False,W12782,26.95,LOW,No rule-based risk condition triggered,False,-0.0066,Normal,Isolation Forest,92.73,53.26,MEDIUM,No significant risk indicator detected,MEDIUM
,Kanpur,,Triya Khatri,W12452,,Community Health Center,District Rural Development Agency,45.48,,,,,,,,,Completed,26.95285678869261,synthetic,Synthetic Test Data,,,False,,,False,,,,False,False,W12452,26.95,LOW,No rule-based risk condition triggered,True,0.0095,Anomaly,Isolation Forest,97.27,55.08,MEDIUM,ML: Isolation Forest identified unusual project characteristics,MEDIUM
,Salem,,Varsha Morar,W10387,,Street Lighting,Zilla Panchayat,15.449974821245178,,,,,,,,,Ongoing,26.847835358603948,synthetic,Synthetic Test Data,,,False,,,False,,,,False,False,W10387,26.85,LOW,No rule-based risk condition triggered,False,-0.0397,Normal,Isolation Forest,17.3,23.03,LOW,No significant risk indicator detected,LOW
,Salem,,Meera Banerjee,W11503,,Community Health Center,District Rural Development Agency,27.41,,,,,,,,,Completed,26.789004909714148,synthetic,Synthetic Test Data,,,False,,,False,,,,False,False,W11503,26.79,LOW,No rule-based risk condition triggered,False,-0.0319,Normal,Isolation Forest,46.1,34.51,LOW,No significant risk indicator detected,LOW
,Howrah,,Mugdha Varty,W10375,,Road Construction,Zilla Panchayat,38.22,,,,,,,,,Ongoing,26.775473337901037,synthetic,Synthetic Test Data,,,False,,,False,,,,False,False,W10375,26.78,LOW,No rule-based risk condition triggered,False,-0.0122,Normal,Isolation Forest,89.3,51.79,MEDIUM,No significant risk indicator detected,MEDIUM
,Coimbatore,,Victor Venkataraman,W11090,,Community Health Center,Municipal Corporation,47.26,,,,,,,,,Completed,26.71768952330988,synthetic,Synthetic Test Data,,,False,,,False,,,,False,False,W11090,26.72,LOW,No rule-based risk condition triggered,True,0.0272,Anomaly,Isolation Forest,99.67,55.9,MEDIUM,ML: Isolation Forest identified unusual project characteristics,MEDIUM
,Bengaluru Urban,,Rayaan Mand,W12561,,Road Construction,Municipal Corporation,36.39,,,,,,,,,Completed,26.693268503974338,synthetic,Synthetic Test Data,,,False,,,False,,,,False,False,W12561,26.69,LOW,No rule-based risk condition triggered,True,0.0023,Anomaly,Isolation Forest,95.43,54.19,MEDIUM,ML: Isolation Forest identified unusual project characteristics,MEDIUM
,Pune,,Oliver Sarma,W11097,,Drinking Water Supply,Zilla Panchayat,10.52,,,,,,,,,Completed,26.67785080203205,synthetic,Synthetic Test Data,,,False,,,False,,,,False,False,W11097,26.68,LOW,No rule-based risk condition triggered,False,-0.0441,Normal,Isolation Forest,7.92,19.18,LOW,No significant risk indicator detected,LOW
,Coimbatore,,Pallavi Krish,W10351,,Road Construction,Municipal Corporation,36.35,,,,,,,,,Completed,26.66322327130305,synthetic,Synthetic Test Data,,,False,,,False,,,,False,False,W10351,26.66,LOW,No rule-based risk condition triggered,True,0.0021,Anomaly,Isolation Forest,95.33,54.13,MEDIUM,ML: Isolation Forest identified unusual project characteristics,MEDIUM
,Bengaluru Urban,,Harrison Kapur,W10022,,Community Health Center,District Rural Development Agency,39.13,,,,,,,,,Ongoing,26.650516781301707,synthetic,Synthetic Test Data,,,False,,,False,,,,False,False,W10022,26.65,LOW,No rule-based risk condition triggered,False,-0.006,Normal,Isolation Forest,92.95,53.17,MEDIUM,No significant risk indicator detected,MEDIUM
,Darjeeling,,Triya Khatri,W12721,,Road Construction,Municipal Corporation,39.05,,,,,,,,,Ongoing,26.641680064313466,synthetic,Synthetic Test Data,,,False,,,False,,,,False,False,W12721,26.64,LOW,No rule-based risk condition triggered,True,0.0215,Anomaly,Isolation Forest,99.37,55.73,MEDIUM,ML: Isolation Forest identified unusual project characteristics,MEDIUM
,Howrah,,Jagat Mangat,W10793,,Road Construction,Public Works Department,39.09,,,,,,,,,Ongoing,26.568726519485267,synthetic,Synthetic Test Data,,,False,,,False,,,,False,False,W10793,26.57,LOW,No rule-based risk condition triggered,False,-0.0023,Normal,Isolation Forest,94.05,53.56,MEDIUM,No significant risk indicator detected,MEDIUM
,Bengaluru Urban,,Yamini Chand,W10578,,Community Health Center,Municipal Corporation,36.41,,,,,,,,,Ongoing,26.567986354998855,synthetic,Synthetic Test Data,,,False,,,False,,,,False,False,W10578,26.57,LOW,No rule-based risk condition triggered,True,0.0049,Anomaly,Isolation Forest,96.23,54.43,MEDIUM,ML: Isolation Forest identified unusual project characteristics,MEDIUM
,Dharwad,,Oliver Sarma,W11242,,Road Construction,Zilla Panchayat,38.81,,,,,,,,,Completed,26.485707362928892,synthetic,Synthetic Test Data,,,False,,,False,,,,False,False,W11242,26.49,LOW,No rule-based risk condition triggered,False,-0.0056,Normal,Isolation Forest,93.13,53.15,MEDIUM,No significant risk indicator detected,MEDIUM
,Coimbatore,,Meera Banerjee,W12291,,Community Health Center,Public Works Department,31.73,,,,,,,,,Completed,26.474167713031207,synthetic,Synthetic Test Data,,,False,,,False,,,,False,False,W12291,26.47,LOW,No rule-based risk condition triggered,False,-0.0196,Normal,Isolation Forest,81.28,48.39,MEDIUM,No significant risk indicator detected,MEDIUM
,Pune,,Lucky Prashad,W10006,,Community Health Center,Zilla Panchayat,21.12,,,,,,,,,Ongoing,26.473637037248167,synthetic,Synthetic Test Data,,,False,,,False,,,,False,False,W10006,26.47,LOW,No rule-based risk condition triggered,False,-0.0241,Normal,Isolation Forest,73.38,45.23,MEDIUM,No significant risk indicator detected,MEDIUM
,Chennai,,Owen Bala,W11792,,Road Construction,Municipal Corporation,35.28,,,,,,,,,Completed,26.471515298105874,synthetic,Synthetic Test Data,,,False,,,False,,,,False,False,W11792,26.47,LOW,No rule-based risk condition triggered,False,-0.0012,Normal,Isolation Forest,94.47,53.67,MEDIUM,No significant risk indicator detected,MEDIUM
,Chennai,,Victor Venkataraman,W12340,,Community Health Center,Public Works Department,43.68,,,,,,,,,Completed,26.402487075988127,synthetic,Synthetic Test Data,,,False,,,False,,,,False,False,W12340,26.4,LOW,No rule-based risk condition triggered,True,0.002,Anomaly,Isolation Forest,95.3,53.96,MEDIUM,ML: Isolation Forest identified unusual project characteristics,MEDIUM
,Agra,,Meera Banerjee,W11528,,Community Health Center,Zilla Panchayat,39.34,,,,,,,,,Ongoing,26.398640606769423,synthetic,Synthetic Test Data,,,False,,,False,,,,False,False,W11528,26.4,LOW,No rule-based risk condition triggered,False,-0.0005,Normal,Isolation Forest,94.9,53.8,MEDIUM,No significant risk indicator detected,MEDIUM
,Bengaluru Urban,,Advaith Gole,W12911,,Community Health Center,Zilla Panchayat,42.49,,,,,,,,,Completed,26.392911534535717,synthetic,Synthetic Test Data,,,False,,,False,,,,False,False,W12911,26.39,LOW,No rule-based risk condition triggered,True,0.0033,Anomaly,Isolation Forest,95.73,54.13,MEDIUM,ML: Isolation Forest identified unusual project characteristics,MEDIUM
,Varanasi,,Leena Butala,W10067,,Road Construction,Municipal Corporation,22.71,,,,,,,,,Completed,26.35578361018798,synthetic,Synthetic Test Data,,,False,,,False,,,,False,False,W10067,26.36,LOW,No rule-based risk condition triggered,False,-0.0183,Normal,Isolation Forest,83.43,49.19,MEDIUM,No significant risk indicator detected,MEDIUM
,Kanpur,,Eesha Memon,W11225,,Community Health Center,State Housing Board,38.05,,,,,,,,,Completed,26.32014320819259,synthetic,Synthetic Test Data,,,False,,,False,,,,False,False,W11225,26.32,LOW,No rule-based risk condition triggered,False,-0.001,Normal,Isolation Forest,94.52,53.6,MEDIUM,No significant risk indicator detected,MEDIUM
,Varanasi,,Gaurav Chandra,W12338,,Road Construction,Public Works Department,38.42,,,,,,,,,Ongoing,26.296361052649804,synthetic,Synthetic Test Data,,,False,,,False,,,,False,False,W12338,26.3,LOW,No rule-based risk condition triggered,False,-0.0047,Normal,Isolation Forest,93.42,53.15,MEDIUM,No significant risk indicator detected,MEDIUM
,Pune,,Hemang Bava,W11699,,Road Construction,Zilla Panchayat,21.49,,,,,,,,,Ongoing,26.273540336506716,synthetic,Synthetic Test Data,,,False,,,False,,,,False,False,W11699,26.27,LOW,No rule-based risk condition triggered,False,-0.0437,Normal,Isolation Forest,8.28,19.07,LOW,No significant risk indicator detected,LOW
,Thane,,Ishwar Boase,W10161,,School Building Repair,State Housing Board,4.95,,,,,,,,,Completed,26.272494179775613,synthetic,Synthetic Test Data,,,False,,,False,,,,False,False,W10161,26.27,LOW,No rule-based risk condition triggered,False,-0.0421,Normal,Isolation Forest,10.43,19.93,LOW,No significant risk indicator detected,LOW
,Dharwad,,Pallavi Krish,W11185,,Drinking Water Supply,Municipal Corporation,4.08,,,,,,,,,Ongoing,26.27086962003524,synthetic,Synthetic Test Data,,,False,,,False,,,,False,False,W11185,26.27,LOW,No rule-based risk condition triggered,False,-0.0205,Normal,Isolation Forest,80.07,47.79,MEDIUM,No significant risk indicator detected,MEDIUM
,Agra,,Ronith Zachariah,W11381,,Road Construction,Municipal Corporation,32.41,,,,,,,,,Completed,26.259980572487457,synthetic,Synthetic Test Data,,,False,,,False,,,,False,False,W11381,26.26,LOW,No rule-based risk condition triggered,False,-0.0065,Normal,Isolation Forest,92.82,52.88,MEDIUM,No significant risk indicator detected,MEDIUM
,Dharwad,,Yug Choudhry,W10191,,Community Health Center,Municipal Corporation,37.2,,,,,,,,,Ongoing,26.258425206524407,synthetic,Synthetic Test Data,,,False,,,False,,,,False,False,W10191,26.26,LOW,No rule-based risk condition triggered,True,0.0063,Anomaly,Isolation Forest,96.7,54.44,MEDIUM,ML: Isolation Forest identified unusual project characteristics,MEDIUM
,Varanasi,,Hemang Bava,W10315,,Public Toilet Complex,Public Works Department,15.525775308472005,,,,,,,,,Completed,26.21288558587095,synthetic,Synthetic Test Data,,,False,,,False,,,,False,False,W10315,26.21,LOW,No rule-based risk condition triggered,False,-0.0219,Normal,Isolation Forest,77.08,46.56,MEDIUM,No significant risk indicator detected,MEDIUM
,Pune,,Hemang Bava,W10892,,Drinking Water Supply,Zilla Panchayat,18.69,,,,,,,,,Ongoing,26.160028747372277,synthetic,Synthetic Test Data,,,False,,,False,,,,False,False,W10892,26.16,LOW,No rule-based risk condition triggered,False,-0.0298,Normal,Isolation Forest,54.83,37.63,LOW,No significant risk indicator detected,LOW
,Salem,,Gabriel Thaman,W11262,,Public Toilet Complex,Public Works Department,2.81,,,,,,,,,Completed,26.15160415963108,synthetic,Synthetic Test Data,,,False,,,False,,,,False,False,W11262,26.15,LOW,No rule-based risk condition triggered,False,-0.0278,Normal,Isolation Forest,62.37,40.64,MEDIUM,No significant risk indicator detected,MEDIUM
,Madurai,,Azaan Gupta,W11995,,School Building Repair,State Housing Board,5.31,,,,,,,,,Completed,26.099171620615632,synthetic,Synthetic Test Data,,,False,,,False,,,,False,False,W11995,26.1,LOW,No rule-based risk condition triggered,False,-0.0443,Normal,Isolation Forest,7.78,18.77,LOW,No significant risk indicator detected,LOW
,Madurai,,Owen Bala,W10784,,Road Construction,State Housing Board,27.59,,,,,,,,,Completed,26.092260796854607,synthetic,Synthetic Test Data,,,False,,,False,,,,False,False,W10784,26.09,LOW,No rule-based risk condition triggered,False,-0.0103,Normal,Isolation Forest,90.77,51.96,MEDIUM,No significant risk indicator detected,MEDIUM
,Nashik,,Jagat Mangat,W12861,,Road Construction,District Rural Development Agency,33.87,,,,,,,,,Ongoing,26.04730681,synthetic,Synthetic Test Data,,,False,,,False,,,,False,False,W12861,26.05,LOW,No rule-based risk condition triggered,True,0.0107,Anomaly,Isolation Forest,97.52,54.64,MEDIUM,ML: Isolation Forest identified unusual project characteristics,MEDIUM
,Dharwad,,Odika Naik,W10967,,Community Health Center,Municipal Corporation,44.16,,,,,,,,,Ongoing,26.040138167251506,synthetic,Synthetic Test Data,,,False,,,False,,,,False,False,W10967,26.04,LOW,No rule-based risk condition triggered,True,0.0237,Anomaly,Isolation Forest,99.58,55.46,MEDIUM,ML: Isolation Forest identified unusual project characteristics,MEDIUM
,Mysuru,,Leena Butala,W10951,,Road Construction,Public Works Department,32.89,,,,,,,,,Completed,26.03779195369133,synthetic,Synthetic Test Data,,,False,,,False,,,,False,False,W10951,26.04,LOW,No rule-based risk condition triggered,False,-0.0168,Normal,Isolation Forest,85.25,49.72,MEDIUM,No significant risk indicator detected,MEDIUM
,Howrah,,Owen Bansal,W11682,,Road Construction,Public Works Department,39.72,,,,,,,,,Completed,25.988470873237976,synthetic,Synthetic Test Data,,,False,,,False,,,,False,False,W11682,25.99,LOW,No rule-based risk condition triggered,True,0.005,Anomaly,Isolation Forest,96.3,54.11,MEDIUM,ML: Isolation Forest identified unusual project characteristics,MEDIUM
,Howrah,,Eesha Memon,W11497,,Community Health Center,Public Works Department,38.25,,,,,,,,,Completed,25.93418943446107,synthetic,Synthetic Test Data,,,False,,,False,,,,False,False,W11497,25.93,LOW,No rule-based risk condition triggered,False,-0.0098,Normal,Isolation Forest,91.05,51.98,MEDIUM,No significant risk indicator detected,MEDIUM
,Lucknow,,Hemang Bava,W10015,,Road Construction,Municipal Corporation,37.52,,,,,,,,,Ongoing,25.923876058424945,synthetic,Synthetic Test Data,,,False,,,False,,,,False,False,W10015,25.92,LOW,No rule-based risk condition triggered,True,0.0164,Anomaly,Isolation Forest,98.65,55.01,MEDIUM,ML: Isolation Forest identified unusual project characteristics,MEDIUM
,Howrah,,Tanish Iyer,W10712,,Community Health Center,Zilla Panchayat,23.87,,,,,,,,,Ongoing,25.86179279814657,synthetic,Synthetic Test Data,,,False,,,False,,,,False,False,W10712,25.86,LOW,No rule-based risk condition triggered,False,-0.0234,Normal,Isolation Forest,74.82,45.44,MEDIUM,No significant risk indicator detected,MEDIUM
,Coimbatore,,Sanya Swamy,W10695,,Community Health Center,Municipal Corporation,38.79,,,,,,,,,Ongoing,25.82584333034368,synthetic,Synthetic Test Data,,,False,,,False,,,,False,False,W10695,25.83,LOW,No rule-based risk condition triggered,True,0.0116,Anomaly,Isolation Forest,97.73,54.59,MEDIUM,ML: Isolation Forest identified unusual project characteristics,MEDIUM
,Chennai,,Leena Butala,W12051,,Road Construction,Municipal Corporation,9.07,,,,,,,,,Ongoing,25.785901607111494,synthetic,Synthetic Test Data,,,False,,,False,,,,False,False,W12051,25.79,LOW,No rule-based risk condition triggered,False,-0.0097,Normal,Isolation Forest,91.2,51.95,MEDIUM,No significant risk indicator detected,MEDIUM
,Agra,,Onveer Kata,W11018,,Road Construction,Zilla Panchayat,38.07,,,,,,,,,Ongoing,25.76329782527418,synthetic,Synthetic Test Data,,,False,,,False,,,,False,False,W11018,25.76,LOW,No rule-based risk condition triggered,False,-0.0128,Normal,Isolation Forest,89.03,51.07,MEDIUM,No significant risk indicator detected,MEDIUM
,Kanpur,,Gaurav Chandra,W12988,,Community Health Center,Public Works Department,26.97,,,,,,,,,Completed,25.72553869618893,synthetic,Synthetic Test Data,,,False,,,False,,,,False,False,W12988,25.73,LOW,No rule-based risk condition triggered,False,-0.021,Normal,Isolation Forest,79.27,47.15,MEDIUM,No significant risk indicator detected,MEDIUM
,Thane,,Hemang Bava,W11583,,Road Construction,Public Works Department,37.44,,,,,,,,,Ongoing,25.71197679151387,synthetic,Synthetic Test Data,,,False,,,False,,,,False,False,W11583,25.71,LOW,No rule-based risk condition triggered,False,-0.0083,Normal,Isolation Forest,91.95,52.21,MEDIUM,No significant risk indicator detected,MEDIUM
,Kolkata,,Bachittar Choudhry,W12616,,Drinking Water Supply,District Rural Development Agency,15.56,,,,,,,,,Completed,25.69143385505988,synthetic,Synthetic Test Data,,,False,,,False,,,,False,False,W12616,25.69,LOW,No rule-based risk condition triggered,False,-0.0301,Normal,Isolation Forest,53.48,36.81,LOW,No significant risk indicator detected,LOW
,Howrah,,Owen Bala,W10666,,Community Health Center,State Housing Board,36.26,,,,,,,,,Completed,25.68597271574897,synthetic,Synthetic Test Data,,,False,,,False,,,,False,False,W10666,25.69,LOW,No rule-based risk condition triggered,False,-0.0038,Normal,Isolation Forest,93.72,52.9,MEDIUM,No significant risk indicator detected,MEDIUM
,Darjeeling,,Gaurav Chandra,W12287,,Road Construction,Zilla Panchayat,34.16,,,,,,,,,Ongoing,25.63121515441803,synthetic,Synthetic Test Data,,,False,,,False,,,,False,False,W12287,25.63,LOW,No rule-based risk condition triggered,False,-0.0258,Normal,Isolation Forest,68.57,42.81,MEDIUM,No significant risk indicator detected,MEDIUM
,Asansol,,Advaith Gole,W12838,,Community Health Center,Public Works Department,34.5,,,,,,,,,Ongoing,25.576743289806323,synthetic,Synthetic Test Data,,,False,,,False,,,,False,False,W12838,25.58,LOW,No rule-based risk condition triggered,False,-0.0251,Normal,Isolation Forest,70.53,43.56,MEDIUM,No significant risk indicator detected,MEDIUM
,Chennai,,Gabriel Thaman,W11013,,Road Construction,State Housing Board,39.3,,,,,,,,,Ongoing,25.57589892017267,synthetic,Synthetic Test Data,,,False,,,False,,,,False,False,W11013,25.58,LOW,No rule-based risk condition triggered,True,0.01,Anomaly,Isolation Forest,97.38,54.3,MEDIUM,ML: Isolation Forest identified unusual project characteristics,MEDIUM
,Pune,,Eesha Memon,W12013,,Community Health Center,Zilla Panchayat,34.36,,,,,,,,,Ongoing,25.545157854249204,synthetic,Synthetic Test Data,,,False,,,False,,,,False,False,W12013,25.55,LOW,No rule-based risk condition triggered,False,-0.0114,Normal,Isolation Forest,89.9,51.29,MEDIUM,No significant risk indicator detected,MEDIUM
,Mysuru,,Lucky Prashad,W12067,,Road Construction,District Rural Development Agency,38.29,,,,,,,,,Completed,25.50662702,synthetic,Synthetic Test Data,,,False,,,False,,,,False,False,W12067,25.51,LOW,No rule-based risk condition triggered,True,0.0203,Anomaly,Isolation Forest,99.23,55.0,MEDIUM,ML: Isolation Forest identified unusual project characteristics,MEDIUM
,Agra,,Tanish Iyer,W10777,,Community Health Center,District Rural Development Agency,35.88,,,,,,,,,Ongoing,25.495752225015607,synthetic,Synthetic Test Data,,,False,,,False,,,,False,False,W10777,25.5,LOW,No rule-based risk condition triggered,False,-0.0099,Normal,Isolation Forest,90.95,51.68,MEDIUM,No significant risk indicator detected,MEDIUM
,Varanasi,,Ishwar Boase,W10420,,Street Lighting,Public Works Department,1.14,,,,,,,,,Completed,25.49538270846155,synthetic,Synthetic Test Data,,,False,,,False,,,,False,False,W10420,25.5,LOW,No rule-based risk condition triggered,False,-0.0087,Normal,Isolation Forest,91.68,51.97,MEDIUM,No significant risk indicator detected,MEDIUM
,Howrah,,Oliver Sarma,W10247,,Road Construction,State Housing Board,14.4,,,,,,,,,Completed,25.48792862474815,synthetic,Synthetic Test Data,,,False,,,False,,,,False,False,W10247,25.49,LOW,No rule-based risk condition triggered,False,-0.0282,Normal,Isolation Forest,60.85,39.63,LOW,No significant risk indicator detected,LOW
,Pune,,Odika Naik,W12024,,Public Toilet Complex,Zilla Panchayat,5.47,,,,,,,,,Completed,25.48379730917257,synthetic,Synthetic Test Data,,,False,,,False,,,,False,False,W12024,25.48,LOW,No rule-based risk condition triggered,False,-0.0541,Normal,Isolation Forest,0.67,15.56,LOW,No significant risk indicator detected,LOW
,Madurai,,Vrinda Biswas,W12296,,Road Construction,State Housing Board,26.34,,,,,,,,,Completed,25.46733766528319,synthetic,Synthetic Test Data,,,False,,,False,,,,False,False,W12296,25.47,LOW,No rule-based risk condition triggered,False,-0.0126,Normal,Isolation Forest,89.17,50.95,MEDIUM,No significant risk indicator detected,MEDIUM
,Bengaluru Urban,,Bachittar Choudhry,W12368,,Road Construction,Zilla Panchayat,13.82,,,,,,,,,Completed,25.46658628997404,synthetic,Synthetic Test Data,,,False,,,False,,,,False,False,W12368,25.47,LOW,No rule-based risk condition triggered,False,-0.0398,Normal,Isolation Forest,16.93,22.05,LOW,No significant risk indicator detected,LOW
,Coimbatore,,Harrison Kapur,W12242,,Community Health Center,State Housing Board,43.7,,,,,,,,,Completed,25.45853220486349,synthetic,Synthetic Test Data,,,False,,,False,,,,False,False,W12242,25.46,LOW,No rule-based risk condition triggered,True,0.0084,Anomaly,Isolation Forest,97.13,54.13,MEDIUM,ML: Isolation Forest identified unusual project characteristics,MEDIUM
,Salem,,Ria Ratta,W11770,,Road Construction,Public Works Department,28.16,,,,,,,,,Completed,25.445556922619872,synthetic,Synthetic Test Data,,,False,,,False,,,,False,False,W11770,25.45,LOW,No rule-based risk condition triggered,False,-0.0247,Normal,Isolation Forest,71.85,44.01,MEDIUM,No significant risk indicator detected,MEDIUM
,Coimbatore,,Sanya Swamy,W10862,,School Building Repair,Zilla Panchayat,12.83,,,,,,,,,Ongoing,25.42751581727048,synthetic,Synthetic Test Data,,,False,,,False,,,,False,False,W10862,25.43,LOW,No rule-based risk condition triggered,False,-0.0336,Normal,Isolation Forest,38.32,30.59,LOW,No significant risk indicator detected,LOW
,Lucknow,,Yutika Rana,W12731,,Community Health Center,District Rural Development Agency,35.69,,,,,,,,,Completed,25.420634921282247,synthetic,Synthetic Test Data,,,False,,,False,,,,False,False,W12731,25.42,LOW,No rule-based risk condition triggered,False,-0.0176,Normal,Isolation Forest,84.32,48.98,MEDIUM,No significant risk indicator detected,MEDIUM
,Thane,,Gaurav Chandra,W10237,,Street Lighting,Public Works Department,1.64,,,,,,,,,Completed,25.39564424092882,synthetic,Synthetic Test Data,,,False,,,False,,,,False,False,W10237,25.4,LOW,No rule-based risk condition triggered,False,-0.0121,Normal,Isolation Forest,89.33,50.97,MEDIUM,No significant risk indicator detected,MEDIUM
,Howrah,,Owen Bala,W10474,,Community Health Center,Municipal Corporation,36.15,,,,,,,,,Completed,25.37755310382804,synthetic,Synthetic Test Data,,,False,,,False,,,,False,False,W10474,25.38,LOW,No rule-based risk condition triggered,True,0.0016,Anomaly,Isolation Forest,95.2,53.31,MEDIUM,ML: Isolation Forest identified unusual project characteristics,MEDIUM
,Coimbatore,,Bachittar Choudhry,W12943,,Road Construction,District Rural Development Agency,32.91,,,,,,,,,Ongoing,25.375067992998808,synthetic,Synthetic Test Data,,,False,,,False,,,,False,False,W12943,25.38,LOW,No rule-based risk condition triggered,True,0.0069,Anomaly,Isolation Forest,96.93,54.0,MEDIUM,ML: Isolation Forest identified unusual project characteristics,MEDIUM
,Pune,,Yug Choudhry,W10485,,Drainage System,Zilla Panchayat,13.18,,,,,,,,,Completed,25.30349355958165,synthetic,Synthetic Test Data,,,False,,,False,,,,False,False,W10485,25.3,LOW,No rule-based risk condition triggered,False,-0.0459,Normal,Isolation Forest,5.8,17.5,LOW,No significant risk indicator detected,LOW
,Dharwad,,Widisha Yohannan,W12797,,Street Lighting,Public Works Department,2.2,,,,,,,,,Completed,25.29351479801492,synthetic,Synthetic Test Data,,,False,,,False,,,,False,False,W12797,25.29,LOW,No rule-based risk condition triggered,False,-0.0168,Normal,Isolation Forest,85.25,49.27,MEDIUM,No significant risk indicator detected,MEDIUM
,Nagpur,,Eesha Memon,W12109,,Road Construction,District Rural Development Agency,38.04,,,,,,,,,Ongoing,25.293474692536808,synthetic,Synthetic Test Data,,,False,,,False,,,,False,False,W12109,25.29,LOW,No rule-based risk condition triggered,True,0.0203,Anomaly,Isolation Forest,99.23,54.87,MEDIUM,ML: Isolation Forest identified unusual project characteristics,MEDIUM
,Pune,,Tanish Iyer,W11756,,Drinking Water Supply,Zilla Panchayat,15.54,,,,,,,,,Ongoing,25.279041031602617,synthetic,Synthetic Test Data,,,False,,,False,,,,False,False,W11756,25.28,LOW,No rule-based risk condition triggered,False,-0.0385,Normal,Isolation Forest,20.82,23.5,LOW,No significant risk indicator detected,LOW
,Mysuru,,Vrinda Biswas,W11508,,Community Health Center,State Housing Board,18.27,,,,,,,,,Completed,25.27270993740787,synthetic,Synthetic Test Data,,,False,,,False,,,,False,False,W11508,25.27,LOW,No rule-based risk condition triggered,False,-0.0315,Normal,Isolation Forest,48.08,34.39,LOW,No significant risk indicator detected,LOW
,Dharwad,,Victor Venkataraman,W11111,,Road Construction,Municipal Corporation,37.78,,,,,,,,,Ongoing,25.253171171047573,synthetic,Synthetic Test Data,,,False,,,False,,,,False,False,W11111,25.25,LOW,No rule-based risk condition triggered,True,0.0175,Anomaly,Isolation Forest,98.9,54.71,MEDIUM,ML: Isolation Forest identified unusual project characteristics,MEDIUM
,Nashik,,Widisha Yohannan,W12277,,Community Health Center,Municipal Corporation,41.73,,,,,,,,,Completed,25.18570351480285,synthetic,Synthetic Test Data,,,False,,,False,,,,False,False,W12277,25.19,LOW,No rule-based risk condition triggered,True,0.0134,Anomaly,Isolation Forest,98.08,54.35,MEDIUM,ML: Isolation Forest identified unusual project characteristics,MEDIUM
,Kolkata,,Nicholas Gour,W10122,,Road Construction,Public Works Department,32.54,,,,,,,,,Ongoing,25.146964359174465,synthetic,Synthetic Test Data,,,False,,,False,,,,False,False,W10122,25.15,LOW,No rule-based risk condition triggered,False,-0.0215,Normal,Isolation Forest,77.87,46.24,MEDIUM,No significant risk indicator detected,MEDIUM
,Pune,,Ria Ratta,W11961,,Public Toilet Complex,Zilla Panchayat,6.82,,,,,,,,,Completed,25.127940065700024,synthetic,Synthetic Test Data,,,False,,,False,,,,False,False,W11961,25.13,LOW,No rule-based risk condition triggered,False,-0.0504,Normal,Isolation Forest,2.7,16.16,LOW,No significant risk indicator detected,LOW
,Mysuru,,Advaith Gole,W10050,,Community Health Center,District Rural Development Agency,34.45,,,,,,,,,Ongoing,25.01514936942481,synthetic,Synthetic Test Data,,,False,,,False,,,,False,False,W10050,25.02,LOW,No rule-based risk condition triggered,False,-0.0116,Normal,Isolation Forest,89.73,50.9,MEDIUM,No significant risk indicator detected,MEDIUM
,Mysuru,,Meera Banerjee,W10789,,Public Toilet Complex,Public Works Department,4.66,,,,,,,,,Ongoing,24.97707869409852,synthetic,Synthetic Test Data,,,False,,,False,,,,False,False,W10789,24.98,LOW,No rule-based risk condition triggered,False,-0.035,Normal,Isolation Forest,32.23,27.88,LOW,No significant risk indicator detected,LOW
,Bengaluru Urban,,Ishwar Boase,W10488,,Street Lighting,State Housing Board,3.61,,,,,,,,,Ongoing,24.96285714168406,synthetic,Synthetic Test Data,,,False,,,False,,,,False,False,W10488,24.96,LOW,No rule-based risk condition triggered,False,-0.0359,Normal,Isolation Forest,29.0,26.58,LOW,No significant risk indicator detected,LOW
,Chennai,,Pallavi Krish,W10503,,Community Health Center,Public Works Department,35.35,,,,,,,,,Ongoing,24.96093075612687,synthetic,Synthetic Test Data,,,False,,,False,,,,False,False,W10503,24.96,LOW,No rule-based risk condition triggered,False,-0.023,Normal,Isolation Forest,75.33,45.11,MEDIUM,No significant risk indicator detected,MEDIUM
,Varanasi,,Widisha Yohannan,W12928,,Road Construction,Municipal Corporation,29.41,,,,,,,,,Completed,24.94717115,synthetic,Synthetic Test Data,,,False,,,False,,,,False,False,W12928,24.95,LOW,No rule-based risk condition triggered,False,-0.0132,Normal,Isolation Forest,88.63,50.42,MEDIUM,No significant risk indicator detected,MEDIUM
,Chennai,,Owen Bala,W10430,,Road Construction,Zilla Panchayat,36.39,,,,,,,,,Completed,24.913933479507808,synthetic,Synthetic Test Data,,,False,,,False,,,,False,False,W10430,24.91,LOW,No rule-based risk condition triggered,False,-0.0123,Normal,Isolation Forest,89.27,50.65,MEDIUM,No significant risk indicator detected,MEDIUM
,Nashik,,Advaith Gole,W11511,,Community Health Center,Zilla Panchayat,37.61,,,,,,,,,Ongoing,24.90072311184488,synthetic,Synthetic Test Data,,,False,,,False,,,,False,False,W11511,24.9,LOW,No rule-based risk condition triggered,False,-0.0053,Normal,Isolation Forest,93.25,52.24,MEDIUM,No significant risk indicator detected,MEDIUM
,Kolkata,,Advaith Gole,W12714,,Road Construction,Public Works Department,36.49,,,,,,,,,Ongoing,24.86568752425112,synthetic,Synthetic Test Data,,,False,,,False,,,,False,False,W12714,24.87,LOW,No rule-based risk condition triggered,False,-0.0116,Normal,Isolation Forest,89.73,50.81,MEDIUM,No significant risk indicator detected,MEDIUM
,Darjeeling,,Eesha Memon,W10520,,Community Health Center,Public Works Department,35.27,,,,,,,,,Ongoing,24.85254055960312,synthetic,Synthetic Test Data,,,False,,,False,,,,False,False,W10520,24.85,LOW,No rule-based risk condition triggered,False,-0.0235,Normal,Isolation Forest,74.58,44.74,MEDIUM,No significant risk indicator detected,MEDIUM
,Asansol,,Advaith Gole,W11815,,Public Toilet Complex,Municipal Corporation,2.26,,,,,,,,,Ongoing,24.746297801952707,synthetic,Synthetic Test Data,,,False,,,False,,,,False,False,W11815,24.75,LOW,No rule-based risk condition triggered,False,-0.012,Normal,Isolation Forest,89.42,50.62,MEDIUM,No significant risk indicator detected,MEDIUM
,Pune,,Onveer Kata,W12021,,Drainage System,State Housing Board,4.34,,,,,,,,,Ongoing,24.70648970687082,synthetic,Synthetic Test Data,,,False,,,False,,,,False,False,W12021,24.71,LOW,No rule-based risk condition triggered,False,-0.0306,Normal,Isolation Forest,51.43,35.4,LOW,No significant risk indicator detected,LOW
,Agra,,Gabriel Thaman,W12636,,Community Health Center,State Housing Board,15.51,,,,,,,,,Completed,24.68554085957275,synthetic,Synthetic Test Data,,,False,,,False,,,,False,False,W12636,24.69,LOW,No rule-based risk condition triggered,False,-0.0319,Normal,Isolation Forest,46.1,33.25,LOW,No significant risk indicator detected,LOW
,Lucknow,,Leena Butala,W10840,,Road Construction,State Housing Board,32.36,,,,,,,,,Completed,24.673647224722444,synthetic,Synthetic Test Data,,,False,,,False,,,,False,False,W10840,24.67,LOW,No rule-based risk condition triggered,True,0.0029,Anomaly,Isolation Forest,95.57,53.03,MEDIUM,ML: Isolation Forest identified unusual project characteristics,MEDIUM
,Varanasi,,Lucky Prashad,W11121,,Road Construction,Zilla Panchayat,37.42,,,,,,,,,Ongoing,24.666902906882758,synthetic,Synthetic Test Data,,,False,,,False,,,,False,False,W11121,24.67,LOW,No rule-based risk condition triggered,False,-0.0158,Normal,Isolation Forest,86.15,49.26,MEDIUM,No significant risk indicator detected,MEDIUM
,Salem,,Triya Khatri,W12849,,Drainage System,Municipal Corporation,14.74,,,,,,,,,Ongoing,24.66295481133525,synthetic,Synthetic Test Data,,,False,,,False,,,,False,False,W12849,24.66,LOW,No rule-based risk condition triggered,False,-0.0297,Normal,Isolation Forest,55.33,36.93,LOW,No significant risk indicator detected,LOW
,Pune,,Varsha Morar,W12175,,Public Toilet Complex,Zilla Panchayat,4.23,,,,,,,,,Ongoing,24.640224684717545,synthetic,Synthetic Test Data,,,False,,,False,,,,False,False,W12175,24.64,LOW,No rule-based risk condition triggered,False,-0.0387,Normal,Isolation Forest,20.17,22.85,LOW,No significant risk indicator detected,LOW
,Coimbatore,,Ronith Zachariah,W10162,,Community Health Center,Zilla Panchayat,34.42,,,,,,,,,Ongoing,24.59576442834521,synthetic,Synthetic Test Data,,,False,,,False,,,,False,False,W10162,24.6,LOW,No rule-based risk condition triggered,False,-0.0114,Normal,Isolation Forest,89.9,50.72,MEDIUM,No significant risk indicator detected,MEDIUM
,Lucknow,,Eesha Memon,W11043,,Community Health Center,Municipal Corporation,29.21,,,,,,,,,Completed,24.56178078855517,synthetic,Synthetic Test Data,,,False,,,False,,,,False,False,W11043,24.56,LOW,No rule-based risk condition triggered,False,-0.0183,Normal,Isolation Forest,83.43,48.11,MEDIUM,No significant risk indicator detected,MEDIUM
,Thane,,Mugdha Varty,W10313,,Road Construction,District Rural Development Agency,30.58,,,,,,,,,Ongoing,24.561534675028188,synthetic,Synthetic Test Data,,,False,,,False,,,,False,False,W10313,24.56,LOW,No rule-based risk condition triggered,True,0.0037,Anomaly,Isolation Forest,95.83,53.07,MEDIUM,ML: Isolation Forest identified unusual project characteristics,MEDIUM
,Agra,,Vanya Suresh,W10876,,Road Construction,State Housing Board,34.62,,,,,,,,,Ongoing,24.543101751316005,synthetic,Synthetic Test Data,,,False,,,False,,,,False,False,W10876,24.54,LOW,No rule-based risk condition triggered,False,-0.0014,Normal,Isolation Forest,94.37,52.47,MEDIUM,No significant risk indicator detected,MEDIUM
,Coimbatore,,Vrinda Biswas,W10500,,Community Health Center,State Housing Board,30.25,,,,,,,,,Ongoing,24.534869908186607,synthetic,Synthetic Test Data,,,False,,,False,,,,False,False,W10500,24.53,LOW,No rule-based risk condition triggered,False,-0.0174,Normal,Isolation Forest,84.7,48.6,MEDIUM,No significant risk indicator detected,MEDIUM
,Pune,,Meera Banerjee,W10190,,Road Construction,Zilla Panchayat,15.83,,,,,,,,,Completed,24.512051341225423,synthetic,Synthetic Test Data,,,False,,,False,,,,False,False,W10190,24.51,LOW,No rule-based risk condition triggered,False,-0.0403,Normal,Isolation Forest,15.43,20.88,LOW,No significant risk indicator detected,LOW
,Kanpur,,Oliver Sarma,W12399,,Road Construction,Zilla Panchayat,35.0,,,,,,,,,Ongoing,24.467234002951344,synthetic,Synthetic Test Data,,,False,,,False,,,,False,False,W12399,24.47,LOW,No rule-based risk condition triggered,False,-0.0229,Normal,Isolation Forest,75.48,44.87,MEDIUM,No significant risk indicator detected,MEDIUM
,Madurai,,Gaurav Chandra,W11692,,Road Construction,State Housing Board,33.84,,,,,,,,,Ongoing,24.466321805555506,synthetic,Synthetic Test Data,,,False,,,False,,,,False,False,W11692,24.47,LOW,No rule-based risk condition triggered,False,-0.0047,Normal,Isolation Forest,93.42,52.05,MEDIUM,No significant risk indicator detected,MEDIUM
,Bengaluru Urban,,Deepa Gala,W10255,,Drainage System,District Rural Development Agency,15.7,,,,,,,,,Ongoing,24.449421849462624,synthetic,Synthetic Test Data,,,False,,,False,,,,False,False,W10255,24.45,LOW,No rule-based risk condition triggered,False,-0.0371,Normal,Isolation Forest,24.57,24.5,LOW,No significant risk indicator detected,LOW
,Bengaluru Urban,,Meera Banerjee,W10231,,Road Construction,State Housing Board,34.01,,,,,,,,,Ongoing,24.44936451100353,synthetic,Synthetic Test Data,,,False,,,False,,,,False,False,W10231,24.45,LOW,No rule-based risk condition triggered,False,-0.0047,Normal,Isolation Forest,93.42,52.04,MEDIUM,No significant risk indicator detected,MEDIUM
,Howrah,,Mugdha Varty,W12384,,Street Lighting,District Rural Development Agency,1.72,,,,,,,,,Ongoing,24.418041237801805,synthetic,Synthetic Test Data,,,False,,,False,,,,False,False,W12384,24.42,LOW,No rule-based risk condition triggered,False,-0.0239,Normal,Isolation Forest,73.77,44.16,MEDIUM,No significant risk indicator detected,MEDIUM
,Pune,,Harrison Kapur,W10986,,Public Toilet Complex,Zilla Panchayat,7.75,,,,,,,,,Completed,24.41319944665792,synthetic,Synthetic Test Data,,,False,,,False,,,,False,False,W10986,24.41,LOW,No rule-based risk condition triggered,False,-0.0456,Normal,Isolation Forest,6.32,17.17,LOW,No significant risk indicator detected,LOW
,Howrah,,Leena Butala,W12694,,Road Construction,Municipal Corporation,39.02,,,,,,,,,Completed,24.408094844518008,synthetic,Synthetic Test Data,,,False,,,False,,,,False,False,W12694,24.41,LOW,No rule-based risk condition triggered,True,0.0101,Anomaly,Isolation Forest,97.43,53.62,MEDIUM,ML: Isolation Forest identified unusual project characteristics,MEDIUM
,Nashik,,Sanya Swamy,W11746,,Public Toilet Complex,Public Works Department,2.77,,,,,,,,,Ongoing,24.38652177251199,synthetic,Synthetic Test Data,,,False,,,False,,,,False,False,W11746,24.39,LOW,No rule-based risk condition triggered,False,-0.0241,Normal,Isolation Forest,73.38,43.99,MEDIUM,No significant risk indicator detected,MEDIUM
,Kanpur,,Mugdha Varty,W10343,,Road Construction,Public Works Department,21.17,,,,,,,,,Completed,24.38633139313038,synthetic,Synthetic Test Data,,,False,,,False,,,,False,False,W10343,24.39,LOW,No rule-based risk condition triggered,False,-0.0352,Normal,Isolation Forest,31.5,27.23,LOW,No significant risk indicator detected,LOW
,Pune,,Ronith Zachariah,W10685,,Community Health Center,Zilla Panchayat,13.23,,,,,,,,,Ongoing,24.37300823047017,synthetic,Synthetic Test Data,,,False,,,False,,,,False,False,W10685,24.37,LOW,No rule-based risk condition triggered,False,-0.029,Normal,Isolation Forest,58.33,37.95,LOW,No significant risk indicator detected,LOW
,Agra,,Triya Khatri,W12915,,Road Construction,Municipal Corporation,38.24,,,,,,,,,Completed,24.36420242025117,synthetic,Synthetic Test Data,,,False,,,False,,,,False,False,W12915,24.36,LOW,No rule-based risk condition triggered,True,0.0071,Anomaly,Isolation Forest,96.97,53.4,MEDIUM,ML: Isolation Forest identified unusual project characteristics,MEDIUM
,Agra,,Odika Naik,W12015,,Community Health Center,State Housing Board,30.21,,,,,,,,,Completed,24.33334896433036,synthetic,Synthetic Test Data,,,False,,,False,,,,False,False,W12015,24.33,LOW,No rule-based risk condition triggered,False,-0.0157,Normal,Isolation Forest,86.27,49.11,MEDIUM,No significant risk indicator detected,MEDIUM
,Chennai,,Yug Choudhry,W10606,,Road Construction,Municipal Corporation,31.9,,,,,,,,,Completed,24.29383677049395,synthetic,Synthetic Test Data,,,False,,,False,,,,False,False,W10606,24.29,LOW,No rule-based risk condition triggered,False,-0.007,Normal,Isolation Forest,92.53,51.59,MEDIUM,No significant risk indicator detected,MEDIUM
,Thane,,Odika Naik,W12320,,Drainage System,Zilla Panchayat,12.75,,,,,,,,,Ongoing,24.26792977972084,synthetic,Synthetic Test Data,,,False,,,False,,,,False,False,W12320,24.27,LOW,No rule-based risk condition triggered,False,-0.0482,Normal,Isolation Forest,4.05,16.18,LOW,No significant risk indicator detected,LOW
,Lucknow,,Hemang Bava,W12372,,Road Construction,Public Works Department,30.31,,,,,,,,,Completed,24.256011092350366,synthetic,Synthetic Test Data,,,False,,,False,,,,False,False,W12372,24.26,LOW,No rule-based risk condition triggered,False,-0.0204,Normal,Isolation Forest,80.32,46.68,MEDIUM,No significant risk indicator detected,MEDIUM
,Pune,,Eesha Memon,W12566,,Street Lighting,Zilla Panchayat,5.66,,,,,,,,,Ongoing,24.213944355600724,synthetic,Synthetic Test Data,,,False,,,False,,,,False,False,W12566,24.21,LOW,No rule-based risk condition triggered,False,-0.0438,Normal,Isolation Forest,8.13,17.78,LOW,No significant risk indicator detected,LOW
,Nashik,,Ekansh Sami,W10663,,Street Lighting,District Rural Development Agency,1.05,,,,,,,,,Completed,24.203384409836872,synthetic,Synthetic Test Data,,,False,,,False,,,,False,False,W10663,24.2,LOW,No rule-based risk condition triggered,False,-0.0194,Normal,Isolation Forest,81.8,47.24,MEDIUM,No significant risk indicator detected,MEDIUM
,Thane,,Jagat Mangat,W10969,,School Building Repair,Public Works Department,4.86,,,,,,,,,Ongoing,24.19094824152297,synthetic,Synthetic Test Data,,,False,,,False,,,,False,False,W10969,24.19,LOW,No rule-based risk condition triggered,False,-0.03,Normal,Isolation Forest,53.93,36.09,LOW,No significant risk indicator detected,LOW
,Coimbatore,,Victor Venkataraman,W10075,,Road Construction,Municipal Corporation,30.24,,,,,,,,,Ongoing,24.157897411229783,synthetic,Synthetic Test Data,,,False,,,False,,,,False,False,W10075,24.16,LOW,No rule-based risk condition triggered,True,0.0011,Anomaly,Isolation Forest,95.15,52.56,MEDIUM,ML: Isolation Forest identified unusual project characteristics,MEDIUM
,Kolkata,,Widisha Yohannan,W12707,,Community Health Center,District Rural Development Agency,32.58,,,,,,,,,Completed,24.134644339229965,synthetic,Synthetic Test Data,,,False,,,False,,,,False,False,W12707,24.13,LOW,No rule-based risk condition triggered,False,-0.0285,Normal,Isolation Forest,60.0,38.48,LOW,No significant risk indicator detected,LOW
,Belagavi,,Jagat Mangat,W10613,,Drinking Water Supply,Municipal Corporation,12.11,,,,,,,,,Ongoing,24.13036229288282,synthetic,Synthetic Test Data,,,False,,,False,,,,False,False,W10613,24.13,LOW,No rule-based risk condition triggered,False,-0.0312,Normal,Isolation Forest,49.25,34.18,LOW,No significant risk indicator detected,LOW
,Pune,,Sanya Swamy,W12799,,Public Toilet Complex,Zilla Panchayat,3.58,,,,,,,,,Ongoing,24.117609775738597,synthetic,Synthetic Test Data,,,False,,,False,,,,False,False,W12799,24.12,LOW,No rule-based risk condition triggered,False,-0.0336,Normal,Isolation Forest,38.32,29.8,LOW,No significant risk indicator detected,LOW
,Varanasi,,Azaan Gupta,W12371,,Community Health Center,District Rural Development Agency,19.8,,,,,,,,,Ongoing,24.117484287798945,synthetic,Synthetic Test Data,,,False,,,False,,,,False,False,W12371,24.12,LOW,No rule-based risk condition triggered,False,-0.0267,Normal,Isolation Forest,66.17,40.94,MEDIUM,No significant risk indicator detected,MEDIUM
,Chennai,,Tanish Iyer,W11210,,Road Construction,District Rural Development Agency,34.64,,,,,,,,,Ongoing,24.11079396003864,synthetic,Synthetic Test Data,,,False,,,False,,,,False,False,W11210,24.11,LOW,No rule-based risk condition triggered,True,0.0137,Anomaly,Isolation Forest,98.13,53.72,MEDIUM,ML: Isolation Forest identified unusual project characteristics,MEDIUM
,Mysuru,,Ronith Zachariah,W11037,,Community Health Center,Zilla Panchayat,14.95,,,,,,,,,Ongoing,24.103750600316246,synthetic,Synthetic Test Data,,,False,,,False,,,,False,False,W11037,24.1,LOW,No rule-based risk condition triggered,False,-0.0289,Normal,Isolation Forest,58.82,37.99,LOW,No significant risk indicator detected,LOW
,Salem,,Lucky Prashad,W11947,,Road Construction,State Housing Board,12.16,,,,,,,,,Ongoing,24.10254214,synthetic,Synthetic Test Data,,,False,,,False,,,,False,False,W11947,24.1,LOW,No rule-based risk condition triggered,False,-0.0305,Normal,Isolation Forest,51.93,35.23,LOW,No significant risk indicator detected,LOW
,Salem,,Tanish Iyer,W11468,,Drainage System,State Housing Board,9.91,,,,,,,,,Completed,24.09425852643997,synthetic,Synthetic Test Data,,,False,,,False,,,,False,False,W11468,24.09,LOW,No rule-based risk condition triggered,False,-0.0434,Normal,Isolation Forest,8.77,17.96,LOW,No significant risk indicator detected,LOW
,Varanasi,,Ronith Zachariah,W10220,,Public Toilet Complex,Public Works Department,4.83,,,,,,,,,Ongoing,24.093843433120355,synthetic,Synthetic Test Data,,,False,,,False,,,,False,False,W10220,24.09,LOW,No rule-based risk condition triggered,False,-0.0356,Normal,Isolation Forest,30.08,26.49,LOW,No significant risk indicator detected,LOW
,Thane,,Meera Banerjee,W11884,,Community Health Center,State Housing Board,39.11,,,,,,,,,Completed,24.08398817749615,synthetic,Synthetic Test Data,,,False,,,False,,,,False,False,W11884,24.08,LOW,No rule-based risk condition triggered,True,0.0022,Anomaly,Isolation Forest,95.38,52.6,MEDIUM,ML: Isolation Forest identified unusual project characteristics,MEDIUM
,Varanasi,,Rayaan Mand,W11085,,Road Construction,State Housing Board,29.55,,,,,,,,,Ongoing,24.06297763398389,synthetic,Synthetic Test Data,,,False,,,False,,,,False,False,W11085,24.06,LOW,No rule-based risk condition triggered,False,-0.0131,Normal,Isolation Forest,88.7,49.92,MEDIUM,No significant risk indicator detected,MEDIUM
,Mysuru,,Gaurav Chandra,W10912,,Community Health Center,District Rural Development Agency,36.19,,,,,,,,,Ongoing,24.05414732032076,synthetic,Synthetic Test Data,,,False,,,False,,,,False,False,W10912,24.05,LOW,No rule-based risk condition triggered,False,-0.0096,Normal,Isolation Forest,91.32,50.96,MEDIUM,No significant risk indicator detected,MEDIUM
,Pune,,Advaith Gole,W11575,,Drinking Water Supply,Zilla Panchayat,9.7,,,,,,,,,Ongoing,24.0362780912702,synthetic,Synthetic Test Data,,,False,,,False,,,,False,False,W11575,24.04,LOW,No rule-based risk condition triggered,False,-0.0353,Normal,Isolation Forest,31.13,26.88,LOW,No significant risk indicator detected,LOW
,Kolkata,,Bachittar Choudhry,W12860,,Road Construction,Public Works Department,35.35,,,,,,,,,Ongoing,24.02285502116183,synthetic,Synthetic Test Data,,,False,,,False,,,,False,False,W12860,24.02,LOW,No rule-based risk condition triggered,False,-0.0143,Normal,Isolation Forest,87.6,49.45,MEDIUM,No significant risk indicator detected,MEDIUM
,Mysuru,,Varsha Morar,W10597,,Community Health Center,Public Works Department,33.61,,,,,,,,,Ongoing,24.01630101976924,synthetic,Synthetic Test Data,,,False,,,False,,,,False,False,W10597,24.02,LOW,No rule-based risk condition triggered,False,-0.0254,Normal,Isolation Forest,69.65,42.27,MEDIUM,No significant risk indicator detected,MEDIUM
,Kolkata,,Varsha Morar,W10423,,Road Construction,Public Works Department,27.52,,,,,,,,,Completed,24.00205415,synthetic,Synthetic Test Data,,,False,,,False,,,,False,False,W10423,24.0,LOW,No rule-based risk condition triggered,False,-0.0258,Normal,Isolation Forest,68.57,41.83,MEDIUM,No significant risk indicator detected,MEDIUM
,Thane,,Ekansh Sami,W11501,,Road Construction,Zilla Panchayat,17.54,,,,,,,,,Completed,24.00005605945944,synthetic,Synthetic Test Data,,,False,,,False,,,,False,False,W11501,24.0,LOW,No rule-based risk condition triggered,False,-0.0407,Normal,Isolation Forest,14.47,20.19,LOW,No significant risk indicator detected,LOW
,Pune,,Yamini Chand,W11586,,Drainage System,Zilla Panchayat,16.67,,,,,,,,,Completed,23.994183585534017,synthetic,Synthetic Test Data,,,False,,,False,,,,False,False,W11586,23.99,LOW,No rule-based risk condition triggered,False,-0.0349,Normal,Isolation Forest,32.65,27.45,LOW,No significant risk indicator detected,LOW
,Kolkata,,Advaith Gole,W12450,,Road Construction,Municipal Corporation,39.89,,,,,,,,,Completed,23.98778961753892,synthetic,Synthetic Test Data,,,False,,,False,,,,False,False,W12450,23.99,LOW,No rule-based risk condition triggered,True,0.0115,Anomaly,Isolation Forest,97.7,53.47,MEDIUM,ML: Isolation Forest identified unusual project characteristics,MEDIUM
,Asansol,,Gaurav Chandra,W10232,,Road Construction,State Housing Board,28.81,,,,,,,,,Completed,23.98469679565213,synthetic,Synthetic Test Data,,,False,,,False,,,,False,False,W10232,23.98,LOW,No rule-based risk condition triggered,False,-0.0087,Normal,Isolation Forest,91.68,51.06,MEDIUM,No significant risk indicator detected,MEDIUM
,Thane,,Jagat Mangat,W10233,,Community Health Center,State Housing Board,32.56,,,,,,,,,Ongoing,23.97968485506241,synthetic,Synthetic Test Data,,,False,,,False,,,,False,False,W10233,23.98,LOW,No rule-based risk condition triggered,False,-0.0127,Normal,Isolation Forest,89.1,50.03,MEDIUM,No significant risk indicator detected,MEDIUM
,Lucknow,,Widisha Yohannan,W12405,,Road Construction,Municipal Corporation,8.13,,,,,,,,,Completed,23.95432936127591,synthetic,Synthetic Test Data,,,False,,,False,,,,False,False,W12405,23.95,LOW,No rule-based risk condition triggered,False,-0.0178,Normal,Isolation Forest,84.12,48.02,MEDIUM,No significant risk indicator detected,MEDIUM
,Darjeeling,,Ronith Zachariah,W10658,,Road Construction,District Rural Development Agency,27.48,,,,,,,,,Completed,23.92231687989656,synthetic,Synthetic Test Data,,,False,,,False,,,,False,False,W10658,23.92,LOW,No rule-based risk condition triggered,False,-0.0041,Normal,Isolation Forest,93.57,51.78,MEDIUM,No significant risk indicator detected,MEDIUM
,Dharwad,,Yug Choudhry,W11957,,Community Health Center,Public Works Department,32.84,,,,,,,,,Ongoing,23.87565687979863,synthetic,Synthetic Test Data,,,False,,,False,,,,False,False,W11957,23.88,LOW,No rule-based risk condition triggered,False,-0.0257,Normal,Isolation Forest,68.93,41.9,MEDIUM,No significant risk indicator detected,MEDIUM
,Lucknow,,Leena Butala,W11848,,Community Health Center,District Rural Development Agency,31.79,,,,,,,,,Ongoing,23.869356149457538,synthetic,Synthetic Test Data,,,False,,,False,,,,False,False,W11848,23.87,LOW,No rule-based risk condition triggered,False,-0.0173,Normal,Isolation Forest,84.83,48.25,MEDIUM,No significant risk indicator detected,MEDIUM
,Pune,,Yamini Chand,W12700,,Drinking Water Supply,Zilla Panchayat,13.32,,,,,,,,,Ongoing,23.84160156274645,synthetic,Synthetic Test Data,,,False,,,False,,,,False,False,W12700,23.84,LOW,No rule-based risk condition triggered,False,-0.0413,Normal,Isolation Forest,12.42,19.27,LOW,No significant risk indicator detected,LOW
,Kolkata,,Ishwar Boase,W12821,,Drinking Water Supply,Municipal Corporation,12.51,,,,,,,,,Ongoing,23.793940312630458,synthetic,Synthetic Test Data,,,False,,,False,,,,False,False,W12821,23.79,LOW,No rule-based risk condition triggered,False,-0.0309,Normal,Isolation Forest,50.5,34.47,LOW,No significant risk indicator detected,LOW
,Asansol,,Lucky Prashad,W10152,,Community Health Center,District Rural Development Agency,33.21,,,,,,,,,Ongoing,23.760208633875017,synthetic,Synthetic Test Data,,,False,,,False,,,,False,False,W10152,23.76,LOW,No rule-based risk condition triggered,False,-0.0149,Normal,Isolation Forest,87.03,49.07,MEDIUM,No significant risk indicator detected,MEDIUM
,Darjeeling,,Krishna Pant,W12159,,Drinking Water Supply,District Rural Development Agency,10.85,,,,,,,,,Completed,23.760166608964443,synthetic,Synthetic Test Data,,,False,,,False,,,,False,False,W12159,23.76,LOW,No rule-based risk condition triggered,False,-0.0321,Normal,Isolation Forest,45.2,32.34,LOW,No significant risk indicator detected,LOW
,Dharwad,,Pallavi Krish,W12778,,Road Construction,Municipal Corporation,32.39,,,,,,,,,Ongoing,23.75848377749583,synthetic,Synthetic Test Data,,,False,,,False,,,,False,False,W12778,23.76,LOW,No rule-based risk condition triggered,True,0.0044,Anomaly,Isolation Forest,96.07,52.68,MEDIUM,ML: Isolation Forest identified unusual project characteristics,MEDIUM
,Chennai,,Owen Bansal,W11853,,Community Health Center,District Rural Development Agency,28.82,,,,,,,,,Completed,23.730100763708087,synthetic,Synthetic Test Data,,,False,,,False,,,,False,False,W11853,23.73,LOW,No rule-based risk condition triggered,False,-0.0312,Normal,Isolation Forest,49.25,33.94,LOW,No significant risk indicator detected,LOW
,Dharwad,,Deepa Gala,W12919,,Road Construction,Zilla Panchayat,36.22,,,,,,,,,Ongoing,23.678070592978813,synthetic,Synthetic Test Data,,,False,,,False,,,,False,False,W12919,23.68,LOW,No rule-based risk condition triggered,False,-0.0188,Normal,Isolation Forest,82.55,47.23,MEDIUM,No significant risk indicator detected,MEDIUM
,Kolkata,,Ria Ratta,W11871,,Community Health Center,Public Works Department,35.74,,,,,,,,,Ongoing,23.665985346433867,synthetic,Synthetic Test Data,,,False,,,False,,,,False,False,W11871,23.67,LOW,No rule-based risk condition triggered,False,-0.0222,Normal,Isolation Forest,76.47,44.79,MEDIUM,No significant risk indicator detected,MEDIUM
,Asansol,,Oliver Sarma,W12443,,Community Health Center,Municipal Corporation,38.43,,,,,,,,,Completed,23.656676451067607,synthetic,Synthetic Test Data,,,False,,,False,,,,False,False,W12443,23.66,LOW,No rule-based risk condition triggered,True,0.0064,Anomaly,Isolation Forest,96.73,52.89,MEDIUM,ML: Isolation Forest identified unusual project characteristics,MEDIUM
,Pune,,Jagat Mangat,W12139,,Community Health Center,Zilla Panchayat,11.06,,,,,,,,,Completed,23.636940268619668,synthetic,Synthetic Test Data,,,False,,,False,,,,False,False,W12139,23.64,LOW,No rule-based risk condition triggered,False,-0.0286,Normal,Isolation Forest,59.68,38.06,LOW,No significant risk indicator detected,LOW
,Nagpur,,Krishna Pant,W10953,,Road Construction,Public Works Department,17.48,,,,,,,,,Ongoing,23.629252328383814,synthetic,Synthetic Test Data,,,False,,,False,,,,False,False,W10953,23.63,LOW,No rule-based risk condition triggered,False,-0.0409,Normal,Isolation Forest,13.55,19.6,LOW,No significant risk indicator detected,LOW
,Thane,,Advaith Gole,W12348,,Street Lighting,State Housing Board,1.21,,,,,,,,,Completed,23.62624165111376,synthetic,Synthetic Test Data,,,False,,,False,,,,False,False,W12348,23.63,LOW,No rule-based risk condition triggered,False,-0.0226,Normal,Isolation Forest,75.92,44.55,MEDIUM,No significant risk indicator detected,MEDIUM
,Asansol,,Yadavi Deshmukh,W10002,,School Building Repair,Municipal Corporation,8.39,,,,,,,,,Ongoing,23.6183903432394,synthetic,Synthetic Test Data,,,False,,,False,,,,False,False,W10002,23.62,LOW,No rule-based risk condition triggered,False,-0.0367,Normal,Isolation Forest,25.68,24.44,LOW,No significant risk indicator detected,LOW
,Kanpur,,Meera Banerjee,W10915,,Road Construction,State Housing Board,31.71,,,,,,,,,Ongoing,23.57947381974676,synthetic,Synthetic Test Data,,,False,,,False,,,,False,False,W10915,23.58,LOW,No rule-based risk condition triggered,False,-0.0078,Normal,Isolation Forest,92.22,51.04,MEDIUM,No significant risk indicator detected,MEDIUM
,Varanasi,,Odika Naik,W12472,,Street Lighting,Public Works Department,2.86,,,,,,,,,Ongoing,23.576553609424806,synthetic,Synthetic Test Data,,,False,,,False,,,,False,False,W12472,23.58,LOW,No rule-based risk condition triggered,False,-0.0341,Normal,Isolation Forest,36.23,28.64,LOW,No significant risk indicator detected,LOW
,Nagpur,,Yutika Rana,W12914,,Community Health Center,Zilla Panchayat,27.29,,,,,,,,,Completed,23.54263579422864,synthetic,Synthetic Test Data,,,False,,,False,,,,False,False,W12914,23.54,LOW,No rule-based risk condition triggered,False,-0.0204,Normal,Isolation Forest,80.32,46.25,MEDIUM,No significant risk indicator detected,MEDIUM
,Pune,,Krishna Pant,W11073,,School Building Repair,Zilla Panchayat,3.29,,,,,,,,,Ongoing,23.53240288419166,synthetic,Synthetic Test Data,,,False,,,False,,,,False,False,W11073,23.53,LOW,No rule-based risk condition triggered,False,-0.0305,Normal,Isolation Forest,51.93,34.89,LOW,No significant risk indicator detected,LOW
,Madurai,,Azaan Gupta,W11172,,Public Toilet Complex,Public Works Department,2.02,,,,,,,,,Completed,23.52212074525784,synthetic,Synthetic Test Data,,,False,,,False,,,,False,False,W11172,23.52,LOW,No rule-based risk condition triggered,False,-0.0244,Normal,Isolation Forest,72.75,43.21,MEDIUM,No significant risk indicator detected,MEDIUM
,Kolkata,,Vanya Suresh,W10593,,Street Lighting,Zilla Panchayat,1.55,,,,,,,,,Ongoing,23.51979636053728,synthetic,Synthetic Test Data,,,False,,,False,,,,False,False,W10593,23.52,LOW,No rule-based risk condition triggered,False,-0.0376,Normal,Isolation Forest,23.17,23.38,LOW,No significant risk indicator detected,LOW
,Agra,,Triya Khatri,W12917,,Community Health Center,Municipal Corporation,16.09,,,,,,,,,Completed,23.51027561820025,synthetic,Synthetic Test Data,,,False,,,False,,,,False,False,W12917,23.51,LOW,No rule-based risk condition triggered,False,-0.0275,Normal,Isolation Forest,63.62,39.55,LOW,No significant risk indicator detected,LOW
,Agra,,Deepa Gala,W10079,,Community Health Center,District Rural Development Agency,23.63,,,,,,,,,Completed,23.498685225174448,synthetic,Synthetic Test Data,,,False,,,False,,,,False,False,W10079,23.5,LOW,No rule-based risk condition triggered,False,-0.0334,Normal,Isolation Forest,39.33,29.83,LOW,No significant risk indicator detected,LOW
,Bengaluru Urban,,Azaan Gupta,W12049,,Community Health Center,State Housing Board,30.81,,,,,,,,,Ongoing,23.479479007126727,synthetic,Synthetic Test Data,,,False,,,False,,,,False,False,W12049,23.48,LOW,No rule-based risk condition triggered,False,-0.0161,Normal,Isolation Forest,85.93,48.46,MEDIUM,No significant risk indicator detected,MEDIUM
,Kanpur,,Yutika Rana,W11039,,School Building Repair,Zilla Panchayat,7.24,,,,,,,,,Ongoing,23.4754659578122,synthetic,Synthetic Test Data,,,False,,,False,,,,False,False,W11039,23.48,LOW,No rule-based risk condition triggered,False,-0.0415,Normal,Isolation Forest,11.75,18.79,LOW,No significant risk indicator detected,LOW
,Pune,,Ekansh Sami,W12995,,Road Construction,Zilla Panchayat,24.01,,,,,,,,,Completed,23.46612734515863,synthetic,Synthetic Test Data,,,False,,,False,,,,False,False,W12995,23.47,LOW,No rule-based risk condition triggered,False,-0.0369,Normal,Isolation Forest,25.1,24.12,LOW,No significant risk indicator detected,LOW
,Madurai,,Yamini Chand,W12178,,Community Health Center,Public Works Department,36.3,,,,,,,,,Ongoing,23.443023492215765,synthetic,Synthetic Test Data,,,False,,,False,,,,False,False,W12178,23.44,LOW,No rule-based risk condition triggered,False,-0.0211,Normal,Isolation Forest,78.95,45.64,MEDIUM,No significant risk indicator detected,MEDIUM
,Lucknow,,Leena Butala,W10700,,Road Construction,State Housing Board,39.69,,,,,,,,,Completed,23.41108866180403,synthetic,Synthetic Test Data,,,False,,,False,,,,False,False,W10700,23.41,LOW,No rule-based risk condition triggered,True,0.0185,Anomaly,Isolation Forest,99.03,53.66,MEDIUM,ML: Isolation Forest identified unusual project characteristics,MEDIUM
,Asansol,,Ishwar Boase,W12740,,Road Construction,Public Works Department,32.88,,,,,,,,,Ongoing,23.406187345708556,synthetic,Synthetic Test Data,,,False,,,False,,,,False,False,W12740,23.41,LOW,No rule-based risk condition triggered,False,-0.0213,Normal,Isolation Forest,78.35,45.39,MEDIUM,No significant risk indicator detected,MEDIUM
,Asansol,,Yadavi Deshmukh,W10662,,Community Health Center,Public Works Department,40.93,,,,,,,,,Ongoing,23.40616875194385,synthetic,Synthetic Test Data,,,False,,,False,,,,False,False,W10662,23.41,LOW,No rule-based risk condition triggered,False,-0.0051,Normal,Isolation Forest,93.3,51.37,MEDIUM,No significant risk indicator detected,MEDIUM
,Coimbatore,,Owen Bansal,W11548,,Community Health Center,District Rural Development Agency,21.27,,,,,,,,,Completed,23.402781408048117,synthetic,Synthetic Test Data,,,False,,,False,,,,False,False,W11548,23.4,LOW,No rule-based risk condition triggered,False,-0.0349,Normal,Isolation Forest,32.65,27.1,LOW,No significant risk indicator detected,LOW
,Belagavi,,Yutika Rana,W11036,,Public Toilet Complex,Municipal Corporation,3.12,,,,,,,,,Completed,23.38890714975368,synthetic,Synthetic Test Data,,,False,,,False,,,,False,False,W11036,23.39,LOW,No rule-based risk condition triggered,False,-0.0304,Normal,Isolation Forest,52.4,34.99,LOW,No significant risk indicator detected,LOW
,Kolkata,,Sanya Swamy,W10821,,Road Construction,Zilla Panchayat,30.92,,,,,,,,,Ongoing,23.38663584006597,synthetic,Synthetic Test Data,,,False,,,False,,,,False,False,W10821,23.39,LOW,No rule-based risk condition triggered,False,-0.033,Normal,Isolation Forest,41.18,30.51,LOW,No significant risk indicator detected,LOW
,Pune,,Vanya Suresh,W12582,,Public Toilet Complex,Zilla Panchayat,3.87,,,,,,,,,Ongoing,23.378939991953523,synthetic,Synthetic Test Data,,,False,,,False,,,,False,False,W12582,23.38,LOW,No rule-based risk condition triggered,False,-0.0357,Normal,Isolation Forest,29.8,25.95,LOW,No significant risk indicator detected,LOW
,Darjeeling,,Widisha Yohannan,W10851,,Street Lighting,Public Works Department,2.7,,,,,,,,,Ongoing,23.34424540490745,synthetic,Synthetic Test Data,,,False,,,False,,,,False,False,W10851,23.34,LOW,No rule-based risk condition triggered,False,-0.0327,Normal,Isolation Forest,42.53,31.02,LOW,No significant risk indicator detected,LOW
,Varanasi,,Gabriel Thaman,W12039,,Community Health Center,State Housing Board,43.97,,,,,,,,,Ongoing,23.342586323639203,synthetic,Synthetic Test Data,,,False,,,False,,,,False,False,W12039,23.34,LOW,No rule-based risk condition triggered,True,0.0099,Anomaly,Isolation Forest,97.33,52.94,MEDIUM,ML: Isolation Forest identified unusual project characteristics,MEDIUM
,Pune,,Vanya Suresh,W11658,,Drainage System,Zilla Panchayat,4.23,,,,,,,,,Completed,23.302072983070847,synthetic,Synthetic Test Data,,,False,,,False,,,,False,False,W11658,23.3,LOW,No rule-based risk condition triggered,False,-0.0457,Normal,Isolation Forest,6.15,16.44,LOW,No significant risk indicator detected,LOW
,Dharwad,,Varsha Morar,W12963,,Street Lighting,Municipal Corporation,1.63,,,,,,,,,Completed,23.291653735489984,synthetic,Synthetic Test Data,,,False,,,False,,,,False,False,W12963,23.29,LOW,No rule-based risk condition triggered,False,-0.0104,Normal,Isolation Forest,90.62,50.22,MEDIUM,No significant risk indicator detected,MEDIUM
,Kanpur,,Nicholas Gour,W11130,,Road Construction,Public Works Department,29.85,,,,,,,,,Completed,23.29160039726541,synthetic,Synthetic Test Data,,,False,,,False,,,,False,False,W11130,23.29,LOW,No rule-based risk condition triggered,False,-0.0207,Normal,Isolation Forest,79.65,45.83,MEDIUM,No significant risk indicator detected,MEDIUM
,Agra,,Yutika Rana,W10442,,Drainage System,Municipal Corporation,17.64,,,,,,,,,Completed,23.287413657456668,synthetic,Synthetic Test Data,,,False,,,False,,,,False,False,W10442,23.29,LOW,No rule-based risk condition triggered,False,-0.0133,Normal,Isolation Forest,88.58,49.41,MEDIUM,No significant risk indicator detected,MEDIUM
,Salem,,Tanish Iyer,W12376,,Community Health Center,District Rural Development Agency,27.66,,,,,,,,,Ongoing,23.281421927595176,synthetic,Synthetic Test Data,,,False,,,False,,,,False,False,W12376,23.28,LOW,No rule-based risk condition triggered,False,-0.0192,Normal,Isolation Forest,82.03,46.78,MEDIUM,No significant risk indicator detected,MEDIUM
,Pune,,Ishwar Boase,W12374,,School Building Repair,Zilla Panchayat,10.63,,,,,,,,,Ongoing,23.256088506144145,synthetic,Synthetic Test Data,,,False,,,False,,,,False,False,W12374,23.26,LOW,No rule-based risk condition triggered,False,-0.0401,Normal,Isolation Forest,15.92,20.32,LOW,No significant risk indicator detected,LOW
,Agra,,Odika Naik,W11430,,Community Health Center,Zilla Panchayat,17.95,,,,,,,,,Completed,23.20622267415486,synthetic,Synthetic Test Data,,,False,,,False,,,,False,False,W11430,23.21,LOW,No rule-based risk condition triggered,False,-0.0303,Normal,Isolation Forest,52.8,35.05,LOW,No significant risk indicator detected,LOW
,Nashik,,Mugdha Varty,W12191,,Road Construction,Municipal Corporation,35.98,,,,,,,,,Completed,23.197970916116727,synthetic,Synthetic Test Data,,,False,,,False,,,,False,False,W12191,23.2,LOW,No rule-based risk condition triggered,True,0.0002,Anomaly,Isolation Forest,95.05,51.94,MEDIUM,ML: Isolation Forest identified unusual project characteristics,MEDIUM
,Salem,,Gabriel Thaman,W12548,,Community Health Center,District Rural Development Agency,42.92,,,,,,,,,Completed,23.17643203,synthetic,Synthetic Test Data,,,False,,,False,,,,False,False,W12548,23.18,LOW,No rule-based risk condition triggered,False,-0.0002,Normal,Isolation Forest,94.93,51.88,MEDIUM,No significant risk indicator detected,MEDIUM
,Kolkata,,Jagat Mangat,W11457,,Road Construction,Public Works Department,31.43,,,,,,,,,Ongoing,23.169280670467064,synthetic,Synthetic Test Data,,,False,,,False,,,,False,False,W11457,23.17,LOW,No rule-based risk condition triggered,False,-0.022,Normal,Isolation Forest,76.8,44.62,MEDIUM,No significant risk indicator detected,MEDIUM
,Agra,,Vrinda Biswas,W11020,,Road Construction,Public Works Department,38.74,,,,,,,,,Completed,23.135647027060347,synthetic,Synthetic Test Data,,,False,,,False,,,,False,False,W11020,23.14,LOW,No rule-based risk condition triggered,True,0.003,Anomaly,Isolation Forest,95.62,52.13,MEDIUM,ML: Isolation Forest identified unusual project characteristics,MEDIUM
,Nashik,,Lucky Prashad,W10389,,Public Toilet Complex,District Rural Development Agency,4.46,,,,,,,,,Ongoing,23.121433988272223,synthetic,Synthetic Test Data,,,False,,,False,,,,False,False,W10389,23.12,LOW,No rule-based risk condition triggered,False,-0.0311,Normal,Isolation Forest,49.75,33.77,LOW,No significant risk indicator detected,LOW
,Chennai,,Owen Bala,W11544,,Community Health Center,Public Works Department,22.74,,,,,,,,,Ongoing,23.11180452876696,synthetic,Synthetic Test Data,,,False,,,False,,,,False,False,W11544,23.11,LOW,No rule-based risk condition triggered,False,-0.0277,Normal,Isolation Forest,62.88,39.02,LOW,No significant risk indicator detected,LOW
,Madurai,,Sanya Swamy,W11060,,Street Lighting,Public Works Department,1.6,,,,,,,,,Ongoing,23.094131513036032,synthetic,Synthetic Test Data,,,False,,,False,,,,False,False,W11060,23.09,LOW,No rule-based risk condition triggered,False,-0.0249,Normal,Isolation Forest,71.12,42.3,MEDIUM,No significant risk indicator detected,MEDIUM
,Darjeeling,,Victor Venkataraman,W10129,,Community Health Center,Zilla Panchayat,30.22,,,,,,,,,Completed,23.093784721876588,synthetic,Synthetic Test Data,,,False,,,False,,,,False,False,W10129,23.09,LOW,No rule-based risk condition triggered,False,-0.017,Normal,Isolation Forest,85.08,47.89,MEDIUM,No significant risk indicator detected,MEDIUM
,Kanpur,,Ekansh Sami,W10721,,Community Health Center,Municipal Corporation,24.3,,,,,,,,,Ongoing,23.089453762562584,synthetic,Synthetic Test Data,,,False,,,False,,,,False,False,W10721,23.09,LOW,No rule-based risk condition triggered,False,-0.0139,Normal,Isolation Forest,88.07,49.08,MEDIUM,No significant risk indicator detected,MEDIUM
,Thane,,Oliver Sarma,W12553,,Road Construction,Zilla Panchayat,18.34,,,,,,,,,Completed,23.064613394415595,synthetic,Synthetic Test Data,,,False,,,False,,,,False,False,W12553,23.06,LOW,No rule-based risk condition triggered,False,-0.0413,Normal,Isolation Forest,12.42,18.8,LOW,No significant risk indicator detected,LOW
,Pune,,Ria Ratta,W11606,,Drinking Water Supply,Zilla Panchayat,9.82,,,,,,,,,Ongoing,23.03566331823304,synthetic,Synthetic Test Data,,,False,,,False,,,,False,False,W11606,23.04,LOW,No rule-based risk condition triggered,False,-0.0354,Normal,Isolation Forest,30.77,26.13,LOW,No significant risk indicator detected,LOW
,Agra,,Tanish Iyer,W11807,,Drainage System,State Housing Board,11.29,,,,,,,,,Ongoing,23.020822160536035,synthetic,Synthetic Test Data,,,False,,,False,,,,False,False,W11807,23.02,LOW,No rule-based risk condition triggered,False,-0.0389,Normal,Isolation Forest,19.63,21.66,LOW,No significant risk indicator detected,LOW
,Pune,,Yadavi Deshmukh,W12996,,Road Construction,Zilla Panchayat,23.78,,,,,,,,,Completed,23.006548662437037,synthetic,Synthetic Test Data,,,False,,,False,,,,False,False,W12996,23.01,LOW,No rule-based risk condition triggered,False,-0.0376,Normal,Isolation Forest,23.17,23.07,LOW,No significant risk indicator detected,LOW
,Pune,,Oliver Sarma,W10807,,Drinking Water Supply,Zilla Panchayat,5.5,,,,,,,,,Ongoing,22.943708758975013,synthetic,Synthetic Test Data,,,False,,,False,,,,False,False,W10807,22.94,LOW,No rule-based risk condition triggered,False,-0.0317,Normal,Isolation Forest,47.08,32.6,LOW,No significant risk indicator detected,LOW
,Salem,,Hemang Bava,W11630,,Community Health Center,Public Works Department,30.28,,,,,,,,,Completed,22.922257235227704,synthetic,Synthetic Test Data,,,False,,,False,,,,False,False,W11630,22.92,LOW,No rule-based risk condition triggered,False,-0.0199,Normal,Isolation Forest,81.1,46.19,MEDIUM,No significant risk indicator detected,MEDIUM
,Pune,,Ishwar Boase,W12224,,Public Toilet Complex,Zilla Panchayat,4.21,,,,,,,,,Completed,22.908100735824696,synthetic,Synthetic Test Data,,,False,,,False,,,,False,False,W12224,22.91,LOW,No rule-based risk condition triggered,False,-0.0524,Normal,Isolation Forest,1.7,14.43,LOW,No significant risk indicator detected,LOW
,Pune,,Eesha Memon,W12942,,School Building Repair,Zilla Panchayat,13.91,,,,,,,,,Ongoing,22.886579320328305,synthetic,Synthetic Test Data,,,False,,,False,,,,False,False,W12942,22.89,LOW,No rule-based risk condition triggered,False,-0.0298,Normal,Isolation Forest,54.83,35.67,LOW,No significant risk indicator detected,LOW
,Lucknow,,Meera Banerjee,W12172,,Drinking Water Supply,District Rural Development Agency,17.73,,,,,,,,,Ongoing,22.884513343675955,synthetic,Synthetic Test Data,,,False,,,False,,,,False,False,W12172,22.88,LOW,No rule-based risk condition triggered,False,-0.0232,Normal,Isolation Forest,75.13,43.78,MEDIUM,No significant risk indicator detected,MEDIUM
,Pune,,Lucky Prashad,W11068,,School Building Repair,Zilla Panchayat,3.86,,,,,,,,,Ongoing,22.871172470425197,synthetic,Synthetic Test Data,,,False,,,False,,,,False,False,W11068,22.87,LOW,No rule-based risk condition triggered,False,-0.0353,Normal,Isolation Forest,31.13,26.17,LOW,No significant risk indicator detected,LOW
,Chennai,,Ishwar Boase,W11072,,Road Construction,District Rural Development Agency,33.87,,,,,,,,,Completed,22.849621399961556,synthetic,Synthetic Test Data,,,False,,,False,,,,False,False,W11072,22.85,LOW,No rule-based risk condition triggered,True,0.0056,Anomaly,Isolation Forest,96.37,52.26,MEDIUM,ML: Isolation Forest identified unusual project characteristics,MEDIUM
,Varanasi,,Leena Butala,W11799,,Community Health Center,Municipal Corporation,41.68,,,,,,,,,Completed,22.84601289482221,synthetic,Synthetic Test Data,,,False,,,False,,,,False,False,W11799,22.85,LOW,No rule-based risk condition triggered,True,0.0134,Anomaly,Isolation Forest,98.08,52.94,MEDIUM,ML: Isolation Forest identified unusual project characteristics,MEDIUM
,Pune,,Nicholas Gour,W11237,,Drinking Water Supply,Zilla Panchayat,15.61,,,,,,,,,Completed,22.840677689235424,synthetic,Synthetic Test Data,,,False,,,False,,,,False,False,W11237,22.84,LOW,No rule-based risk condition triggered,False,-0.0399,Normal,Isolation Forest,16.53,20.32,LOW,No significant risk indicator detected,LOW
,Lucknow,,Harrison Kapur,W10127,,Road Construction,Zilla Panchayat,39.95,,,,,,,,,Completed,22.838485844662564,synthetic,Synthetic Test Data,,,False,,,False,,,,False,False,W10127,22.84,LOW,No rule-based risk condition triggered,False,-0.0042,Normal,Isolation Forest,93.53,51.12,MEDIUM,No significant risk indicator detected,MEDIUM
,Pune,,Eesha Memon,W10419,,Drainage System,Zilla Panchayat,5.39,,,,,,,,,Completed,22.835571120348064,synthetic,Synthetic Test Data,,,False,,,False,,,,False,False,W10419,22.84,LOW,No rule-based risk condition triggered,False,-0.0496,Normal,Isolation Forest,3.23,15.0,LOW,No significant risk indicator detected,LOW
,Dharwad,,Mugdha Varty,W12102,,Drinking Water Supply,Public Works Department,13.24,,,,,,,,,Ongoing,22.823633098002546,synthetic,Synthetic Test Data,,,False,,,False,,,,False,False,W12102,22.82,LOW,No rule-based risk condition triggered,False,-0.0333,Normal,Isolation Forest,39.88,29.64,LOW,No significant risk indicator detected,LOW
,Kanpur,,Eesha Memon,W12346,,School Building Repair,State Housing Board,7.0,,,,,,,,,Completed,22.822161007794676,synthetic,Synthetic Test Data,,,False,,,False,,,,False,False,W12346,22.82,LOW,No rule-based risk condition triggered,False,-0.0485,Normal,Isolation Forest,3.9,15.25,LOW,No significant risk indicator detected,LOW
,Bengaluru Urban,,Mugdha Varty,W10727,,Community Health Center,Municipal Corporation,35.55,,,,,,,,,Completed,22.82199840258177,synthetic,Synthetic Test Data,,,False,,,False,,,,False,False,W10727,22.82,LOW,No rule-based risk condition triggered,False,-0.0007,Normal,Isolation Forest,94.73,51.58,MEDIUM,No significant risk indicator detected,MEDIUM
,Thane,,Odika Naik,W12304,,Community Health Center,Public Works Department,40.42,,,,,,,,,Completed,22.821743203726875,synthetic,Synthetic Test Data,,,False,,,False,,,,False,False,W12304,22.82,LOW,No rule-based risk condition triggered,False,-0.0035,Normal,Isolation Forest,93.87,51.24,MEDIUM,No significant risk indicator detected,MEDIUM
,Asansol,,Vrinda Biswas,W12094,,Public Toilet Complex,Municipal Corporation,2.03,,,,,,,,,Completed,22.819462087464007,synthetic,Synthetic Test Data,,,False,,,False,,,,False,False,W12094,22.82,LOW,No rule-based risk condition triggered,False,-0.0244,Normal,Isolation Forest,72.75,42.79,MEDIUM,No significant risk indicator detected,MEDIUM
,Kanpur,,Odika Naik,W11189,,Drinking Water Supply,Municipal Corporation,8.88,,,,,,,,,Completed,22.799646403490527,synthetic,Synthetic Test Data,,,False,,,False,,,,False,False,W11189,22.8,LOW,No rule-based risk condition triggered,False,-0.03,Normal,Isolation Forest,53.93,35.25,LOW,No significant risk indicator detected,LOW
,Nagpur,,Onveer Kata,W11267,,Drinking Water Supply,Municipal Corporation,19.03,,,,,,,,,Completed,22.778846136332803,synthetic,Synthetic Test Data,,,False,,,False,,,,False,False,W11267,22.78,LOW,No rule-based risk condition triggered,False,-0.0176,Normal,Isolation Forest,84.32,47.4,MEDIUM,No significant risk indicator detected,MEDIUM
,Lucknow,,Rayaan Mand,W12134,,Road Construction,Public Works Department,22.4,,,,,,,,,Completed,22.77020076461141,synthetic,Synthetic Test Data,,,False,,,False,,,,False,False,W12134,22.77,LOW,No rule-based risk condition triggered,False,-0.0331,Normal,Isolation Forest,40.7,29.94,LOW,No significant risk indicator detected,LOW
,Kolkata,,Eesha Memon,W12777,,School Building Repair,District Rural Development Agency,9.65,,,,,,,,,Completed,22.736333007788023,synthetic,Synthetic Test Data,,,False,,,False,,,,False,False,W12777,22.74,LOW,No rule-based risk condition triggered,False,-0.0314,Normal,Isolation Forest,48.37,32.99,LOW,No significant risk indicator detected,LOW
,Pune,,Victor Venkataraman,W12023,,School Building Repair,Zilla Panchayat,14.71,,,,,,,,,Ongoing,22.71738138158856,synthetic,Synthetic Test Data,,,False,,,False,,,,False,False,W12023,22.72,LOW,No rule-based risk condition triggered,False,-0.0275,Normal,Isolation Forest,63.62,39.08,LOW,No significant risk indicator detected,LOW
,Pune,,Ekansh Sami,W10552,,School Building Repair,Zilla Panchayat,4.28,,,,,,,,,Completed,22.70193534915204,synthetic,Synthetic Test Data,,,False,,,False,,,,False,False,W10552,22.7,LOW,No rule-based risk condition triggered,False,-0.0496,Normal,Isolation Forest,3.23,14.91,LOW,No significant risk indicator detected,LOW
,Nashik,,Owen Bala,W11211,,Road Construction,Zilla Panchayat,29.46,,,,,,,,,Ongoing,22.69471160958731,synthetic,Synthetic Test Data,,,False,,,False,,,,False,False,W11211,22.69,LOW,No rule-based risk condition triggered,False,-0.0358,Normal,Isolation Forest,29.37,25.36,LOW,No significant risk indicator detected,LOW
,Pune,,Widisha Yohannan,W10097,,Drinking Water Supply,Zilla Panchayat,16.36,,,,,,,,,Completed,22.68540959473669,synthetic,Synthetic Test Data,,,False,,,False,,,,False,False,W10097,22.69,LOW,No rule-based risk condition triggered,False,-0.0376,Normal,Isolation Forest,23.17,22.88,LOW,No significant risk indicator detected,LOW
,Nagpur,,Yadavi Deshmukh,W10334,,School Building Repair,Zilla Panchayat,3.08,,,,,,,,,Ongoing,22.68429091382036,synthetic,Synthetic Test Data,,,False,,,False,,,,False,False,W10334,22.68,LOW,No rule-based risk condition triggered,False,-0.0285,Normal,Isolation Forest,60.0,37.61,LOW,No significant risk indicator detected,LOW
,Thane,,Ria Ratta,W12090,,Public Toilet Complex,Public Works Department,6.82,,,,,,,,,Ongoing,22.68211263975607,synthetic,Synthetic Test Data,,,False,,,False,,,,False,False,W12090,22.68,LOW,No rule-based risk condition triggered,False,-0.0306,Normal,Isolation Forest,51.43,34.18,LOW,No significant risk indicator detected,LOW
,Bengaluru Urban,,Sanya Swamy,W10611,,Community Health Center,District Rural Development Agency,35.02,,,,,,,,,Completed,22.65182410962601,synthetic,Synthetic Test Data,,,False,,,False,,,,False,False,W10611,22.65,LOW,No rule-based risk condition triggered,False,-0.0208,Normal,Isolation Forest,79.5,45.39,MEDIUM,No significant risk indicator detected,MEDIUM
,Pune,,Vanya Suresh,W12650,,Drainage System,Zilla Panchayat,12.31,,,,,,,,,Completed,22.632761691029145,synthetic,Synthetic Test Data,,,False,,,False,,,,False,False,W12650,22.63,LOW,No rule-based risk condition triggered,False,-0.0488,Normal,Isolation Forest,3.82,15.11,LOW,No significant risk indicator detected,LOW
,Kolkata,,Owen Bansal,W11029,,Road Construction,State Housing Board,31.02,,,,,,,,,Completed,22.60164532516689,synthetic,Synthetic Test Data,,,False,,,False,,,,False,False,W11029,22.6,LOW,No rule-based risk condition triggered,False,-0.0006,Normal,Isolation Forest,94.85,51.5,MEDIUM,No significant risk indicator detected,MEDIUM
,Salem,,Oliver Sarma,W12759,,School Building Repair,Public Works Department,14.01,,,,,,,,,Completed,22.59917221317186,synthetic,Synthetic Test Data,,,False,,,False,,,,False,False,W12759,22.6,LOW,No rule-based risk condition triggered,False,-0.0313,Normal,Isolation Forest,48.77,33.07,LOW,No significant risk indicator detected,LOW
,Dharwad,,Vanya Suresh,W11487,,Community Health Center,Public Works Department,38.17,,,,,,,,,Completed,22.56673696257118,synthetic,Synthetic Test Data,,,False,,,False,,,,False,False,W11487,22.57,LOW,No rule-based risk condition triggered,False,-0.0105,Normal,Isolation Forest,90.47,49.73,MEDIUM,No significant risk indicator detected,MEDIUM
,Nagpur,,Deepa Gala,W12046,,Drainage System,State Housing Board,16.04,,,,,,,,,Completed,22.551705566614324,synthetic,Synthetic Test Data,,,False,,,False,,,,False,False,W12046,22.55,LOW,No rule-based risk condition triggered,False,-0.0276,Normal,Isolation Forest,63.3,38.85,LOW,No significant risk indicator detected,LOW
,Nashik,,Rayaan Mand,W11577,,School Building Repair,Zilla Panchayat,12.49,,,,,,,,,Ongoing,22.53294074491432,synthetic,Synthetic Test Data,,,False,,,False,,,,False,False,W11577,22.53,LOW,No rule-based risk condition triggered,False,-0.0342,Normal,Isolation Forest,35.78,27.83,LOW,No significant risk indicator detected,LOW
,Pune,,Azaan Gupta,W11706,,Community Health Center,Zilla Panchayat,15.04,,,,,,,,,Ongoing,22.513556892111826,synthetic,Synthetic Test Data,,,False,,,False,,,,False,False,W11706,22.51,LOW,No rule-based risk condition triggered,False,-0.029,Normal,Isolation Forest,58.33,36.84,LOW,No significant risk indicator detected,LOW
,Pune,,Vanya Suresh,W10782,,School Building Repair,Zilla Panchayat,5.57,,,,,,,,,Completed,22.48655566856312,synthetic,Synthetic Test Data,,,False,,,False,,,,False,False,W10782,22.49,LOW,No rule-based risk condition triggered,False,-0.0535,Normal,Isolation Forest,0.9,13.85,LOW,No significant risk indicator detected,LOW
,Pune,,Yutika Rana,W11163,,School Building Repair,Zilla Panchayat,5.63,,,,,,,,,Ongoing,22.48304237207868,synthetic,Synthetic Test Data,,,False,,,False,,,,False,False,W11163,22.48,LOW,No rule-based risk condition triggered,False,-0.0406,Normal,Isolation Forest,14.82,19.42,LOW,No significant risk indicator detected,LOW
,Nashik,,Odika Naik,W11876,,Road Construction,Municipal Corporation,28.96,,,,,,,,,Ongoing,22.48248514174261,synthetic,Synthetic Test Data,,,False,,,False,,,,False,False,W11876,22.48,LOW,No rule-based risk condition triggered,True,0.0006,Anomaly,Isolation Forest,95.1,51.53,MEDIUM,ML: Isolation Forest identified unusual project characteristics,MEDIUM
,Madurai,,Hemang Bava,W10005,,Street Lighting,District Rural Development Agency,1.96,,,,,,,,,Ongoing,22.47291721008396,synthetic,Synthetic Test Data,,,False,,,False,,,,False,False,W10005,22.47,LOW,No rule-based risk condition triggered,False,-0.0261,Normal,Isolation Forest,67.72,40.57,MEDIUM,No significant risk indicator detected,MEDIUM
,Pune,,Eesha Memon,W12087,,School Building Repair,Zilla Panchayat,13.64,,,,,,,,,Ongoing,22.430244866789632,synthetic,Synthetic Test Data,,,False,,,False,,,,False,False,W12087,22.43,LOW,No rule-based risk condition triggered,False,-0.0323,Normal,Isolation Forest,44.33,31.19,LOW,No significant risk indicator detected,LOW
,Coimbatore,,Yamini Chand,W10929,,Street Lighting,Municipal Corporation,5.37,,,,,,,,,Ongoing,22.42342269004324,synthetic,Synthetic Test Data,,,False,,,False,,,,False,False,W10929,22.42,LOW,No rule-based risk condition triggered,False,-0.0212,Normal,Isolation Forest,78.55,44.87,MEDIUM,No significant risk indicator detected,MEDIUM
,Pune,,Meera Banerjee,W12422,,Road Construction,District Rural Development Agency,15.55,,,,,,,,,Completed,22.396125219483107,synthetic,Synthetic Test Data,,,False,,,False,,,,False,False,W12422,22.4,LOW,No rule-based risk condition triggered,False,-0.0166,Normal,Isolation Forest,85.48,47.63,MEDIUM,No significant risk indicator detected,MEDIUM
,Thane,,Owen Bala,W10299,,Road Construction,Public Works Department,30.76,,,,,,,,,Completed,22.354867492444797,synthetic,Synthetic Test Data,,,False,,,False,,,,False,False,W10299,22.35,LOW,No rule-based risk condition triggered,False,-0.0187,Normal,Isolation Forest,82.72,46.5,MEDIUM,No significant risk indicator detected,MEDIUM
,Pune,,Rayaan Mand,W12882,,Drainage System,Zilla Panchayat,12.04,,,,,,,,,Completed,22.333884046653097,synthetic,Synthetic Test Data,,,False,,,False,,,,False,False,W12882,22.33,LOW,No rule-based risk condition triggered,False,-0.0498,Normal,Isolation Forest,2.98,14.59,LOW,No significant risk indicator detected,LOW
,Varanasi,,Krishna Pant,W12994,,Street Lighting,District Rural Development Agency,2.12,,,,,,,,,Ongoing,22.32585711535321,synthetic,Synthetic Test Data,,,False,,,False,,,,False,False,W12994,22.33,LOW,No rule-based risk condition triggered,False,-0.0273,Normal,Isolation Forest,64.32,39.13,LOW,No significant risk indicator detected,LOW
,Kolkata,,Vanya Suresh,W12079,,Public Toilet Complex,State Housing Board,2.12,,,,,,,,,Completed,22.320862146155893,synthetic,Synthetic Test Data,,,False,,,False,,,,False,False,W12079,22.32,LOW,No rule-based risk condition triggered,False,-0.0195,Normal,Isolation Forest,81.5,45.99,MEDIUM,No significant risk indicator detected,MEDIUM
,Darjeeling,,Meera Banerjee,W12487,,Community Health Center,State Housing Board,29.29,,,,,,,,,Ongoing,22.31177024230009,synthetic,Synthetic Test Data,,,False,,,False,,,,False,False,W12487,22.31,LOW,No rule-based risk condition triggered,False,-0.019,Normal,Isolation Forest,82.35,46.33,MEDIUM,No significant risk indicator detected,MEDIUM
,Pune,,Christopher Kadakia,W10408,,Drinking Water Supply,Zilla Panchayat,15.38,,,,,,,,,Completed,22.30410665162737,synthetic,Synthetic Test Data,,,False,,,False,,,,False,False,W10408,22.3,LOW,No rule-based risk condition triggered,False,-0.0407,Normal,Isolation Forest,14.47,19.17,LOW,No significant risk indicator detected,LOW
,Salem,,Owen Bansal,W11972,,Community Health Center,Municipal Corporation,31.87,,,,,,,,,Ongoing,22.276590336494543,synthetic,Synthetic Test Data,,,False,,,False,,,,False,False,W11972,22.28,LOW,No rule-based risk condition triggered,False,-0.0066,Normal,Isolation Forest,92.73,50.46,MEDIUM,No significant risk indicator detected,MEDIUM
,Thane,,Vanya Suresh,W10293,,Community Health Center,State Housing Board,33.86,,,,,,,,,Ongoing,22.256088321512586,synthetic,Synthetic Test Data,,,False,,,False,,,,False,False,W10293,22.26,LOW,No rule-based risk condition triggered,False,-0.0098,Normal,Isolation Forest,91.05,49.78,MEDIUM,No significant risk indicator detected,MEDIUM
,Pune,,Tanish Iyer,W12402,,School Building Repair,Zilla Panchayat,12.78,,,,,,,,,Ongoing,22.251620130937635,synthetic,Synthetic Test Data,,,False,,,False,,,,False,False,W12402,22.25,LOW,No rule-based risk condition triggered,False,-0.0339,Normal,Isolation Forest,37.15,28.21,LOW,No significant risk indicator detected,LOW
,Nashik,,Victor Venkataraman,W12352,,School Building Repair,Zilla Panchayat,4.11,,,,,,,,,Ongoing,22.23233719595983,synthetic,Synthetic Test Data,,,False,,,False,,,,False,False,W12352,22.23,LOW,No rule-based risk condition triggered,False,-0.0385,Normal,Isolation Forest,20.82,21.67,LOW,No significant risk indicator detected,LOW
,Nashik,,Tanish Iyer,W10093,,Street Lighting,Municipal Corporation,1.66,,,,,,,,,Completed,22.214028792599024,synthetic,Synthetic Test Data,,,False,,,False,,,,False,False,W10093,22.21,LOW,No rule-based risk condition triggered,False,-0.0104,Normal,Isolation Forest,90.62,49.57,MEDIUM,No significant risk indicator detected,MEDIUM
,Bengaluru Urban,,Vanya Suresh,W11093,,Road Construction,Municipal Corporation,17.69,,,,,,,,,Ongoing,22.21142832,synthetic,Synthetic Test Data,,,False,,,False,,,,False,False,W11093,22.21,LOW,No rule-based risk condition triggered,False,-0.0104,Normal,Isolation Forest,90.62,49.57,MEDIUM,No significant risk indicator detected,MEDIUM
,Darjeeling,,Deepa Gala,W12766,,Road Construction,District Rural Development Agency,30.49,,,,,,,,,Ongoing,22.185176795321222,synthetic,Synthetic Test Data,,,False,,,False,,,,False,False,W12766,22.19,LOW,No rule-based risk condition triggered,True,0.0031,Anomaly,Isolation Forest,95.68,51.59,MEDIUM,ML: Isolation Forest identified unusual project characteristics,MEDIUM
,Nagpur,,Yutika Rana,W11759,,Road Construction,Zilla Panchayat,30.64,,,,,,,,,Ongoing,22.13868577297558,synthetic,Synthetic Test Data,,,False,,,False,,,,False,False,W11759,22.14,LOW,No rule-based risk condition triggered,False,-0.0338,Normal,Isolation Forest,37.63,28.34,LOW,No significant risk indicator detected,LOW
,Pune,,Deepa Gala,W10330,,Street Lighting,Zilla Panchayat,5.02,,,,,,,,,Ongoing,22.138566349641422,synthetic,Synthetic Test Data,,,False,,,False,,,,False,False,W10330,22.14,LOW,No rule-based risk condition triggered,False,-0.0454,Normal,Isolation Forest,6.58,15.92,LOW,No significant risk indicator detected,LOW
,Pune,,Hemang Bava,W11693,,Public Toilet Complex,Zilla Panchayat,5.25,,,,,,,,,Ongoing,22.136452423411814,synthetic,Synthetic Test Data,,,False,,,False,,,,False,False,W11693,22.14,LOW,No rule-based risk condition triggered,False,-0.0417,Normal,Isolation Forest,11.27,17.79,LOW,No significant risk indicator detected,LOW
,Chennai,,Krishna Pant,W12155,,Public Toilet Complex,Public Works Department,5.37,,,,,,,,,Completed,22.12358019682333,synthetic,Synthetic Test Data,,,False,,,False,,,,False,False,W12155,22.12,LOW,No rule-based risk condition triggered,False,-0.0428,Normal,Isolation Forest,9.55,17.09,LOW,No significant risk indicator detected,LOW
,Pune,,Christopher Kadakia,W12732,,Drinking Water Supply,Public Works Department,19.07,,,,,,,,,Completed,22.11114670591988,synthetic,Synthetic Test Data,,,False,,,False,,,,False,False,W12732,22.11,LOW,No rule-based risk condition triggered,False,-0.0171,Normal,Isolation Forest,85.0,47.27,MEDIUM,No significant risk indicator detected,MEDIUM
,Pune,,Yadavi Deshmukh,W11042,,Road Construction,Zilla Panchayat,32.74,,,,,,,,,Ongoing,22.10753131446429,synthetic,Synthetic Test Data,,,False,,,False,,,,False,False,W11042,22.11,LOW,No rule-based risk condition triggered,False,-0.0281,Normal,Isolation Forest,61.17,37.73,LOW,No significant risk indicator detected,LOW
,Kanpur,,Lucky Prashad,W11542,,Road Construction,Public Works Department,39.75,,,,,,,,,Completed,22.09674812887801,synthetic,Synthetic Test Data,,,False,,,False,,,,False,False,W11542,22.1,LOW,No rule-based risk condition triggered,True,0.005,Anomaly,Isolation Forest,96.3,51.78,MEDIUM,ML: Isolation Forest identified unusual project characteristics,MEDIUM
,Nagpur,,Onveer Kata,W12670,,Road Construction,Public Works Department,22.53,,,,,,,,,Completed,22.07167724,synthetic,Synthetic Test Data,,,False,,,False,,,,False,False,W12670,22.07,LOW,No rule-based risk condition triggered,False,-0.033,Normal,Isolation Forest,41.18,29.71,LOW,No significant risk indicator detected,LOW
,Thane,,Mugdha Varty,W11458,,Community Health Center,Public Works Department,33.66,,,,,,,,,Ongoing,22.064272345511323,synthetic,Synthetic Test Data,,,False,,,False,,,,False,False,W11458,22.06,LOW,No rule-based risk condition triggered,False,-0.0254,Normal,Isolation Forest,69.65,41.1,MEDIUM,No significant risk indicator detected,MEDIUM
,Mysuru,,Nicholas Gour,W10511,,Community Health Center,Municipal Corporation,33.24,,,,,,,,,Ongoing,22.054723019286502,synthetic,Synthetic Test Data,,,False,,,False,,,,False,False,W10511,22.05,LOW,No rule-based risk condition triggered,False,-0.0023,Normal,Isolation Forest,94.05,50.85,MEDIUM,No significant risk indicator detected,MEDIUM
,Kolkata,,Ekansh Sami,W11954,,Drainage System,State Housing Board,11.84,,,,,,,,,Completed,22.04953259528227,synthetic,Synthetic Test Data,,,False,,,False,,,,False,False,W11954,22.05,LOW,No rule-based risk condition triggered,False,-0.0438,Normal,Isolation Forest,8.13,16.48,LOW,No significant risk indicator detected,LOW
,Lucknow,,Ekansh Sami,W10421,,Road Construction,Municipal Corporation,14.16,,,,,,,,,Ongoing,22.03522875336048,synthetic,Synthetic Test Data,,,False,,,False,,,,False,False,W10421,22.04,LOW,No rule-based risk condition triggered,False,-0.0147,Normal,Isolation Forest,87.18,48.1,MEDIUM,No significant risk indicator detected,MEDIUM
,Mysuru,,Ishwar Boase,W10586,,Drinking Water Supply,Public Works Department,17.43,,,,,,,,,Ongoing,22.025636640930017,synthetic,Synthetic Test Data,,,False,,,False,,,,False,False,W10586,22.03,LOW,No rule-based risk condition triggered,False,-0.0246,Normal,Isolation Forest,72.25,42.12,MEDIUM,No significant risk indicator detected,MEDIUM
,Mysuru,,Sanya Swamy,W12262,,Public Toilet Complex,Zilla Panchayat,5.84,,,,,,,,,Ongoing,22.00783151356388,synthetic,Synthetic Test Data,,,False,,,False,,,,False,False,W12262,22.01,LOW,No rule-based risk condition triggered,False,-0.0405,Normal,Isolation Forest,15.08,19.24,LOW,No significant risk indicator detected,LOW
,Asansol,,Ria Ratta,W12385,,Road Construction,Public Works Department,17.28,,,,,,,,,Ongoing,22.00702518,synthetic,Synthetic Test Data,,,False,,,False,,,,False,False,W12385,22.01,LOW,No rule-based risk condition triggered,False,-0.0412,Normal,Isolation Forest,12.82,18.33,LOW,No significant risk indicator detected,LOW
,Darjeeling,,Advaith Gole,W10601,,Road Construction,Zilla Panchayat,21.05,,,,,,,,,Completed,21.98884460883076,synthetic,Synthetic Test Data,,,False,,,False,,,,False,False,W10601,21.99,LOW,No rule-based risk condition triggered,False,-0.0411,Normal,Isolation Forest,13.02,18.4,LOW,No significant risk indicator detected,LOW
,Madurai,,Owen Bala,W10612,,Street Lighting,Public Works Department,5.03,,,,,,,,,Ongoing,21.98391825537908,synthetic,Synthetic Test Data,,,False,,,False,,,,False,False,W10612,21.98,LOW,No rule-based risk condition triggered,False,-0.0357,Normal,Isolation Forest,29.8,25.11,LOW,No significant risk indicator detected,LOW
,Nashik,,Deepa Gala,W12014,,Drainage System,Municipal Corporation,6.44,,,,,,,,,Completed,21.97607023,synthetic,Synthetic Test Data,,,False,,,False,,,,False,False,W12014,21.98,LOW,No rule-based risk condition triggered,False,-0.0319,Normal,Isolation Forest,46.1,31.63,LOW,No significant risk indicator detected,LOW
,Kanpur,,Sanya Swamy,W11297,,Road Construction,Municipal Corporation,31.86,,,,,,,,,Ongoing,21.975063242558143,synthetic,Synthetic Test Data,,,False,,,False,,,,False,False,W11297,21.98,LOW,No rule-based risk condition triggered,True,0.004,Anomaly,Isolation Forest,95.95,51.57,MEDIUM,ML: Isolation Forest identified unusual project characteristics,MEDIUM
,Madurai,,Krishna Pant,W12274,,Community Health Center,Zilla Panchayat,32.35,,,,,,,,,Ongoing,21.936591290947327,synthetic,Synthetic Test Data,,,False,,,False,,,,False,False,W12274,21.94,LOW,No rule-based risk condition triggered,False,-0.0139,Normal,Isolation Forest,88.07,48.39,MEDIUM,No significant risk indicator detected,MEDIUM
,Howrah,,Widisha Yohannan,W11810,,Community Health Center,Municipal Corporation,24.72,,,,,,,,,Completed,21.931745591433213,synthetic,Synthetic Test Data,,,False,,,False,,,,False,False,W11810,21.93,LOW,No rule-based risk condition triggered,False,-0.0211,Normal,Isolation Forest,78.95,44.74,MEDIUM,No significant risk indicator detected,MEDIUM
,Lucknow,,Vrinda Biswas,W11158,,School Building Repair,Public Works Department,6.83,,,,,,,,,Completed,21.92249301703189,synthetic,Synthetic Test Data,,,False,,,False,,,,False,False,W11158,21.92,LOW,No rule-based risk condition triggered,False,-0.041,Normal,Isolation Forest,13.22,18.44,LOW,No significant risk indicator detected,LOW
,Howrah,,Mugdha Varty,W10404,,Road Construction,Public Works Department,28.69,,,,,,,,,Ongoing,21.917582435013536,synthetic,Synthetic Test Data,,,False,,,False,,,,False,False,W10404,21.92,LOW,No rule-based risk condition triggered,False,-0.0261,Normal,Isolation Forest,67.72,40.24,MEDIUM,No significant risk indicator detected,MEDIUM
,Bengaluru Urban,,Christopher Kadakia,W12205,,Community Health Center,Public Works Department,38.71,,,,,,,,,Completed,21.900017319836135,synthetic,Synthetic Test Data,,,False,,,False,,,,False,False,W12205,21.9,LOW,No rule-based risk condition triggered,False,-0.0085,Normal,Isolation Forest,91.8,49.86,MEDIUM,No significant risk indicator detected,MEDIUM
,Asansol,,Hemang Bava,W12683,,Community Health Center,District Rural Development Agency,18.21,,,,,,,,,Completed,21.88823768635015,synthetic,Synthetic Test Data,,,False,,,False,,,,False,False,W12683,21.89,LOW,No rule-based risk condition triggered,False,-0.0372,Normal,Isolation Forest,24.37,22.88,LOW,No significant risk indicator detected,LOW
,Coimbatore,,Christopher Kadakia,W12513,,Community Health Center,State Housing Board,30.21,,,,,,,,,Ongoing,21.867636484016646,synthetic,Synthetic Test Data,,,False,,,False,,,,False,False,W12513,21.87,LOW,No rule-based risk condition triggered,False,-0.0174,Normal,Isolation Forest,84.7,47.0,MEDIUM,No significant risk indicator detected,MEDIUM
,Nashik,,Widisha Yohannan,W11119,,School Building Repair,State Housing Board,14.43,,,,,,,,,Ongoing,21.847057777218847,synthetic,Synthetic Test Data,,,False,,,False,,,,False,False,W11119,21.85,LOW,No rule-based risk condition triggered,False,-0.022,Normal,Isolation Forest,76.8,43.83,MEDIUM,No significant risk indicator detected,MEDIUM
,Bengaluru Urban,,Pallavi Krish,W10628,,Community Health Center,State Housing Board,25.68,,,,,,,,,Completed,21.841134122923872,synthetic,Synthetic Test Data,,,False,,,False,,,,False,False,W10628,21.84,LOW,No rule-based risk condition triggered,False,-0.0219,Normal,Isolation Forest,77.08,43.94,MEDIUM,No significant risk indicator detected,MEDIUM
,Darjeeling,,Gaurav Chandra,W10650,,Street Lighting,Municipal Corporation,1.26,,,,,,,,,Completed,21.8364527743758,synthetic,Synthetic Test Data,,,False,,,False,,,,False,False,W10650,21.84,LOW,No rule-based risk condition triggered,False,-0.0066,Normal,Isolation Forest,92.73,50.2,MEDIUM,No significant risk indicator detected,MEDIUM
,Kanpur,,Gabriel Thaman,W11554,,Community Health Center,State Housing Board,21.52,,,,,,,,,Ongoing,21.82473546623799,synthetic,Synthetic Test Data,,,False,,,False,,,,False,False,W11554,21.82,LOW,No rule-based risk condition triggered,False,-0.0273,Normal,Isolation Forest,64.32,38.82,LOW,No significant risk indicator detected,LOW
,Darjeeling,,Yadavi Deshmukh,W12954,,Road Construction,Zilla Panchayat,20.25,,,,,,,,,Ongoing,21.82427485359534,synthetic,Synthetic Test Data,,,False,,,False,,,,False,False,W12954,21.82,LOW,No rule-based risk condition triggered,False,-0.0472,Normal,Isolation Forest,4.67,14.96,LOW,No significant risk indicator detected,LOW
,Pune,,Krishna Pant,W11499,,Community Health Center,Public Works Department,17.73,,,,,,,,,Completed,21.817879457964217,synthetic,Synthetic Test Data,,,False,,,False,,,,False,False,W11499,21.82,LOW,No rule-based risk condition triggered,False,-0.0289,Normal,Isolation Forest,58.82,36.62,LOW,No significant risk indicator detected,LOW
,Asansol,,Vanya Suresh,W12308,,Community Health Center,Public Works Department,33.41,,,,,,,,,Ongoing,21.81384389170131,synthetic,Synthetic Test Data,,,False,,,False,,,,False,False,W12308,21.81,LOW,No rule-based risk condition triggered,False,-0.0256,Normal,Isolation Forest,69.17,40.75,MEDIUM,No significant risk indicator detected,MEDIUM
,Dharwad,,Yamini Chand,W10360,,Drainage System,State Housing Board,17.91,,,,,,,,,Ongoing,21.810587327276156,synthetic,Synthetic Test Data,,,False,,,False,,,,False,False,W10360,21.81,LOW,No rule-based risk condition triggered,False,-0.0237,Normal,Isolation Forest,74.17,42.75,MEDIUM,No significant risk indicator detected,MEDIUM
,Thane,,Yutika Rana,W11531,,Road Construction,Zilla Panchayat,24.0,,,,,,,,,Completed,21.808430977361827,synthetic,Synthetic Test Data,,,False,,,False,,,,False,False,W11531,21.81,LOW,No rule-based risk condition triggered,False,-0.0369,Normal,Isolation Forest,25.1,23.13,LOW,No significant risk indicator detected,LOW
,Pune,,Jagat Mangat,W11860,,Public Toilet Complex,Zilla Panchayat,7.04,,,,,,,,,Ongoing,21.78804168661541,synthetic,Synthetic Test Data,,,False,,,False,,,,False,False,W11860,21.79,LOW,No rule-based risk condition triggered,False,-0.036,Normal,Isolation Forest,28.68,24.55,LOW,No significant risk indicator detected,LOW
,Coimbatore,,Onveer Kata,W12809,,Community Health Center,State Housing Board,38.92,,,,,,,,,Completed,21.785429601289195,synthetic,Synthetic Test Data,,,False,,,False,,,,False,False,W12809,21.79,LOW,No rule-based risk condition triggered,True,0.0017,Anomaly,Isolation Forest,95.23,51.17,MEDIUM,ML: Isolation Forest identified unusual project characteristics,MEDIUM
,Pune,,Ishwar Boase,W11711,,School Building Repair,Zilla Panchayat,5.88,,,,,,,,,Ongoing,21.772173731531005,synthetic,Synthetic Test Data,,,False,,,False,,,,False,False,W11711,21.77,LOW,No rule-based risk condition triggered,False,-0.0405,Normal,Isolation Forest,15.08,19.09,LOW,No significant risk indicator detected,LOW
,Nagpur,,Leena Butala,W10219,,Road Construction,State Housing Board,28.44,,,,,,,,,Ongoing,21.769144303516438,synthetic,Synthetic Test Data,,,False,,,False,,,,False,False,W10219,21.77,LOW,No rule-based risk condition triggered,False,-0.015,Normal,Isolation Forest,86.88,47.81,MEDIUM,No significant risk indicator detected,MEDIUM
,Nashik,,Leena Butala,W10763,,Drinking Water Supply,State Housing Board,16.95,,,,,,,,,Ongoing,21.76145908958711,synthetic,Synthetic Test Data,,,False,,,False,,,,False,False,W10763,21.76,LOW,No rule-based risk condition triggered,False,-0.0208,Normal,Isolation Forest,79.5,44.86,MEDIUM,No significant risk indicator detected,MEDIUM
,Belagavi,,Harrison Kapur,W12516,,Drainage System,State Housing Board,10.76,,,,,,,,,Completed,21.76025986836855,synthetic,Synthetic Test Data,,,False,,,False,,,,False,False,W12516,21.76,LOW,No rule-based risk condition triggered,False,-0.0435,Normal,Isolation Forest,8.62,16.5,LOW,No significant risk indicator detected,LOW
,Agra,,Yadavi Deshmukh,W11836,,Road Construction,Public Works Department,28.52,,,,,,,,,Ongoing,21.74206945960378,synthetic,Synthetic Test Data,,,False,,,False,,,,False,False,W11836,21.74,LOW,No rule-based risk condition triggered,False,-0.0269,Normal,Isolation Forest,65.57,39.27,LOW,No significant risk indicator detected,LOW
,Pune,,Varsha Morar,W11127,,Community Health Center,Zilla Panchayat,11.31,,,,,,,,,Ongoing,21.71916488091341,synthetic,Synthetic Test Data,,,False,,,False,,,,False,False,W11127,21.72,LOW,No rule-based risk condition triggered,False,-0.0282,Normal,Isolation Forest,60.85,37.37,LOW,No significant risk indicator detected,LOW
,Bengaluru Urban,,Christopher Kadakia,W12601,,Road Construction,State Housing Board,35.09,,,,,,,,,Completed,21.704788629485098,synthetic,Synthetic Test Data,,,False,,,False,,,,False,False,W12601,21.7,LOW,No rule-based risk condition triggered,True,0.0065,Anomaly,Isolation Forest,96.78,51.73,MEDIUM,ML: Isolation Forest identified unusual project characteristics,MEDIUM
,Dharwad,,Varsha Morar,W12588,,Community Health Center,State Housing Board,42.239066070660776,,,,,,,,,Completed,21.69975916228931,synthetic,Synthetic Test Data,,,False,,,False,,,,False,False,W12588,21.7,LOW,No rule-based risk condition triggered,True,0.0066,Anomaly,Isolation Forest,96.83,51.75,MEDIUM,ML: Isolation Forest identified unusual project characteristics,MEDIUM
,Pune,,Rayaan Mand,W10719,,Public Toilet Complex,Zilla Panchayat,5.28,,,,,,,,,Ongoing,21.69894260021296,synthetic,Synthetic Test Data,,,False,,,False,,,,False,False,W10719,21.7,LOW,No rule-based risk condition triggered,False,-0.0417,Normal,Isolation Forest,11.27,17.53,LOW,No significant risk indicator detected,LOW
,Agra,,Ishwar Boase,W12514,,Road Construction,State Housing Board,23.98,,,,,,,,,Completed,21.691082535183583,synthetic,Synthetic Test Data,,,False,,,False,,,,False,False,W12514,21.69,LOW,No rule-based risk condition triggered,False,-0.0156,Normal,Isolation Forest,86.37,47.56,MEDIUM,No significant risk indicator detected,MEDIUM
,Kolkata,,Yadavi Deshmukh,W11535,,Public Toilet Complex,District Rural Development Agency,2.58,,,,,,,,,Completed,21.672683147753965,synthetic,Synthetic Test Data,,,False,,,False,,,,False,False,W11535,21.67,LOW,No rule-based risk condition triggered,False,-0.0175,Normal,Isolation Forest,84.55,46.82,MEDIUM,No significant risk indicator detected,MEDIUM
,Pune,,Hemang Bava,W10916,,Public Toilet Complex,Public Works Department,6.77,,,,,,,,,Completed,21.64429536378667,synthetic,Synthetic Test Data,,,False,,,False,,,,False,False,W10916,21.64,LOW,No rule-based risk condition triggered,False,-0.0413,Normal,Isolation Forest,12.42,17.95,LOW,No significant risk indicator detected,LOW
,Chennai,,Yug Choudhry,W11075,,Drinking Water Supply,District Rural Development Agency,18.77,,,,,,,,,Ongoing,21.637837284375664,synthetic,Synthetic Test Data,,,False,,,False,,,,False,False,W11075,21.64,LOW,No rule-based risk condition triggered,False,-0.0191,Normal,Isolation Forest,82.2,45.86,MEDIUM,No significant risk indicator detected,MEDIUM
,Thane,,Christopher Kadakia,W11886,,Community Health Center,District Rural Development Agency,34.63,,,,,,,,,Completed,21.62884953986192,synthetic,Synthetic Test Data,,,False,,,False,,,,False,False,W11886,21.63,LOW,No rule-based risk condition triggered,False,-0.0215,Normal,Isolation Forest,77.87,44.13,MEDIUM,No significant risk indicator detected,MEDIUM
,Kolkata,,Yug Choudhry,W11261,,Public Toilet Complex,Municipal Corporation,2.27,,,,,,,,,Completed,21.62705452298165,synthetic,Synthetic Test Data,,,False,,,False,,,,False,False,W11261,21.63,LOW,No rule-based risk condition triggered,False,-0.0251,Normal,Isolation Forest,70.53,41.19,MEDIUM,No significant risk indicator detected,MEDIUM
,Bengaluru Urban,,Vrinda Biswas,W12026,,Street Lighting,State Housing Board,5.21,,,,,,,,,Completed,21.597641500264743,synthetic,Synthetic Test Data,,,False,,,False,,,,False,False,W12026,21.6,LOW,No rule-based risk condition triggered,False,-0.0336,Normal,Isolation Forest,38.32,28.29,LOW,No significant risk indicator detected,LOW
,Coimbatore,,Rayaan Mand,W12667,,Drinking Water Supply,State Housing Board,12.33,,,,,,,,,Ongoing,21.59624292961273,synthetic,Synthetic Test Data,,,False,,,False,,,,False,False,W12667,21.6,LOW,No rule-based risk condition triggered,False,-0.0326,Normal,Isolation Forest,42.97,30.15,LOW,No significant risk indicator detected,LOW
,Nashik,,Onveer Kata,W11025,,Road Construction,Public Works Department,29.03,,,,,,,,,Completed,21.59159055666799,synthetic,Synthetic Test Data,,,False,,,False,,,,False,False,W11025,21.59,LOW,No rule-based risk condition triggered,False,-0.0227,Normal,Isolation Forest,75.73,43.25,MEDIUM,No significant risk indicator detected,MEDIUM
,Lucknow,,Ronith Zachariah,W11091,,School Building Repair,State Housing Board,7.71,,,,,,,,,Completed,21.585614923920176,synthetic,Synthetic Test Data,,,False,,,False,,,,False,False,W11091,21.59,LOW,No rule-based risk condition triggered,False,-0.0496,Normal,Isolation Forest,3.23,14.25,LOW,No significant risk indicator detected,LOW
,Varanasi,,Harrison Kapur,W12806,,Community Health Center,Public Works Department,28.39,,,,,,,,,Ongoing,21.57496043,synthetic,Synthetic Test Data,,,False,,,False,,,,False,False,W12806,21.57,LOW,No rule-based risk condition triggered,False,-0.0248,Normal,Isolation Forest,71.5,41.54,MEDIUM,No significant risk indicator detected,MEDIUM
,Varanasi,,Tanish Iyer,W12698,,Road Construction,Public Works Department,37.02,,,,,,,,,Completed,21.571338815315222,synthetic,Synthetic Test Data,,,False,,,False,,,,False,False,W12698,21.57,LOW,No rule-based risk condition triggered,False,-0.0038,Normal,Isolation Forest,93.72,50.43,MEDIUM,No significant risk indicator detected,MEDIUM
,Salem,,Ishwar Boase,W10112,,Road Construction,Public Works Department,25.29,,,,,,,,,Ongoing,21.5662126465396,synthetic,Synthetic Test Data,,,False,,,False,,,,False,False,W10112,21.57,LOW,No rule-based risk condition triggered,False,-0.0321,Normal,Isolation Forest,45.2,31.02,LOW,No significant risk indicator detected,LOW
,Pune,,Vrinda Biswas,W10324,,School Building Repair,Zilla Panchayat,4.03,,,,,,,,,Ongoing,21.565846661618608,synthetic,Synthetic Test Data,,,False,,,False,,,,False,False,W10324,21.57,LOW,No rule-based risk condition triggered,False,-0.0383,Normal,Isolation Forest,21.42,21.51,LOW,No significant risk indicator detected,LOW
,Kanpur,,Oliver Sarma,W10498,,Street Lighting,District Rural Development Agency,1.08,,,,,,,,,Ongoing,21.55489543906679,synthetic,Synthetic Test Data,,,False,,,False,,,,False,False,W10498,21.55,LOW,No rule-based risk condition triggered,False,-0.0201,Normal,Isolation Forest,80.9,45.29,MEDIUM,No significant risk indicator detected,MEDIUM
,Nagpur,,Yug Choudhry,W11864,,Road Construction,District Rural Development Agency,34.78,,,,,,,,,Ongoing,21.554307538730804,synthetic,Synthetic Test Data,,,False,,,False,,,,False,False,W11864,21.55,LOW,No rule-based risk condition triggered,True,0.0141,Anomaly,Isolation Forest,98.2,52.21,MEDIUM,ML: Isolation Forest identified unusual project characteristics,MEDIUM
,Darjeeling,,Tanish Iyer,W10049,,Road Construction,Public Works Department,33.64,,,,,,,,,Ongoing,21.55410929826527,synthetic,Synthetic Test Data,,,False,,,False,,,,False,False,W10049,21.55,LOW,No rule-based risk condition triggered,False,-0.0203,Normal,Isolation Forest,80.5,45.13,MEDIUM,No significant risk indicator detected,MEDIUM
,Darjeeling,,Harrison Kapur,W10804,,Community Health Center,Municipal Corporation,45.71,,,,,,,,,Ongoing,21.537034930477475,synthetic,Synthetic Test Data,,,False,,,False,,,,False,False,W10804,21.54,LOW,No rule-based risk condition triggered,True,0.0306,Anomaly,Isolation Forest,99.77,52.83,MEDIUM,ML: Isolation Forest identified unusual project characteristics,MEDIUM
,Lucknow,,Oliver Sarma,W10751,,Community Health Center,District Rural Development Agency,27.52,,,,,,,,,Completed,21.535159104597717,synthetic,Synthetic Test Data,,,False,,,False,,,,False,False,W10751,21.54,LOW,No rule-based risk condition triggered,False,-0.0317,Normal,Isolation Forest,47.08,31.76,LOW,No significant risk indicator detected,LOW
,Thane,,Owen Bala,W12981,,Road Construction,District Rural Development Agency,23.52,,,,,,,,,Completed,21.524623553783268,synthetic,Synthetic Test Data,,,False,,,False,,,,False,False,W12981,21.52,LOW,No rule-based risk condition triggered,False,-0.0097,Normal,Isolation Forest,91.2,49.39,MEDIUM,No significant risk indicator detected,MEDIUM
,Pune,,Sanya Swamy,W11949,,Drinking Water Supply,Zilla Panchayat,13.36,,,,,,,,,Completed,21.507157168571204,synthetic,Synthetic Test Data,,,False,,,False,,,,False,False,W11949,21.51,LOW,No rule-based risk condition triggered,False,-0.0445,Normal,Isolation Forest,7.6,15.95,LOW,No significant risk indicator detected,LOW
,Darjeeling,,Jagat Mangat,W11530,,Community Health Center,Zilla Panchayat,31.93,,,,,,,,,Ongoing,21.500408953766154,synthetic,Synthetic Test Data,,,False,,,False,,,,False,False,W11530,21.5,LOW,No rule-based risk condition triggered,False,-0.0147,Normal,Isolation Forest,87.18,47.77,MEDIUM,No significant risk indicator detected,MEDIUM
,Kanpur,,Mugdha Varty,W12378,,Road Construction,State Housing Board,23.58,,,,,,,,,Ongoing,21.485803809915936,synthetic,Synthetic Test Data,,,False,,,False,,,,False,False,W12378,21.49,LOW,No rule-based risk condition triggered,False,-0.022,Normal,Isolation Forest,76.8,43.61,MEDIUM,No significant risk indicator detected,MEDIUM
,Howrah,,Krishna Pant,W10684,,Community Health Center,State Housing Board,19.75,,,,,,,,,Completed,21.463950654441177,synthetic,Synthetic Test Data,,,False,,,False,,,,False,False,W10684,21.46,LOW,No rule-based risk condition triggered,False,-0.0287,Normal,Isolation Forest,59.43,36.65,LOW,No significant risk indicator detected,LOW
,Kanpur,,Victor Venkataraman,W12738,,Public Toilet Complex,State Housing Board,2.17,,,,,,,,,Completed,21.46233391,synthetic,Synthetic Test Data,,,False,,,False,,,,False,False,W12738,21.46,LOW,No rule-based risk condition triggered,False,-0.0202,Normal,Isolation Forest,80.68,45.15,MEDIUM,No significant risk indicator detected,MEDIUM
,Bengaluru Urban,,Widisha Yohannan,W12388,,Street Lighting,Public Works Department,1.44,,,,,,,,,Completed,21.457238999987855,synthetic,Synthetic Test Data,,,False,,,False,,,,False,False,W12388,21.46,LOW,No rule-based risk condition triggered,False,-0.0113,Normal,Isolation Forest,90.0,48.88,MEDIUM,No significant risk indicator detected,MEDIUM
,Mysuru,,Gabriel Thaman,W11700,,Drinking Water Supply,District Rural Development Agency,9.28,,,,,,,,,Completed,21.455843035642715,synthetic,Synthetic Test Data,,,False,,,False,,,,False,False,W11700,21.46,LOW,No rule-based risk condition triggered,False,-0.032,Normal,Isolation Forest,45.6,31.12,LOW,No significant risk indicator detected,LOW
,Bengaluru Urban,,Widisha Yohannan,W12231,,Street Lighting,State Housing Board,2.63,,,,,,,,,Completed,21.432508404111957,synthetic,Synthetic Test Data,,,False,,,False,,,,False,False,W12231,21.43,LOW,No rule-based risk condition triggered,False,-0.0322,Normal,Isolation Forest,44.8,30.78,LOW,No significant risk indicator detected,LOW
,Asansol,,Deepa Gala,W10831,,School Building Repair,State Housing Board,11.57,,,,,,,,,Ongoing,21.421872761517864,synthetic,Synthetic Test Data,,,False,,,False,,,,False,False,W10831,21.42,LOW,No rule-based risk condition triggered,False,-0.0316,Normal,Isolation Forest,47.67,31.92,LOW,No significant risk indicator detected,LOW
,Salem,,Tanish Iyer,W11588,,Drainage System,Zilla Panchayat,12.51,,,,,,,,,Ongoing,21.41015189030803,synthetic,Synthetic Test Data,,,False,,,False,,,,False,False,W11588,21.41,LOW,No rule-based risk condition triggered,False,-0.0479,Normal,Isolation Forest,4.4,14.61,LOW,No significant risk indicator detected,LOW
,Nagpur,,Owen Bala,W11910,,Drainage System,Public Works Department,8.9,,,,,,,,,Ongoing,21.387483335933148,synthetic,Synthetic Test Data,,,False,,,False,,,,False,False,W11910,21.39,LOW,No rule-based risk condition triggered,False,-0.0417,Normal,Isolation Forest,11.27,17.34,LOW,No significant risk indicator detected,LOW
,Howrah,,Lucky Prashad,W11825,,Road Construction,Zilla Panchayat,30.01,,,,,,,,,Ongoing,21.38208345296026,synthetic,Synthetic Test Data,,,False,,,False,,,,False,False,W11825,21.38,LOW,No rule-based risk condition triggered,False,-0.0346,Normal,Isolation Forest,34.07,26.46,LOW,No significant risk indicator detected,LOW
,Nashik,,Hemang Bava,W12397,,Drinking Water Supply,Public Works Department,13.2,,,,,,,,,Ongoing,21.370036225328388,synthetic,Synthetic Test Data,,,False,,,False,,,,False,False,W12397,21.37,LOW,No rule-based risk condition triggered,False,-0.0333,Normal,Isolation Forest,39.88,28.77,LOW,No significant risk indicator detected,LOW
,Varanasi,,Leena Butala,W10120,,Road Construction,Public Works Department,29.16,,,,,,,,,Ongoing,21.366455315133983,synthetic,Synthetic Test Data,,,False,,,False,,,,False,False,W10120,21.37,LOW,No rule-based risk condition triggered,False,-0.0247,Normal,Isolation Forest,71.85,41.56,MEDIUM,No significant risk indicator detected,MEDIUM
,Pune,,Lucky Prashad,W11777,,Street Lighting,Public Works Department,1.9,,,,,,,,,Completed,21.36076063201192,synthetic,Synthetic Test Data,,,False,,,False,,,,False,False,W11777,21.36,LOW,No rule-based risk condition triggered,False,-0.0145,Normal,Isolation Forest,87.35,47.76,MEDIUM,No significant risk indicator detected,MEDIUM
,Coimbatore,,Widisha Yohannan,W10381,,Road Construction,Municipal Corporation,31.1,,,,,,,,,Ongoing,21.34821617453983,synthetic,Synthetic Test Data,,,False,,,False,,,,False,False,W10381,21.35,LOW,No rule-based risk condition triggered,True,0.0028,Anomaly,Isolation Forest,95.53,51.02,MEDIUM,ML: Isolation Forest identified unusual project characteristics,MEDIUM
,Nashik,,Oliver Sarma,W10047,,Community Health Center,District Rural Development Agency,31.92,,,,,,,,,Ongoing,21.34155441469222,synthetic,Synthetic Test Data,,,False,,,False,,,,False,False,W10047,21.34,LOW,No rule-based risk condition triggered,False,-0.0179,Normal,Isolation Forest,83.97,46.39,MEDIUM,No significant risk indicator detected,MEDIUM
,Kanpur,,Vrinda Biswas,W12093,,Road Construction,State Housing Board,27.65,,,,,,,,,Ongoing,21.330853116815227,synthetic,Synthetic Test Data,,,False,,,False,,,,False,False,W12093,21.33,LOW,No rule-based risk condition triggered,False,-0.0154,Normal,Isolation Forest,86.55,47.42,MEDIUM,No significant risk indicator detected,MEDIUM
,Darjeeling,,Meera Banerjee,W12579,,Street Lighting,Municipal Corporation,1.01,,,,,,,,,Completed,21.32002228,synthetic,Synthetic Test Data,,,False,,,False,,,,False,False,W12579,21.32,LOW,No rule-based risk condition triggered,False,-0.0054,Normal,Isolation Forest,93.2,50.07,MEDIUM,No significant risk indicator detected,MEDIUM
,Kanpur,,Christopher Kadakia,W12431,,Road Construction,Zilla Panchayat,17.53,,,,,,,,,Completed,21.30843653363804,synthetic,Synthetic Test Data,,,False,,,False,,,,False,False,W12431,21.31,LOW,No rule-based risk condition triggered,False,-0.0407,Normal,Isolation Forest,14.47,18.57,LOW,No significant risk indicator detected,LOW
,Varanasi,,Advaith Gole,W10767,,Street Lighting,Zilla Panchayat,1.49,,,,,,,,,Ongoing,21.307598455998345,synthetic,Synthetic Test Data,,,False,,,False,,,,False,False,W10767,21.31,LOW,No rule-based risk condition triggered,False,-0.0374,Normal,Isolation Forest,23.92,22.35,LOW,No significant risk indicator detected,LOW
,Chennai,,Gaurav Chandra,W10308,,Road Construction,Zilla Panchayat,8.49,,,,,,,,,Ongoing,21.29055132236764,synthetic,Synthetic Test Data,,,False,,,False,,,,False,False,W10308,21.29,LOW,No rule-based risk condition triggered,False,-0.0391,Normal,Isolation Forest,19.33,20.51,LOW,No significant risk indicator detected,LOW
,Madurai,,Hemang Bava,W12983,,Community Health Center,State Housing Board,42.91,,,,,,,,,Completed,21.27890308218175,synthetic,Synthetic Test Data,,,False,,,False,,,,False,False,W12983,21.28,LOW,No rule-based risk condition triggered,True,0.0067,Anomaly,Isolation Forest,96.88,51.52,MEDIUM,ML: Isolation Forest identified unusual project characteristics,MEDIUM
,Kolkata,,Oliver Sarma,W11745,,Public Toilet Complex,State Housing Board,4.52,,,,,,,,,Completed,21.27325536409105,synthetic,Synthetic Test Data,,,False,,,False,,,,False,False,W11745,21.27,LOW,No rule-based risk condition triggered,False,-0.0346,Normal,Isolation Forest,34.07,26.39,LOW,No significant risk indicator detected,LOW
,Kolkata,,Owen Bala,W11219,,Street Lighting,Municipal Corporation,3.35,,,,,,,,,Ongoing,21.23256579882932,synthetic,Synthetic Test Data,,,False,,,False,,,,False,False,W11219,21.23,LOW,No rule-based risk condition triggered,False,-0.0207,Normal,Isolation Forest,79.65,44.6,MEDIUM,No significant risk indicator detected,MEDIUM
,Mysuru,,Azaan Gupta,W10263,,Street Lighting,Zilla Panchayat,1.72,,,,,,,,,Ongoing,21.229734646805863,synthetic,Synthetic Test Data,,,False,,,False,,,,False,False,W10263,21.23,LOW,No rule-based risk condition triggered,False,-0.039,Normal,Isolation Forest,19.5,20.54,LOW,No significant risk indicator detected,LOW
,Madurai,,Victor Venkataraman,W11100,,Drinking Water Supply,Zilla Panchayat,13.98,,,,,,,,,Completed,21.209115032981064,synthetic,Synthetic Test Data,,,False,,,False,,,,False,False,W11100,21.21,LOW,No rule-based risk condition triggered,False,-0.0433,Normal,Isolation Forest,8.88,16.28,LOW,No significant risk indicator detected,LOW
,Dharwad,,Ronith Zachariah,W12677,,Street Lighting,State Housing Board,3.51,,,,,,,,,Ongoing,21.200438092385166,synthetic,Synthetic Test Data,,,False,,,False,,,,False,False,W12677,21.2,LOW,No rule-based risk condition triggered,False,-0.0354,Normal,Isolation Forest,30.77,25.03,LOW,No significant risk indicator detected,LOW
,Pune,,Rayaan Mand,W11116,,Public Toilet Complex,Zilla Panchayat,6.01,,,,,,,,,Ongoing,21.199357585977356,synthetic,Synthetic Test Data,,,False,,,False,,,,False,False,W11116,21.2,LOW,No rule-based risk condition triggered,False,-0.0403,Normal,Isolation Forest,15.43,18.89,LOW,No significant risk indicator detected,LOW
,Madurai,,Owen Bansal,W12540,,Drainage System,District Rural Development Agency,10.9,,,,,,,,,Ongoing,21.19115749243872,synthetic,Synthetic Test Data,,,False,,,False,,,,False,False,W12540,21.19,LOW,No rule-based risk condition triggered,False,-0.0401,Normal,Isolation Forest,15.92,19.08,LOW,No significant risk indicator detected,LOW
,Nashik,,Meera Banerjee,W11019,,Street Lighting,State Housing Board,4.29,,,,,,,,,Completed,21.18580368421366,synthetic,Synthetic Test Data,,,False,,,False,,,,False,False,W11019,21.19,LOW,No rule-based risk condition triggered,False,-0.0363,Normal,Isolation Forest,27.15,23.57,LOW,No significant risk indicator detected,LOW
,Howrah,,Onveer Kata,W12793,,Drinking Water Supply,State Housing Board,20.0,,,,,,,,,Completed,21.174865944340585,synthetic,Synthetic Test Data,,,False,,,False,,,,False,False,W12793,21.17,LOW,No rule-based risk condition triggered,False,-0.0142,Normal,Isolation Forest,87.73,47.79,MEDIUM,No significant risk indicator detected,MEDIUM
,Thane,,Mugdha Varty,W10486,,Drainage System,Municipal Corporation,14.53,,,,,,,,,Completed,21.161833505062912,synthetic,Synthetic Test Data,,,False,,,False,,,,False,False,W10486,21.16,LOW,No rule-based risk condition triggered,False,-0.0275,Normal,Isolation Forest,63.62,38.14,LOW,No significant risk indicator detected,LOW
,Madurai,,Yug Choudhry,W10131,,Drinking Water Supply,Zilla Panchayat,19.26,,,,,,,,,Completed,21.15220426,synthetic,Synthetic Test Data,,,False,,,False,,,,False,False,W10131,21.15,LOW,No rule-based risk condition triggered,False,-0.0268,Normal,Isolation Forest,65.85,39.03,LOW,No significant risk indicator detected,LOW
,Lucknow,,Victor Venkataraman,W11763,,Road Construction,State Housing Board,28.83,,,,,,,,,Ongoing,21.13586027893361,synthetic,Synthetic Test Data,,,False,,,False,,,,False,False,W11763,21.14,LOW,No rule-based risk condition triggered,False,-0.0144,Normal,Isolation Forest,87.45,47.66,MEDIUM,No significant risk indicator detected,MEDIUM
,Mysuru,,Yamini Chand,W11208,,School Building Repair,District Rural Development Agency,4.16,,,,,,,,,Completed,21.13499536843449,synthetic,Synthetic Test Data,,,False,,,False,,,,False,False,W11208,21.13,LOW,No rule-based risk condition triggered,False,-0.0212,Normal,Isolation Forest,78.55,44.1,MEDIUM,No significant risk indicator detected,MEDIUM
,Agra,,Sanya Swamy,W10296,,Community Health Center,State Housing Board,16.69,,,,,,,,,Ongoing,21.13272166239992,synthetic,Synthetic Test Data,,,False,,,False,,,,False,False,W10296,21.13,LOW,No rule-based risk condition triggered,False,-0.0318,Normal,Isolation Forest,46.62,31.33,LOW,No significant risk indicator detected,LOW
,Agra,,Lucky Prashad,W11831,,Road Construction,Public Works Department,27.47,,,,,,,,,Ongoing,21.109876517435097,synthetic,Synthetic Test Data,,,False,,,False,,,,False,False,W11831,21.11,LOW,No rule-based risk condition triggered,False,-0.0283,Normal,Isolation Forest,60.58,36.9,LOW,No significant risk indicator detected,LOW
,Thane,,Leena Butala,W12354,,Street Lighting,Public Works Department,1.11,,,,,,,,,Ongoing,21.0832527189114,synthetic,Synthetic Test Data,,,False,,,False,,,,False,False,W12354,21.08,LOW,No rule-based risk condition triggered,False,-0.0225,Normal,Isolation Forest,76.12,43.1,MEDIUM,No significant risk indicator detected,MEDIUM
,Asansol,,Jagat Mangat,W11581,,Drinking Water Supply,Zilla Panchayat,6.27,,,,,,,,,Completed,21.0724247063346,synthetic,Synthetic Test Data,,,False,,,False,,,,False,False,W11581,21.07,LOW,No rule-based risk condition triggered,False,-0.0385,Normal,Isolation Forest,20.82,20.97,LOW,No significant risk indicator detected,LOW
,Nashik,,Rayaan Mand,W10947,,Road Construction,Zilla Panchayat,23.71,,,,,,,,,Completed,21.06970240555378,synthetic,Synthetic Test Data,,,False,,,False,,,,False,False,W10947,21.07,LOW,No rule-based risk condition triggered,False,-0.0375,Normal,Isolation Forest,23.62,22.09,LOW,No significant risk indicator detected,LOW
,Salem,,Advaith Gole,W10250,,Community Health Center,Municipal Corporation,31.35,,,,,,,,,Ongoing,21.059761272953743,synthetic,Synthetic Test Data,,,False,,,False,,,,False,False,W10250,21.06,LOW,No rule-based risk condition triggered,False,-0.0075,Normal,Isolation Forest,92.37,49.58,MEDIUM,No significant risk indicator detected,MEDIUM
,Kolkata,,Harrison Kapur,W10240,,Community Health Center,District Rural Development Agency,33.91,,,,,,,,,Completed,21.05689225022264,synthetic,Synthetic Test Data,,,False,,,False,,,,False,False,W10240,21.06,LOW,No rule-based risk condition triggered,False,-0.0239,Normal,Isolation Forest,73.77,42.14,MEDIUM,No significant risk indicator detected,MEDIUM
,Salem,,Bachittar Choudhry,W11283,,Public Toilet Complex,District Rural Development Agency,13.640865566559969,,,,,,,,,Completed,21.043186683374497,synthetic,Synthetic Test Data,,,False,,,False,,,,False,False,W11283,21.04,LOW,No rule-based risk condition triggered,False,-0.0252,Normal,Isolation Forest,70.22,40.71,MEDIUM,No significant risk indicator detected,MEDIUM
,Kolkata,,Meera Banerjee,W12866,,School Building Repair,District Rural Development Agency,3.5,,,,,,,,,Completed,21.04106914783649,synthetic,Synthetic Test Data,,,False,,,False,,,,False,False,W12866,21.04,LOW,No rule-based risk condition triggered,False,-0.0151,Normal,Isolation Forest,86.73,47.32,MEDIUM,No significant risk indicator detected,MEDIUM
,Howrah,,Harrison Kapur,W10277,,Street Lighting,Public Works Department,5.99,,,,,,,,,Completed,21.00568553079664,synthetic,Synthetic Test Data,,,False,,,False,,,,False,False,W10277,21.01,LOW,No rule-based risk condition triggered,False,-0.0188,Normal,Isolation Forest,82.55,45.63,MEDIUM,No significant risk indicator detected,MEDIUM
,Chennai,,Eesha Memon,W12074,,School Building Repair,District Rural Development Agency,11.0,,,,,,,,,Completed,21.005351577786247,synthetic,Synthetic Test Data,,,False,,,False,,,,False,False,W12074,21.01,LOW,No rule-based risk condition triggered,False,-0.0289,Normal,Isolation Forest,58.82,36.13,LOW,No significant risk indicator detected,LOW
,Thane,,Meera Banerjee,W12900,,Road Construction,Public Works Department,19.02,,,,,,,,,Ongoing,20.991647029602525,synthetic,Synthetic Test Data,,,False,,,False,,,,False,False,W12900,20.99,LOW,No rule-based risk condition triggered,False,-0.0399,Normal,Isolation Forest,16.53,19.21,LOW,No significant risk indicator detected,LOW
,Kolkata,,Gaurav Chandra,W10060,,Community Health Center,District Rural Development Agency,33.68,,,,,,,,,Completed,20.97797341,synthetic,Synthetic Test Data,,,False,,,False,,,,False,False,W10060,20.98,LOW,No rule-based risk condition triggered,False,-0.0252,Normal,Isolation Forest,70.22,40.68,MEDIUM,No significant risk indicator detected,MEDIUM
,Asansol,,Eesha Memon,W10291,,Street Lighting,Municipal Corporation,1.57,,,,,,,,,Ongoing,20.976929452003503,synthetic,Synthetic Test Data,,,False,,,False,,,,False,False,W10291,20.98,LOW,No rule-based risk condition triggered,False,-0.0116,Normal,Isolation Forest,89.73,48.48,MEDIUM,No significant risk indicator detected,MEDIUM
,Varanasi,,Nicholas Gour,W11295,,Community Health Center,Municipal Corporation,32.53,,,,,,,,,Completed,20.974288751164227,synthetic,Synthetic Test Data,,,False,,,False,,,,False,False,W11295,20.97,LOW,No rule-based risk condition triggered,False,-0.01,Normal,Isolation Forest,90.88,48.93,MEDIUM,No significant risk indicator detected,MEDIUM
,Nagpur,,Vrinda Biswas,W11705,,Community Health Center,Public Works Department,15.95,,,,,,,,,Completed,20.97403953149995,synthetic,Synthetic Test Data,,,False,,,False,,,,False,False,W11705,20.97,LOW,No rule-based risk condition triggered,False,-0.029,Normal,Isolation Forest,58.33,35.91,LOW,No significant risk indicator detected,LOW
,Lucknow,,Owen Bala,W12086,,Drinking Water Supply,State Housing Board,7.91,,,,,,,,,Completed,20.964842001148625,synthetic,Synthetic Test Data,,,False,,,False,,,,False,False,W12086,20.96,LOW,No rule-based risk condition triggered,False,-0.0284,Normal,Isolation Forest,60.32,36.7,LOW,No significant risk indicator detected,LOW
,Salem,,Harrison Kapur,W12708,,Community Health Center,District Rural Development Agency,37.96,,,,,,,,,Ongoing,20.945297619207523,synthetic,Synthetic Test Data,,,False,,,False,,,,False,False,W12708,20.95,LOW,No rule-based risk condition triggered,False,-0.009,Normal,Isolation Forest,91.53,49.18,MEDIUM,No significant risk indicator detected,MEDIUM
,Coimbatore,,Odika Naik,W11708,,Community Health Center,District Rural Development Agency,17.66,,,,,,,,,Ongoing,20.94483453146812,synthetic,Synthetic Test Data,,,False,,,False,,,,False,False,W11708,20.94,LOW,No rule-based risk condition triggered,False,-0.0301,Normal,Isolation Forest,53.48,33.96,LOW,No significant risk indicator detected,LOW
,Chennai,,Ria Ratta,W11139,,School Building Repair,State Housing Board,10.27,,,,,,,,,Ongoing,20.94299950050386,synthetic,Synthetic Test Data,,,False,,,False,,,,False,False,W11139,20.94,LOW,No rule-based risk condition triggered,False,-0.0325,Normal,Isolation Forest,43.38,29.92,LOW,No significant risk indicator detected,LOW
,Agra,,Krishna Pant,W12884,,Road Construction,Zilla Panchayat,31.51,,,,,,,,,Completed,20.894579500277032,synthetic,Synthetic Test Data,,,False,,,False,,,,False,False,W12884,20.89,LOW,No rule-based risk condition triggered,False,-0.0237,Normal,Isolation Forest,74.17,42.2,MEDIUM,No significant risk indicator detected,MEDIUM
,Pune,,Yadavi Deshmukh,W10537,,Community Health Center,Zilla Panchayat,18.69,,,,,,,,,Completed,20.89088077022389,synthetic,Synthetic Test Data,,,False,,,False,,,,False,False,W10537,20.89,LOW,No rule-based risk condition triggered,False,-0.0296,Normal,Isolation Forest,55.85,34.87,LOW,No significant risk indicator detected,LOW
,Mysuru,,Ekansh Sami,W11010,,Community Health Center,District Rural Development Agency,42.51,,,,,,,,,Completed,20.87969365358941,synthetic,Synthetic Test Data,,,False,,,False,,,,False,False,W11010,20.88,LOW,No rule-based risk condition triggered,False,-0.0009,Normal,Isolation Forest,94.58,50.36,MEDIUM,No significant risk indicator detected,MEDIUM
,Nagpur,,Tanish Iyer,W11432,,Road Construction,Municipal Corporation,32.99,,,,,,,,,Completed,20.878259709139485,synthetic,Synthetic Test Data,,,False,,,False,,,,False,False,W11432,20.88,LOW,No rule-based risk condition triggered,False,-0.0065,Normal,Isolation Forest,92.82,49.66,MEDIUM,No significant risk indicator detected,MEDIUM
,Chennai,,Sanya Swamy,W11652,,Street Lighting,Public Works Department,3.68,,,,,,,,,Completed,20.867008647647467,synthetic,Synthetic Test Data,,,False,,,False,,,,False,False,W11652,20.87,LOW,No rule-based risk condition triggered,False,-0.0224,Normal,Isolation Forest,76.3,43.04,MEDIUM,No significant risk indicator detected,MEDIUM
,Howrah,,Eesha Memon,W11597,,Community Health Center,State Housing Board,29.21,,,,,,,,,Ongoing,20.81683533137457,synthetic,Synthetic Test Data,,,False,,,False,,,,False,False,W11597,20.82,LOW,No rule-based risk condition triggered,False,-0.0195,Normal,Isolation Forest,81.5,45.09,MEDIUM,No significant risk indicator detected,MEDIUM
,Varanasi,,Yamini Chand,W12494,,Public Toilet Complex,Public Works Department,2.24,,,,,,,,,Completed,20.80185425,synthetic,Synthetic Test Data,,,False,,,False,,,,False,False,W12494,20.8,LOW,No rule-based risk condition triggered,False,-0.0258,Normal,Isolation Forest,68.57,39.91,LOW,No significant risk indicator detected,LOW
,Howrah,,Jagat Mangat,W12673,,Road Construction,Zilla Panchayat,34.73,,,,,,,,,Completed,20.799567469991345,synthetic,Synthetic Test Data,,,False,,,False,,,,False,False,W12673,20.8,LOW,No rule-based risk condition triggered,False,-0.0178,Normal,Isolation Forest,84.12,46.13,MEDIUM,No significant risk indicator detected,MEDIUM
,Mysuru,,Ekansh Sami,W12036,,Street Lighting,State Housing Board,3.17,,,,,,,,,Completed,20.776173704050983,synthetic,Synthetic Test Data,,,False,,,False,,,,False,False,W12036,20.78,LOW,No rule-based risk condition triggered,False,-0.0336,Normal,Isolation Forest,38.32,27.8,LOW,No significant risk indicator detected,LOW
,Bengaluru Urban,,Hemang Bava,W11421,,Street Lighting,State Housing Board,1.46,,,,,,,,,Ongoing,20.76490794130813,synthetic,Synthetic Test Data,,,False,,,False,,,,False,False,W11421,20.76,LOW,No rule-based risk condition triggered,False,-0.0259,Normal,Isolation Forest,68.27,39.76,LOW,No significant risk indicator detected,LOW
,Howrah,,Ekansh Sami,W11743,,Community Health Center,District Rural Development Agency,31.9,,,,,,,,,Completed,20.725141845702844,synthetic,Synthetic Test Data,,,False,,,False,,,,False,False,W11743,20.73,LOW,No rule-based risk condition triggered,False,-0.0294,Normal,Isolation Forest,56.62,35.09,LOW,No significant risk indicator detected,LOW
,Chennai,,Ishwar Boase,W12779,,Road Construction,District Rural Development Agency,29.85,,,,,,,,,Ongoing,20.709970318240863,synthetic,Synthetic Test Data,,,False,,,False,,,,False,False,W12779,20.71,LOW,No rule-based risk condition triggered,True,0.0022,Anomaly,Isolation Forest,95.38,50.58,MEDIUM,ML: Isolation Forest identified unusual project characteristics,MEDIUM
,Howrah,,Lucky Prashad,W11774,,Community Health Center,State Housing Board,27.0,,,,,,,,,Ongoing,20.70923537695331,synthetic,Synthetic Test Data,,,False,,,False,,,,False,False,W11774,20.71,LOW,No rule-based risk condition triggered,False,-0.0221,Normal,Isolation Forest,76.57,43.05,MEDIUM,No significant risk indicator detected,MEDIUM
,Bengaluru Urban,,Tanish Iyer,W11942,,Street Lighting,Municipal Corporation,1.49,,,,,,,,,Ongoing,20.70397404443085,synthetic,Synthetic Test Data,,,False,,,False,,,,False,False,W11942,20.7,LOW,No rule-based risk condition triggered,False,-0.0115,Normal,Isolation Forest,89.82,48.35,MEDIUM,No significant risk indicator detected,MEDIUM
,Asansol,,Triya Khatri,W10103,,Drinking Water Supply,Zilla Panchayat,14.03,,,,,,,,,Completed,20.701551432255997,synthetic,Synthetic Test Data,,,False,,,False,,,,False,False,W10103,20.7,LOW,No rule-based risk condition triggered,False,-0.0434,Normal,Isolation Forest,8.77,15.93,LOW,No significant risk indicator detected,LOW
,Dharwad,,Meera Banerjee,W11424,,Street Lighting,State Housing Board,2.47,,,,,,,,,Completed,20.67375162635764,synthetic,Synthetic Test Data,,,False,,,False,,,,False,False,W11424,20.67,LOW,No rule-based risk condition triggered,False,-0.0314,Normal,Isolation Forest,48.37,31.75,LOW,No significant risk indicator detected,LOW
,Kolkata,,Pallavi Krish,W12910,,Public Toilet Complex,Zilla Panchayat,3.85,,,,,,,,,Completed,20.657052024450877,synthetic,Synthetic Test Data,,,False,,,False,,,,False,False,W12910,20.66,LOW,No rule-based risk condition triggered,False,-0.0498,Normal,Isolation Forest,2.98,13.59,LOW,No significant risk indicator detected,LOW
,Thane,,Victor Venkataraman,W11820,,Street Lighting,Zilla Panchayat,1.54,,,,,,,,,Ongoing,20.646903283038185,synthetic,Synthetic Test Data,,,False,,,False,,,,False,False,W11820,20.65,LOW,No rule-based risk condition triggered,False,-0.0376,Normal,Isolation Forest,23.17,21.66,LOW,No significant risk indicator detected,LOW
,Madurai,,Bachittar Choudhry,W12531,,Public Toilet Complex,State Housing Board,7.94,,,,,,,,,Ongoing,20.629574774731505,synthetic,Synthetic Test Data,,,False,,,False,,,,False,False,W12531,20.63,LOW,No rule-based risk condition triggered,False,-0.0194,Normal,Isolation Forest,81.8,45.1,MEDIUM,No significant risk indicator detected,MEDIUM
,Asansol,,Ronith Zachariah,W12358,,Drainage System,State Housing Board,13.55,,,,,,,,,Completed,20.62855631456101,synthetic,Synthetic Test Data,,,False,,,False,,,,False,False,W12358,20.63,LOW,No rule-based risk condition triggered,False,-0.0387,Normal,Isolation Forest,20.17,20.45,LOW,No significant risk indicator detected,LOW
,Belagavi,,Eesha Memon,W11411,,Community Health Center,Municipal Corporation,41.64,,,,,,,,,Ongoing,20.60225392119901,synthetic,Synthetic Test Data,,,False,,,False,,,,False,False,W11411,20.6,LOW,No rule-based risk condition triggered,True,0.0171,Anomaly,Isolation Forest,98.83,51.89,MEDIUM,ML: Isolation Forest identified unusual project characteristics,MEDIUM
,Kolkata,,Ria Ratta,W10859,,Public Toilet Complex,Zilla Panchayat,3.28,,,,,,,,,Ongoing,20.56811585620443,synthetic,Synthetic Test Data,,,False,,,False,,,,False,False,W10859,20.57,LOW,No rule-based risk condition triggered,False,-0.0334,Normal,Isolation Forest,39.33,28.07,LOW,No significant risk indicator detected,LOW
,Pune,,Yadavi Deshmukh,W10808,,Street Lighting,Zilla Panchayat,4.83,,,,,,,,,Completed,20.551941479855152,synthetic,Synthetic Test Data,,,False,,,False,,,,False,False,W10808,20.55,LOW,No rule-based risk condition triggered,False,-0.0419,Normal,Isolation Forest,10.68,16.6,LOW,No significant risk indicator detected,LOW
,Thane,,Owen Bala,W11270,,Drinking Water Supply,District Rural Development Agency,18.69,,,,,,,,,Completed,20.549919040206472,synthetic,Synthetic Test Data,,,False,,,False,,,,False,False,W11270,20.55,LOW,No rule-based risk condition triggered,False,-0.0221,Normal,Isolation Forest,76.57,42.96,MEDIUM,No significant risk indicator detected,MEDIUM
,Lucknow,,Ishwar Boase,W11136,,Community Health Center,Zilla Panchayat,41.82,,,,,,,,,Completed,20.543843051138968,synthetic,Synthetic Test Data,,,False,,,False,,,,False,False,W11136,20.54,LOW,No rule-based risk condition triggered,True,0.0031,Anomaly,Isolation Forest,95.68,50.6,MEDIUM,ML: Isolation Forest identified unusual project characteristics,MEDIUM
,Nagpur,,Varsha Morar,W11919,,Drainage System,District Rural Development Agency,13.92,,,,,,,,,Ongoing,20.542268515435502,synthetic,Synthetic Test Data,,,False,,,False,,,,False,False,W11919,20.54,LOW,No rule-based risk condition triggered,False,-0.0398,Normal,Isolation Forest,16.93,19.1,LOW,No significant risk indicator detected,LOW
,Agra,,Yamini Chand,W11154,,Drainage System,District Rural Development Agency,12.62,,,,,,,,,Completed,20.532782454839364,synthetic,Synthetic Test Data,,,False,,,False,,,,False,False,W11154,20.53,LOW,No rule-based risk condition triggered,False,-0.0355,Normal,Isolation Forest,30.42,24.49,LOW,No significant risk indicator detected,LOW
,Kolkata,,Ekansh Sami,W11138,,Road Construction,Municipal Corporation,39.16,,,,,,,,,Completed,20.52921987481696,synthetic,Synthetic Test Data,,,False,,,False,,,,False,False,W11138,20.53,LOW,No rule-based risk condition triggered,True,0.011,Anomaly,Isolation Forest,97.63,51.37,MEDIUM,ML: Isolation Forest identified unusual project characteristics,MEDIUM
,Asansol,,Ekansh Sami,W11338,,Street Lighting,State Housing Board,1.14,,,,,,,,,Ongoing,20.523715339721534,synthetic,Synthetic Test Data,,,False,,,False,,,,False,False,W11338,20.52,LOW,No rule-based risk condition triggered,False,-0.0235,Normal,Isolation Forest,74.58,42.14,MEDIUM,No significant risk indicator detected,MEDIUM
,Mysuru,,Ronith Zachariah,W12409,,Community Health Center,Municipal Corporation,23.63,,,,,,,,,Completed,20.485783489593064,synthetic,Synthetic Test Data,,,False,,,False,,,,False,False,W12409,20.49,LOW,No rule-based risk condition triggered,False,-0.0211,Normal,Isolation Forest,78.95,43.87,MEDIUM,No significant risk indicator detected,MEDIUM
,Agra,,Vrinda Biswas,W12520,,Public Toilet Complex,Public Works Department,4.64,,,,,,,,,Completed,20.47972907459972,synthetic,Synthetic Test Data,,,False,,,False,,,,False,False,W12520,20.48,LOW,No rule-based risk condition triggered,False,-0.0412,Normal,Isolation Forest,12.82,17.42,LOW,No significant risk indicator detected,LOW
,Varanasi,,Widisha Yohannan,W11541,,Drinking Water Supply,Municipal Corporation,19.81,,,,,,,,,Ongoing,20.479514592401653,synthetic,Synthetic Test Data,,,False,,,False,,,,False,False,W11541,20.48,LOW,No rule-based risk condition triggered,False,-0.0109,Normal,Isolation Forest,90.28,48.4,MEDIUM,No significant risk indicator detected,MEDIUM
,Belagavi,,Gabriel Thaman,W12908,,Public Toilet Complex,District Rural Development Agency,3.32,,,,,,,,,Ongoing,20.45660062780081,synthetic,Synthetic Test Data,,,False,,,False,,,,False,False,W12908,20.46,LOW,No rule-based risk condition triggered,False,-0.0257,Normal,Isolation Forest,68.93,39.85,LOW,No significant risk indicator detected,LOW
,Belagavi,,Ekansh Sami,W11633,,Road Construction,District Rural Development Agency,22.86,,,,,,,,,Ongoing,20.453094076131144,synthetic,Synthetic Test Data,,,False,,,False,,,,False,False,W11633,20.45,LOW,No rule-based risk condition triggered,False,-0.0036,Normal,Isolation Forest,93.83,49.8,MEDIUM,No significant risk indicator detected,MEDIUM
,Coimbatore,,Rayaan Mand,W11973,,Road Construction,Public Works Department,20.54,,,,,,,,,Ongoing,20.447080686484032,synthetic,Synthetic Test Data,,,False,,,False,,,,False,False,W11973,20.45,LOW,No rule-based risk condition triggered,False,-0.0376,Normal,Isolation Forest,23.17,21.54,LOW,No significant risk indicator detected,LOW
,Coimbatore,,Harrison Kapur,W12091,,Road Construction,Zilla Panchayat,13.95,,,,,,,,,Ongoing,20.44547034,synthetic,Synthetic Test Data,,,False,,,False,,,,False,False,W12091,20.45,LOW,No rule-based risk condition triggered,False,-0.0462,Normal,Isolation Forest,5.42,14.44,LOW,No significant risk indicator detected,LOW
,Coimbatore,,Azaan Gupta,W12927,,Community Health Center,Zilla Panchayat,36.05,,,,,,,,,Completed,20.42667504897425,synthetic,Synthetic Test Data,,,False,,,False,,,,False,False,W12927,20.43,LOW,No rule-based risk condition triggered,False,-0.0059,Normal,Isolation Forest,93.0,49.46,MEDIUM,No significant risk indicator detected,MEDIUM
,Nagpur,,Yutika Rana,W11553,,Road Construction,Zilla Panchayat,30.09,,,,,,,,,Ongoing,20.40852120990468,synthetic,Synthetic Test Data,,,False,,,False,,,,False,False,W11553,20.41,LOW,No rule-based risk condition triggered,False,-0.0338,Normal,Isolation Forest,37.63,27.3,LOW,No significant risk indicator detected,LOW
,Darjeeling,,Meera Banerjee,W11304,,Community Health Center,Municipal Corporation,28.52,,,,,,,,,Completed,20.407913613191276,synthetic,Synthetic Test Data,,,False,,,False,,,,False,False,W11304,20.41,LOW,No rule-based risk condition triggered,False,-0.0186,Normal,Isolation Forest,82.93,45.42,MEDIUM,No significant risk indicator detected,MEDIUM
,Chennai,,Triya Khatri,W12501,,Community Health Center,Public Works Department,21.99,,,,,,,,,Ongoing,20.40706641748269,synthetic,Synthetic Test Data,,,False,,,False,,,,False,False,W12501,20.41,LOW,No rule-based risk condition triggered,False,-0.0279,Normal,Isolation Forest,61.97,37.03,LOW,No significant risk indicator detected,LOW
,Pune,,Ishwar Boase,W10061,,Drinking Water Supply,Zilla Panchayat,10.07,,,,,,,,,Completed,20.406766336850858,synthetic,Synthetic Test Data,,,False,,,False,,,,False,False,W10061,20.41,LOW,No rule-based risk condition triggered,False,-0.0447,Normal,Isolation Forest,7.28,15.16,LOW,No significant risk indicator detected,LOW
,Asansol,,Yadavi Deshmukh,W12532,,Community Health Center,Zilla Panchayat,11.07,,,,,,,,,Completed,20.4029417,synthetic,Synthetic Test Data,,,False,,,False,,,,False,False,W12532,20.4,LOW,No rule-based risk condition triggered,False,-0.0286,Normal,Isolation Forest,59.68,36.11,LOW,No significant risk indicator detected,LOW
,Dharwad,,Onveer Kata,W12544,,Road Construction,Public Works Department,27.25,,,,,,,,,Ongoing,20.37455992904621,synthetic,Synthetic Test Data,,,False,,,False,,,,False,False,W12544,20.37,LOW,No rule-based risk condition triggered,False,-0.0279,Normal,Isolation Forest,61.97,37.01,LOW,No significant risk indicator detected,LOW
,Lucknow,,Bachittar Choudhry,W11110,,Street Lighting,Zilla Panchayat,1.78,,,,,,,,,Ongoing,20.372021824107264,synthetic,Synthetic Test Data,,,False,,,False,,,,False,False,W11110,20.37,LOW,No rule-based risk condition triggered,False,-0.0392,Normal,Isolation Forest,19.02,19.83,LOW,No significant risk indicator detected,LOW
,Thane,,Yutika Rana,W12135,,Community Health Center,State Housing Board,28.12,,,,,,,,,Ongoing,20.366074073314124,synthetic,Synthetic Test Data,,,False,,,False,,,,False,False,W12135,20.37,LOW,No rule-based risk condition triggered,False,-0.0204,Normal,Isolation Forest,80.32,44.35,MEDIUM,No significant risk indicator detected,MEDIUM
,Varanasi,,Victor Venkataraman,W10261,,Street Lighting,District Rural Development Agency,5.89,,,,,,,,,Completed,20.339502172159456,synthetic,Synthetic Test Data,,,False,,,False,,,,False,False,W10261,20.34,LOW,No rule-based risk condition triggered,False,-0.0251,Normal,Isolation Forest,70.53,40.42,MEDIUM,No significant risk indicator detected,MEDIUM
,Mysuru,,Gabriel Thaman,W12923,,Street Lighting,District Rural Development Agency,1.98,,,,,,,,,Ongoing,20.33526571357519,synthetic,Synthetic Test Data,,,False,,,False,,,,False,False,W12923,20.34,LOW,No rule-based risk condition triggered,False,-0.0261,Normal,Isolation Forest,67.72,39.29,LOW,No significant risk indicator detected,LOW
,Agra,,Varsha Morar,W11872,,Public Toilet Complex,Zilla Panchayat,5.72,,,,,,,,,Completed,20.33005763879908,synthetic,Synthetic Test Data,,,False,,,False,,,,False,False,W11872,20.33,LOW,No rule-based risk condition triggered,False,-0.0542,Normal,Isolation Forest,0.63,12.45,LOW,No significant risk indicator detected,LOW
,Kolkata,,Harrison Kapur,W12678,,Road Construction,Zilla Panchayat,29.8,,,,,,,,,Ongoing,20.32607208498828,synthetic,Synthetic Test Data,,,False,,,False,,,,False,False,W12678,20.33,LOW,No rule-based risk condition triggered,False,-0.0349,Normal,Isolation Forest,32.65,25.26,LOW,No significant risk indicator detected,LOW
,Howrah,,Widisha Yohannan,W10064,,Community Health Center,Municipal Corporation,37.98,,,,,,,,,Completed,20.32481506882233,synthetic,Synthetic Test Data,,,False,,,False,,,,False,False,W10064,20.32,LOW,No rule-based risk condition triggered,True,0.0047,Anomaly,Isolation Forest,96.2,50.67,MEDIUM,ML: Isolation Forest identified unusual project characteristics,MEDIUM
,Howrah,,Meera Banerjee,W11009,,Community Health Center,Zilla Panchayat,29.37,,,,,,,,,Ongoing,20.313950809312093,synthetic,Synthetic Test Data,,,False,,,False,,,,False,False,W11009,20.31,LOW,No rule-based risk condition triggered,False,-0.0171,Normal,Isolation Forest,85.0,46.19,MEDIUM,No significant risk indicator detected,MEDIUM
,Agra,,Pallavi Krish,W12556,,Road Construction,State Housing Board,38.83,,,,,,,,,Ongoing,20.30825103732818,synthetic,Synthetic Test Data,,,False,,,False,,,,False,False,W12556,20.31,LOW,No rule-based risk condition triggered,True,0.0094,Anomaly,Isolation Forest,97.23,51.08,MEDIUM,ML: Isolation Forest identified unusual project characteristics,MEDIUM
,Kanpur,,Widisha Yohannan,W11695,,Community Health Center,District Rural Development Agency,28.93,,,,,,,,,Ongoing,20.29955844743391,synthetic,Synthetic Test Data,,,False,,,False,,,,False,False,W11695,20.3,LOW,No rule-based risk condition triggered,False,-0.0191,Normal,Isolation Forest,82.2,45.06,MEDIUM,No significant risk indicator detected,MEDIUM
,Kanpur,,Mugdha Varty,W11844,,Road Construction,Zilla Panchayat,30.0,,,,,,,,,Completed,20.295012229833617,synthetic,Synthetic Test Data,,,False,,,False,,,,False,False,W11844,20.3,LOW,No rule-based risk condition triggered,False,-0.0263,Normal,Isolation Forest,67.18,39.05,LOW,No significant risk indicator detected,LOW
,Kanpur,,Meera Banerjee,W10425,,Road Construction,State Housing Board,21.07,,,,,,,,,Completed,20.27896585536941,synthetic,Synthetic Test Data,,,False,,,False,,,,False,False,W10425,20.28,LOW,No rule-based risk condition triggered,False,-0.0197,Normal,Isolation Forest,81.22,44.66,MEDIUM,No significant risk indicator detected,MEDIUM
,Nagpur,,Yadavi Deshmukh,W10207,,Street Lighting,State Housing Board,3.55,,,,,,,,,Completed,20.26495626272289,synthetic,Synthetic Test Data,,,False,,,False,,,,False,False,W10207,20.26,LOW,No rule-based risk condition triggered,False,-0.0345,Normal,Isolation Forest,34.48,25.95,LOW,No significant risk indicator detected,LOW
,Nashik,,Mugdha Varty,W11902,,Community Health Center,Municipal Corporation,28.57,,,,,,,,,Ongoing,20.24223963080489,synthetic,Synthetic Test Data,,,False,,,False,,,,False,False,W11902,20.24,LOW,No rule-based risk condition triggered,False,-0.011,Normal,Isolation Forest,90.23,48.24,MEDIUM,No significant risk indicator detected,MEDIUM
,Pune,,Deepa Gala,W11148,,Community Health Center,Public Works Department,21.34,,,,,,,,,Ongoing,20.221363244325403,synthetic,Synthetic Test Data,,,False,,,False,,,,False,False,W11148,20.22,LOW,No rule-based risk condition triggered,False,-0.0281,Normal,Isolation Forest,61.17,36.6,LOW,No significant risk indicator detected,LOW
,Nashik,,Owen Bala,W12100,,Street Lighting,Public Works Department,1.64,,,,,,,,,Ongoing,20.214432463129093,synthetic,Synthetic Test Data,,,False,,,False,,,,False,False,W12100,20.21,LOW,No rule-based risk condition triggered,False,-0.025,Normal,Isolation Forest,70.8,40.45,MEDIUM,No significant risk indicator detected,MEDIUM
,Dharwad,,Vanya Suresh,W11618,,Road Construction,Municipal Corporation,22.5,,,,,,,,,Completed,20.21195088215989,synthetic,Synthetic Test Data,,,False,,,False,,,,False,False,W11618,20.21,LOW,No rule-based risk condition triggered,False,-0.0192,Normal,Isolation Forest,82.03,44.94,MEDIUM,No significant risk indicator detected,MEDIUM
,Lucknow,,Nicholas Gour,W11301,,Road Construction,Zilla Panchayat,35.99,,,,,,,,,Completed,20.20103937971656,synthetic,Synthetic Test Data,,,False,,,False,,,,False,False,W11301,20.2,LOW,No rule-based risk condition triggered,False,-0.015,Normal,Isolation Forest,86.88,46.87,MEDIUM,No significant risk indicator detected,MEDIUM
,Kanpur,,Vrinda Biswas,W12790,,Street Lighting,Zilla Panchayat,1.7,,,,,,,,,Ongoing,20.196819816303545,synthetic,Synthetic Test Data,,,False,,,False,,,,False,False,W12790,20.2,LOW,No rule-based risk condition triggered,False,-0.0388,Normal,Isolation Forest,19.85,20.06,LOW,No significant risk indicator detected,LOW
,Mysuru,,Meera Banerjee,W12651,,Community Health Center,Zilla Panchayat,13.35,,,,,,,,,Completed,20.187033510247943,synthetic,Synthetic Test Data,,,False,,,False,,,,False,False,W12651,20.19,LOW,No rule-based risk condition triggered,False,-0.0294,Normal,Isolation Forest,56.62,34.76,LOW,No significant risk indicator detected,LOW
,Kanpur,,Azaan Gupta,W10153,,Road Construction,Municipal Corporation,20.77,,,,,,,,,Ongoing,20.17666220061397,synthetic,Synthetic Test Data,,,False,,,False,,,,False,False,W10153,20.18,LOW,No rule-based risk condition triggered,False,-0.0071,Normal,Isolation Forest,92.45,49.09,MEDIUM,No significant risk indicator detected,MEDIUM
,Asansol,,Nicholas Gour,W10052,,Road Construction,District Rural Development Agency,24.51,,,,,,,,,Completed,20.16313050991336,synthetic,Synthetic Test Data,,,False,,,False,,,,False,False,W10052,20.16,LOW,No rule-based risk condition triggered,False,-0.0074,Normal,Isolation Forest,92.4,49.06,MEDIUM,No significant risk indicator detected,MEDIUM
,Dharwad,,Widisha Yohannan,W11346,,Road Construction,Public Works Department,27.6,,,,,,,,,Completed,20.15660625545732,synthetic,Synthetic Test Data,,,False,,,False,,,,False,False,W11346,20.16,LOW,No rule-based risk condition triggered,False,-0.0258,Normal,Isolation Forest,68.57,39.52,LOW,No significant risk indicator detected,LOW
,Coimbatore,,Jagat Mangat,W11170,,Road Construction,Municipal Corporation,23.62,,,,,,,,,Completed,20.155420184130907,synthetic,Synthetic Test Data,,,False,,,False,,,,False,False,W11170,20.16,LOW,No rule-based risk condition triggered,False,-0.0179,Normal,Isolation Forest,83.97,45.68,MEDIUM,No significant risk indicator detected,MEDIUM
,Dharwad,,Widisha Yohannan,W10897,,Drinking Water Supply,District Rural Development Agency,18.24,,,,,,,,,Completed,20.150769923491303,synthetic,Synthetic Test Data,,,False,,,False,,,,False,False,W10897,20.15,LOW,No rule-based risk condition triggered,False,-0.0254,Normal,Isolation Forest,69.65,39.95,LOW,No significant risk indicator detected,LOW
,Nashik,,Yamini Chand,W12985,,Community Health Center,Zilla Panchayat,14.26,,,,,,,,,Completed,20.149135581436028,synthetic,Synthetic Test Data,,,False,,,False,,,,False,False,W12985,20.15,LOW,No rule-based risk condition triggered,False,-0.0297,Normal,Isolation Forest,55.33,34.22,LOW,No significant risk indicator detected,LOW
,Lucknow,,Yamini Chand,W10018,,School Building Repair,Municipal Corporation,5.7,,,,,,,,,Ongoing,20.144608406958525,synthetic,Synthetic Test Data,,,False,,,False,,,,False,False,W10018,20.14,LOW,No rule-based risk condition triggered,False,-0.0327,Normal,Isolation Forest,42.53,29.1,LOW,No significant risk indicator detected,LOW
,Nashik,,Ronith Zachariah,W10217,,Road Construction,District Rural Development Agency,15.07,,,,,,,,,Completed,20.14374530872181,synthetic,Synthetic Test Data,,,False,,,False,,,,False,False,W10217,20.14,LOW,No rule-based risk condition triggered,False,-0.016,Normal,Isolation Forest,86.03,46.5,MEDIUM,No significant risk indicator detected,MEDIUM
,Agra,,Krishna Pant,W10643,,Street Lighting,Public Works Department,2.06,,,,,,,,,Ongoing,20.135014286756405,synthetic,Synthetic Test Data,,,False,,,False,,,,False,False,W10643,20.14,LOW,No rule-based risk condition triggered,False,-0.0266,Normal,Isolation Forest,66.5,38.68,LOW,No significant risk indicator detected,LOW
,Howrah,,Ekansh Sami,W11941,,Road Construction,Municipal Corporation,20.73,,,,,,,,,Ongoing,20.126834970900106,synthetic,Synthetic Test Data,,,False,,,False,,,,False,False,W11941,20.13,LOW,No rule-based risk condition triggered,False,-0.0068,Normal,Isolation Forest,92.62,49.13,MEDIUM,No significant risk indicator detected,MEDIUM
,Mysuru,,Gaurav Chandra,W10805,,School Building Repair,Public Works Department,3.65,,,,,,,,,Ongoing,20.114654754273147,synthetic,Synthetic Test Data,,,False,,,False,,,,False,False,W10805,20.11,LOW,No rule-based risk condition triggered,False,-0.0195,Normal,Isolation Forest,81.5,44.67,MEDIUM,No significant risk indicator detected,MEDIUM
,Bengaluru Urban,,Ronith Zachariah,W11047,,Community Health Center,Municipal Corporation,26.29,,,,,,,,,Ongoing,20.11212075258954,synthetic,Synthetic Test Data,,,False,,,False,,,,False,False,W11047,20.11,LOW,No rule-based risk condition triggered,False,-0.0129,Normal,Isolation Forest,88.97,47.65,MEDIUM,No significant risk indicator detected,MEDIUM
,Pune,,Jagat Mangat,W12423,,School Building Repair,Zilla Panchayat,4.21,,,,,,,,,Completed,20.108499431297854,synthetic,Synthetic Test Data,,,False,,,False,,,,False,False,W12423,20.11,LOW,No rule-based risk condition triggered,False,-0.0496,Normal,Isolation Forest,3.23,13.36,LOW,No significant risk indicator detected,LOW
,Pune,,Varsha Morar,W12281,,Drainage System,Zilla Panchayat,4.02,,,,,,,,,Completed,20.10491032445169,synthetic,Synthetic Test Data,,,False,,,False,,,,False,False,W12281,20.1,LOW,No rule-based risk condition triggered,False,-0.0437,Normal,Isolation Forest,8.28,15.37,LOW,No significant risk indicator detected,LOW
,Madurai,,Mugdha Varty,W10629,,Drainage System,State Housing Board,5.97,,,,,,,,,Completed,20.10155006291332,synthetic,Synthetic Test Data,,,False,,,False,,,,False,False,W10629,20.1,LOW,No rule-based risk condition triggered,False,-0.0389,Normal,Isolation Forest,19.63,19.91,LOW,No significant risk indicator detected,LOW
,Pune,,Vrinda Biswas,W12979,,Drinking Water Supply,District Rural Development Agency,15.18,,,,,,,,,Completed,20.094466320780285,synthetic,Synthetic Test Data,,,False,,,False,,,,False,False,W12979,20.09,LOW,No rule-based risk condition triggered,False,-0.0312,Normal,Isolation Forest,49.25,31.75,LOW,No significant risk indicator detected,LOW
,Thane,,Hemang Bava,W10246,,School Building Repair,Municipal Corporation,6.06,,,,,,,,,Completed,20.084282105936516,synthetic,Synthetic Test Data,,,False,,,False,,,,False,False,W10246,20.08,LOW,No rule-based risk condition triggered,False,-0.0343,Normal,Isolation Forest,35.27,26.16,LOW,No significant risk indicator detected,LOW
,Asansol,,Owen Bansal,W11839,,Street Lighting,Zilla Panchayat,2.95,,,,,,,,,Completed,20.075935522565548,synthetic,Synthetic Test Data,,,False,,,False,,,,False,False,W11839,20.08,LOW,No rule-based risk condition triggered,False,-0.0388,Normal,Isolation Forest,19.85,19.99,LOW,No significant risk indicator detected,LOW
,Asansol,,Gabriel Thaman,W12879,,Drainage System,District Rural Development Agency,5.86,,,,,,,,,Completed,20.07105273892004,synthetic,Synthetic Test Data,,,False,,,False,,,,False,False,W12879,20.07,LOW,No rule-based risk condition triggered,False,-0.0354,Normal,Isolation Forest,30.77,24.35,LOW,No significant risk indicator detected,LOW
,Howrah,,Yutika Rana,W10248,,Community Health Center,Municipal Corporation,18.36,,,,,,,,,Completed,20.06447668285631,synthetic,Synthetic Test Data,,,False,,,False,,,,False,False,W10248,20.06,LOW,No rule-based risk condition triggered,False,-0.0263,Normal,Isolation Forest,67.18,38.91,LOW,No significant risk indicator detected,LOW
,Thane,,Christopher Kadakia,W11227,,Public Toilet Complex,State Housing Board,6.52,,,,,,,,,Completed,20.06199829276932,synthetic,Synthetic Test Data,,,False,,,False,,,,False,False,W11227,20.06,LOW,No rule-based risk condition triggered,False,-0.0394,Normal,Isolation Forest,18.43,19.41,LOW,No significant risk indicator detected,LOW
,Thane,,Yutika Rana,W12776,,Community Health Center,Municipal Corporation,43.97,,,,,,,,,Ongoing,20.052407255604475,synthetic,Synthetic Test Data,,,False,,,False,,,,False,False,W12776,20.05,LOW,No rule-based risk condition triggered,True,0.0237,Anomaly,Isolation Forest,99.58,51.86,MEDIUM,ML: Isolation Forest identified unusual project characteristics,MEDIUM
,Thane,,Azaan Gupta,W10037,,School Building Repair,Municipal Corporation,3.5,,,,,,,,,Ongoing,20.040834410535997,synthetic,Synthetic Test Data,,,False,,,False,,,,False,False,W10037,20.04,LOW,No rule-based risk condition triggered,False,-0.0187,Normal,Isolation Forest,82.72,45.11,MEDIUM,No significant risk indicator detected,MEDIUM
,Darjeeling,,Triya Khatri,W11076,,Street Lighting,Zilla Panchayat,1.91,,,,,,,,,Ongoing,20.028004621751776,synthetic,Synthetic Test Data,,,False,,,False,,,,False,False,W11076,20.03,LOW,No rule-based risk condition triggered,False,-0.0401,Normal,Isolation Forest,15.92,18.39,LOW,No significant risk indicator detected,LOW
,Lucknow,,Owen Bala,W12350,,Street Lighting,District Rural Development Agency,1.84,,,,,,,,,Completed,20.027694143635927,synthetic,Synthetic Test Data,,,False,,,False,,,,False,False,W12350,20.03,LOW,No rule-based risk condition triggered,False,-0.0258,Normal,Isolation Forest,68.57,39.45,LOW,No significant risk indicator detected,LOW
,Nashik,,Onveer Kata,W11363,,Drinking Water Supply,Public Works Department,4.08,,,,,,,,,Completed,20.020326978602466,synthetic,Synthetic Test Data,,,False,,,False,,,,False,False,W11363,20.02,LOW,No rule-based risk condition triggered,False,-0.026,Normal,Isolation Forest,68.0,39.21,LOW,No significant risk indicator detected,LOW
,Agra,,Widisha Yohannan,W11993,,Community Health Center,Municipal Corporation,26.42,,,,,,,,,Ongoing,19.989827992399537,synthetic,Synthetic Test Data,,,False,,,False,,,,False,False,W11993,19.99,LOW,No rule-based risk condition triggered,False,-0.0131,Normal,Isolation Forest,88.7,47.47,MEDIUM,No significant risk indicator detected,MEDIUM
,Agra,,Azaan Gupta,W10080,,Road Construction,District Rural Development Agency,25.2,,,,,,,,,Ongoing,19.98584092991212,synthetic,Synthetic Test Data,,,False,,,False,,,,False,False,W10080,19.99,LOW,No rule-based risk condition triggered,False,-0.0021,Normal,Isolation Forest,94.17,49.66,MEDIUM,No significant risk indicator detected,MEDIUM
,Madurai,,Owen Bansal,W10926,,Drainage System,Zilla Panchayat,17.95,,,,,,,,,Completed,19.97151803986113,synthetic,Synthetic Test Data,,,False,,,False,,,,False,False,W10926,19.97,LOW,No rule-based risk condition triggered,False,-0.0295,Normal,Isolation Forest,56.2,34.46,LOW,No significant risk indicator detected,LOW
,Nashik,,Bachittar Choudhry,W11014,,Road Construction,State Housing Board,38.12,,,,,,,,,Completed,19.969163166832374,synthetic,Synthetic Test Data,,,False,,,False,,,,False,False,W11014,19.97,LOW,No rule-based risk condition triggered,True,0.0164,Anomaly,Isolation Forest,98.65,51.44,MEDIUM,ML: Isolation Forest identified unusual project characteristics,MEDIUM
,Nagpur,,Gaurav Chandra,W10106,,Road Construction,Zilla Panchayat,26.33,,,,,,,,,Ongoing,19.96594315,synthetic,Synthetic Test Data,,,False,,,False,,,,False,False,W10106,19.97,LOW,No rule-based risk condition triggered,False,-0.0387,Normal,Isolation Forest,20.17,20.05,LOW,No significant risk indicator detected,LOW
,Darjeeling,,Vrinda Biswas,W10117,,Street Lighting,District Rural Development Agency,2.11,,,,,,,,,Ongoing,19.9647304221722,synthetic,Synthetic Test Data,,,False,,,False,,,,False,False,W10117,19.96,LOW,No rule-based risk condition triggered,False,-0.0273,Normal,Isolation Forest,64.32,37.7,LOW,No significant risk indicator detected,LOW
,Chennai,,Pallavi Krish,W11767,,Road Construction,Public Works Department,22.63,,,,,,,,,Completed,19.96378856968036,synthetic,Synthetic Test Data,,,False,,,False,,,,False,False,W11767,19.96,LOW,No rule-based risk condition triggered,False,-0.033,Normal,Isolation Forest,41.18,28.45,LOW,No significant risk indicator detected,LOW
,Pune,,Gabriel Thaman,W10256,,School Building Repair,Zilla Panchayat,9.07,,,,,,,,,Completed,19.96017309011559,synthetic,Synthetic Test Data,,,False,,,False,,,,False,False,W10256,19.96,LOW,No rule-based risk condition triggered,False,-0.0546,Normal,Isolation Forest,0.43,12.15,LOW,No significant risk indicator detected,LOW
,Chennai,,Pallavi Krish,W10572,,Road Construction,Zilla Panchayat,28.51,,,,,,,,,Ongoing,19.94123811220446,synthetic,Synthetic Test Data,,,False,,,False,,,,False,False,W10572,19.94,LOW,No rule-based risk condition triggered,False,-0.038,Normal,Isolation Forest,22.35,20.9,LOW,No significant risk indicator detected,LOW
,Lucknow,,Vanya Suresh,W12577,,Public Toilet Complex,Municipal Corporation,5.34,,,,,,,,,Ongoing,19.921569298632832,synthetic,Synthetic Test Data,,,False,,,False,,,,False,False,W12577,19.92,LOW,No rule-based risk condition triggered,False,-0.0246,Normal,Isolation Forest,72.25,40.85,MEDIUM,No significant risk indicator detected,MEDIUM
,Asansol,,Deepa Gala,W10146,,Street Lighting,Municipal Corporation,1.39,,,,,,,,,Ongoing,19.906622268246828,synthetic,Synthetic Test Data,,,False,,,False,,,,False,False,W10146,19.91,LOW,No rule-based risk condition triggered,False,-0.0105,Normal,Isolation Forest,90.47,48.13,MEDIUM,No significant risk indicator detected,MEDIUM
,Chennai,,Yamini Chand,W10110,,Street Lighting,District Rural Development Agency,5.33,,,,,,,,,Completed,19.89802656962783,synthetic,Synthetic Test Data,,,False,,,False,,,,False,False,W10110,19.9,LOW,No rule-based risk condition triggered,False,-0.028,Normal,Isolation Forest,61.57,36.57,LOW,No significant risk indicator detected,LOW
,Howrah,,Meera Banerjee,W12176,,Community Health Center,Public Works Department,26.54,,,,,,,,,Ongoing,19.89396042981037,synthetic,Synthetic Test Data,,,False,,,False,,,,False,False,W12176,19.89,LOW,No rule-based risk condition triggered,False,-0.0253,Normal,Isolation Forest,69.92,39.9,LOW,No significant risk indicator detected,LOW
,Bengaluru Urban,,Oliver Sarma,W11051,,Public Toilet Complex,State Housing Board,2.08,,,,,,,,,Ongoing,19.886033753350198,synthetic,Synthetic Test Data,,,False,,,False,,,,False,False,W11051,19.89,LOW,No rule-based risk condition triggered,False,-0.0151,Normal,Isolation Forest,86.73,46.63,MEDIUM,No significant risk indicator detected,MEDIUM
,Madurai,,Advaith Gole,W12078,,School Building Repair,Zilla Panchayat,3.55,,,,,,,,,Completed,19.86860568359308,synthetic,Synthetic Test Data,,,False,,,False,,,,False,False,W12078,19.87,LOW,No rule-based risk condition triggered,False,-0.0408,Normal,Isolation Forest,14.02,17.53,LOW,No significant risk indicator detected,LOW
,Agra,,Bachittar Choudhry,W11419,,Community Health Center,District Rural Development Agency,42.24,,,,,,,,,Ongoing,19.848551219080395,synthetic,Synthetic Test Data,,,False,,,False,,,,False,False,W11419,19.85,LOW,No rule-based risk condition triggered,True,0.0018,Anomaly,Isolation Forest,95.27,50.02,MEDIUM,ML: Isolation Forest identified unusual project characteristics,MEDIUM
,Mysuru,,Yug Choudhry,W12668,,Road Construction,Zilla Panchayat,24.72,,,,,,,,,Ongoing,19.843077451205566,synthetic,Synthetic Test Data,,,False,,,False,,,,False,False,W12668,19.84,LOW,No rule-based risk condition triggered,False,-0.0427,Normal,Isolation Forest,9.65,15.76,LOW,No significant risk indicator detected,LOW
,Pune,,Oliver Sarma,W12204,,School Building Repair,Zilla Panchayat,6.25,,,,,,,,,Completed,19.841171838033084,synthetic,Synthetic Test Data,,,False,,,False,,,,False,False,W12204,19.84,LOW,No rule-based risk condition triggered,False,-0.0552,Normal,Isolation Forest,0.4,12.06,LOW,No significant risk indicator detected,LOW
,Nagpur,,Jagat Mangat,W11694,,Street Lighting,District Rural Development Agency,3.41,,,,,,,,,Completed,19.83004798078161,synthetic,Synthetic Test Data,,,False,,,False,,,,False,False,W11694,19.83,LOW,No rule-based risk condition triggered,False,-0.0305,Normal,Isolation Forest,51.93,32.67,LOW,No significant risk indicator detected,LOW
,Lucknow,,Vrinda Biswas,W10184,,Street Lighting,Municipal Corporation,1.69,,,,,,,,,Ongoing,19.81326400855765,synthetic,Synthetic Test Data,,,False,,,False,,,,False,False,W10184,19.81,LOW,No rule-based risk condition triggered,False,-0.0131,Normal,Isolation Forest,88.7,47.37,MEDIUM,No significant risk indicator detected,MEDIUM
,Madurai,,Eesha Memon,W10193,,Drainage System,Public Works Department,4.18,,,,,,,,,Ongoing,19.803647849518345,synthetic,Synthetic Test Data,,,False,,,False,,,,False,False,W10193,19.8,LOW,No rule-based risk condition triggered,False,-0.0345,Normal,Isolation Forest,34.48,25.67,LOW,No significant risk indicator detected,LOW
,Thane,,Christopher Kadakia,W11960,,Road Construction,State Housing Board,23.04,,,,,,,,,Completed,19.792172135572887,synthetic,Synthetic Test Data,,,False,,,False,,,,False,False,W11960,19.79,LOW,No rule-based risk condition triggered,False,-0.0173,Normal,Isolation Forest,84.83,45.81,MEDIUM,No significant risk indicator detected,MEDIUM
,Kolkata,,Mugdha Varty,W12333,,Drinking Water Supply,Zilla Panchayat,7.09,,,,,,,,,Ongoing,19.783493863870717,synthetic,Synthetic Test Data,,,False,,,False,,,,False,False,W12333,19.78,LOW,No rule-based risk condition triggered,False,-0.0328,Normal,Isolation Forest,42.08,28.7,LOW,No significant risk indicator detected,LOW
,Darjeeling,,Yutika Rana,W11920,,Public Toilet Complex,Municipal Corporation,2.14,,,,,,,,,Ongoing,19.781286044482187,synthetic,Synthetic Test Data,,,False,,,False,,,,False,False,W11920,19.78,LOW,No rule-based risk condition triggered,False,-0.0119,Normal,Isolation Forest,89.52,47.68,MEDIUM,No significant risk indicator detected,MEDIUM
,Varanasi,,Widisha Yohannan,W11050,,Street Lighting,Public Works Department,1.5,,,,,,,,,Ongoing,19.75107461300941,synthetic,Synthetic Test Data,,,False,,,False,,,,False,False,W11050,19.75,LOW,No rule-based risk condition triggered,False,-0.0248,Normal,Isolation Forest,71.5,40.45,MEDIUM,No significant risk indicator detected,MEDIUM
,Howrah,,Nicholas Gour,W12099,,School Building Repair,Zilla Panchayat,11.67,,,,,,,,,Completed,19.74073748,synthetic,Synthetic Test Data,,,False,,,False,,,,False,False,W12099,19.74,LOW,No rule-based risk condition triggered,False,-0.0498,Normal,Isolation Forest,2.98,13.04,LOW,No significant risk indicator detected,LOW
,Belagavi,,Victor Venkataraman,W10561,,Street Lighting,Public Works Department,1.08,,,,,,,,,Ongoing,19.727464320007563,synthetic,Synthetic Test Data,,,False,,,False,,,,False,False,W10561,19.73,LOW,No rule-based risk condition triggered,False,-0.0225,Normal,Isolation Forest,76.12,42.29,MEDIUM,No significant risk indicator detected,MEDIUM
,Chennai,,Vanya Suresh,W10234,,Public Toilet Complex,District Rural Development Agency,3.31,,,,,,,,,Ongoing,19.726893934284192,synthetic,Synthetic Test Data,,,False,,,False,,,,False,False,W10234,19.73,LOW,No rule-based risk condition triggered,False,-0.0257,Normal,Isolation Forest,68.93,39.41,LOW,No significant risk indicator detected,LOW
,Chennai,,Ekansh Sami,W12366,,School Building Repair,District Rural Development Agency,12.14,,,,,,,,,Completed,19.723586684074707,synthetic,Synthetic Test Data,,,False,,,False,,,,False,False,W12366,19.72,LOW,No rule-based risk condition triggered,False,-0.0243,Normal,Isolation Forest,73.07,41.06,MEDIUM,No significant risk indicator detected,MEDIUM
,Bengaluru Urban,,Vanya Suresh,W10298,,Drinking Water Supply,Municipal Corporation,16.4,,,,,,,,,Completed,19.722662721982587,synthetic,Synthetic Test Data,,,False,,,False,,,,False,False,W10298,19.72,LOW,No rule-based risk condition triggered,False,-0.028,Normal,Isolation Forest,61.57,36.46,LOW,No significant risk indicator detected,LOW
,Pune,,Deepa Gala,W12433,,Community Health Center,Public Works Department,22.72,,,,,,,,,Completed,19.719404143191507,synthetic,Synthetic Test Data,,,False,,,False,,,,False,False,W12433,19.72,LOW,No rule-based risk condition triggered,False,-0.0249,Normal,Isolation Forest,71.12,40.28,MEDIUM,No significant risk indicator detected,MEDIUM
,Kanpur,,Azaan Gupta,W12690,,School Building Repair,Zilla Panchayat,7.06,,,,,,,,,Completed,19.716806559697545,synthetic,Synthetic Test Data,,,False,,,False,,,,False,False,W12690,19.72,LOW,No rule-based risk condition triggered,False,-0.0562,Normal,Isolation Forest,0.12,11.88,LOW,No significant risk indicator detected,LOW
,Kolkata,,Nicholas Gour,W10422,,Community Health Center,Public Works Department,36.47,,,,,,,,,Completed,19.71446906197673,synthetic,Synthetic Test Data,,,False,,,False,,,,False,False,W10422,19.71,LOW,No rule-based risk condition triggered,False,-0.0112,Normal,Isolation Forest,90.12,47.87,MEDIUM,No significant risk indicator detected,MEDIUM
,Nagpur,,Eesha Memon,W11550,,Drainage System,District Rural Development Agency,4.31,,,,,,,,,Completed,19.71012351502011,synthetic,Synthetic Test Data,,,False,,,False,,,,False,False,W11550,19.71,LOW,No rule-based risk condition triggered,False,-0.0291,Normal,Isolation Forest,57.93,35.0,LOW,No significant risk indicator detected,LOW
,Madurai,,Vrinda Biswas,W10952,,Street Lighting,State Housing Board,4.13,,,,,,,,,Completed,19.70668559944935,synthetic,Synthetic Test Data,,,False,,,False,,,,False,False,W10952,19.71,LOW,No rule-based risk condition triggered,False,-0.0362,Normal,Isolation Forest,27.6,22.87,LOW,No significant risk indicator detected,LOW
,Nashik,,Leena Butala,W12752,,Community Health Center,State Housing Board,31.94,,,,,,,,,Completed,19.68041623496836,synthetic,Synthetic Test Data,,,False,,,False,,,,False,False,W12752,19.68,LOW,No rule-based risk condition triggered,False,-0.0141,Normal,Isolation Forest,87.8,46.93,MEDIUM,No significant risk indicator detected,MEDIUM
,Dharwad,,Krishna Pant,W11041,,Community Health Center,Public Works Department,32.0,,,,,,,,,Completed,19.67882515097193,synthetic,Synthetic Test Data,,,False,,,False,,,,False,False,W11041,19.68,LOW,No rule-based risk condition triggered,False,-0.0202,Normal,Isolation Forest,80.68,44.08,MEDIUM,No significant risk indicator detected,MEDIUM
,Kolkata,,Leena Butala,W12345,,Road Construction,Zilla Panchayat,16.86,,,,,,,,,Completed,19.67584966074153,synthetic,Synthetic Test Data,,,False,,,False,,,,False,False,W12345,19.68,LOW,No rule-based risk condition triggered,False,-0.0403,Normal,Isolation Forest,15.43,17.98,LOW,No significant risk indicator detected,LOW
,Mysuru,,Ekansh Sami,W10756,,Community Health Center,Municipal Corporation,34.18,,,,,,,,,Completed,19.667732281034365,synthetic,Synthetic Test Data,,,False,,,False,,,,False,False,W10756,19.67,LOW,No rule-based risk condition triggered,False,-0.0063,Normal,Isolation Forest,92.87,48.95,MEDIUM,No significant risk indicator detected,MEDIUM
,Madurai,,Lucky Prashad,W11672,,Community Health Center,Public Works Department,19.83,,,,,,,,,Ongoing,19.66274795689388,synthetic,Synthetic Test Data,,,False,,,False,,,,False,False,W11672,19.66,LOW,No rule-based risk condition triggered,False,-0.0322,Normal,Isolation Forest,44.8,29.72,LOW,No significant risk indicator detected,LOW
,Nashik,,Pallavi Krish,W12075,,Drainage System,Public Works Department,13.82,,,,,,,,,Completed,19.65514506113749,synthetic,Synthetic Test Data,,,False,,,False,,,,False,False,W12075,19.66,LOW,No rule-based risk condition triggered,False,-0.0299,Normal,Isolation Forest,54.43,33.57,LOW,No significant risk indicator detected,LOW
,Kolkata,,Victor Venkataraman,W10770,,Street Lighting,District Rural Development Agency,2.68,,,,,,,,,Completed,19.654267785028416,synthetic,Synthetic Test Data,,,False,,,False,,,,False,False,W10770,19.65,LOW,No rule-based risk condition triggered,False,-0.0293,Normal,Isolation Forest,57.02,34.6,LOW,No significant risk indicator detected,LOW
,Varanasi,,Krishna Pant,W11374,,Road Construction,Municipal Corporation,23.64,,,,,,,,,Ongoing,19.637783988828488,synthetic,Synthetic Test Data,,,False,,,False,,,,False,False,W11374,19.64,LOW,No rule-based risk condition triggered,False,-0.0056,Normal,Isolation Forest,93.13,49.04,MEDIUM,No significant risk indicator detected,MEDIUM
,Asansol,,Onveer Kata,W10069,,Community Health Center,State Housing Board,27.42,,,,,,,,,Ongoing,19.636853230339742,synthetic,Synthetic Test Data,,,False,,,False,,,,False,False,W10069,19.64,LOW,No rule-based risk condition triggered,False,-0.0215,Normal,Isolation Forest,77.87,42.93,MEDIUM,No significant risk indicator detected,MEDIUM
,Belagavi,,Ekansh Sami,W11506,,Community Health Center,State Housing Board,17.53,,,,,,,,,Completed,19.61822386862765,synthetic,Synthetic Test Data,,,False,,,False,,,,False,False,W11506,19.62,LOW,No rule-based risk condition triggered,False,-0.0324,Normal,Isolation Forest,43.83,29.3,LOW,No significant risk indicator detected,LOW
,Dharwad,,Advaith Gole,W10971,,Street Lighting,Zilla Panchayat,1.81,,,,,,,,,Ongoing,19.61344471887545,synthetic,Synthetic Test Data,,,False,,,False,,,,False,False,W10971,19.61,LOW,No rule-based risk condition triggered,False,-0.0392,Normal,Isolation Forest,19.02,19.37,LOW,No significant risk indicator detected,LOW
,Agra,,Ronith Zachariah,W10753,,Drinking Water Supply,State Housing Board,16.24,,,,,,,,,Completed,19.595596154495546,synthetic,Synthetic Test Data,,,False,,,False,,,,False,False,W10753,19.6,LOW,No rule-based risk condition triggered,False,-0.0227,Normal,Isolation Forest,75.73,42.05,MEDIUM,No significant risk indicator detected,MEDIUM
,Nashik,,Meera Banerjee,W10446,,Street Lighting,State Housing Board,1.25,,,,,,,,,Ongoing,19.58741132761623,synthetic,Synthetic Test Data,,,False,,,False,,,,False,False,W10446,19.59,LOW,No rule-based risk condition triggered,False,-0.0243,Normal,Isolation Forest,73.07,40.98,MEDIUM,No significant risk indicator detected,MEDIUM
,Dharwad,,Krishna Pant,W11276,,Street Lighting,Public Works Department,4.06,,,,,,,,,Ongoing,19.540206328894406,synthetic,Synthetic Test Data,,,False,,,False,,,,False,False,W11276,19.54,LOW,No rule-based risk condition triggered,False,-0.0387,Normal,Isolation Forest,20.17,19.79,LOW,No significant risk indicator detected,LOW
,Bengaluru Urban,,Lucky Prashad,W12822,,Road Construction,Public Works Department,25.18,,,,,,,,,Ongoing,19.53836897896177,synthetic,Synthetic Test Data,,,False,,,False,,,,False,False,W12822,19.54,LOW,No rule-based risk condition triggered,False,-0.0317,Normal,Isolation Forest,47.08,30.56,LOW,No significant risk indicator detected,LOW
,Madurai,,Bachittar Choudhry,W11522,,Road Construction,District Rural Development Agency,10.02,,,,,,,,,Completed,19.538110558022417,synthetic,Synthetic Test Data,,,False,,,False,,,,False,False,W11522,19.54,LOW,No rule-based risk condition triggered,False,-0.0149,Normal,Isolation Forest,87.03,46.54,MEDIUM,No significant risk indicator detected,MEDIUM
,Darjeeling,,Triya Khatri,W11956,,Road Construction,Zilla Panchayat,19.38,,,,,,,,,Ongoing,19.525935441050432,synthetic,Synthetic Test Data,,,False,,,False,,,,False,False,W11956,19.53,LOW,No rule-based risk condition triggered,False,-0.047,Normal,Isolation Forest,4.87,13.67,LOW,No significant risk indicator detected,LOW
,Mysuru,,Christopher Kadakia,W12050,,Community Health Center,State Housing Board,12.9,,,,,,,,,Completed,19.525705499439383,synthetic,Synthetic Test Data,,,False,,,False,,,,False,False,W12050,19.53,LOW,No rule-based risk condition triggered,False,-0.0307,Normal,Isolation Forest,51.0,32.12,LOW,No significant risk indicator detected,LOW
,Nashik,,Mugdha Varty,W11927,,School Building Repair,Municipal Corporation,4.21,,,,,,,,,Completed,19.524950802267497,synthetic,Synthetic Test Data,,,False,,,False,,,,False,False,W11927,19.52,LOW,No rule-based risk condition triggered,False,-0.0271,Normal,Isolation Forest,65.03,37.72,LOW,No significant risk indicator detected,LOW
,Thane,,Ekansh Sami,W12834,,Road Construction,State Housing Board,23.87,,,,,,,,,Ongoing,19.509730087992263,synthetic,Synthetic Test Data,,,False,,,False,,,,False,False,W12834,19.51,LOW,No rule-based risk condition triggered,False,-0.022,Normal,Isolation Forest,76.8,42.43,MEDIUM,No significant risk indicator detected,MEDIUM
,Kanpur,,Widisha Yohannan,W12564,,Road Construction,State Housing Board,25.7,,,,,,,,,Ongoing,19.504128728866288,synthetic,Synthetic Test Data,,,False,,,False,,,,False,False,W12564,19.5,LOW,No rule-based risk condition triggered,False,-0.0206,Normal,Isolation Forest,79.83,43.63,MEDIUM,No significant risk indicator detected,MEDIUM
,Coimbatore,,Odika Naik,W11086,,Road Construction,District Rural Development Agency,13.58,,,,,,,,,Completed,19.50299815996887,synthetic,Synthetic Test Data,,,False,,,False,,,,False,False,W11086,19.5,LOW,No rule-based risk condition triggered,False,-0.0182,Normal,Isolation Forest,83.67,45.17,MEDIUM,No significant risk indicator detected,MEDIUM
,Asansol,,Ekansh Sami,W12001,,Road Construction,State Housing Board,5.21,,,,,,,,,Completed,19.50291738812177,synthetic,Synthetic Test Data,,,False,,,False,,,,False,False,W12001,19.5,LOW,No rule-based risk condition triggered,False,-0.0217,Normal,Isolation Forest,77.45,42.68,MEDIUM,No significant risk indicator detected,MEDIUM
,Bengaluru Urban,,Odika Naik,W12489,,Street Lighting,Zilla Panchayat,1.92,,,,,,,,,Ongoing,19.50250809776858,synthetic,Synthetic Test Data,,,False,,,False,,,,False,False,W12489,19.5,LOW,No rule-based risk condition triggered,False,-0.0401,Normal,Isolation Forest,15.92,18.07,LOW,No significant risk indicator detected,LOW
,Pune,,Onveer Kata,W11233,,School Building Repair,Zilla Panchayat,11.38,,,,,,,,,Completed,19.468921200304088,synthetic,Synthetic Test Data,,,False,,,False,,,,False,False,W11233,19.47,LOW,No rule-based risk condition triggered,False,-0.0512,Normal,Isolation Forest,2.15,12.54,LOW,No significant risk indicator detected,LOW
,Howrah,,Ekansh Sami,W12165,,School Building Repair,Zilla Panchayat,8.25,,,,,,,,,Ongoing,19.462991834762477,synthetic,Synthetic Test Data,,,False,,,False,,,,False,False,W12165,19.46,LOW,No rule-based risk condition triggered,False,-0.0419,Normal,Isolation Forest,10.68,15.95,LOW,No significant risk indicator detected,LOW
,Chennai,,Bachittar Choudhry,W10195,,Drainage System,District Rural Development Agency,15.96,,,,,,,,,Ongoing,19.45891172995038,synthetic,Synthetic Test Data,,,False,,,False,,,,False,False,W10195,19.46,LOW,No rule-based risk condition triggered,False,-0.0362,Normal,Isolation Forest,27.6,22.72,LOW,No significant risk indicator detected,LOW
,Mysuru,,Lucky Prashad,W10083,,School Building Repair,District Rural Development Agency,5.09,,,,,,,,,Completed,19.445549710321504,synthetic,Synthetic Test Data,,,False,,,False,,,,False,False,W10083,19.45,LOW,No rule-based risk condition triggered,False,-0.0244,Normal,Isolation Forest,72.75,40.77,MEDIUM,No significant risk indicator detected,MEDIUM
,Mysuru,,Ishwar Boase,W10882,,Public Toilet Complex,State Housing Board,7.53,,,,,,,,,Completed,19.44242069330095,synthetic,Synthetic Test Data,,,False,,,False,,,,False,False,W10882,19.44,LOW,No rule-based risk condition triggered,False,-0.0342,Normal,Isolation Forest,35.78,25.98,LOW,No significant risk indicator detected,LOW
,Asansol,,Bachittar Choudhry,W11375,,Community Health Center,District Rural Development Agency,26.41,,,,,,,,,Completed,19.433334925299132,synthetic,Synthetic Test Data,,,False,,,False,,,,False,False,W11375,19.43,LOW,No rule-based risk condition triggered,False,-0.0317,Normal,Isolation Forest,47.08,30.49,LOW,No significant risk indicator detected,LOW
,Nashik,,Ria Ratta,W11795,,Community Health Center,District Rural Development Agency,21.9,,,,,,,,,Completed,19.425441564262204,synthetic,Synthetic Test Data,,,False,,,False,,,,False,False,W11795,19.43,LOW,No rule-based risk condition triggered,False,-0.0339,Normal,Isolation Forest,37.15,26.52,LOW,No significant risk indicator detected,LOW
,Thane,,Ronith Zachariah,W10355,,Road Construction,Public Works Department,8.16,,,,,,,,,Completed,19.425254607933745,synthetic,Synthetic Test Data,,,False,,,False,,,,False,False,W10355,19.43,LOW,No rule-based risk condition triggered,False,-0.0343,Normal,Isolation Forest,35.27,25.77,LOW,No significant risk indicator detected,LOW
,Pune,,Krishna Pant,W10589,,Drinking Water Supply,Zilla Panchayat,5.27,,,,,,,,,Ongoing,19.41481330587412,synthetic,Synthetic Test Data,,,False,,,False,,,,False,False,W10589,19.41,LOW,No rule-based risk condition triggered,False,-0.032,Normal,Isolation Forest,45.6,29.89,LOW,No significant risk indicator detected,LOW
,Dharwad,,Yamini Chand,W12787,,Road Construction,District Rural Development Agency,28.22,,,,,,,,,Ongoing,19.40757106505877,synthetic,Synthetic Test Data,,,False,,,False,,,,False,False,W12787,19.41,LOW,No rule-based risk condition triggered,False,-0.0006,Normal,Isolation Forest,94.85,49.59,MEDIUM,No significant risk indicator detected,MEDIUM
,Darjeeling,,Krishna Pant,W10627,,Street Lighting,Public Works Department,3.22,,,,,,,,,Ongoing,19.40435935582591,synthetic,Synthetic Test Data,,,False,,,False,,,,False,False,W10627,19.4,LOW,No rule-based risk condition triggered,False,-0.0358,Normal,Isolation Forest,29.37,23.39,LOW,No significant risk indicator detected,LOW
,Nashik,,Owen Bansal,W10198,,Street Lighting,Municipal Corporation,1.72,,,,,,,,,Ongoing,19.397810049154334,synthetic,Synthetic Test Data,,,False,,,False,,,,False,False,W10198,19.4,LOW,No rule-based risk condition triggered,False,-0.013,Normal,Isolation Forest,88.83,47.17,MEDIUM,No significant risk indicator detected,MEDIUM
,Lucknow,,Pallavi Krish,W10838,,Street Lighting,State Housing Board,2.13,,,,,,,,,Ongoing,19.397683433285177,synthetic,Synthetic Test Data,,,False,,,False,,,,False,False,W10838,19.4,LOW,No rule-based risk condition triggered,False,-0.0291,Normal,Isolation Forest,57.93,34.81,LOW,No significant risk indicator detected,LOW
,Belagavi,,Bachittar Choudhry,W12157,,Public Toilet Complex,Zilla Panchayat,3.66,,,,,,,,,Ongoing,19.39033514819003,synthetic,Synthetic Test Data,,,False,,,False,,,,False,False,W12157,19.39,LOW,No rule-based risk condition triggered,False,-0.0347,Normal,Isolation Forest,33.62,25.08,LOW,No significant risk indicator detected,LOW
,Bengaluru Urban,,Rayaan Mand,W10329,,Drainage System,Public Works Department,15.94,,,,,,,,,Ongoing,19.377923144347232,synthetic,Synthetic Test Data,,,False,,,False,,,,False,False,W10329,19.38,LOW,No rule-based risk condition triggered,False,-0.0367,Normal,Isolation Forest,25.68,21.9,LOW,No significant risk indicator detected,LOW
,Pune,,Jagat Mangat,W11527,,Community Health Center,State Housing Board,26.41,,,,,,,,,Ongoing,19.359804014473102,synthetic,Synthetic Test Data,,,False,,,False,,,,False,False,W11527,19.36,LOW,No rule-based risk condition triggered,False,-0.0243,Normal,Isolation Forest,73.07,40.84,MEDIUM,No significant risk indicator detected,MEDIUM
,Varanasi,,Bachittar Choudhry,W11729,,Public Toilet Complex,District Rural Development Agency,4.21,,,,,,,,,Ongoing,19.345417857233,synthetic,Synthetic Test Data,,,False,,,False,,,,False,False,W11729,19.35,LOW,No rule-based risk condition triggered,False,-0.0309,Normal,Isolation Forest,50.5,31.81,LOW,No significant risk indicator detected,LOW
,Asansol,,Azaan Gupta,W12747,,Community Health Center,Municipal Corporation,22.01,,,,,,,,,Ongoing,19.33802291091779,synthetic,Synthetic Test Data,,,False,,,False,,,,False,False,W12747,19.34,LOW,No rule-based risk condition triggered,False,-0.0142,Normal,Isolation Forest,87.73,46.7,MEDIUM,No significant risk indicator detected,MEDIUM
,Agra,,Victor Venkataraman,W12080,,Community Health Center,Public Works Department,20.51,,,,,,,,,Ongoing,19.324758267796557,synthetic,Synthetic Test Data,,,False,,,False,,,,False,False,W12080,19.32,LOW,No rule-based risk condition triggered,False,-0.0304,Normal,Isolation Forest,52.4,32.55,LOW,No significant risk indicator detected,LOW
,Thane,,Christopher Kadakia,W11193,,Public Toilet Complex,State Housing Board,2.04,,,,,,,,,Completed,19.322891925632916,synthetic,Synthetic Test Data,,,False,,,False,,,,False,False,W11193,19.32,LOW,No rule-based risk condition triggered,False,-0.0194,Normal,Isolation Forest,81.8,44.31,MEDIUM,No significant risk indicator detected,MEDIUM
,Agra,,Owen Bansal,W10997,,School Building Repair,Public Works Department,10.22,,,,,,,,,Ongoing,19.30384753648154,synthetic,Synthetic Test Data,,,False,,,False,,,,False,False,W10997,19.3,LOW,No rule-based risk condition triggered,False,-0.0361,Normal,Isolation Forest,28.13,22.83,LOW,No significant risk indicator detected,LOW
,Mysuru,,Ronith Zachariah,W12755,,Road Construction,Public Works Department,22.4,,,,,,,,,Completed,19.299760402671936,synthetic,Synthetic Test Data,,,False,,,False,,,,False,False,W12755,19.3,LOW,No rule-based risk condition triggered,False,-0.0331,Normal,Isolation Forest,40.7,27.86,LOW,No significant risk indicator detected,LOW
,Nashik,,Advaith Gole,W12081,,Drinking Water Supply,Municipal Corporation,13.3,,,,,,,,,Completed,19.29722943834743,synthetic,Synthetic Test Data,,,False,,,False,,,,False,False,W12081,19.3,LOW,No rule-based risk condition triggered,False,-0.0329,Normal,Isolation Forest,41.65,28.24,LOW,No significant risk indicator detected,LOW
,Howrah,,Varsha Morar,W12840,,Road Construction,Municipal Corporation,8.3,,,,,,,,,Completed,19.29665547714012,synthetic,Synthetic Test Data,,,False,,,False,,,,False,False,W12840,19.3,LOW,No rule-based risk condition triggered,False,-0.0183,Normal,Isolation Forest,83.43,44.95,MEDIUM,No significant risk indicator detected,MEDIUM
,Madurai,,Varsha Morar,W10138,,Drainage System,State Housing Board,17.12,,,,,,,,,Completed,19.26719705284404,synthetic,Synthetic Test Data,,,False,,,False,,,,False,False,W10138,19.27,LOW,No rule-based risk condition triggered,False,-0.0214,Normal,Isolation Forest,78.1,42.8,MEDIUM,No significant risk indicator detected,MEDIUM
,Kolkata,,Tanish Iyer,W12137,,Road Construction,Municipal Corporation,37.47,,,,,,,,,Completed,19.266494297787236,synthetic,Synthetic Test Data,,,False,,,False,,,,False,False,W12137,19.27,LOW,No rule-based risk condition triggered,True,0.0044,Anomaly,Isolation Forest,96.07,49.99,MEDIUM,ML: Isolation Forest identified unusual project characteristics,MEDIUM
,Nagpur,,Sanya Swamy,W12085,,Drinking Water Supply,District Rural Development Agency,9.3,,,,,,,,,Completed,19.26618229,synthetic,Synthetic Test Data,,,False,,,False,,,,False,False,W12085,19.27,LOW,No rule-based risk condition triggered,False,-0.0317,Normal,Isolation Forest,47.08,30.39,LOW,No significant risk indicator detected,LOW
,Nashik,,Ishwar Boase,W12610,,Street Lighting,Zilla Panchayat,3.12,,,,,,,,,Completed,19.24373784327017,synthetic,Synthetic Test Data,,,False,,,False,,,,False,False,W12610,19.24,LOW,No rule-based risk condition triggered,False,-0.0392,Normal,Isolation Forest,19.02,19.15,LOW,No significant risk indicator detected,LOW
,Salem,,Rayaan Mand,W10644,,School Building Repair,Public Works Department,6.46,,,,,,,,,Completed,19.234610378463007,synthetic,Synthetic Test Data,,,False,,,False,,,,False,False,W10644,19.23,LOW,No rule-based risk condition triggered,False,-0.0417,Normal,Isolation Forest,11.27,16.05,LOW,No significant risk indicator detected,LOW
,Salem,,Gabriel Thaman,W11240,,Road Construction,Municipal Corporation,26.54,,,,,,,,,Ongoing,19.212883785313885,synthetic,Synthetic Test Data,,,False,,,False,,,,False,False,W11240,19.21,LOW,No rule-based risk condition triggered,False,-0.0038,Normal,Isolation Forest,93.72,49.01,MEDIUM,No significant risk indicator detected,MEDIUM
,Chennai,,Tanish Iyer,W11833,,Drinking Water Supply,District Rural Development Agency,19.36,,,,,,,,,Completed,19.201461950481143,synthetic,Synthetic Test Data,,,False,,,False,,,,False,False,W11833,19.2,LOW,No rule-based risk condition triggered,False,-0.0218,Normal,Isolation Forest,77.27,42.43,MEDIUM,No significant risk indicator detected,MEDIUM
,Dharwad,,Mugdha Varty,W12391,,Drainage System,Zilla Panchayat,9.27,,,,,,,,,Completed,19.19576431098415,synthetic,Synthetic Test Data,,,False,,,False,,,,False,False,W12391,19.2,LOW,No rule-based risk condition triggered,False,-0.0519,Normal,Isolation Forest,1.9,12.28,LOW,No significant risk indicator detected,LOW
,Darjeeling,,Pallavi Krish,W12417,,Drainage System,Zilla Panchayat,9.84,,,,,,,,,Completed,19.19117971,synthetic,Synthetic Test Data,,,False,,,False,,,,False,False,W12417,19.19,LOW,No rule-based risk condition triggered,False,-0.0516,Normal,Isolation Forest,2.08,12.35,LOW,No significant risk indicator detected,LOW
,Bengaluru Urban,,Vanya Suresh,W11213,,School Building Repair,Public Works Department,3.4,,,,,,,,,Completed,19.17677122644433,synthetic,Synthetic Test Data,,,False,,,False,,,,False,False,W11213,19.18,LOW,No rule-based risk condition triggered,False,-0.0262,Normal,Isolation Forest,67.45,38.49,LOW,No significant risk indicator detected,LOW
,Chennai,,Victor Venkataraman,W10317,,School Building Repair,State Housing Board,9.64,,,,,,,,,Completed,19.14604752365456,synthetic,Synthetic Test Data,,,False,,,False,,,,False,False,W10317,19.15,LOW,No rule-based risk condition triggered,False,-0.0505,Normal,Isolation Forest,2.57,12.52,LOW,No significant risk indicator detected,LOW
,Kanpur,,Yutika Rana,W10937,,Street Lighting,Municipal Corporation,3.88,,,,,,,,,Completed,19.145192557285664,synthetic,Synthetic Test Data,,,False,,,False,,,,False,False,W10937,19.15,LOW,No rule-based risk condition triggered,False,-0.0162,Normal,Isolation Forest,85.83,45.82,MEDIUM,No significant risk indicator detected,MEDIUM
,Dharwad,,Eesha Memon,W10630,,Road Construction,Zilla Panchayat,20.95,,,,,,,,,Ongoing,19.118275685492502,synthetic,Synthetic Test Data,,,False,,,False,,,,False,False,W10630,19.12,LOW,No rule-based risk condition triggered,False,-0.0454,Normal,Isolation Forest,6.58,14.1,LOW,No significant risk indicator detected,LOW
,Madurai,,Ekansh Sami,W11814,,Community Health Center,Municipal Corporation,13.07,,,,,,,,,Ongoing,19.10934257387944,synthetic,Synthetic Test Data,,,False,,,False,,,,False,False,W11814,19.11,LOW,No rule-based risk condition triggered,False,-0.0191,Normal,Isolation Forest,82.2,44.35,MEDIUM,No significant risk indicator detected,MEDIUM
,Chennai,,Hemang Bava,W11095,,Street Lighting,State Housing Board,3.82,,,,,,,,,Completed,19.092444128979853,synthetic,Synthetic Test Data,,,False,,,False,,,,False,False,W11095,19.09,LOW,No rule-based risk condition triggered,False,-0.0352,Normal,Isolation Forest,31.5,24.05,LOW,No significant risk indicator detected,LOW
,Chennai,,Rayaan Mand,W12058,,School Building Repair,District Rural Development Agency,13.82,,,,,,,,,Ongoing,19.07931926519301,synthetic,Synthetic Test Data,,,False,,,False,,,,False,False,W12058,19.08,LOW,No rule-based risk condition triggered,False,-0.0267,Normal,Isolation Forest,66.17,37.92,LOW,No significant risk indicator detected,LOW
,Pune,,Vanya Suresh,W12527,,Community Health Center,State Housing Board,17.67,,,,,,,,,Completed,19.07749492469269,synthetic,Synthetic Test Data,,,False,,,False,,,,False,False,W12527,19.08,LOW,No rule-based risk condition triggered,False,-0.0326,Normal,Isolation Forest,42.97,28.64,LOW,No significant risk indicator detected,LOW
,Madurai,,Deepa Gala,W11358,,Community Health Center,Public Works Department,37.56,,,,,,,,,Completed,19.075036282796276,synthetic,Synthetic Test Data,,,False,,,False,,,,False,False,W11358,19.08,LOW,No rule-based risk condition triggered,False,-0.0112,Normal,Isolation Forest,90.12,47.5,MEDIUM,No significant risk indicator detected,MEDIUM
,Pune,,Tanish Iyer,W12546,,Public Toilet Complex,Zilla Panchayat,6.48,,,,,,,,,Completed,19.061862877544456,synthetic,Synthetic Test Data,,,False,,,False,,,,False,False,W12546,19.06,LOW,No rule-based risk condition triggered,False,-0.0527,Normal,Isolation Forest,1.33,11.97,LOW,No significant risk indicator detected,LOW
,Kolkata,,Sanya Swamy,W11467,,Road Construction,Public Works Department,38.84,,,,,,,,,Completed,19.05242542,synthetic,Synthetic Test Data,,,False,,,False,,,,False,False,W11467,19.05,LOW,No rule-based risk condition triggered,True,0.003,Anomaly,Isolation Forest,95.62,49.68,MEDIUM,ML: Isolation Forest identified unusual project characteristics,MEDIUM
,Thane,,Jagat Mangat,W11632,,Road Construction,Public Works Department,24.59,,,,,,,,,Ongoing,19.025597258917617,synthetic,Synthetic Test Data,,,False,,,False,,,,False,False,W11632,19.03,LOW,No rule-based risk condition triggered,False,-0.0323,Normal,Isolation Forest,44.33,29.15,LOW,No significant risk indicator detected,LOW
,Mysuru,,Triya Khatri,W12279,,Street Lighting,District Rural Development Agency,2.13,,,,,,,,,Completed,19.02121071081995,synthetic,Synthetic Test Data,,,False,,,False,,,,False,False,W12279,19.02,LOW,No rule-based risk condition triggered,False,-0.0277,Normal,Isolation Forest,62.88,36.56,LOW,No significant risk indicator detected,LOW
,Coimbatore,,Advaith Gole,W10988,,Public Toilet Complex,State Housing Board,2.86,,,,,,,,,Completed,19.020559515546207,synthetic,Synthetic Test Data,,,False,,,False,,,,False,False,W10988,19.02,LOW,No rule-based risk condition triggered,False,-0.0238,Normal,Isolation Forest,73.93,40.98,MEDIUM,No significant risk indicator detected,MEDIUM
,Nagpur,,Ishwar Boase,W11371,,Road Construction,Public Works Department,24.98,,,,,,,,,Completed,19.01135712854742,synthetic,Synthetic Test Data,,,False,,,False,,,,False,False,W11371,19.01,LOW,No rule-based risk condition triggered,False,-0.03,Normal,Isolation Forest,53.93,32.98,LOW,No significant risk indicator detected,LOW
,Dharwad,,Advaith Gole,W11619,,Public Toilet Complex,Municipal Corporation,5.52,,,,,,,,,Completed,19.003604442782137,synthetic,Synthetic Test Data,,,False,,,False,,,,False,False,W11619,19.0,LOW,No rule-based risk condition triggered,False,-0.0423,Normal,Isolation Forest,10.07,15.43,LOW,No significant risk indicator detected,LOW
,Bengaluru Urban,,Nicholas Gour,W12807,,Community Health Center,Zilla Panchayat,22.73,,,,,,,,,Ongoing,18.96479662532177,synthetic,Synthetic Test Data,,,False,,,False,,,,False,False,W12807,18.96,LOW,No rule-based risk condition triggered,False,-0.0229,Normal,Isolation Forest,75.48,41.57,MEDIUM,No significant risk indicator detected,MEDIUM
,Nashik,,Ria Ratta,W11683,,Road Construction,Municipal Corporation,20.69,,,,,,,,,Ongoing,18.96389497690221,synthetic,Synthetic Test Data,,,False,,,False,,,,False,False,W11683,18.96,LOW,No rule-based risk condition triggered,False,-0.007,Normal,Isolation Forest,92.53,48.39,MEDIUM,No significant risk indicator detected,MEDIUM
,Asansol,,Christopher Kadakia,W10773,,School Building Repair,Zilla Panchayat,10.93,,,,,,,,,Completed,18.960442073522277,synthetic,Synthetic Test Data,,,False,,,False,,,,False,False,W10773,18.96,LOW,No rule-based risk condition triggered,False,-0.0507,Normal,Isolation Forest,2.42,12.34,LOW,No significant risk indicator detected,LOW
,Salem,,Advaith Gole,W12072,,Public Toilet Complex,Municipal Corporation,7.34,,,,,,,,,Ongoing,18.95923495848966,synthetic,Synthetic Test Data,,,False,,,False,,,,False,False,W12072,18.96,LOW,No rule-based risk condition triggered,False,-0.0212,Normal,Isolation Forest,78.55,42.8,MEDIUM,No significant risk indicator detected,MEDIUM
,Mysuru,,Lucky Prashad,W11921,,Road Construction,Zilla Panchayat,25.18,,,,,,,,,Completed,18.92927722430127,synthetic,Synthetic Test Data,,,False,,,False,,,,False,False,W11921,18.93,LOW,No rule-based risk condition triggered,False,-0.0362,Normal,Isolation Forest,27.6,22.4,LOW,No significant risk indicator detected,LOW
,Bengaluru Urban,,Krishna Pant,W11808,,Drinking Water Supply,District Rural Development Agency,16.46,,,,,,,,,Completed,18.922543480825023,synthetic,Synthetic Test Data,,,False,,,False,,,,False,False,W11808,18.92,LOW,No rule-based risk condition triggered,False,-0.0284,Normal,Isolation Forest,60.32,35.48,LOW,No significant risk indicator detected,LOW
,Darjeeling,,Varsha Morar,W12456,,Road Construction,Public Works Department,29.46,,,,,,,,,Ongoing,18.897753628988696,synthetic,Synthetic Test Data,,,False,,,False,,,,False,False,W12456,18.9,LOW,No rule-based risk condition triggered,False,-0.0246,Normal,Isolation Forest,72.25,40.24,MEDIUM,No significant risk indicator detected,MEDIUM
,Nagpur,,Owen Bansal,W12631,,Community Health Center,Zilla Panchayat,27.98,,,,,,,,,Completed,18.895787549761717,synthetic,Synthetic Test Data,,,False,,,False,,,,False,False,W12631,18.9,LOW,No rule-based risk condition triggered,False,-0.0201,Normal,Isolation Forest,80.9,43.7,MEDIUM,No significant risk indicator detected,MEDIUM
,Nagpur,,Christopher Kadakia,W10294,,Community Health Center,Public Works Department,21.55,,,,,,,,,Completed,18.891146927206897,synthetic,Synthetic Test Data,,,False,,,False,,,,False,False,W10294,18.89,LOW,No rule-based risk condition triggered,False,-0.0252,Normal,Isolation Forest,70.22,39.42,LOW,No significant risk indicator detected,LOW
,Kanpur,,Pallavi Krish,W10641,,Drainage System,Municipal Corporation,7.41,,,,,,,,,Completed,18.869732094149903,synthetic,Synthetic Test Data,,,False,,,False,,,,False,False,W10641,18.87,LOW,No rule-based risk condition triggered,False,-0.0313,Normal,Isolation Forest,48.77,30.83,LOW,No significant risk indicator detected,LOW
,Lucknow,,Eesha Memon,W11321,,Road Construction,District Rural Development Agency,20.52,,,,,,,,,Ongoing,18.86925660665004,synthetic,Synthetic Test Data,,,False,,,False,,,,False,False,W11321,18.87,LOW,No rule-based risk condition triggered,False,-0.0062,Normal,Isolation Forest,92.9,48.48,MEDIUM,No significant risk indicator detected,MEDIUM
,Bengaluru Urban,,Harrison Kapur,W11598,,Drainage System,District Rural Development Agency,3.47,,,,,,,,,Completed,18.867195196066582,synthetic,Synthetic Test Data,,,False,,,False,,,,False,False,W11598,18.87,LOW,No rule-based risk condition triggered,False,-0.0233,Normal,Isolation Forest,75.0,41.32,MEDIUM,No significant risk indicator detected,MEDIUM
,Agra,,Advaith Gole,W12110,,School Building Repair,District Rural Development Agency,4.81,,,,,,,,,Completed,18.86069879321904,synthetic,Synthetic Test Data,,,False,,,False,,,,False,False,W12110,18.86,LOW,No rule-based risk condition triggered,False,-0.0237,Normal,Isolation Forest,74.17,40.98,MEDIUM,No significant risk indicator detected,MEDIUM
,Thane,,Owen Bansal,W11966,,Street Lighting,State Housing Board,1.43,,,,,,,,,Completed,18.842306795968558,synthetic,Synthetic Test Data,,,False,,,False,,,,False,False,W11966,18.84,LOW,No rule-based risk condition triggered,False,-0.0246,Normal,Isolation Forest,72.25,40.2,MEDIUM,No significant risk indicator detected,MEDIUM
,Agra,,Meera Banerjee,W10226,,Street Lighting,Zilla Panchayat,2.64,,,,,,,,,Ongoing,18.838812032374832,synthetic,Synthetic Test Data,,,False,,,False,,,,False,False,W10226,18.84,LOW,No rule-based risk condition triggered,False,-0.0413,Normal,Isolation Forest,12.42,16.27,LOW,No significant risk indicator detected,LOW
,Salem,,Jagat Mangat,W10181,,Road Construction,Municipal Corporation,30.44,,,,,,,,,Completed,18.831426576542203,synthetic,Synthetic Test Data,,,False,,,False,,,,False,False,W10181,18.83,LOW,No rule-based risk condition triggered,False,-0.0108,Normal,Isolation Forest,90.35,47.44,MEDIUM,No significant risk indicator detected,MEDIUM
,Agra,,Yutika Rana,W12967,,Road Construction,Municipal Corporation,20.47,,,,,,,,,Completed,18.82709905,synthetic,Synthetic Test Data,,,False,,,False,,,,False,False,W12967,18.83,LOW,No rule-based risk condition triggered,False,-0.0195,Normal,Isolation Forest,81.5,43.9,MEDIUM,No significant risk indicator detected,MEDIUM
,Madurai,,Odika Naik,W12141,,Public Toilet Complex,Zilla Panchayat,2.93,,,,,,,,,Completed,18.80454816744456,synthetic,Synthetic Test Data,,,False,,,False,,,,False,False,W12141,18.8,LOW,No rule-based risk condition triggered,False,-0.0406,Normal,Isolation Forest,14.82,17.21,LOW,No significant risk indicator detected,LOW
,Howrah,,Deepa Gala,W11868,,Road Construction,Zilla Panchayat,37.69,,,,,,,,,Completed,18.791002688303774,synthetic,Synthetic Test Data,,,False,,,False,,,,False,False,W11868,18.79,LOW,No rule-based risk condition triggered,False,-0.0089,Normal,Isolation Forest,91.57,47.9,MEDIUM,No significant risk indicator detected,MEDIUM
,Darjeeling,,Vanya Suresh,W12541,,Street Lighting,Zilla Panchayat,1.92,,,,,,,,,Completed,18.7838996358472,synthetic,Synthetic Test Data,,,False,,,False,,,,False,False,W12541,18.78,LOW,No rule-based risk condition triggered,False,-0.0348,Normal,Isolation Forest,33.15,24.53,LOW,No significant risk indicator detected,LOW
,Kolkata,,Tanish Iyer,W11981,,Community Health Center,District Rural Development Agency,22.72,,,,,,,,,Ongoing,18.781139495079813,synthetic,Synthetic Test Data,,,False,,,False,,,,False,False,W11981,18.78,LOW,No rule-based risk condition triggered,False,-0.0226,Normal,Isolation Forest,75.92,41.64,MEDIUM,No significant risk indicator detected,MEDIUM
,Madurai,,Lucky Prashad,W12835,,Community Health Center,Zilla Panchayat,18.83,,,,,,,,,Ongoing,18.774012387194784,synthetic,Synthetic Test Data,,,False,,,False,,,,False,False,W12835,18.77,LOW,No rule-based risk condition triggered,False,-0.0269,Normal,Isolation Forest,65.57,37.49,LOW,No significant risk indicator detected,LOW
,Agra,,Vrinda Biswas,W10418,,Community Health Center,Zilla Panchayat,20.87,,,,,,,,,Completed,18.77004028217934,synthetic,Synthetic Test Data,,,False,,,False,,,,False,False,W10418,18.77,LOW,No rule-based risk condition triggered,False,-0.0274,Normal,Isolation Forest,63.97,36.85,LOW,No significant risk indicator detected,LOW
,Asansol,,Owen Bansal,W12460,,Drinking Water Supply,State Housing Board,13.97,,,,,,,,,Completed,18.768015415584493,synthetic,Synthetic Test Data,,,False,,,False,,,,False,False,W12460,18.77,LOW,No rule-based risk condition triggered,False,-0.0296,Normal,Isolation Forest,55.85,33.6,LOW,No significant risk indicator detected,LOW
,Thane,,Bachittar Choudhry,W11066,,Road Construction,Zilla Panchayat,22.36,,,,,,,,,Ongoing,18.73665046227917,synthetic,Synthetic Test Data,,,False,,,False,,,,False,False,W11066,18.74,LOW,No rule-based risk condition triggered,False,-0.0433,Normal,Isolation Forest,8.88,14.8,LOW,No significant risk indicator detected,LOW
,Kanpur,,Yug Choudhry,W10444,,Public Toilet Complex,Public Works Department,2.45,,,,,,,,,Completed,18.73353010005162,synthetic,Synthetic Test Data,,,False,,,False,,,,False,False,W10444,18.73,LOW,No rule-based risk condition triggered,False,-0.0256,Normal,Isolation Forest,69.17,38.91,LOW,No significant risk indicator detected,LOW
,Mysuru,,Yug Choudhry,W12357,,Road Construction,District Rural Development Agency,8.72,,,,,,,,,Completed,18.710992525478403,synthetic,Synthetic Test Data,,,False,,,False,,,,False,False,W12357,18.71,LOW,No rule-based risk condition triggered,False,-0.0139,Normal,Isolation Forest,88.07,46.45,MEDIUM,No significant risk indicator detected,MEDIUM
,Bengaluru Urban,,Gabriel Thaman,W11494,,Street Lighting,Municipal Corporation,1.3,,,,,,,,,Completed,18.70693028479437,synthetic,Synthetic Test Data,,,False,,,False,,,,False,False,W11494,18.71,LOW,No rule-based risk condition triggered,False,-0.0071,Normal,Isolation Forest,92.45,48.21,MEDIUM,No significant risk indicator detected,MEDIUM
,Salem,,Advaith Gole,W11298,,Drainage System,Public Works Department,3.08,,,,,,,,,Completed,18.70028352731228,synthetic,Synthetic Test Data,,,False,,,False,,,,False,False,W11298,18.7,LOW,No rule-based risk condition triggered,False,-0.0158,Normal,Isolation Forest,86.15,45.68,MEDIUM,No significant risk indicator detected,MEDIUM
,Howrah,,Mugdha Varty,W12383,,School Building Repair,Zilla Panchayat,3.66,,,,,,,,,Completed,18.691866340247312,synthetic,Synthetic Test Data,,,False,,,False,,,,False,False,W12383,18.69,LOW,No rule-based risk condition triggered,False,-0.0407,Normal,Isolation Forest,14.47,17.0,LOW,No significant risk indicator detected,LOW
,Belagavi,,Mugdha Varty,W10995,,Road Construction,Public Works Department,25.65,,,,,,,,,Ongoing,18.688037886533465,synthetic,Synthetic Test Data,,,False,,,False,,,,False,False,W10995,18.69,LOW,No rule-based risk condition triggered,False,-0.0325,Normal,Isolation Forest,43.38,28.57,LOW,No significant risk indicator detected,LOW
,Lucknow,,Onveer Kata,W10710,,Road Construction,Public Works Department,18.67,,,,,,,,,Completed,18.68196970186626,synthetic,Synthetic Test Data,,,False,,,False,,,,False,False,W10710,18.68,LOW,No rule-based risk condition triggered,False,-0.036,Normal,Isolation Forest,28.68,22.68,LOW,No significant risk indicator detected,LOW
,Darjeeling,,Hemang Bava,W10553,,Road Construction,State Housing Board,17.82,,,,,,,,,Ongoing,18.678266212186912,synthetic,Synthetic Test Data,,,False,,,False,,,,False,False,W10553,18.68,LOW,No rule-based risk condition triggered,False,-0.0313,Normal,Isolation Forest,48.77,30.72,LOW,No significant risk indicator detected,LOW
,Pune,,Jagat Mangat,W10258,,Road Construction,Zilla Panchayat,23.35,,,,,,,,,Ongoing,18.670516670067656,synthetic,Synthetic Test Data,,,False,,,False,,,,False,False,W10258,18.67,LOW,No rule-based risk condition triggered,False,-0.0419,Normal,Isolation Forest,10.68,15.47,LOW,No significant risk indicator detected,LOW
,Lucknow,,Varsha Morar,W11446,,Drainage System,Public Works Department,5.97,,,,,,,,,Completed,18.656137838579035,synthetic,Synthetic Test Data,,,False,,,False,,,,False,False,W11446,18.66,LOW,No rule-based risk condition triggered,False,-0.028,Normal,Isolation Forest,61.57,35.82,LOW,No significant risk indicator detected,LOW
,Kanpur,,Leena Butala,W11287,,Street Lighting,District Rural Development Agency,4.67,,,,,,,,,Completed,18.64568370169505,synthetic,Synthetic Test Data,,,False,,,False,,,,False,False,W11287,18.65,LOW,No rule-based risk condition triggered,False,-0.0312,Normal,Isolation Forest,49.25,30.89,LOW,No significant risk indicator detected,LOW
,Nagpur,,Advaith Gole,W11605,,Public Toilet Complex,District Rural Development Agency,4.69,,,,,,,,,Completed,18.617733680191627,synthetic,Synthetic Test Data,,,False,,,False,,,,False,False,W11605,18.62,LOW,No rule-based risk condition triggered,False,-0.0324,Normal,Isolation Forest,43.83,28.7,LOW,No significant risk indicator detected,LOW
,Kolkata,,Deepa Gala,W12562,,Drainage System,Public Works Department,7.57,,,,,,,,,Ongoing,18.61645316823085,synthetic,Synthetic Test Data,,,False,,,False,,,,False,False,W12562,18.62,LOW,No rule-based risk condition triggered,False,-0.0415,Normal,Isolation Forest,11.75,15.87,LOW,No significant risk indicator detected,LOW
,Nagpur,,Azaan Gupta,W10828,,Public Toilet Complex,Zilla Panchayat,6.22,,,,,,,,,Completed,18.60809222998721,synthetic,Synthetic Test Data,,,False,,,False,,,,False,False,W10828,18.61,LOW,No rule-based risk condition triggered,False,-0.0536,Normal,Isolation Forest,0.83,11.5,LOW,No significant risk indicator detected,LOW
,Thane,,Vanya Suresh,W10187,,Road Construction,Municipal Corporation,33.37,,,,,,,,,Completed,18.600024572845456,synthetic,Synthetic Test Data,,,False,,,False,,,,False,False,W10187,18.6,LOW,No rule-based risk condition triggered,False,-0.0053,Normal,Isolation Forest,93.25,48.46,MEDIUM,No significant risk indicator detected,MEDIUM
,Agra,,Ronith Zachariah,W12201,,Drinking Water Supply,District Rural Development Agency,18.93,,,,,,,,,Completed,18.59457774048905,synthetic,Synthetic Test Data,,,False,,,False,,,,False,False,W12201,18.59,LOW,No rule-based risk condition triggered,False,-0.0216,Normal,Isolation Forest,77.68,42.23,MEDIUM,No significant risk indicator detected,MEDIUM
,Pune,,Pallavi Krish,W12800,,Public Toilet Complex,State Housing Board,5.06,,,,,,,,,Completed,18.586696106891942,synthetic,Synthetic Test Data,,,False,,,False,,,,False,False,W12800,18.59,LOW,No rule-based risk condition triggered,False,-0.0376,Normal,Isolation Forest,23.17,20.42,LOW,No significant risk indicator detected,LOW
,Belagavi,,Yutika Rana,W12864,,Community Health Center,State Housing Board,25.4,,,,,,,,,Ongoing,18.58302741382642,synthetic,Synthetic Test Data,,,False,,,False,,,,False,False,W12864,18.58,LOW,No rule-based risk condition triggered,False,-0.0259,Normal,Isolation Forest,68.27,38.46,LOW,No significant risk indicator detected,LOW
,Bengaluru Urban,,Leena Butala,W11008,,Road Construction,State Housing Board,9.27,,,,,,,,,Completed,18.56691428,synthetic,Synthetic Test Data,,,False,,,False,,,,False,False,W11008,18.57,LOW,No rule-based risk condition triggered,False,-0.0277,Normal,Isolation Forest,62.88,36.29,LOW,No significant risk indicator detected,LOW
,Mysuru,,Christopher Kadakia,W10603,,Street Lighting,State Housing Board,2.39,,,,,,,,,Ongoing,18.55572448,synthetic,Synthetic Test Data,,,False,,,False,,,,False,False,W10603,18.56,LOW,No rule-based risk condition triggered,False,-0.0309,Normal,Isolation Forest,50.5,31.34,LOW,No significant risk indicator detected,LOW
,Mysuru,,Vrinda Biswas,W11134,,Public Toilet Complex,State Housing Board,2.14,,,,,,,,,Completed,18.549565741406987,synthetic,Synthetic Test Data,,,False,,,False,,,,False,False,W11134,18.55,LOW,No rule-based risk condition triggered,False,-0.0195,Normal,Isolation Forest,81.5,43.73,MEDIUM,No significant risk indicator detected,MEDIUM
,Thane,,Advaith Gole,W11933,,Road Construction,Municipal Corporation,19.79,,,,,,,,,Ongoing,18.54820085301881,synthetic,Synthetic Test Data,,,False,,,False,,,,False,False,W11933,18.55,LOW,No rule-based risk condition triggered,False,-0.0084,Normal,Isolation Forest,91.87,47.88,MEDIUM,No significant risk indicator detected,MEDIUM
,Salem,,Tanish Iyer,W12325,,Road Construction,State Housing Board,23.51,,,,,,,,,Ongoing,18.54817018,synthetic,Synthetic Test Data,,,False,,,False,,,,False,False,W12325,18.55,LOW,No rule-based risk condition triggered,False,-0.022,Normal,Isolation Forest,76.8,41.85,MEDIUM,No significant risk indicator detected,MEDIUM
,Mysuru,,Yug Choudhry,W10025,,Community Health Center,Zilla Panchayat,10.09,,,,,,,,,Completed,18.54799124738656,synthetic,Synthetic Test Data,,,False,,,False,,,,False,False,W10025,18.55,LOW,No rule-based risk condition triggered,False,-0.0293,Normal,Isolation Forest,57.02,33.94,LOW,No significant risk indicator detected,LOW
,Darjeeling,,Azaan Gupta,W11717,,Community Health Center,State Housing Board,20.61,,,,,,,,,Ongoing,18.547636150266005,synthetic,Synthetic Test Data,,,False,,,False,,,,False,False,W11717,18.55,LOW,No rule-based risk condition triggered,False,-0.0279,Normal,Isolation Forest,61.97,35.92,LOW,No significant risk indicator detected,LOW
,Kanpur,,Jagat Mangat,W11797,,Drinking Water Supply,Municipal Corporation,19.14,,,,,,,,,Completed,18.542523777002007,synthetic,Synthetic Test Data,,,False,,,False,,,,False,False,W11797,18.54,LOW,No rule-based risk condition triggered,False,-0.0184,Normal,Isolation Forest,83.18,44.4,MEDIUM,No significant risk indicator detected,MEDIUM
,Dharwad,,Meera Banerjee,W10167,,Street Lighting,Zilla Panchayat,2.87,,,,,,,,,Ongoing,18.541030557722117,synthetic,Synthetic Test Data,,,False,,,False,,,,False,False,W10167,18.54,LOW,No rule-based risk condition triggered,False,-0.0422,Normal,Isolation Forest,10.25,15.22,LOW,No significant risk indicator detected,LOW
,Kolkata,,Jagat Mangat,W12209,,School Building Repair,State Housing Board,4.87,,,,,,,,,Ongoing,18.528778382101557,synthetic,Synthetic Test Data,,,False,,,False,,,,False,False,W12209,18.53,LOW,No rule-based risk condition triggered,False,-0.0256,Normal,Isolation Forest,69.17,38.79,LOW,No significant risk indicator detected,LOW
,Chennai,,Triya Khatri,W11882,,Road Construction,Public Works Department,34.35,,,,,,,,,Completed,18.523021545962823,synthetic,Synthetic Test Data,,,False,,,False,,,,False,False,W11882,18.52,LOW,No rule-based risk condition triggered,False,-0.013,Normal,Isolation Forest,88.83,46.64,MEDIUM,No significant risk indicator detected,MEDIUM
,Kanpur,,Owen Bala,W12946,,Street Lighting,Municipal Corporation,1.96,,,,,,,,,Ongoing,18.51520851167264,synthetic,Synthetic Test Data,,,False,,,False,,,,False,False,W12946,18.52,LOW,No rule-based risk condition triggered,False,-0.0146,Normal,Isolation Forest,87.27,46.02,MEDIUM,No significant risk indicator detected,MEDIUM
,Darjeeling,,Varsha Morar,W12278,,Public Toilet Complex,Municipal Corporation,6.71,,,,,,,,,Completed,18.51037083163761,synthetic,Synthetic Test Data,,,False,,,False,,,,False,False,W12278,18.51,LOW,No rule-based risk condition triggered,False,-0.0415,Normal,Isolation Forest,11.75,15.81,LOW,No significant risk indicator detected,LOW
,Asansol,,Owen Bala,W10042,,Public Toilet Complex,State Housing Board,7.89,,,,,,,,,Completed,18.49901371366489,synthetic,Synthetic Test Data,,,False,,,False,,,,False,False,W10042,18.5,LOW,No rule-based risk condition triggered,False,-0.0312,Normal,Isolation Forest,49.25,30.8,LOW,No significant risk indicator detected,LOW
,Pune,,Odika Naik,W10222,,School Building Repair,Public Works Department,8.01,,,,,,,,,Completed,18.49799938979236,synthetic,Synthetic Test Data,,,False,,,False,,,,False,False,W10222,18.5,LOW,No rule-based risk condition triggered,False,-0.0398,Normal,Isolation Forest,16.93,17.87,LOW,No significant risk indicator detected,LOW
,Varanasi,,Nicholas Gour,W10724,,Community Health Center,Municipal Corporation,24.91,,,,,,,,,Ongoing,18.49753817375252,synthetic,Synthetic Test Data,,,False,,,False,,,,False,False,W10724,18.5,LOW,No rule-based risk condition triggered,False,-0.0138,Normal,Isolation Forest,88.2,46.38,MEDIUM,No significant risk indicator detected,MEDIUM
,Darjeeling,,Tanish Iyer,W11945,,Community Health Center,Zilla Panchayat,22.01,,,,,,,,,Ongoing,18.491896064029405,synthetic,Synthetic Test Data,,,False,,,False,,,,False,False,W11945,18.49,LOW,No rule-based risk condition triggered,False,-0.0229,Normal,Isolation Forest,75.48,41.29,MEDIUM,No significant risk indicator detected,MEDIUM
,Asansol,,Oliver Sarma,W12962,,Community Health Center,District Rural Development Agency,14.75,,,,,,,,,Completed,18.48446523125555,synthetic,Synthetic Test Data,,,False,,,False,,,,False,False,W12962,18.48,LOW,No rule-based risk condition triggered,False,-0.036,Normal,Isolation Forest,28.68,22.56,LOW,No significant risk indicator detected,LOW
,Varanasi,,Mugdha Varty,W12127,,Drainage System,District Rural Development Agency,9.7,,,,,,,,,Completed,18.46400620754644,synthetic,Synthetic Test Data,,,False,,,False,,,,False,False,W12127,18.46,LOW,No rule-based risk condition triggered,False,-0.0382,Normal,Isolation Forest,21.82,19.8,LOW,No significant risk indicator detected,LOW
,Coimbatore,,Meera Banerjee,W11483,,Drainage System,Public Works Department,11.07,,,,,,,,,Completed,18.46205690355364,synthetic,Synthetic Test Data,,,False,,,False,,,,False,False,W11483,18.46,LOW,No rule-based risk condition triggered,False,-0.034,Normal,Isolation Forest,36.65,25.74,LOW,No significant risk indicator detected,LOW
,Nagpur,,Yadavi Deshmukh,W11979,,Road Construction,Municipal Corporation,37.14,,,,,,,,,Completed,18.456168005350943,synthetic,Synthetic Test Data,,,False,,,False,,,,False,False,W11979,18.46,LOW,No rule-based risk condition triggered,True,0.0045,Anomaly,Isolation Forest,96.13,49.53,MEDIUM,ML: Isolation Forest identified unusual project characteristics,MEDIUM
,Mysuru,,Ria Ratta,W11944,,Road Construction,Public Works Department,21.17,,,,,,,,,Completed,18.44609583857041,synthetic,Synthetic Test Data,,,False,,,False,,,,False,False,W11944,18.45,LOW,No rule-based risk condition triggered,False,-0.0352,Normal,Isolation Forest,31.5,23.67,LOW,No significant risk indicator detected,LOW
,Dharwad,,Meera Banerjee,W12604,,Road Construction,Zilla Panchayat,9.66,,,,,,,,,Completed,18.42991016771959,synthetic,Synthetic Test Data,,,False,,,False,,,,False,False,W12604,18.43,LOW,No rule-based risk condition triggered,False,-0.0363,Normal,Isolation Forest,27.15,21.92,LOW,No significant risk indicator detected,LOW
,Asansol,,Rayaan Mand,W11178,,Road Construction,State Housing Board,14.45,,,,,,,,,Completed,18.427472215486084,synthetic,Synthetic Test Data,,,False,,,False,,,,False,False,W11178,18.43,LOW,No rule-based risk condition triggered,False,-0.0283,Normal,Isolation Forest,60.58,35.29,LOW,No significant risk indicator detected,LOW
,Howrah,,Tanish Iyer,W10679,,Public Toilet Complex,District Rural Development Agency,5.48,,,,,,,,,Ongoing,18.42218444496152,synthetic,Synthetic Test Data,,,False,,,False,,,,False,False,W10679,18.42,LOW,No rule-based risk condition triggered,False,-0.0335,Normal,Isolation Forest,38.83,26.58,LOW,No significant risk indicator detected,LOW
,Belagavi,,Christopher Kadakia,W10356,,Street Lighting,Public Works Department,2.01,,,,,,,,,Ongoing,18.420553054340136,synthetic,Synthetic Test Data,,,False,,,False,,,,False,False,W10356,18.42,LOW,No rule-based risk condition triggered,False,-0.0267,Normal,Isolation Forest,66.17,37.52,LOW,No significant risk indicator detected,LOW
,Madurai,,Mugdha Varty,W12280,,School Building Repair,State Housing Board,4.22,,,,,,,,,Ongoing,18.412957461991866,synthetic,Synthetic Test Data,,,False,,,False,,,,False,False,W12280,18.41,LOW,No rule-based risk condition triggered,False,-0.0244,Normal,Isolation Forest,72.75,40.15,MEDIUM,No significant risk indicator detected,MEDIUM
,Agra,,Owen Bansal,W10096,,Community Health Center,State Housing Board,19.75,,,,,,,,,Ongoing,18.394059517212074,synthetic,Synthetic Test Data,,,False,,,False,,,,False,False,W10096,18.39,LOW,No rule-based risk condition triggered,False,-0.0295,Normal,Isolation Forest,56.2,33.51,LOW,No significant risk indicator detected,LOW
,Nagpur,,Ria Ratta,W10716,,School Building Repair,Municipal Corporation,4.4,,,,,,,,,Completed,18.39042729786507,synthetic,Synthetic Test Data,,,False,,,False,,,,False,False,W10716,18.39,LOW,No rule-based risk condition triggered,False,-0.0281,Normal,Isolation Forest,61.17,35.5,LOW,No significant risk indicator detected,LOW
,Chennai,,Harrison Kapur,W12628,,Drinking Water Supply,Municipal Corporation,17.48,,,,,,,,,Completed,18.38616168185662,synthetic,Synthetic Test Data,,,False,,,False,,,,False,False,W12628,18.39,LOW,No rule-based risk condition triggered,False,-0.0241,Normal,Isolation Forest,73.38,40.39,MEDIUM,No significant risk indicator detected,MEDIUM
,Varanasi,,Yadavi Deshmukh,W11720,,School Building Repair,Public Works Department,9.54,,,,,,,,,Completed,18.38549926,synthetic,Synthetic Test Data,,,False,,,False,,,,False,False,W11720,18.39,LOW,No rule-based risk condition triggered,False,-0.0396,Normal,Isolation Forest,17.62,18.08,LOW,No significant risk indicator detected,LOW
,Nagpur,,Tanish Iyer,W11823,,Public Toilet Complex,District Rural Development Agency,4.25,,,,,,,,,Ongoing,18.381884776954625,synthetic,Synthetic Test Data,,,False,,,False,,,,False,False,W11823,18.38,LOW,No rule-based risk condition triggered,False,-0.0306,Normal,Isolation Forest,51.43,31.6,LOW,No significant risk indicator detected,LOW
,Madurai,,Hemang Bava,W11781,,Road Construction,District Rural Development Agency,6.16,,,,,,,,,Completed,18.37880986833767,synthetic,Synthetic Test Data,,,False,,,False,,,,False,False,W11781,18.38,LOW,No rule-based risk condition triggered,False,-0.0099,Normal,Isolation Forest,90.95,47.41,MEDIUM,No significant risk indicator detected,MEDIUM
,Dharwad,,Nicholas Gour,W11835,,Street Lighting,Zilla Panchayat,2.89,,,,,,,,,Ongoing,18.37748207884901,synthetic,Synthetic Test Data,,,False,,,False,,,,False,False,W11835,18.38,LOW,No rule-based risk condition triggered,False,-0.0422,Normal,Isolation Forest,10.25,15.13,LOW,No significant risk indicator detected,LOW
,Lucknow,,Leena Butala,W10680,,School Building Repair,Public Works Department,11.42,,,,,,,,,Completed,18.360764493197,synthetic,Synthetic Test Data,,,False,,,False,,,,False,False,W10680,18.36,LOW,No rule-based risk condition triggered,False,-0.0388,Normal,Isolation Forest,19.85,18.96,LOW,No significant risk indicator detected,LOW
,Chennai,,Pallavi Krish,W10544,,School Building Repair,District Rural Development Agency,4.89,,,,,,,,,Completed,18.35486083301315,synthetic,Synthetic Test Data,,,False,,,False,,,,False,False,W10544,18.35,LOW,No rule-based risk condition triggered,False,-0.0238,Normal,Isolation Forest,73.93,40.58,MEDIUM,No significant risk indicator detected,MEDIUM
,Dharwad,,Triya Khatri,W12420,,Road Construction,Municipal Corporation,12.62,,,,,,,,,Ongoing,18.34960978990852,synthetic,Synthetic Test Data,,,False,,,False,,,,False,False,W12420,18.35,LOW,No rule-based risk condition triggered,False,-0.0135,Normal,Isolation Forest,88.47,46.4,MEDIUM,No significant risk indicator detected,MEDIUM
,Nagpur,,Gaurav Chandra,W11469,,Road Construction,Municipal Corporation,27.07,,,,,,,,,Completed,18.34522014009466,synthetic,Synthetic Test Data,,,False,,,False,,,,False,False,W11469,18.35,LOW,No rule-based risk condition triggered,False,-0.0156,Normal,Isolation Forest,86.37,45.56,MEDIUM,No significant risk indicator detected,MEDIUM
,Agra,,Yug Choudhry,W10936,,Public Toilet Complex,Public Works Department,2.41,,,,,,,,,Ongoing,18.340584080602053,synthetic,Synthetic Test Data,,,False,,,False,,,,False,False,W10936,18.34,LOW,No rule-based risk condition triggered,False,-0.0221,Normal,Isolation Forest,76.57,41.63,MEDIUM,No significant risk indicator detected,MEDIUM
,Mysuru,,Ria Ratta,W10325,,Public Toilet Complex,Zilla Panchayat,2.07,,,,,,,,,Ongoing,18.34019498193352,synthetic,Synthetic Test Data,,,False,,,False,,,,False,False,W10325,18.34,LOW,No rule-based risk condition triggered,False,-0.0294,Normal,Isolation Forest,56.62,33.65,LOW,No significant risk indicator detected,LOW
,Salem,,Meera Banerjee,W10955,,Road Construction,State Housing Board,29.94,,,,,,,,,Completed,18.338846813018197,synthetic,Synthetic Test Data,,,False,,,False,,,,False,False,W10955,18.34,LOW,No rule-based risk condition triggered,False,-0.0057,Normal,Isolation Forest,93.07,48.23,MEDIUM,No significant risk indicator detected,MEDIUM
,Coimbatore,,Tanish Iyer,W11592,,Drinking Water Supply,Zilla Panchayat,18.37,,,,,,,,,Ongoing,18.30808815376379,synthetic,Synthetic Test Data,,,False,,,False,,,,False,False,W11592,18.31,LOW,No rule-based risk condition triggered,False,-0.031,Normal,Isolation Forest,50.17,31.05,LOW,No significant risk indicator detected,LOW
,Coimbatore,,Victor Venkataraman,W11229,,Street Lighting,District Rural Development Agency,2.99,,,,,,,,,Ongoing,18.29827296283917,synthetic,Synthetic Test Data,,,False,,,False,,,,False,False,W11229,18.3,LOW,No rule-based risk condition triggered,False,-0.0314,Normal,Isolation Forest,48.37,30.33,LOW,No significant risk indicator detected,LOW
,Chennai,,Harrison Kapur,W11578,,Road Construction,Zilla Panchayat,27.81,,,,,,,,,Completed,18.267513088449444,synthetic,Synthetic Test Data,,,False,,,False,,,,False,False,W11578,18.27,LOW,No rule-based risk condition triggered,False,-0.0312,Normal,Isolation Forest,49.25,30.66,LOW,No significant risk indicator detected,LOW
,Thane,,Harrison Kapur,W12136,,Road Construction,District Rural Development Agency,8.9,,,,,,,,,Ongoing,18.26397636490957,synthetic,Synthetic Test Data,,,False,,,False,,,,False,False,W12136,18.26,LOW,No rule-based risk condition triggered,False,-0.012,Normal,Isolation Forest,89.42,46.72,MEDIUM,No significant risk indicator detected,MEDIUM
,Pune,,Krishna Pant,W10726,,School Building Repair,Zilla Panchayat,5.49,,,,,,,,,Completed,18.2439785521556,synthetic,Synthetic Test Data,,,False,,,False,,,,False,False,W10726,18.24,LOW,No rule-based risk condition triggered,False,-0.0536,Normal,Isolation Forest,0.83,11.28,LOW,No significant risk indicator detected,LOW
,Kanpur,,Oliver Sarma,W11905,,Road Construction,Public Works Department,21.0,,,,,,,,,Ongoing,18.239212612173606,synthetic,Synthetic Test Data,,,False,,,False,,,,False,False,W11905,18.24,LOW,No rule-based risk condition triggered,False,-0.0365,Normal,Isolation Forest,26.27,21.45,LOW,No significant risk indicator detected,LOW
,Madurai,,Sanya Swamy,W10445,,School Building Repair,Municipal Corporation,4.93,,,,,,,,,Completed,18.23841611231389,synthetic,Synthetic Test Data,,,False,,,False,,,,False,False,W10445,18.24,LOW,No rule-based risk condition triggered,False,-0.0304,Normal,Isolation Forest,52.4,31.9,LOW,No significant risk indicator detected,LOW
,Dharwad,,Triya Khatri,W11752,,Street Lighting,Zilla Panchayat,2.45,,,,,,,,,Ongoing,18.20916644711611,synthetic,Synthetic Test Data,,,False,,,False,,,,False,False,W11752,18.21,LOW,No rule-based risk condition triggered,False,-0.0409,Normal,Isolation Forest,13.55,16.35,LOW,No significant risk indicator detected,LOW
,Thane,,Azaan Gupta,W12530,,Street Lighting,District Rural Development Agency,2.46,,,,,,,,,Ongoing,18.205936114380776,synthetic,Synthetic Test Data,,,False,,,False,,,,False,False,W12530,18.21,LOW,No rule-based risk condition triggered,False,-0.029,Normal,Isolation Forest,58.33,34.26,LOW,No significant risk indicator detected,LOW
,Asansol,,Varsha Morar,W12219,,Street Lighting,Municipal Corporation,4.0,,,,,,,,,Completed,18.20514789986444,synthetic,Synthetic Test Data,,,False,,,False,,,,False,False,W12219,18.21,LOW,No rule-based risk condition triggered,False,-0.0165,Normal,Isolation Forest,85.63,45.18,MEDIUM,No significant risk indicator detected,MEDIUM
,Thane,,Advaith Gole,W11399,,Road Construction,Zilla Panchayat,20.47,,,,,,,,,Ongoing,18.20376023786605,synthetic,Synthetic Test Data,,,False,,,False,,,,False,False,W11399,18.2,LOW,No rule-based risk condition triggered,False,-0.0461,Normal,Isolation Forest,5.53,13.13,LOW,No significant risk indicator detected,LOW
,Asansol,,Lucky Prashad,W12660,,Road Construction,Municipal Corporation,11.07,,,,,,,,,Ongoing,18.19930663422757,synthetic,Synthetic Test Data,,,False,,,False,,,,False,False,W12660,18.2,LOW,No rule-based risk condition triggered,False,-0.0127,Normal,Isolation Forest,89.1,46.56,MEDIUM,No significant risk indicator detected,MEDIUM
,Chennai,,Vrinda Biswas,W11184,,Drainage System,Zilla Panchayat,7.42,,,,,,,,,Ongoing,18.18985560594558,synthetic,Synthetic Test Data,,,False,,,False,,,,False,False,W11184,18.19,LOW,No rule-based risk condition triggered,False,-0.0448,Normal,Isolation Forest,7.22,13.8,LOW,No significant risk indicator detected,LOW
,Coimbatore,,Owen Bansal,W10297,,Street Lighting,Zilla Panchayat,2.44,,,,,,,,,Completed,18.18810133727049,synthetic,Synthetic Test Data,,,False,,,False,,,,False,False,W10297,18.19,LOW,No rule-based risk condition triggered,False,-0.0372,Normal,Isolation Forest,24.37,20.66,LOW,No significant risk indicator detected,LOW
,Asansol,,Widisha Yohannan,W10939,,Community Health Center,District Rural Development Agency,28.51,,,,,,,,,Completed,18.18791120178373,synthetic,Synthetic Test Data,,,False,,,False,,,,False,False,W10939,18.19,LOW,No rule-based risk condition triggered,False,-0.0316,Normal,Isolation Forest,47.67,29.98,LOW,No significant risk indicator detected,LOW
,Kolkata,,Varsha Morar,W10893,,Public Toilet Complex,Zilla Panchayat,3.35,,,,,,,,,Ongoing,18.180045377379653,synthetic,Synthetic Test Data,,,False,,,False,,,,False,False,W10893,18.18,LOW,No rule-based risk condition triggered,False,-0.0336,Normal,Isolation Forest,38.32,26.24,LOW,No significant risk indicator detected,LOW
,Mysuru,,Gabriel Thaman,W11326,,Public Toilet Complex,Municipal Corporation,2.52,,,,,,,,,Completed,18.179195898612384,synthetic,Synthetic Test Data,,,False,,,False,,,,False,False,W11326,18.18,LOW,No rule-based risk condition triggered,False,-0.0268,Normal,Isolation Forest,65.85,37.25,LOW,No significant risk indicator detected,LOW
,Dharwad,,Onveer Kata,W11069,,Community Health Center,District Rural Development Agency,10.83,,,,,,,,,Ongoing,18.175533390787525,synthetic,Synthetic Test Data,,,False,,,False,,,,False,False,W11069,18.18,LOW,No rule-based risk condition triggered,False,-0.0295,Normal,Isolation Forest,56.2,33.39,LOW,No significant risk indicator detected,LOW
,Bengaluru Urban,,Owen Bala,W11559,,Drinking Water Supply,Municipal Corporation,13.41,,,,,,,,,Completed,18.174132319281465,synthetic,Synthetic Test Data,,,False,,,False,,,,False,False,W11559,18.17,LOW,No rule-based risk condition triggered,False,-0.0329,Normal,Isolation Forest,41.65,27.56,LOW,No significant risk indicator detected,LOW
,Kanpur,,Vanya Suresh,W12567,,Street Lighting,State Housing Board,5.7,,,,,,,,,Ongoing,18.173026279344533,synthetic,Synthetic Test Data,,,False,,,False,,,,False,False,W12567,18.17,LOW,No rule-based risk condition triggered,False,-0.0327,Normal,Isolation Forest,42.53,27.91,LOW,No significant risk indicator detected,LOW
,Lucknow,,Yamini Chand,W11216,,Street Lighting,State Housing Board,1.39,,,,,,,,,Completed,18.139588255204224,synthetic,Synthetic Test Data,,,False,,,False,,,,False,False,W11216,18.14,LOW,No rule-based risk condition triggered,False,-0.0237,Normal,Isolation Forest,74.17,40.55,MEDIUM,No significant risk indicator detected,MEDIUM
,Nagpur,,Onveer Kata,W11396,,Public Toilet Complex,Public Works Department,6.3,,,,,,,,,Ongoing,18.13664619544544,synthetic,Synthetic Test Data,,,False,,,False,,,,False,False,W11396,18.14,LOW,No rule-based risk condition triggered,False,-0.0331,Normal,Isolation Forest,40.7,27.16,LOW,No significant risk indicator detected,LOW
,Coimbatore,,Ria Ratta,W12196,,Road Construction,Municipal Corporation,15.57,,,,,,,,,Ongoing,18.13285511965247,synthetic,Synthetic Test Data,,,False,,,False,,,,False,False,W12196,18.13,LOW,No rule-based risk condition triggered,False,-0.0129,Normal,Isolation Forest,88.97,46.47,MEDIUM,No significant risk indicator detected,MEDIUM
,Chennai,,Yug Choudhry,W10310,,Drinking Water Supply,Public Works Department,14.63,,,,,,,,,Ongoing,18.102058099686133,synthetic,Synthetic Test Data,,,False,,,False,,,,False,False,W10310,18.1,LOW,No rule-based risk condition triggered,False,-0.0305,Normal,Isolation Forest,51.93,31.63,LOW,No significant risk indicator detected,LOW
,Darjeeling,,Azaan Gupta,W12316,,Drainage System,Zilla Panchayat,17.65,,,,,,,,,Ongoing,18.097180057060054,synthetic,Synthetic Test Data,,,False,,,False,,,,False,False,W12316,18.1,LOW,No rule-based risk condition triggered,False,-0.0351,Normal,Isolation Forest,31.87,23.61,LOW,No significant risk indicator detected,LOW
,Darjeeling,,Odika Naik,W12643,,Street Lighting,Public Works Department,5.66,,,,,,,,,Completed,18.09313203339005,synthetic,Synthetic Test Data,,,False,,,False,,,,False,False,W12643,18.09,LOW,No rule-based risk condition triggered,False,-0.0208,Normal,Isolation Forest,79.5,42.65,MEDIUM,No significant risk indicator detected,MEDIUM
,Coimbatore,,Hemang Bava,W12120,,School Building Repair,Public Works Department,5.95,,,,,,,,,Ongoing,18.088412932411558,synthetic,Synthetic Test Data,,,False,,,False,,,,False,False,W12120,18.09,LOW,No rule-based risk condition triggered,False,-0.0322,Normal,Isolation Forest,44.8,28.77,LOW,No significant risk indicator detected,LOW
,Lucknow,,Triya Khatri,W12124,,Community Health Center,Municipal Corporation,18.34,,,,,,,,,Ongoing,18.07039139998768,synthetic,Synthetic Test Data,,,False,,,False,,,,False,False,W12124,18.07,LOW,No rule-based risk condition triggered,False,-0.0176,Normal,Isolation Forest,84.32,44.57,MEDIUM,No significant risk indicator detected,MEDIUM
,Nagpur,,Eesha Memon,W11534,,Community Health Center,Public Works Department,22.66,,,,,,,,,Completed,18.063804683037773,synthetic,Synthetic Test Data,,,False,,,False,,,,False,False,W11534,18.06,LOW,No rule-based risk condition triggered,False,-0.0249,Normal,Isolation Forest,71.12,39.28,LOW,No significant risk indicator detected,LOW
,Darjeeling,,Yutika Rana,W12875,,Community Health Center,Zilla Panchayat,27.11,,,,,,,,,Ongoing,18.054756513745783,synthetic,Synthetic Test Data,,,False,,,False,,,,False,False,W12875,18.05,LOW,No rule-based risk condition triggered,False,-0.0203,Normal,Isolation Forest,80.5,43.03,MEDIUM,No significant risk indicator detected,MEDIUM
,Kanpur,,Nicholas Gour,W12505,,School Building Repair,Public Works Department,6.6,,,,,,,,,Ongoing,18.041404846659468,synthetic,Synthetic Test Data,,,False,,,False,,,,False,False,W12505,18.04,LOW,No rule-based risk condition triggered,False,-0.0343,Normal,Isolation Forest,35.27,24.93,LOW,No significant risk indicator detected,LOW
,Kolkata,,Azaan Gupta,W10031,,Road Construction,State Housing Board,23.82,,,,,,,,,Ongoing,18.041084323309786,synthetic,Synthetic Test Data,,,False,,,False,,,,False,False,W10031,18.04,LOW,No rule-based risk condition triggered,False,-0.022,Normal,Isolation Forest,76.8,41.54,MEDIUM,No significant risk indicator detected,MEDIUM
,Nagpur,,Krishna Pant,W12416,,Drainage System,State Housing Board,4.82,,,,,,,,,Completed,18.02976145964551,synthetic,Synthetic Test Data,,,False,,,False,,,,False,False,W12416,18.03,LOW,No rule-based risk condition triggered,False,-0.0328,Normal,Isolation Forest,42.08,27.65,LOW,No significant risk indicator detected,LOW
,Salem,,Ishwar Boase,W11409,,Drinking Water Supply,Zilla Panchayat,10.8,,,,,,,,,Completed,18.02773152287488,synthetic,Synthetic Test Data,,,False,,,False,,,,False,False,W11409,18.03,LOW,No rule-based risk condition triggered,False,-0.0453,Normal,Isolation Forest,6.77,13.53,LOW,No significant risk indicator detected,LOW
,Thane,,Krishna Pant,W10987,,Community Health Center,District Rural Development Agency,39.57,,,,,,,,,Completed,18.021387888776424,synthetic,Synthetic Test Data,,,False,,,False,,,,False,False,W10987,18.02,LOW,No rule-based risk condition triggered,False,-0.0088,Normal,Isolation Forest,91.62,47.46,MEDIUM,No significant risk indicator detected,MEDIUM
,Bengaluru Urban,,Hemang Bava,W12589,,Street Lighting,District Rural Development Agency,4.5,,,,,,,,,Ongoing,18.016168646430646,synthetic,Synthetic Test Data,,,False,,,False,,,,False,False,W12589,18.02,LOW,No rule-based risk condition triggered,False,-0.0365,Normal,Isolation Forest,26.27,21.32,LOW,No significant risk indicator detected,LOW
,Kolkata,,Sanya Swamy,W10614,,Drainage System,Municipal Corporation,5.63,,,,,,,,,Completed,18.00032134664091,synthetic,Synthetic Test Data,,,False,,,False,,,,False,False,W10614,18.0,LOW,No rule-based risk condition triggered,False,-0.0309,Normal,Isolation Forest,50.5,31.0,LOW,No significant risk indicator detected,LOW
,Thane,,Christopher Kadakia,W10085,,Road Construction,Public Works Department,24.06,,,,,,,,,Ongoing,17.98814425748373,synthetic,Synthetic Test Data,,,False,,,False,,,,False,False,W10085,17.99,LOW,No rule-based risk condition triggered,False,-0.0328,Normal,Isolation Forest,42.08,27.63,LOW,No significant risk indicator detected,LOW
,Kolkata,,Yutika Rana,W10905,,Community Health Center,Public Works Department,23.75,,,,,,,,,Completed,17.987792635414802,synthetic,Synthetic Test Data,,,False,,,False,,,,False,False,W10905,17.99,LOW,No rule-based risk condition triggered,False,-0.0234,Normal,Isolation Forest,74.82,40.72,MEDIUM,No significant risk indicator detected,MEDIUM
,Darjeeling,,Victor Venkataraman,W12202,,Drainage System,Public Works Department,15.21,,,,,,,,,Ongoing,17.982705424970003,synthetic,Synthetic Test Data,,,False,,,False,,,,False,False,W12202,17.98,LOW,No rule-based risk condition triggered,False,-0.0391,Normal,Isolation Forest,19.33,18.52,LOW,No significant risk indicator detected,LOW
,Lucknow,,Jagat Mangat,W10176,,Drinking Water Supply,Public Works Department,7.23,,,,,,,,,Ongoing,17.97833838351442,synthetic,Synthetic Test Data,,,False,,,False,,,,False,False,W10176,17.98,LOW,No rule-based risk condition triggered,False,-0.0286,Normal,Isolation Forest,59.68,34.66,LOW,No significant risk indicator detected,LOW
,Madurai,,Victor Venkataraman,W10121,,Road Construction,Public Works Department,18.93,,,,,,,,,Completed,17.975686957806197,synthetic,Synthetic Test Data,,,False,,,False,,,,False,False,W10121,17.98,LOW,No rule-based risk condition triggered,False,-0.0364,Normal,Isolation Forest,26.65,21.45,LOW,No significant risk indicator detected,LOW
,Dharwad,,Vrinda Biswas,W12309,,Public Toilet Complex,Municipal Corporation,2.07,,,,,,,,,Completed,17.966424021335584,synthetic,Synthetic Test Data,,,False,,,False,,,,False,False,W12309,17.97,LOW,No rule-based risk condition triggered,False,-0.0244,Normal,Isolation Forest,72.75,39.88,LOW,No significant risk indicator detected,LOW
,Asansol,,Varsha Morar,W12146,,Road Construction,Zilla Panchayat,22.9,,,,,,,,,Completed,17.95926909399935,synthetic,Synthetic Test Data,,,False,,,False,,,,False,False,W12146,17.96,LOW,No rule-based risk condition triggered,False,-0.0384,Normal,Isolation Forest,21.18,19.25,LOW,No significant risk indicator detected,LOW
,Salem,,Leena Butala,W11023,,Road Construction,State Housing Board,23.51,,,,,,,,,Ongoing,17.954356166503626,synthetic,Synthetic Test Data,,,False,,,False,,,,False,False,W11023,17.95,LOW,No rule-based risk condition triggered,False,-0.022,Normal,Isolation Forest,76.8,41.49,MEDIUM,No significant risk indicator detected,MEDIUM
,Thane,,Mugdha Varty,W12972,,Street Lighting,District Rural Development Agency,3.52,,,,,,,,,Ongoing,17.929034004020945,synthetic,Synthetic Test Data,,,False,,,False,,,,False,False,W12972,17.93,LOW,No rule-based risk condition triggered,False,-0.0333,Normal,Isolation Forest,39.88,26.71,LOW,No significant risk indicator detected,LOW
,Salem,,Yadavi Deshmukh,W12627,,Public Toilet Complex,State Housing Board,2.42,,,,,,,,,Completed,17.920197502094997,synthetic,Synthetic Test Data,,,False,,,False,,,,False,False,W12627,17.92,LOW,No rule-based risk condition triggered,False,-0.0211,Normal,Isolation Forest,78.95,42.33,MEDIUM,No significant risk indicator detected,MEDIUM
,Salem,,Owen Bala,W11733,,Drinking Water Supply,District Rural Development Agency,4.62,,,,,,,,,Ongoing,17.916117307557485,synthetic,Synthetic Test Data,,,False,,,False,,,,False,False,W11733,17.92,LOW,No rule-based risk condition triggered,False,-0.0288,Normal,Isolation Forest,59.15,34.41,LOW,No significant risk indicator detected,LOW
,Chennai,,Sanya Swamy,W10062,,Community Health Center,State Housing Board,10.78,,,,,,,,,Ongoing,17.915540027949326,synthetic,Synthetic Test Data,,,False,,,False,,,,False,False,W10062,17.92,LOW,No rule-based risk condition triggered,False,-0.0322,Normal,Isolation Forest,44.8,28.67,LOW,No significant risk indicator detected,LOW
,Kolkata,,Triya Khatri,W11824,,Street Lighting,State Housing Board,2.84,,,,,,,,,Completed,17.914692926967973,synthetic,Synthetic Test Data,,,False,,,False,,,,False,False,W11824,17.91,LOW,No rule-based risk condition triggered,False,-0.0326,Normal,Isolation Forest,42.97,27.93,LOW,No significant risk indicator detected,LOW
,Thane,,Leena Butala,W12512,,Street Lighting,Zilla Panchayat,1.39,,,,,,,,,Completed,17.88322262307337,synthetic,Synthetic Test Data,,,False,,,False,,,,False,False,W12512,17.88,LOW,No rule-based risk condition triggered,False,-0.0308,Normal,Isolation Forest,50.73,31.02,LOW,No significant risk indicator detected,LOW
,Thane,,Harrison Kapur,W10465,,Drinking Water Supply,Public Works Department,17.44,,,,,,,,,Completed,17.85932883543297,synthetic,Synthetic Test Data,,,False,,,False,,,,False,False,W10465,17.86,LOW,No rule-based risk condition triggered,False,-0.0236,Normal,Isolation Forest,74.4,40.48,MEDIUM,No significant risk indicator detected,MEDIUM
,Asansol,,Tanish Iyer,W11245,,Street Lighting,State Housing Board,2.59,,,,,,,,,Ongoing,17.848355502038338,synthetic,Synthetic Test Data,,,False,,,False,,,,False,False,W11245,17.85,LOW,No rule-based risk condition triggered,False,-0.0316,Normal,Isolation Forest,47.67,29.78,LOW,No significant risk indicator detected,LOW
,Thane,,Gaurav Chandra,W12528,,Road Construction,Zilla Panchayat,24.66,,,,,,,,,Ongoing,17.841928552444458,synthetic,Synthetic Test Data,,,False,,,False,,,,False,False,W12528,17.84,LOW,No rule-based risk condition triggered,False,-0.0427,Normal,Isolation Forest,9.65,14.56,LOW,No significant risk indicator detected,LOW
,Bengaluru Urban,,Deepa Gala,W10019,,Public Toilet Complex,Public Works Department,5.79,,,,,,,,,Completed,17.841619873317093,synthetic,Synthetic Test Data,,,False,,,False,,,,False,False,W10019,17.84,LOW,No rule-based risk condition triggered,False,-0.0436,Normal,Isolation Forest,8.47,14.09,LOW,No significant risk indicator detected,LOW
,Pune,,Advaith Gole,W10841,,Drainage System,Zilla Panchayat,6.08,,,,,,,,,Completed,17.840924501941387,synthetic,Synthetic Test Data,,,False,,,False,,,,False,False,W10841,17.84,LOW,No rule-based risk condition triggered,False,-0.0512,Normal,Isolation Forest,2.15,11.56,LOW,No significant risk indicator detected,LOW
,Dharwad,,Ronith Zachariah,W11114,,Drinking Water Supply,Municipal Corporation,19.41,,,,,,,,,Ongoing,17.840200873308632,synthetic,Synthetic Test Data,,,False,,,False,,,,False,False,W11114,17.84,LOW,No rule-based risk condition triggered,False,-0.0114,Normal,Isolation Forest,89.9,46.66,MEDIUM,No significant risk indicator detected,MEDIUM
,Nashik,,Widisha Yohannan,W10713,,Community Health Center,Municipal Corporation,33.15,,,,,,,,,Completed,17.839313284172157,synthetic,Synthetic Test Data,,,False,,,False,,,,False,False,W10713,17.84,LOW,No rule-based risk condition triggered,False,-0.0083,Normal,Isolation Forest,91.95,47.48,MEDIUM,No significant risk indicator detected,MEDIUM
,Howrah,,Owen Bala,W10479,,School Building Repair,District Rural Development Agency,10.55,,,,,,,,,Completed,17.83620623079631,synthetic,Synthetic Test Data,,,False,,,False,,,,False,False,W10479,17.84,LOW,No rule-based risk condition triggered,False,-0.03,Normal,Isolation Forest,53.93,32.28,LOW,No significant risk indicator detected,LOW
,Bengaluru Urban,,Bachittar Choudhry,W12336,,Road Construction,Zilla Panchayat,29.75,,,,,,,,,Ongoing,17.827936814221605,synthetic,Synthetic Test Data,,,False,,,False,,,,False,False,W12336,17.83,LOW,No rule-based risk condition triggered,False,-0.0351,Normal,Isolation Forest,31.87,23.45,LOW,No significant risk indicator detected,LOW
,Asansol,,Hemang Bava,W12164,,School Building Repair,Zilla Panchayat,3.89,,,,,,,,,Completed,17.825840702847024,synthetic,Synthetic Test Data,,,False,,,False,,,,False,False,W12164,17.83,LOW,No rule-based risk condition triggered,False,-0.0438,Normal,Isolation Forest,8.13,13.95,LOW,No significant risk indicator detected,LOW
,Asansol,,Triya Khatri,W12640,,Road Construction,State Housing Board,25.62,,,,,,,,,Ongoing,17.825648351655317,synthetic,Synthetic Test Data,,,False,,,False,,,,False,False,W12640,17.83,LOW,No rule-based risk condition triggered,False,-0.0206,Normal,Isolation Forest,79.83,42.63,MEDIUM,No significant risk indicator detected,MEDIUM
,Kolkata,,Yutika Rana,W12960,,Road Construction,Municipal Corporation,30.14,,,,,,,,,Ongoing,17.816744685630454,synthetic,Synthetic Test Data,,,False,,,False,,,,False,False,W12960,17.82,LOW,No rule-based risk condition triggered,True,0.0011,Anomaly,Isolation Forest,95.15,48.75,MEDIUM,ML: Isolation Forest identified unusual project characteristics,MEDIUM
,Nagpur,,Yadavi Deshmukh,W12565,,Drinking Water Supply,Municipal Corporation,18.54,,,,,,,,,Ongoing,17.808094135329775,synthetic,Synthetic Test Data,,,False,,,False,,,,False,False,W12565,17.81,LOW,No rule-based risk condition triggered,False,-0.0143,Normal,Isolation Forest,87.6,45.73,MEDIUM,No significant risk indicator detected,MEDIUM
,Varanasi,,Ekansh Sami,W11265,,Drainage System,Public Works Department,5.68,,,,,,,,,Ongoing,17.805949559825294,synthetic,Synthetic Test Data,,,False,,,False,,,,False,False,W11265,17.81,LOW,No rule-based risk condition triggered,False,-0.0377,Normal,Isolation Forest,22.9,19.85,LOW,No significant risk indicator detected,LOW
,Howrah,,Yamini Chand,W11716,,Drinking Water Supply,Public Works Department,17.36,,,,,,,,,Ongoing,17.805139958541677,synthetic,Synthetic Test Data,,,False,,,False,,,,False,False,W11716,17.81,LOW,No rule-based risk condition triggered,False,-0.0249,Normal,Isolation Forest,71.12,39.13,LOW,No significant risk indicator detected,LOW
,Varanasi,,Onveer Kata,W11570,,Community Health Center,Municipal Corporation,19.84,,,,,,,,,Ongoing,17.794601604902965,synthetic,Synthetic Test Data,,,False,,,False,,,,False,False,W11570,17.79,LOW,No rule-based risk condition triggered,False,-0.0164,Normal,Isolation Forest,85.73,44.97,MEDIUM,No significant risk indicator detected,MEDIUM
,Agra,,Victor Venkataraman,W12680,,Drinking Water Supply,State Housing Board,9.02,,,,,,,,,Completed,17.78336584340902,synthetic,Synthetic Test Data,,,False,,,False,,,,False,False,W12680,17.78,LOW,No rule-based risk condition triggered,False,-0.0294,Normal,Isolation Forest,56.62,33.32,LOW,No significant risk indicator detected,LOW
,Agra,,Meera Banerjee,W12253,,Drainage System,Municipal Corporation,5.56,,,,,,,,,Completed,17.77632997403728,synthetic,Synthetic Test Data,,,False,,,False,,,,False,False,W12253,17.78,LOW,No rule-based risk condition triggered,False,-0.0304,Normal,Isolation Forest,52.4,31.63,LOW,No significant risk indicator detected,LOW
,Lucknow,,Tanish Iyer,W10984,,Drinking Water Supply,District Rural Development Agency,17.97,,,,,,,,,Completed,17.774171652529688,synthetic,Synthetic Test Data,,,False,,,False,,,,False,False,W10984,17.77,LOW,No rule-based risk condition triggered,False,-0.0264,Normal,Isolation Forest,66.95,37.44,LOW,No significant risk indicator detected,LOW
,Mysuru,,Victor Venkataraman,W10745,,Public Toilet Complex,Municipal Corporation,3.15,,,,,,,,,Completed,17.771235846268876,synthetic,Synthetic Test Data,,,False,,,False,,,,False,False,W10745,17.77,LOW,No rule-based risk condition triggered,False,-0.0305,Normal,Isolation Forest,51.93,31.43,LOW,No significant risk indicator detected,LOW
,Madurai,,Nicholas Gour,W10004,,Drainage System,Zilla Panchayat,3.65,,,,,,,,,Completed,17.759292843351982,synthetic,Synthetic Test Data,,,False,,,False,,,,False,False,W10004,17.76,LOW,No rule-based risk condition triggered,False,-0.0408,Normal,Isolation Forest,14.02,16.26,LOW,No significant risk indicator detected,LOW
,Thane,,Christopher Kadakia,W12005,,Drinking Water Supply,Municipal Corporation,7.65,,,,,,,,,Completed,17.757463909579347,synthetic,Synthetic Test Data,,,False,,,False,,,,False,False,W12005,17.76,LOW,No rule-based risk condition triggered,False,-0.0297,Normal,Isolation Forest,55.33,32.79,LOW,No significant risk indicator detected,LOW
,Varanasi,,Tanish Iyer,W11932,,Drainage System,Public Works Department,16.86,,,,,,,,,Completed,17.756654867173093,synthetic,Synthetic Test Data,,,False,,,False,,,,False,False,W11932,17.76,LOW,No rule-based risk condition triggered,False,-0.0166,Normal,Isolation Forest,85.48,44.85,MEDIUM,No significant risk indicator detected,MEDIUM
,Dharwad,,Ria Ratta,W10934,,Drinking Water Supply,Municipal Corporation,7.29,,,,,,,,,Completed,17.756503419661424,synthetic,Synthetic Test Data,,,False,,,False,,,,False,False,W10934,17.76,LOW,No rule-based risk condition triggered,False,-0.0297,Normal,Isolation Forest,55.33,32.79,LOW,No significant risk indicator detected,LOW
,Bengaluru Urban,,Sanya Swamy,W11892,,Drainage System,Municipal Corporation,13.4,,,,,,,,,Completed,17.756331911960455,synthetic,Synthetic Test Data,,,False,,,False,,,,False,False,W11892,17.76,LOW,No rule-based risk condition triggered,False,-0.0296,Normal,Isolation Forest,55.85,33.0,LOW,No significant risk indicator detected,LOW
,Nashik,,Triya Khatri,W11049,,Road Construction,District Rural Development Agency,11.36,,,,,,,,,Ongoing,17.752993323604457,synthetic,Synthetic Test Data,,,False,,,False,,,,False,False,W11049,17.75,LOW,No rule-based risk condition triggered,False,-0.0129,Normal,Isolation Forest,88.97,46.24,MEDIUM,No significant risk indicator detected,MEDIUM
,Kanpur,,Vanya Suresh,W10583,,Community Health Center,Public Works Department,19.61,,,,,,,,,Ongoing,17.72997857242892,synthetic,Synthetic Test Data,,,False,,,False,,,,False,False,W10583,17.73,LOW,No rule-based risk condition triggered,False,-0.0316,Normal,Isolation Forest,47.67,29.71,LOW,No significant risk indicator detected,LOW
,Bengaluru Urban,,Azaan Gupta,W11228,,School Building Repair,Municipal Corporation,8.26,,,,,,,,,Ongoing,17.728832653988427,synthetic,Synthetic Test Data,,,False,,,False,,,,False,False,W11228,17.73,LOW,No rule-based risk condition triggered,False,-0.0364,Normal,Isolation Forest,26.65,21.3,LOW,No significant risk indicator detected,LOW
,Kolkata,,Eesha Memon,W12237,,Road Construction,State Housing Board,21.49,,,,,,,,,Completed,17.722234877569566,synthetic,Synthetic Test Data,,,False,,,False,,,,False,False,W12237,17.72,LOW,No rule-based risk condition triggered,False,-0.0189,Normal,Isolation Forest,82.43,43.6,MEDIUM,No significant risk indicator detected,MEDIUM
,Coimbatore,,Jagat Mangat,W10999,,Drainage System,Public Works Department,13.75,,,,,,,,,Ongoing,17.714125356724928,synthetic,Synthetic Test Data,,,False,,,False,,,,False,False,W10999,17.71,LOW,No rule-based risk condition triggered,False,-0.0408,Normal,Isolation Forest,14.02,16.23,LOW,No significant risk indicator detected,LOW
,Lucknow,,Azaan Gupta,W10280,,Drainage System,State Housing Board,17.53,,,,,,,,,Completed,17.710963827991463,synthetic,Synthetic Test Data,,,False,,,False,,,,False,False,W10280,17.71,LOW,No rule-based risk condition triggered,False,-0.0201,Normal,Isolation Forest,80.9,42.99,MEDIUM,No significant risk indicator detected,MEDIUM
,Asansol,,Gabriel Thaman,W10698,,Drainage System,State Housing Board,17.93,,,,,,,,,Completed,17.699003037557812,synthetic,Synthetic Test Data,,,False,,,False,,,,False,False,W10698,17.7,LOW,No rule-based risk condition triggered,False,-0.0186,Normal,Isolation Forest,82.93,43.79,MEDIUM,No significant risk indicator detected,MEDIUM
,Coimbatore,,Yamini Chand,W11453,,Street Lighting,State Housing Board,5.3,,,,,,,,,Ongoing,17.68986890315836,synthetic,Synthetic Test Data,,,False,,,False,,,,False,False,W11453,17.69,LOW,No rule-based risk condition triggered,False,-0.034,Normal,Isolation Forest,36.65,25.27,LOW,No significant risk indicator detected,LOW
,Lucknow,,Hemang Bava,W12869,,Road Construction,Zilla Panchayat,17.8,,,,,,,,,Ongoing,17.677733259644587,synthetic,Synthetic Test Data,,,False,,,False,,,,False,False,W12869,17.68,LOW,No rule-based risk condition triggered,False,-0.0478,Normal,Isolation Forest,4.48,12.4,LOW,No significant risk indicator detected,LOW
,Howrah,,Gaurav Chandra,W10776,,Community Health Center,Public Works Department,19.54,,,,,,,,,Ongoing,17.67573691117602,synthetic,Synthetic Test Data,,,False,,,False,,,,False,False,W10776,17.68,LOW,No rule-based risk condition triggered,False,-0.031,Normal,Isolation Forest,50.17,30.68,LOW,No significant risk indicator detected,LOW
,Lucknow,,Krishna Pant,W12248,,Street Lighting,District Rural Development Agency,3.38,,,,,,,,,Completed,17.667788421114196,synthetic,Synthetic Test Data,,,False,,,False,,,,False,False,W12248,17.67,LOW,No rule-based risk condition triggered,False,-0.0303,Normal,Isolation Forest,52.8,31.72,LOW,No significant risk indicator detected,LOW
,Mysuru,,Hemang Bava,W10866,,Public Toilet Complex,Municipal Corporation,2.15,,,,,,,,,Completed,17.666054933611644,synthetic,Synthetic Test Data,,,False,,,False,,,,False,False,W10866,17.67,LOW,No rule-based risk condition triggered,False,-0.025,Normal,Isolation Forest,70.8,38.92,LOW,No significant risk indicator detected,LOW
,Madurai,,Jagat Mangat,W12470,,Road Construction,State Housing Board,10.66,,,,,,,,,Ongoing,17.66221698713884,synthetic,Synthetic Test Data,,,False,,,False,,,,False,False,W12470,17.66,LOW,No rule-based risk condition triggered,False,-0.029,Normal,Isolation Forest,58.33,33.93,LOW,No significant risk indicator detected,LOW
,Thane,,Varsha Morar,W11773,,Road Construction,Public Works Department,20.21,,,,,,,,,Ongoing,17.659732293166684,synthetic,Synthetic Test Data,,,False,,,False,,,,False,False,W11773,17.66,LOW,No rule-based risk condition triggered,False,-0.0383,Normal,Isolation Forest,21.42,19.16,LOW,No significant risk indicator detected,LOW
,Salem,,Pallavi Krish,W12171,,Street Lighting,Municipal Corporation,3.25,,,,,,,,,Ongoing,17.655719001846723,synthetic,Synthetic Test Data,,,False,,,False,,,,False,False,W12171,17.66,LOW,No rule-based risk condition triggered,False,-0.0214,Normal,Isolation Forest,78.1,41.84,MEDIUM,No significant risk indicator detected,MEDIUM
,Bengaluru Urban,,Bachittar Choudhry,W12718,,Street Lighting,Zilla Panchayat,2.92,,,,,,,,,Ongoing,17.650021377425404,synthetic,Synthetic Test Data,,,False,,,False,,,,False,False,W12718,17.65,LOW,No rule-based risk condition triggered,False,-0.0422,Normal,Isolation Forest,10.25,14.69,LOW,No significant risk indicator detected,LOW
,Dharwad,,Christopher Kadakia,W12889,,Road Construction,Municipal Corporation,17.66,,,,,,,,,Ongoing,17.64850866753239,synthetic,Synthetic Test Data,,,False,,,False,,,,False,False,W12889,17.65,LOW,No rule-based risk condition triggered,False,-0.0104,Normal,Isolation Forest,90.62,46.84,MEDIUM,No significant risk indicator detected,MEDIUM
,Nagpur,,Gabriel Thaman,W12478,,Public Toilet Complex,Municipal Corporation,2.64,,,,,,,,,Ongoing,17.639405622988903,synthetic,Synthetic Test Data,,,False,,,False,,,,False,False,W12478,17.64,LOW,No rule-based risk condition triggered,False,-0.0135,Normal,Isolation Forest,88.47,45.97,MEDIUM,No significant risk indicator detected,MEDIUM
,Thane,,Meera Banerjee,W11580,,Drinking Water Supply,Public Works Department,6.61,,,,,,,,,Completed,17.637376286738103,synthetic,Synthetic Test Data,,,False,,,False,,,,False,False,W11580,17.64,LOW,No rule-based risk condition triggered,False,-0.0329,Normal,Isolation Forest,41.65,27.24,LOW,No significant risk indicator detected,LOW
,Belagavi,,Ronith Zachariah,W11739,,Drinking Water Supply,Public Works Department,15.86,,,,,,,,,Completed,17.622731459693895,synthetic,Synthetic Test Data,,,False,,,False,,,,False,False,W11739,17.62,LOW,No rule-based risk condition triggered,False,-0.0292,Normal,Isolation Forest,57.5,33.57,LOW,No significant risk indicator detected,LOW
,Asansol,,Widisha Yohannan,W12569,,Street Lighting,Zilla Panchayat,2.67,,,,,,,,,Ongoing,17.61226085615597,synthetic,Synthetic Test Data,,,False,,,False,,,,False,False,W12569,17.61,LOW,No rule-based risk condition triggered,False,-0.0413,Normal,Isolation Forest,12.42,15.53,LOW,No significant risk indicator detected,LOW
,Varanasi,,Ekansh Sami,W12669,,Street Lighting,District Rural Development Agency,2.83,,,,,,,,,Completed,17.589876910468902,synthetic,Synthetic Test Data,,,False,,,False,,,,False,False,W12669,17.59,LOW,No rule-based risk condition triggered,False,-0.029,Normal,Isolation Forest,58.33,33.89,LOW,No significant risk indicator detected,LOW
,Kanpur,,Pallavi Krish,W12457,,Street Lighting,Public Works Department,5.31,,,,,,,,,Completed,17.58332483,synthetic,Synthetic Test Data,,,False,,,False,,,,False,False,W12457,17.58,LOW,No rule-based risk condition triggered,False,-0.0225,Normal,Isolation Forest,76.12,41.0,MEDIUM,No significant risk indicator detected,MEDIUM
,Nashik,,Tanish Iyer,W10467,,Public Toilet Complex,District Rural Development Agency,7.32,,,,,,,,,Completed,17.575563483310557,synthetic,Synthetic Test Data,,,False,,,False,,,,False,False,W10467,17.58,LOW,No rule-based risk condition triggered,False,-0.0314,Normal,Isolation Forest,48.37,29.9,LOW,No significant risk indicator detected,LOW
,Asansol,,Vrinda Biswas,W11968,,Public Toilet Complex,Municipal Corporation,5.81,,,,,,,,,Ongoing,17.573579060860794,synthetic,Synthetic Test Data,,,False,,,False,,,,False,False,W11968,17.57,LOW,No rule-based risk condition triggered,False,-0.0247,Normal,Isolation Forest,71.85,39.28,LOW,No significant risk indicator detected,LOW
,Nagpur,,Tanish Iyer,W12355,,Community Health Center,Zilla Panchayat,26.36,,,,,,,,,Ongoing,17.57106365816846,synthetic,Synthetic Test Data,,,False,,,False,,,,False,False,W12355,17.57,LOW,No rule-based risk condition triggered,False,-0.0204,Normal,Isolation Forest,80.32,42.67,MEDIUM,No significant risk indicator detected,MEDIUM
,Pune,,Yamini Chand,W10588,,Drainage System,Zilla Panchayat,17.79,,,,,,,,,Ongoing,17.568844456689895,synthetic,Synthetic Test Data,,,False,,,False,,,,False,False,W10588,17.57,LOW,No rule-based risk condition triggered,False,-0.035,Normal,Isolation Forest,32.23,23.43,LOW,No significant risk indicator detected,LOW
,Chennai,,Rayaan Mand,W12084,,Community Health Center,Public Works Department,31.49,,,,,,,,,Ongoing,17.564260554280775,synthetic,Synthetic Test Data,,,False,,,False,,,,False,False,W12084,17.56,LOW,No rule-based risk condition triggered,False,-0.025,Normal,Isolation Forest,70.8,38.86,LOW,No significant risk indicator detected,LOW
,Thane,,Krishna Pant,W12341,,Road Construction,State Housing Board,8.78,,,,,,,,,Ongoing,17.55634869565327,synthetic,Synthetic Test Data,,,False,,,False,,,,False,False,W12341,17.56,LOW,No rule-based risk condition triggered,False,-0.0277,Normal,Isolation Forest,62.88,35.69,LOW,No significant risk indicator detected,LOW
,Kolkata,,Deepa Gala,W11053,,Road Construction,Public Works Department,25.53,,,,,,,,,Completed,17.541845606982232,synthetic,Synthetic Test Data,,,False,,,False,,,,False,False,W11053,17.54,LOW,No rule-based risk condition triggered,False,-0.0297,Normal,Isolation Forest,55.33,32.66,LOW,No significant risk indicator detected,LOW
,Dharwad,,Rayaan Mand,W10543,,Drainage System,District Rural Development Agency,6.65,,,,,,,,,Completed,17.53101339340628,synthetic,Synthetic Test Data,,,False,,,False,,,,False,False,W10543,17.53,LOW,No rule-based risk condition triggered,False,-0.0358,Normal,Isolation Forest,29.37,22.27,LOW,No significant risk indicator detected,LOW
,Thane,,Yutika Rana,W11030,,Community Health Center,State Housing Board,30.6,,,,,,,,,Completed,17.527085963987698,synthetic,Synthetic Test Data,,,False,,,False,,,,False,False,W11030,17.53,LOW,No rule-based risk condition triggered,False,-0.0149,Normal,Isolation Forest,87.03,45.33,MEDIUM,No significant risk indicator detected,MEDIUM
,Varanasi,,Krishna Pant,W11238,,Drainage System,State Housing Board,17.86,,,,,,,,,Ongoing,17.525312408588412,synthetic,Synthetic Test Data,,,False,,,False,,,,False,False,W11238,17.53,LOW,No rule-based risk condition triggered,False,-0.0237,Normal,Isolation Forest,74.17,40.19,MEDIUM,No significant risk indicator detected,MEDIUM
,Agra,,Ria Ratta,W11003,,Drinking Water Supply,Public Works Department,18.36,,,,,,,,,Ongoing,17.524202371858003,synthetic,Synthetic Test Data,,,False,,,False,,,,False,False,W11003,17.52,LOW,No rule-based risk condition triggered,False,-0.0235,Normal,Isolation Forest,74.58,40.34,MEDIUM,No significant risk indicator detected,MEDIUM
,Chennai,,Yutika Rana,W10909,,Road Construction,State Housing Board,17.53,,,,,,,,,Ongoing,17.517212499671825,synthetic,Synthetic Test Data,,,False,,,False,,,,False,False,W10909,17.52,LOW,No rule-based risk condition triggered,False,-0.0311,Normal,Isolation Forest,49.75,30.41,LOW,No significant risk indicator detected,LOW
,Kanpur,,Leena Butala,W12762,,School Building Repair,State Housing Board,6.94,,,,,,,,,Completed,17.51269878111825,synthetic,Synthetic Test Data,,,False,,,False,,,,False,False,W12762,17.51,LOW,No rule-based risk condition triggered,False,-0.0491,Normal,Isolation Forest,3.55,11.93,LOW,No significant risk indicator detected,LOW
,Bengaluru Urban,,Oliver Sarma,W11601,,Community Health Center,District Rural Development Agency,16.98,,,,,,,,,Ongoing,17.508899460725143,synthetic,Synthetic Test Data,,,False,,,False,,,,False,False,W11601,17.51,LOW,No rule-based risk condition triggered,False,-0.0316,Normal,Isolation Forest,47.67,29.57,LOW,No significant risk indicator detected,LOW
,Madurai,,Christopher Kadakia,W12805,,School Building Repair,State Housing Board,9.24,,,,,,,,,Completed,17.501938420360364,synthetic,Synthetic Test Data,,,False,,,False,,,,False,False,W12805,17.5,LOW,No rule-based risk condition triggered,False,-0.0509,Normal,Isolation Forest,2.28,11.41,LOW,No significant risk indicator detected,LOW
,Nagpur,,Lucky Prashad,W12150,,Public Toilet Complex,Public Works Department,7.89,,,,,,,,,Completed,17.490470788752162,synthetic,Synthetic Test Data,,,False,,,False,,,,False,False,W12150,17.49,LOW,No rule-based risk condition triggered,False,-0.0344,Normal,Isolation Forest,34.82,24.42,LOW,No significant risk indicator detected,LOW
,Dharwad,,Krishna Pant,W10424,,Drinking Water Supply,Municipal Corporation,7.85,,,,,,,,,Ongoing,17.489563562221036,synthetic,Synthetic Test Data,,,False,,,False,,,,False,False,W10424,17.49,LOW,No rule-based risk condition triggered,False,-0.0269,Normal,Isolation Forest,65.57,36.72,LOW,No significant risk indicator detected,LOW
,Madurai,,Ronith Zachariah,W10210,,Public Toilet Complex,Zilla Panchayat,2.66,,,,,,,,,Completed,17.481324108385213,synthetic,Synthetic Test Data,,,False,,,False,,,,False,False,W10210,17.48,LOW,No rule-based risk condition triggered,False,-0.0403,Normal,Isolation Forest,15.43,16.66,LOW,No significant risk indicator detected,LOW
,Mysuru,,Triya Khatri,W12918,,Street Lighting,State Housing Board,2.85,,,,,,,,,Completed,17.47459620783998,synthetic,Synthetic Test Data,,,False,,,False,,,,False,False,W12918,17.47,LOW,No rule-based risk condition triggered,False,-0.0325,Normal,Isolation Forest,43.38,27.83,LOW,No significant risk indicator detected,LOW
,Thane,,Yug Choudhry,W12984,,Community Health Center,District Rural Development Agency,39.37,,,,,,,,,Completed,17.47264857112069,synthetic,Synthetic Test Data,,,False,,,False,,,,False,False,W12984,17.47,LOW,No rule-based risk condition triggered,False,-0.0092,Normal,Isolation Forest,91.38,47.03,MEDIUM,No significant risk indicator detected,MEDIUM
,Nagpur,,Ekansh Sami,W10584,,Public Toilet Complex,State Housing Board,2.83,,,,,,,,,Ongoing,17.472023788168748,synthetic,Synthetic Test Data,,,False,,,False,,,,False,False,W10584,17.47,LOW,No rule-based risk condition triggered,False,-0.0169,Normal,Isolation Forest,85.15,44.54,MEDIUM,No significant risk indicator detected,MEDIUM
,Chennai,,Meera Banerjee,W12362,,Road Construction,State Housing Board,19.13,,,,,,,,,Ongoing,17.467971241606023,synthetic,Synthetic Test Data,,,False,,,False,,,,False,False,W12362,17.47,LOW,No rule-based risk condition triggered,False,-0.0295,Normal,Isolation Forest,56.2,32.96,LOW,No significant risk indicator detected,LOW
,Belagavi,,Harrison Kapur,W10839,,School Building Repair,State Housing Board,13.24,,,,,,,,,Completed,17.467807412251208,synthetic,Synthetic Test Data,,,False,,,False,,,,False,False,W10839,17.47,LOW,No rule-based risk condition triggered,False,-0.0361,Normal,Isolation Forest,28.13,21.73,LOW,No significant risk indicator detected,LOW
,Kolkata,,Lucky Prashad,W12537,,Drinking Water Supply,Zilla Panchayat,4.02,,,,,,,,,Completed,17.466034041568978,synthetic,Synthetic Test Data,,,False,,,False,,,,False,False,W12537,17.47,LOW,No rule-based risk condition triggered,False,-0.0335,Normal,Isolation Forest,38.83,26.01,LOW,No significant risk indicator detected,LOW
,Coimbatore,,Deepa Gala,W10461,,Road Construction,State Housing Board,11.35,,,,,,,,,Completed,17.46088245999731,synthetic,Synthetic Test Data,,,False,,,False,,,,False,False,W10461,17.46,LOW,No rule-based risk condition triggered,False,-0.0273,Normal,Isolation Forest,64.32,36.2,LOW,No significant risk indicator detected,LOW
,Madurai,,Lucky Prashad,W12605,,Public Toilet Complex,Public Works Department,5.54,,,,,,,,,Ongoing,17.45420541414496,synthetic,Synthetic Test Data,,,False,,,False,,,,False,False,W12605,17.45,LOW,No rule-based risk condition triggered,False,-0.0342,Normal,Isolation Forest,35.78,24.78,LOW,No significant risk indicator detected,LOW
,Lucknow,,Eesha Memon,W11883,,Drinking Water Supply,Public Works Department,17.24,,,,,,,,,Ongoing,17.447206445277523,synthetic,Synthetic Test Data,,,False,,,False,,,,False,False,W11883,17.45,LOW,No rule-based risk condition triggered,False,-0.0264,Normal,Isolation Forest,66.95,37.25,LOW,No significant risk indicator detected,LOW
,Pune,,Odika Naik,W11279,,Drainage System,Zilla Panchayat,14.46,,,,,,,,,Completed,17.440289858000213,synthetic,Synthetic Test Data,,,False,,,False,,,,False,False,W11279,17.44,LOW,No rule-based risk condition triggered,False,-0.0442,Normal,Isolation Forest,7.85,13.6,LOW,No significant risk indicator detected,LOW
,Madurai,,Onveer Kata,W10392,,Drinking Water Supply,Zilla Panchayat,14.95,,,,,,,,,Ongoing,17.43983326526148,synthetic,Synthetic Test Data,,,False,,,False,,,,False,False,W10392,17.44,LOW,No rule-based risk condition triggered,False,-0.0392,Normal,Isolation Forest,19.02,18.07,LOW,No significant risk indicator detected,LOW
,Thane,,Rayaan Mand,W10723,,Drinking Water Supply,State Housing Board,13.65,,,,,,,,,Ongoing,17.425190462152795,synthetic,Synthetic Test Data,,,False,,,False,,,,False,False,W10723,17.43,LOW,No rule-based risk condition triggered,False,-0.0302,Normal,Isolation Forest,53.15,31.72,LOW,No significant risk indicator detected,LOW
,Mysuru,,Tanish Iyer,W12476,,Public Toilet Complex,State Housing Board,2.15,,,,,,,,,Completed,17.413578803552003,synthetic,Synthetic Test Data,,,False,,,False,,,,False,False,W12476,17.41,LOW,No rule-based risk condition triggered,False,-0.0195,Normal,Isolation Forest,81.5,43.05,MEDIUM,No significant risk indicator detected,MEDIUM
,Nagpur,,Onveer Kata,W10301,,Drainage System,Public Works Department,6.1,,,,,,,,,Ongoing,17.412460668676463,synthetic,Synthetic Test Data,,,False,,,False,,,,False,False,W10301,17.41,LOW,No rule-based risk condition triggered,False,-0.0395,Normal,Isolation Forest,18.02,17.65,LOW,No significant risk indicator detected,LOW
,Coimbatore,,Sanya Swamy,W11434,,Public Toilet Complex,Zilla Panchayat,2.51,,,,,,,,,Ongoing,17.40990261540154,synthetic,Synthetic Test Data,,,False,,,False,,,,False,False,W11434,17.41,LOW,No rule-based risk condition triggered,False,-0.0306,Normal,Isolation Forest,51.43,31.02,LOW,No significant risk indicator detected,LOW
,Nashik,,Varsha Morar,W11654,,Street Lighting,Public Works Department,2.77,,,,,,,,,Ongoing,17.398545308211485,synthetic,Synthetic Test Data,,,False,,,False,,,,False,False,W11654,17.4,LOW,No rule-based risk condition triggered,False,-0.0341,Normal,Isolation Forest,36.23,24.93,LOW,No significant risk indicator detected,LOW
,Madurai,,Harrison Kapur,W11266,,Road Construction,Public Works Department,17.16,,,,,,,,,Ongoing,17.396484019555388,synthetic,Synthetic Test Data,,,False,,,False,,,,False,False,W11266,17.4,LOW,No rule-based risk condition triggered,False,-0.0414,Normal,Isolation Forest,12.02,15.25,LOW,No significant risk indicator detected,LOW
,Salem,,Onveer Kata,W12921,,Road Construction,Municipal Corporation,6.96,,,,,,,,,Ongoing,17.384105840927578,synthetic,Synthetic Test Data,,,False,,,False,,,,False,False,W12921,17.38,LOW,No rule-based risk condition triggered,False,-0.0085,Normal,Isolation Forest,91.8,47.15,MEDIUM,No significant risk indicator detected,MEDIUM
,Lucknow,,Gaurav Chandra,W12618,,Street Lighting,Municipal Corporation,2.18,,,,,,,,,Ongoing,17.382577363855216,synthetic,Synthetic Test Data,,,False,,,False,,,,False,False,W12618,17.38,LOW,No rule-based risk condition triggered,False,-0.016,Normal,Isolation Forest,86.03,44.84,MEDIUM,No significant risk indicator detected,MEDIUM
,Agra,,Leena Butala,W11035,,Road Construction,State Housing Board,17.45,,,,,,,,,Ongoing,17.364611480020738,synthetic,Synthetic Test Data,,,False,,,False,,,,False,False,W11035,17.36,LOW,No rule-based risk condition triggered,False,-0.0311,Normal,Isolation Forest,49.75,30.32,LOW,No significant risk indicator detected,LOW
,Kanpur,,Vrinda Biswas,W10502,,Drainage System,Zilla Panchayat,8.09,,,,,,,,,Completed,17.358248581263965,synthetic,Synthetic Test Data,,,False,,,False,,,,False,False,W10502,17.36,LOW,No rule-based risk condition triggered,False,-0.052,Normal,Isolation Forest,1.85,11.16,LOW,No significant risk indicator detected,LOW
,Chennai,,Eesha Memon,W12234,,Street Lighting,Public Works Department,3.18,,,,,,,,,Ongoing,17.356943777824675,synthetic,Synthetic Test Data,,,False,,,False,,,,False,False,W12234,17.36,LOW,No rule-based risk condition triggered,False,-0.0358,Normal,Isolation Forest,29.37,22.16,LOW,No significant risk indicator detected,LOW
,Bengaluru Urban,,Odika Naik,W12539,,Community Health Center,Public Works Department,16.37,,,,,,,,,Completed,17.35593757096096,synthetic,Synthetic Test Data,,,False,,,False,,,,False,False,W12539,17.36,LOW,No rule-based risk condition triggered,False,-0.0292,Normal,Isolation Forest,57.5,33.42,LOW,No significant risk indicator detected,LOW
,Agra,,Eesha Memon,W12543,,School Building Repair,District Rural Development Agency,3.19,,,,,,,,,Completed,17.349266667554385,synthetic,Synthetic Test Data,,,False,,,False,,,,False,False,W12543,17.35,LOW,No rule-based risk condition triggered,False,-0.0118,Normal,Isolation Forest,89.57,46.24,MEDIUM,No significant risk indicator detected,MEDIUM
,Kolkata,,Oliver Sarma,W12256,,Community Health Center,Zilla Panchayat,20.72,,,,,,,,,Completed,17.346956186472312,synthetic,Synthetic Test Data,,,False,,,False,,,,False,False,W12256,17.35,LOW,No rule-based risk condition triggered,False,-0.0274,Normal,Isolation Forest,63.97,36.0,LOW,No significant risk indicator detected,LOW
,Kanpur,,Widisha Yohannan,W11033,,Drinking Water Supply,Municipal Corporation,19.52,,,,,,,,,Completed,17.336063307881457,synthetic,Synthetic Test Data,,,False,,,False,,,,False,False,W11033,17.34,LOW,No rule-based risk condition triggered,False,-0.0181,Normal,Isolation Forest,83.77,43.91,MEDIUM,No significant risk indicator detected,MEDIUM
,Agra,,Yadavi Deshmukh,W11519,,School Building Repair,State Housing Board,14.36,,,,,,,,,Ongoing,17.317151041069963,synthetic,Synthetic Test Data,,,False,,,False,,,,False,False,W11519,17.32,LOW,No rule-based risk condition triggered,False,-0.0222,Normal,Isolation Forest,76.47,40.98,MEDIUM,No significant risk indicator detected,MEDIUM
,Dharwad,,Tanish Iyer,W11951,,Street Lighting,Zilla Panchayat,3.43,,,,,,,,,Ongoing,17.31636940960186,synthetic,Synthetic Test Data,,,False,,,False,,,,False,False,W11951,17.32,LOW,No rule-based risk condition triggered,False,-0.0449,Normal,Isolation Forest,7.13,13.24,LOW,No significant risk indicator detected,LOW
,Nashik,,Christopher Kadakia,W12438,,Street Lighting,State Housing Board,1.63,,,,,,,,,Completed,17.31026092,synthetic,Synthetic Test Data,,,False,,,False,,,,False,False,W12438,17.31,LOW,No rule-based risk condition triggered,False,-0.0256,Normal,Isolation Forest,69.17,38.05,LOW,No significant risk indicator detected,LOW
,Agra,,Bachittar Choudhry,W10478,,School Building Repair,Zilla Panchayat,10.09,,,,,,,,,Completed,17.307992447576677,synthetic,Synthetic Test Data,,,False,,,False,,,,False,False,W10478,17.31,LOW,No rule-based risk condition triggered,False,-0.0532,Normal,Isolation Forest,1.15,10.85,LOW,No significant risk indicator detected,LOW
,Agra,,Jagat Mangat,W12526,,Road Construction,Public Works Department,19.25,,,,,,,,,Completed,17.28329545125655,synthetic,Synthetic Test Data,,,False,,,False,,,,False,False,W12526,17.28,LOW,No rule-based risk condition triggered,False,-0.0361,Normal,Isolation Forest,28.13,21.62,LOW,No significant risk indicator detected,LOW
,Kolkata,,Mugdha Varty,W10732,,Drainage System,State Housing Board,6.89,,,,,,,,,Ongoing,17.283047740838356,synthetic,Synthetic Test Data,,,False,,,False,,,,False,False,W10732,17.28,LOW,No rule-based risk condition triggered,False,-0.0376,Normal,Isolation Forest,23.17,19.64,LOW,No significant risk indicator detected,LOW
,Dharwad,,Tanish Iyer,W11959,,Drainage System,Municipal Corporation,3.22,,,,,,,,,Completed,17.28067362306738,synthetic,Synthetic Test Data,,,False,,,False,,,,False,False,W11959,17.28,LOW,No rule-based risk condition triggered,False,-0.0182,Normal,Isolation Forest,83.67,43.84,MEDIUM,No significant risk indicator detected,MEDIUM
,Varanasi,,Pallavi Krish,W10799,,Road Construction,District Rural Development Agency,8.33,,,,,,,,,Ongoing,17.280009311028948,synthetic,Synthetic Test Data,,,False,,,False,,,,False,False,W10799,17.28,LOW,No rule-based risk condition triggered,False,-0.0111,Normal,Isolation Forest,90.2,46.45,MEDIUM,No significant risk indicator detected,MEDIUM
,Chennai,,Odika Naik,W12083,,Road Construction,Zilla Panchayat,22.26,,,,,,,,,Ongoing,17.27913294,synthetic,Synthetic Test Data,,,False,,,False,,,,False,False,W12083,17.28,LOW,No rule-based risk condition triggered,False,-0.0431,Normal,Isolation Forest,9.08,14.0,LOW,No significant risk indicator detected,LOW
,Howrah,,Ria Ratta,W10548,,Road Construction,Zilla Panchayat,23.59,,,,,,,,,Ongoing,17.269382120571017,synthetic,Synthetic Test Data,,,False,,,False,,,,False,False,W10548,17.27,LOW,No rule-based risk condition triggered,False,-0.0424,Normal,Isolation Forest,9.95,14.34,LOW,No significant risk indicator detected,LOW
,Asansol,,Vanya Suresh,W12484,,Drinking Water Supply,State Housing Board,5.52,,,,,,,,,Ongoing,17.265037782440587,synthetic,Synthetic Test Data,,,False,,,False,,,,False,False,W12484,17.27,LOW,No rule-based risk condition triggered,False,-0.0277,Normal,Isolation Forest,62.88,35.51,LOW,No significant risk indicator detected,LOW
,Howrah,,Onveer Kata,W12521,,School Building Repair,Zilla Panchayat,11.82,,,,,,,,,Completed,17.263001603765165,synthetic,Synthetic Test Data,,,False,,,False,,,,False,False,W12521,17.26,LOW,No rule-based risk condition triggered,False,-0.0491,Normal,Isolation Forest,3.55,11.78,LOW,No significant risk indicator detected,LOW
,Lucknow,,Hemang Bava,W11320,,Road Construction,State Housing Board,17.93,,,,,,,,,Ongoing,17.247899983486327,synthetic,Synthetic Test Data,,,False,,,False,,,,False,False,W11320,17.25,LOW,No rule-based risk condition triggered,False,-0.0312,Normal,Isolation Forest,49.25,30.05,LOW,No significant risk indicator detected,LOW
,Chennai,,Mugdha Varty,W11002,,Drainage System,Municipal Corporation,17.02,,,,,,,,,Ongoing,17.243213966058352,synthetic,Synthetic Test Data,,,False,,,False,,,,False,False,W11002,17.24,LOW,No rule-based risk condition triggered,False,-0.0207,Normal,Isolation Forest,79.65,42.2,MEDIUM,No significant risk indicator detected,MEDIUM
,Kanpur,,Onveer Kata,W11579,,Street Lighting,Municipal Corporation,3.22,,,,,,,,,Ongoing,17.233311488574117,synthetic,Synthetic Test Data,,,False,,,False,,,,False,False,W11579,17.23,LOW,No rule-based risk condition triggered,False,-0.0205,Normal,Isolation Forest,80.07,42.37,MEDIUM,No significant risk indicator detected,MEDIUM
,Kolkata,,Vanya Suresh,W10452,,Public Toilet Complex,Public Works Department,2.39,,,,,,,,,Completed,17.2252183,synthetic,Synthetic Test Data,,,False,,,False,,,,False,False,W10452,17.23,LOW,No rule-based risk condition triggered,False,-0.0258,Normal,Isolation Forest,68.57,37.77,LOW,No significant risk indicator detected,LOW
,Kanpur,,Nicholas Gour,W11281,,Road Construction,State Housing Board,15.18,,,,,,,,,Completed,17.210278343967502,synthetic,Synthetic Test Data,,,False,,,False,,,,False,False,W11281,17.21,LOW,No rule-based risk condition triggered,False,-0.0266,Normal,Isolation Forest,66.5,36.93,LOW,No significant risk indicator detected,LOW
,Lucknow,,Christopher Kadakia,W10852,,Public Toilet Complex,Municipal Corporation,2.36,,,,,,,,,Ongoing,17.194326207310628,synthetic,Synthetic Test Data,,,False,,,False,,,,False,False,W10852,17.19,LOW,No rule-based risk condition triggered,False,-0.012,Normal,Isolation Forest,89.42,46.08,MEDIUM,No significant risk indicator detected,MEDIUM
,Belagavi,,Victor Venkataraman,W11098,,School Building Repair,Zilla Panchayat,4.82,,,,,,,,,Completed,17.19405284805773,synthetic,Synthetic Test Data,,,False,,,False,,,,False,False,W11098,17.19,LOW,No rule-based risk condition triggered,False,-0.0518,Normal,Isolation Forest,1.97,11.1,LOW,No significant risk indicator detected,LOW
,Varanasi,,Oliver Sarma,W10353,,Drainage System,Public Works Department,17.87,,,,,,,,,Ongoing,17.19108052232326,synthetic,Synthetic Test Data,,,False,,,False,,,,False,False,W10353,17.19,LOW,No rule-based risk condition triggered,False,-0.0319,Normal,Isolation Forest,46.1,28.75,LOW,No significant risk indicator detected,LOW
,Belagavi,,Gabriel Thaman,W12241,,Public Toilet Complex,Public Works Department,2.28,,,,,,,,,Ongoing,17.190579912590184,synthetic,Synthetic Test Data,,,False,,,False,,,,False,False,W12241,17.19,LOW,No rule-based risk condition triggered,False,-0.022,Normal,Isolation Forest,76.8,41.03,MEDIUM,No significant risk indicator detected,MEDIUM
,Chennai,,Christopher Kadakia,W12767,,Road Construction,Municipal Corporation,19.02,,,,,,,,,Completed,17.17889463961119,synthetic,Synthetic Test Data,,,False,,,False,,,,False,False,W12767,17.18,LOW,No rule-based risk condition triggered,False,-0.0186,Normal,Isolation Forest,82.93,43.48,MEDIUM,No significant risk indicator detected,MEDIUM
,Agra,,Mugdha Varty,W11924,,Road Construction,Public Works Department,9.53,,,,,,,,,Completed,17.175230864493646,synthetic,Synthetic Test Data,,,False,,,False,,,,False,False,W11924,17.18,LOW,No rule-based risk condition triggered,False,-0.0367,Normal,Isolation Forest,25.68,20.58,LOW,No significant risk indicator detected,LOW
,Madurai,,Deepa Gala,W11160,,Public Toilet Complex,State Housing Board,2.5,,,,,,,,,Ongoing,17.170344165689176,synthetic,Synthetic Test Data,,,False,,,False,,,,False,False,W11160,17.17,LOW,No rule-based risk condition triggered,False,-0.0158,Normal,Isolation Forest,86.15,44.76,MEDIUM,No significant risk indicator detected,MEDIUM
,Kanpur,,Vanya Suresh,W11765,,Road Construction,Public Works Department,16.93,,,,,,,,,Ongoing,17.166776699006014,synthetic,Synthetic Test Data,,,False,,,False,,,,False,False,W11765,17.17,LOW,No rule-based risk condition triggered,False,-0.0412,Normal,Isolation Forest,12.82,15.43,LOW,No significant risk indicator detected,LOW
,Howrah,,Owen Bansal,W12693,,Street Lighting,Municipal Corporation,2.37,,,,,,,,,Ongoing,17.150545907505283,synthetic,Synthetic Test Data,,,False,,,False,,,,False,False,W12693,17.15,LOW,No rule-based risk condition triggered,False,-0.0166,Normal,Isolation Forest,85.48,44.48,MEDIUM,No significant risk indicator detected,MEDIUM
,Bengaluru Urban,,Ekansh Sami,W11498,,Drainage System,Municipal Corporation,17.01,,,,,,,,,Ongoing,17.142366243057193,synthetic,Synthetic Test Data,,,False,,,False,,,,False,False,W11498,17.14,LOW,No rule-based risk condition triggered,False,-0.0207,Normal,Isolation Forest,79.65,42.14,MEDIUM,No significant risk indicator detected,MEDIUM
,Dharwad,,Gaurav Chandra,W11803,,Public Toilet Complex,Public Works Department,3.33,,,,,,,,,Completed,17.141164626312694,synthetic,Synthetic Test Data,,,False,,,False,,,,False,False,W11803,17.14,LOW,No rule-based risk condition triggered,False,-0.0336,Normal,Isolation Forest,38.32,25.61,LOW,No significant risk indicator detected,LOW
,Belagavi,,Vrinda Biswas,W10449,,Community Health Center,State Housing Board,19.61,,,,,,,,,Ongoing,17.13878640233789,synthetic,Synthetic Test Data,,,False,,,False,,,,False,False,W10449,17.14,LOW,No rule-based risk condition triggered,False,-0.0295,Normal,Isolation Forest,56.2,32.76,LOW,No significant risk indicator detected,LOW
,Dharwad,,Vrinda Biswas,W11461,,School Building Repair,Municipal Corporation,3.84,,,,,,,,,Completed,17.128300303001886,synthetic,Synthetic Test Data,,,False,,,False,,,,False,False,W11461,17.13,LOW,No rule-based risk condition triggered,False,-0.0235,Normal,Isolation Forest,74.58,40.11,MEDIUM,No significant risk indicator detected,MEDIUM
,Varanasi,,Victor Venkataraman,W11447,,Road Construction,Zilla Panchayat,25.02,,,,,,,,,Completed,17.1147133,synthetic,Synthetic Test Data,,,False,,,False,,,,False,False,W11447,17.11,LOW,No rule-based risk condition triggered,False,-0.0361,Normal,Isolation Forest,28.13,21.52,LOW,No significant risk indicator detected,LOW
,Salem,,Tanish Iyer,W12783,,Community Health Center,State Housing Board,34.18,,,,,,,,,Ongoing,17.11112197195341,synthetic,Synthetic Test Data,,,False,,,False,,,,False,False,W12783,17.11,LOW,No rule-based risk condition triggered,False,-0.0098,Normal,Isolation Forest,91.05,46.69,MEDIUM,No significant risk indicator detected,MEDIUM
,Dharwad,,Ishwar Boase,W11048,,Public Toilet Complex,District Rural Development Agency,2.31,,,,,,,,,Ongoing,17.10352112348147,synthetic,Synthetic Test Data,,,False,,,False,,,,False,False,W11048,17.1,LOW,No rule-based risk condition triggered,False,-0.0204,Normal,Isolation Forest,80.32,42.39,MEDIUM,No significant risk indicator detected,MEDIUM
,Nashik,,Mugdha Varty,W12781,,School Building Repair,Zilla Panchayat,12.09,,,,,,,,,Completed,17.09857335831362,synthetic,Synthetic Test Data,,,False,,,False,,,,False,False,W12781,17.1,LOW,No rule-based risk condition triggered,False,-0.0481,Normal,Isolation Forest,4.2,11.94,LOW,No significant risk indicator detected,LOW
,Agra,,Hemang Bava,W10322,,Road Construction,State Housing Board,27.42,,,,,,,,,Completed,17.090680370779065,synthetic,Synthetic Test Data,,,False,,,False,,,,False,False,W10322,17.09,LOW,No rule-based risk condition triggered,False,-0.0107,Normal,Isolation Forest,90.4,46.41,MEDIUM,No significant risk indicator detected,MEDIUM
,Agra,,Advaith Gole,W11869,,Street Lighting,Zilla Panchayat,3.66,,,,,,,,,Completed,17.082443732734625,synthetic,Synthetic Test Data,,,False,,,False,,,,False,False,W11869,17.08,LOW,No rule-based risk condition triggered,False,-0.0411,Normal,Isolation Forest,13.02,15.46,LOW,No significant risk indicator detected,LOW
,Nagpur,,Gabriel Thaman,W12811,,Public Toilet Complex,Municipal Corporation,2.85,,,,,,,,,Ongoing,17.069079077140216,synthetic,Synthetic Test Data,,,False,,,False,,,,False,False,W12811,17.07,LOW,No rule-based risk condition triggered,False,-0.0143,Normal,Isolation Forest,87.6,45.28,MEDIUM,No significant risk indicator detected,MEDIUM
,Nashik,,Lucky Prashad,W10961,,Drinking Water Supply,State Housing Board,7.88,,,,,,,,,Ongoing,17.053455187874974,synthetic,Synthetic Test Data,,,False,,,False,,,,False,False,W10961,17.05,LOW,No rule-based risk condition triggered,False,-0.0303,Normal,Isolation Forest,52.8,31.35,LOW,No significant risk indicator detected,LOW
,Salem,,Azaan Gupta,W11750,,Public Toilet Complex,Public Works Department,3.21,,,,,,,,,Ongoing,17.053031995734436,synthetic,Synthetic Test Data,,,False,,,False,,,,False,False,W11750,17.05,LOW,No rule-based risk condition triggered,False,-0.0266,Normal,Isolation Forest,66.5,36.83,LOW,No significant risk indicator detected,LOW
,Darjeeling,,Hemang Bava,W10850,,Community Health Center,Public Works Department,39.0,,,,,,,,,Ongoing,17.050187356495453,synthetic,Synthetic Test Data,,,False,,,False,,,,False,False,W10850,17.05,LOW,No rule-based risk condition triggered,False,-0.0151,Normal,Isolation Forest,86.73,44.92,MEDIUM,No significant risk indicator detected,MEDIUM
,Chennai,,Deepa Gala,W11156,,Public Toilet Complex,Municipal Corporation,7.21,,,,,,,,,Completed,17.04086154171465,synthetic,Synthetic Test Data,,,False,,,False,,,,False,False,W11156,17.04,LOW,No rule-based risk condition triggered,False,-0.0392,Normal,Isolation Forest,19.02,17.83,LOW,No significant risk indicator detected,LOW
,Agra,,Odika Naik,W10645,,School Building Repair,Zilla Panchayat,4.02,,,,,,,,,Completed,17.02592916479416,synthetic,Synthetic Test Data,,,False,,,False,,,,False,False,W10645,17.03,LOW,No rule-based risk condition triggered,False,-0.0458,Normal,Isolation Forest,5.97,12.61,LOW,No significant risk indicator detected,LOW
,Mysuru,,Onveer Kata,W11140,,Road Construction,Public Works Department,16.46,,,,,,,,,Ongoing,17.025180344790527,synthetic,Synthetic Test Data,,,False,,,False,,,,False,False,W11140,17.03,LOW,No rule-based risk condition triggered,False,-0.041,Normal,Isolation Forest,13.22,15.51,LOW,No significant risk indicator detected,LOW
,Varanasi,,Sanya Swamy,W11760,,Road Construction,State Housing Board,18.3,,,,,,,,,Ongoing,17.019916926087507,synthetic,Synthetic Test Data,,,False,,,False,,,,False,False,W11760,17.02,LOW,No rule-based risk condition triggered,False,-0.0302,Normal,Isolation Forest,53.15,31.47,LOW,No significant risk indicator detected,LOW
,Bengaluru Urban,,Owen Bala,W12425,,Drinking Water Supply,District Rural Development Agency,4.27,,,,,,,,,Completed,17.017110230165322,synthetic,Synthetic Test Data,,,False,,,False,,,,False,False,W12425,17.02,LOW,No rule-based risk condition triggered,False,-0.0274,Normal,Isolation Forest,63.97,35.8,LOW,No significant risk indicator detected,LOW
,Varanasi,,Meera Banerjee,W12748,,School Building Repair,Zilla Panchayat,6.46,,,,,,,,,Completed,17.010582471882326,synthetic,Synthetic Test Data,,,False,,,False,,,,False,False,W12748,17.01,LOW,No rule-based risk condition triggered,False,-0.0553,Normal,Isolation Forest,0.37,10.35,LOW,No significant risk indicator detected,LOW
,Darjeeling,,Odika Naik,W11987,,Drinking Water Supply,District Rural Development Agency,16.86,,,,,,,,,Ongoing,17.00617879566269,synthetic,Synthetic Test Data,,,False,,,False,,,,False,False,W11987,17.01,LOW,No rule-based risk condition triggered,False,-0.0255,Normal,Isolation Forest,69.38,37.96,LOW,No significant risk indicator detected,LOW
,Madurai,,Krishna Pant,W12702,,Public Toilet Complex,Public Works Department,2.98,,,,,,,,,Ongoing,17.004845290731744,synthetic,Synthetic Test Data,,,False,,,False,,,,False,False,W12702,17.0,LOW,No rule-based risk condition triggered,False,-0.0249,Normal,Isolation Forest,71.12,38.65,LOW,No significant risk indicator detected,LOW
,Kanpur,,Jagat Mangat,W11677,,Drainage System,Zilla Panchayat,3.24,,,,,,,,,Ongoing,17.00191486914634,synthetic,Synthetic Test Data,,,False,,,False,,,,False,False,W11677,17.0,LOW,No rule-based risk condition triggered,False,-0.0342,Normal,Isolation Forest,35.78,24.51,LOW,No significant risk indicator detected,LOW
,Thane,,Ekansh Sami,W10615,,School Building Repair,State Housing Board,10.53,,,,,,,,,Completed,16.993243887607157,synthetic,Synthetic Test Data,,,False,,,False,,,,False,False,W10615,16.99,LOW,No rule-based risk condition triggered,False,-0.0489,Normal,Isolation Forest,3.7,11.67,LOW,No significant risk indicator detected,LOW
,Madurai,,Triya Khatri,W10179,,Drainage System,Zilla Panchayat,4.24,,,,,,,,,Ongoing,16.986737181264377,synthetic,Synthetic Test Data,,,False,,,False,,,,False,False,W10179,16.99,LOW,No rule-based risk condition triggered,False,-0.0394,Normal,Isolation Forest,18.43,17.57,LOW,No significant risk indicator detected,LOW
,Kanpur,,Oliver Sarma,W10888,,Street Lighting,State Housing Board,1.97,,,,,,,,,Ongoing,16.98653803,synthetic,Synthetic Test Data,,,False,,,False,,,,False,False,W10888,16.99,LOW,No rule-based risk condition triggered,False,-0.0283,Normal,Isolation Forest,60.58,34.43,LOW,No significant risk indicator detected,LOW
,Thane,,Christopher Kadakia,W12855,,School Building Repair,District Rural Development Agency,3.05,,,,,,,,,Ongoing,16.98180369760556,synthetic,Synthetic Test Data,,,False,,,False,,,,False,False,W12855,16.98,LOW,No rule-based risk condition triggered,False,-0.0194,Normal,Isolation Forest,81.8,42.91,MEDIUM,No significant risk indicator detected,MEDIUM
,Nashik,,Advaith Gole,W10370,,Road Construction,District Rural Development Agency,21.57,,,,,,,,,Completed,16.975531024090692,synthetic,Synthetic Test Data,,,False,,,False,,,,False,False,W10370,16.98,LOW,No rule-based risk condition triggered,False,-0.0117,Normal,Isolation Forest,89.63,46.04,MEDIUM,No significant risk indicator detected,MEDIUM
,Pune,,Christopher Kadakia,W10896,,Drainage System,Zilla Panchayat,12.0,,,,,,,,,Completed,16.972441076034873,synthetic,Synthetic Test Data,,,False,,,False,,,,False,False,W10896,16.97,LOW,No rule-based risk condition triggered,False,-0.0498,Normal,Isolation Forest,2.98,11.37,LOW,No significant risk indicator detected,LOW
,Salem,,Triya Khatri,W12758,,Community Health Center,Municipal Corporation,17.36,,,,,,,,,Ongoing,16.949936123740297,synthetic,Synthetic Test Data,,,False,,,False,,,,False,False,W12758,16.95,LOW,No rule-based risk condition triggered,False,-0.0178,Normal,Isolation Forest,84.12,43.82,MEDIUM,No significant risk indicator detected,MEDIUM
,Dharwad,,Nicholas Gour,W12701,,Street Lighting,Public Works Department,4.87,,,,,,,,,Completed,16.947118440610165,synthetic,Synthetic Test Data,,,False,,,False,,,,False,False,W12701,16.95,LOW,No rule-based risk condition triggered,False,-0.0255,Normal,Isolation Forest,69.38,37.92,LOW,No significant risk indicator detected,LOW
,Kolkata,,Lucky Prashad,W11249,,School Building Repair,Municipal Corporation,7.42,,,,,,,,,Completed,16.927927780537548,synthetic,Synthetic Test Data,,,False,,,False,,,,False,False,W11249,16.93,LOW,No rule-based risk condition triggered,False,-0.0348,Normal,Isolation Forest,33.15,23.42,LOW,No significant risk indicator detected,LOW
,Belagavi,,Azaan Gupta,W12812,,Road Construction,Public Works Department,20.9,,,,,,,,,Ongoing,16.925657690068917,synthetic,Synthetic Test Data,,,False,,,False,,,,False,False,W12812,16.93,LOW,No rule-based risk condition triggered,False,-0.0372,Normal,Isolation Forest,24.37,19.91,LOW,No significant risk indicator detected,LOW
,Dharwad,,Christopher Kadakia,W10202,,Street Lighting,Public Works Department,3.29,,,,,,,,,Ongoing,16.91972275982222,synthetic,Synthetic Test Data,,,False,,,False,,,,False,False,W10202,16.92,LOW,No rule-based risk condition triggered,False,-0.0363,Normal,Isolation Forest,27.15,21.01,LOW,No significant risk indicator detected,LOW
,Pune,,Yug Choudhry,W10826,,Drainage System,Public Works Department,3.24,,,,,,,,,Ongoing,16.917835825119447,synthetic,Synthetic Test Data,,,False,,,False,,,,False,False,W10826,16.92,LOW,No rule-based risk condition triggered,False,-0.0288,Normal,Isolation Forest,59.15,33.81,LOW,No significant risk indicator detected,LOW
,Chennai,,Rayaan Mand,W11077,,Drinking Water Supply,Municipal Corporation,18.66,,,,,,,,,Completed,16.90664087686988,synthetic,Synthetic Test Data,,,False,,,False,,,,False,False,W11077,16.91,LOW,No rule-based risk condition triggered,False,-0.0195,Normal,Isolation Forest,81.5,42.75,MEDIUM,No significant risk indicator detected,MEDIUM
,Kolkata,,Yamini Chand,W11195,,Public Toilet Complex,Public Works Department,3.23,,,,,,,,,Completed,16.88902375090025,synthetic,Synthetic Test Data,,,False,,,False,,,,False,False,W11195,16.89,LOW,No rule-based risk condition triggered,False,-0.0333,Normal,Isolation Forest,39.88,26.09,LOW,No significant risk indicator detected,LOW
,Chennai,,Eesha Memon,W11400,,Street Lighting,District Rural Development Agency,3.15,,,,,,,,,Ongoing,16.88105646250307,synthetic,Synthetic Test Data,,,False,,,False,,,,False,False,W11400,16.88,LOW,No rule-based risk condition triggered,False,-0.0318,Normal,Isolation Forest,46.62,28.78,LOW,No significant risk indicator detected,LOW
,Belagavi,,Hemang Bava,W10259,,Community Health Center,Public Works Department,28.36,,,,,,,,,Completed,16.877311644851968,synthetic,Synthetic Test Data,,,False,,,False,,,,False,False,W10259,16.88,LOW,No rule-based risk condition triggered,False,-0.0209,Normal,Isolation Forest,79.37,41.88,MEDIUM,No significant risk indicator detected,MEDIUM
,Bengaluru Urban,,Hemang Bava,W10665,,Street Lighting,Public Works Department,4.28,,,,,,,,,Completed,16.867930421067374,synthetic,Synthetic Test Data,,,False,,,False,,,,False,False,W10665,16.87,LOW,No rule-based risk condition triggered,False,-0.0263,Normal,Isolation Forest,67.18,36.99,LOW,No significant risk indicator detected,LOW
,Asansol,,Tanish Iyer,W10720,,Drinking Water Supply,Zilla Panchayat,15.03,,,,,,,,,Completed,16.858130420676428,synthetic,Synthetic Test Data,,,False,,,False,,,,False,False,W10720,16.86,LOW,No rule-based risk condition triggered,False,-0.0413,Normal,Isolation Forest,12.42,15.08,LOW,No significant risk indicator detected,LOW
,Nagpur,,Varsha Morar,W12583,,Road Construction,District Rural Development Agency,33.15,,,,,,,,,Completed,16.85748914913382,synthetic,Synthetic Test Data,,,False,,,False,,,,False,False,W12583,16.86,LOW,No rule-based risk condition triggered,True,0.004,Anomaly,Isolation Forest,95.95,48.5,MEDIUM,ML: Isolation Forest identified unusual project characteristics,MEDIUM
,Coimbatore,,Eesha Memon,W12117,,Road Construction,State Housing Board,28.77,,,,,,,,,Completed,16.85604746876347,synthetic,Synthetic Test Data,,,False,,,False,,,,False,False,W12117,16.86,LOW,No rule-based risk condition triggered,False,-0.0092,Normal,Isolation Forest,91.38,46.67,MEDIUM,No significant risk indicator detected,MEDIUM
,Howrah,,Leena Butala,W10302,,Drinking Water Supply,Municipal Corporation,19.66,,,,,,,,,Ongoing,16.84242223900447,synthetic,Synthetic Test Data,,,False,,,False,,,,False,False,W10302,16.84,LOW,No rule-based risk condition triggered,False,-0.0109,Normal,Isolation Forest,90.28,46.22,MEDIUM,No significant risk indicator detected,MEDIUM
,Salem,,Tanish Iyer,W12629,,Street Lighting,State Housing Board,4.45,,,,,,,,,Ongoing,16.83436513477775,synthetic,Synthetic Test Data,,,False,,,False,,,,False,False,W12629,16.83,LOW,No rule-based risk condition triggered,False,-0.0397,Normal,Isolation Forest,17.3,17.02,LOW,No significant risk indicator detected,LOW
,Thane,,Ishwar Boase,W10954,,School Building Repair,Municipal Corporation,3.79,,,,,,,,,Completed,16.830391243521476,synthetic,Synthetic Test Data,,,False,,,False,,,,False,False,W10954,16.83,LOW,No rule-based risk condition triggered,False,-0.0226,Normal,Isolation Forest,75.92,40.47,MEDIUM,No significant risk indicator detected,MEDIUM
,Agra,,Hemang Bava,W11323,,Drainage System,District Rural Development Agency,13.02,,,,,,,,,Ongoing,16.824842860111367,synthetic,Synthetic Test Data,,,False,,,False,,,,False,False,W11323,16.82,LOW,No rule-based risk condition triggered,False,-0.0409,Normal,Isolation Forest,13.55,15.51,LOW,No significant risk indicator detected,LOW
,Nagpur,,Rayaan Mand,W12792,,Street Lighting,District Rural Development Agency,1.78,,,,,,,,,Completed,16.80986535174291,synthetic,Synthetic Test Data,,,False,,,False,,,,False,False,W12792,16.81,LOW,No rule-based risk condition triggered,False,-0.0255,Normal,Isolation Forest,69.38,37.84,LOW,No significant risk indicator detected,LOW
,Asansol,,Meera Banerjee,W10521,,Drainage System,District Rural Development Agency,16.61,,,,,,,,,Ongoing,16.78360813363675,synthetic,Synthetic Test Data,,,False,,,False,,,,False,False,W10521,16.78,LOW,No rule-based risk condition triggered,False,-0.0348,Normal,Isolation Forest,33.15,23.33,LOW,No significant risk indicator detected,LOW
,Salem,,Lucky Prashad,W12885,,Drinking Water Supply,Zilla Panchayat,16.35,,,,,,,,,Ongoing,16.782798343143845,synthetic,Synthetic Test Data,,,False,,,False,,,,False,False,W12885,16.78,LOW,No rule-based risk condition triggered,False,-0.0357,Normal,Isolation Forest,29.8,21.99,LOW,No significant risk indicator detected,LOW
,Madurai,,Deepa Gala,W10631,,Community Health Center,Municipal Corporation,17.33,,,,,,,,,Ongoing,16.78195427768639,synthetic,Synthetic Test Data,,,False,,,False,,,,False,False,W10631,16.78,LOW,No rule-based risk condition triggered,False,-0.018,Normal,Isolation Forest,83.83,43.6,MEDIUM,No significant risk indicator detected,MEDIUM
,Kolkata,,Vrinda Biswas,W11830,,Community Health Center,District Rural Development Agency,34.89,,,,,,,,,Ongoing,16.78040995628409,synthetic,Synthetic Test Data,,,False,,,False,,,,False,False,W11830,16.78,LOW,No rule-based risk condition triggered,False,-0.0112,Normal,Isolation Forest,90.12,46.12,MEDIUM,No significant risk indicator detected,MEDIUM
,Bengaluru Urban,,Leena Butala,W12789,,Road Construction,Zilla Panchayat,38.89,,,,,,,,,Completed,16.771262409959462,synthetic,Synthetic Test Data,,,False,,,False,,,,False,False,W12789,16.77,LOW,No rule-based risk condition triggered,False,-0.0056,Normal,Isolation Forest,93.13,47.31,MEDIUM,No significant risk indicator detected,MEDIUM
,Kolkata,,Yadavi Deshmukh,W10706,,Drinking Water Supply,State Housing Board,9.86,,,,,,,,,Ongoing,16.764705379563928,synthetic,Synthetic Test Data,,,False,,,False,,,,False,False,W10706,16.76,LOW,No rule-based risk condition triggered,False,-0.0318,Normal,Isolation Forest,46.62,28.7,LOW,No significant risk indicator detected,LOW
,Dharwad,,Triya Khatri,W10405,,Street Lighting,Public Works Department,3.94,,,,,,,,,Completed,16.756623243529457,synthetic,Synthetic Test Data,,,False,,,False,,,,False,False,W10405,16.76,LOW,No rule-based risk condition triggered,False,-0.0235,Normal,Isolation Forest,74.58,39.89,LOW,No significant risk indicator detected,LOW
,Mysuru,,Gaurav Chandra,W11849,,Road Construction,Public Works Department,18.29,,,,,,,,,Ongoing,16.75612678138829,synthetic,Synthetic Test Data,,,False,,,False,,,,False,False,W11849,16.76,LOW,No rule-based risk condition triggered,False,-0.0409,Normal,Isolation Forest,13.55,15.48,LOW,No significant risk indicator detected,LOW
,Asansol,,Tanish Iyer,W10957,,Community Health Center,Public Works Department,30.44,,,,,,,,,Completed,16.74540349345568,synthetic,Synthetic Test Data,,,False,,,False,,,,False,False,W10957,16.75,LOW,No rule-based risk condition triggered,False,-0.0198,Normal,Isolation Forest,81.17,42.52,MEDIUM,No significant risk indicator detected,MEDIUM
,Dharwad,,Krishna Pant,W12329,,Drinking Water Supply,District Rural Development Agency,18.21,,,,,,,,,Completed,16.735110216947987,synthetic,Synthetic Test Data,,,False,,,False,,,,False,False,W12329,16.74,LOW,No rule-based risk condition triggered,False,-0.0255,Normal,Isolation Forest,69.38,37.8,LOW,No significant risk indicator detected,LOW
,Agra,,Vrinda Biswas,W10729,,School Building Repair,District Rural Development Agency,3.32,,,,,,,,,Ongoing,16.727186028250294,synthetic,Synthetic Test Data,,,False,,,False,,,,False,False,W10729,16.73,LOW,No rule-based risk condition triggered,False,-0.0212,Normal,Isolation Forest,78.55,41.46,MEDIUM,No significant risk indicator detected,MEDIUM
,Darjeeling,,Owen Bala,W11063,,Drinking Water Supply,District Rural Development Agency,19.76,,,,,,,,,Ongoing,16.701887790156515,synthetic,Synthetic Test Data,,,False,,,False,,,,False,False,W11063,16.7,LOW,No rule-based risk condition triggered,False,-0.0157,Normal,Isolation Forest,86.27,44.53,MEDIUM,No significant risk indicator detected,MEDIUM
,Thane,,Gaurav Chandra,W12138,,Drainage System,Public Works Department,13.24,,,,,,,,,Ongoing,16.701848527300285,synthetic,Synthetic Test Data,,,False,,,False,,,,False,False,W12138,16.7,LOW,No rule-based risk condition triggered,False,-0.0413,Normal,Isolation Forest,12.42,14.99,LOW,No significant risk indicator detected,LOW
,Dharwad,,Triya Khatri,W12447,,Road Construction,District Rural Development Agency,19.8,,,,,,,,,Ongoing,16.68956527686594,synthetic,Synthetic Test Data,,,False,,,False,,,,False,False,W12447,16.69,LOW,No rule-based risk condition triggered,False,-0.0083,Normal,Isolation Forest,91.95,46.79,MEDIUM,No significant risk indicator detected,MEDIUM
,Kanpur,,Vrinda Biswas,W11655,,Street Lighting,Public Works Department,4.08,,,,,,,,,Ongoing,16.68950390440837,synthetic,Synthetic Test Data,,,False,,,False,,,,False,False,W11655,16.69,LOW,No rule-based risk condition triggered,False,-0.039,Normal,Isolation Forest,19.5,17.81,LOW,No significant risk indicator detected,LOW
,Coimbatore,,Gabriel Thaman,W11952,,Street Lighting,State Housing Board,4.84,,,,,,,,,Ongoing,16.68299613391673,synthetic,Synthetic Test Data,,,False,,,False,,,,False,False,W11952,16.68,LOW,No rule-based risk condition triggered,False,-0.0372,Normal,Isolation Forest,24.37,19.76,LOW,No significant risk indicator detected,LOW
,Varanasi,,Yutika Rana,W10962,,School Building Repair,District Rural Development Agency,8.31,,,,,,,,,Completed,16.668579604672363,synthetic,Synthetic Test Data,,,False,,,False,,,,False,False,W10962,16.67,LOW,No rule-based risk condition triggered,False,-0.0302,Normal,Isolation Forest,53.15,31.26,LOW,No significant risk indicator detected,LOW
,Pune,,Mugdha Varty,W11070,,Drainage System,District Rural Development Agency,17.5,,,,,,,,,Completed,16.66006606937296,synthetic,Synthetic Test Data,,,False,,,False,,,,False,False,W11070,16.66,LOW,No rule-based risk condition triggered,False,-0.0202,Normal,Isolation Forest,80.68,42.27,MEDIUM,No significant risk indicator detected,MEDIUM
,Madurai,,Mugdha Varty,W10393,,School Building Repair,Public Works Department,4.8,,,,,,,,,Completed,16.63867317352543,synthetic,Synthetic Test Data,,,False,,,False,,,,False,False,W10393,16.64,LOW,No rule-based risk condition triggered,False,-0.0361,Normal,Isolation Forest,28.13,21.24,LOW,No significant risk indicator detected,LOW
,Darjeeling,,Advaith Gole,W11857,,Community Health Center,Public Works Department,11.17,,,,,,,,,Completed,16.638425325737682,synthetic,Synthetic Test Data,,,False,,,False,,,,False,False,W11857,16.64,LOW,No rule-based risk condition triggered,False,-0.0264,Normal,Isolation Forest,66.95,36.76,LOW,No significant risk indicator detected,LOW
,Agra,,Sanya Swamy,W12401,,Drinking Water Supply,District Rural Development Agency,17.86,,,,,,,,,Completed,16.62850063586917,synthetic,Synthetic Test Data,,,False,,,False,,,,False,False,W12401,16.63,LOW,No rule-based risk condition triggered,False,-0.0262,Normal,Isolation Forest,67.45,36.96,LOW,No significant risk indicator detected,LOW
,Bengaluru Urban,,Onveer Kata,W11604,,Drainage System,Municipal Corporation,16.15,,,,,,,,,Ongoing,16.620280454999808,synthetic,Synthetic Test Data,,,False,,,False,,,,False,False,W11604,16.62,LOW,No rule-based risk condition triggered,False,-0.0245,Normal,Isolation Forest,72.52,38.98,LOW,No significant risk indicator detected,LOW
,Nashik,,Advaith Gole,W12288,,Drinking Water Supply,State Housing Board,17.56,,,,,,,,,Ongoing,16.617675670621907,synthetic,Synthetic Test Data,,,False,,,False,,,,False,False,W12288,16.62,LOW,No rule-based risk condition triggered,False,-0.0191,Normal,Isolation Forest,82.2,42.85,MEDIUM,No significant risk indicator detected,MEDIUM
,Belagavi,,Gaurav Chandra,W11841,,Road Construction,State Housing Board,15.26,,,,,,,,,Ongoing,16.611035318483186,synthetic,Synthetic Test Data,,,False,,,False,,,,False,False,W11841,16.61,LOW,No rule-based risk condition triggered,False,-0.0319,Normal,Isolation Forest,46.1,28.41,LOW,No significant risk indicator detected,LOW
,Chennai,,Yutika Rana,W12573,,Street Lighting,Zilla Panchayat,1.99,,,,,,,,,Completed,16.608564807322846,synthetic,Synthetic Test Data,,,False,,,False,,,,False,False,W12573,16.61,LOW,No rule-based risk condition triggered,False,-0.0349,Normal,Isolation Forest,32.65,23.03,LOW,No significant risk indicator detected,LOW
,Nashik,,Onveer Kata,W12930,,Public Toilet Complex,Municipal Corporation,3.82,,,,,,,,,Ongoing,16.601495869783697,synthetic,Synthetic Test Data,,,False,,,False,,,,False,False,W12930,16.6,LOW,No rule-based risk condition triggered,False,-0.0165,Normal,Isolation Forest,85.63,44.21,MEDIUM,No significant risk indicator detected,MEDIUM
,Agra,,Christopher Kadakia,W11751,,Drinking Water Supply,Municipal Corporation,11.0,,,,,,,,,Completed,16.587395872893374,synthetic,Synthetic Test Data,,,False,,,False,,,,False,False,W11751,16.59,LOW,No rule-based risk condition triggered,False,-0.0326,Normal,Isolation Forest,42.97,27.14,LOW,No significant risk indicator detected,LOW
,Bengaluru Urban,,Owen Bala,W10924,,Road Construction,State Housing Board,17.61,,,,,,,,,Ongoing,16.58592741117359,synthetic,Synthetic Test Data,,,False,,,False,,,,False,False,W10924,16.59,LOW,No rule-based risk condition triggered,False,-0.031,Normal,Isolation Forest,50.17,30.02,LOW,No significant risk indicator detected,LOW
,Asansol,,Yadavi Deshmukh,W12315,,Street Lighting,Municipal Corporation,2.23,,,,,,,,,Completed,16.583029340248473,synthetic,Synthetic Test Data,,,False,,,False,,,,False,False,W12315,16.58,LOW,No rule-based risk condition triggered,False,-0.013,Normal,Isolation Forest,88.83,45.48,MEDIUM,No significant risk indicator detected,MEDIUM
,Salem,,Gabriel Thaman,W10362,,Road Construction,Public Works Department,14.28,,,,,,,,,Ongoing,16.58208520358673,synthetic,Synthetic Test Data,,,False,,,False,,,,False,False,W10362,16.58,LOW,No rule-based risk condition triggered,False,-0.0407,Normal,Isolation Forest,14.47,15.74,LOW,No significant risk indicator detected,LOW
,Bengaluru Urban,,Ria Ratta,W11669,,Drainage System,Public Works Department,4.52,,,,,,,,,Completed,16.581435721230072,synthetic,Synthetic Test Data,,,False,,,False,,,,False,False,W11669,16.58,LOW,No rule-based risk condition triggered,False,-0.0237,Normal,Isolation Forest,74.17,39.62,LOW,No significant risk indicator detected,LOW
,Mysuru,,Harrison Kapur,W10691,,School Building Repair,Zilla Panchayat,12.43,,,,,,,,,Completed,16.57977361875095,synthetic,Synthetic Test Data,,,False,,,False,,,,False,False,W10691,16.58,LOW,No rule-based risk condition triggered,False,-0.0472,Normal,Isolation Forest,4.67,11.82,LOW,No significant risk indicator detected,LOW
,Kanpur,,Yug Choudhry,W11168,,Drinking Water Supply,Public Works Department,7.03,,,,,,,,,Completed,16.575990963779795,synthetic,Synthetic Test Data,,,False,,,False,,,,False,False,W11168,16.58,LOW,No rule-based risk condition triggered,False,-0.0322,Normal,Isolation Forest,44.8,27.87,LOW,No significant risk indicator detected,LOW
,Asansol,,Yadavi Deshmukh,W11986,,Drinking Water Supply,Zilla Panchayat,18.88,,,,,,,,,Completed,16.575308631701105,synthetic,Synthetic Test Data,,,False,,,False,,,,False,False,W11986,16.58,LOW,No rule-based risk condition triggered,False,-0.0275,Normal,Isolation Forest,63.62,35.4,LOW,No significant risk indicator detected,LOW
,Nagpur,,Harrison Kapur,W12390,,Drinking Water Supply,Public Works Department,16.11,,,,,,,,,Ongoing,16.570332163865302,synthetic,Synthetic Test Data,,,False,,,False,,,,False,False,W12390,16.57,LOW,No rule-based risk condition triggered,False,-0.0292,Normal,Isolation Forest,57.5,32.94,LOW,No significant risk indicator detected,LOW
,Kanpur,,Gaurav Chandra,W12729,,Public Toilet Complex,District Rural Development Agency,2.62,,,,,,,,,Completed,16.56522367263914,synthetic,Synthetic Test Data,,,False,,,False,,,,False,False,W12729,16.57,LOW,No rule-based risk condition triggered,False,-0.0175,Normal,Isolation Forest,84.55,43.76,MEDIUM,No significant risk indicator detected,MEDIUM
,Nagpur,,Eesha Memon,W10506,,Public Toilet Complex,Municipal Corporation,3.45,,,,,,,,,Ongoing,16.56185854776478,synthetic,Synthetic Test Data,,,False,,,False,,,,False,False,W10506,16.56,LOW,No rule-based risk condition triggered,False,-0.0164,Normal,Isolation Forest,85.73,44.23,MEDIUM,No significant risk indicator detected,MEDIUM
,Mysuru,,Gaurav Chandra,W10336,,Public Toilet Complex,District Rural Development Agency,3.68,,,,,,,,,Completed,16.551022318906675,synthetic,Synthetic Test Data,,,False,,,False,,,,False,False,W10336,16.55,LOW,No rule-based risk condition triggered,False,-0.0231,Normal,Isolation Forest,75.23,40.02,MEDIUM,No significant risk indicator detected,MEDIUM
,Dharwad,,Varsha Morar,W10974,,Community Health Center,District Rural Development Agency,38.24,,,,,,,,,Ongoing,16.54981472894165,synthetic,Synthetic Test Data,,,False,,,False,,,,False,False,W10974,16.55,LOW,No rule-based risk condition triggered,False,-0.0078,Normal,Isolation Forest,92.22,46.82,MEDIUM,No significant risk indicator detected,MEDIUM
,Agra,,Tanish Iyer,W11662,,Road Construction,State Housing Board,29.03,,,,,,,,,Completed,16.53188029449455,synthetic,Synthetic Test Data,,,False,,,False,,,,False,False,W11662,16.53,LOW,No rule-based risk condition triggered,False,-0.0091,Normal,Isolation Forest,91.47,46.51,MEDIUM,No significant risk indicator detected,MEDIUM
,Chennai,,Deepa Gala,W12576,,Road Construction,Zilla Panchayat,29.21,,,,,,,,,Completed,16.50379447549845,synthetic,Synthetic Test Data,,,False,,,False,,,,False,False,W12576,16.5,LOW,No rule-based risk condition triggered,False,-0.0289,Normal,Isolation Forest,58.82,33.43,LOW,No significant risk indicator detected,LOW
,Lucknow,,Varsha Morar,W11406,,Public Toilet Complex,State Housing Board,3.8,,,,,,,,,Ongoing,16.50145900539114,synthetic,Synthetic Test Data,,,False,,,False,,,,False,False,W11406,16.5,LOW,No rule-based risk condition triggered,False,-0.0214,Normal,Isolation Forest,78.1,41.14,MEDIUM,No significant risk indicator detected,MEDIUM
,Kolkata,,Victor Venkataraman,W11427,,Drainage System,Municipal Corporation,4.91,,,,,,,,,Ongoing,16.500981641356177,synthetic,Synthetic Test Data,,,False,,,False,,,,False,False,W11427,16.5,LOW,No rule-based risk condition triggered,False,-0.0276,Normal,Isolation Forest,63.3,35.22,LOW,No significant risk indicator detected,LOW
,Varanasi,,Onveer Kata,W10508,,Street Lighting,State Housing Board,2.58,,,,,,,,,Ongoing,16.491245881987528,synthetic,Synthetic Test Data,,,False,,,False,,,,False,False,W10508,16.49,LOW,No rule-based risk condition triggered,False,-0.0316,Normal,Isolation Forest,47.67,28.96,LOW,No significant risk indicator detected,LOW
,Agra,,Onveer Kata,W11337,,Drinking Water Supply,Public Works Department,4.64,,,,,,,,,Completed,16.47729765941894,synthetic,Synthetic Test Data,,,False,,,False,,,,False,False,W11337,16.48,LOW,No rule-based risk condition triggered,False,-0.0287,Normal,Isolation Forest,59.43,33.66,LOW,No significant risk indicator detected,LOW
,Agra,,Gabriel Thaman,W12492,,School Building Repair,Zilla Panchayat,12.98,,,,,,,,,Completed,16.470067595744595,synthetic,Synthetic Test Data,,,False,,,False,,,,False,False,W12492,16.47,LOW,No rule-based risk condition triggered,False,-0.0453,Normal,Isolation Forest,6.77,12.59,LOW,No significant risk indicator detected,LOW
,Howrah,,Yadavi Deshmukh,W11710,,Road Construction,Public Works Department,35.42,,,,,,,,,Completed,16.456811563612472,synthetic,Synthetic Test Data,,,False,,,False,,,,False,False,W11710,16.46,LOW,No rule-based risk condition triggered,False,-0.0091,Normal,Isolation Forest,91.47,46.46,MEDIUM,No significant risk indicator detected,MEDIUM
,Pune,,Ria Ratta,W10227,,Drinking Water Supply,Zilla Panchayat,10.14,,,,,,,,,Completed,16.454368102023498,synthetic,Synthetic Test Data,,,False,,,False,,,,False,False,W10227,16.45,LOW,No rule-based risk condition triggered,False,-0.0445,Normal,Isolation Forest,7.6,12.91,LOW,No significant risk indicator detected,LOW
,Mysuru,,Pallavi Krish,W12365,,Road Construction,Public Works Department,39.93,,,,,,,,,Ongoing,16.446241923681274,synthetic,Synthetic Test Data,,,False,,,False,,,,False,False,W12365,16.45,LOW,No rule-based risk condition triggered,False,-0.0007,Normal,Isolation Forest,94.73,47.76,MEDIUM,No significant risk indicator detected,MEDIUM
,Madurai,,Azaan Gupta,W12179,,Drainage System,Municipal Corporation,4.09,,,,,,,,,Ongoing,16.41683881407243,synthetic,Synthetic Test Data,,,False,,,False,,,,False,False,W12179,16.42,LOW,No rule-based risk condition triggered,False,-0.0248,Normal,Isolation Forest,71.5,38.45,LOW,No significant risk indicator detected,LOW
,Kanpur,,Azaan Gupta,W11378,,Drinking Water Supply,District Rural Development Agency,6.12,,,,,,,,,Completed,16.411958765787766,synthetic,Synthetic Test Data,,,False,,,False,,,,False,False,W11378,16.41,LOW,No rule-based risk condition triggered,False,-0.0291,Normal,Isolation Forest,57.93,33.02,LOW,No significant risk indicator detected,LOW
,Bengaluru Urban,,Owen Bansal,W10873,,School Building Repair,State Housing Board,5.88,,,,,,,,,Completed,16.40928644,synthetic,Synthetic Test Data,,,False,,,False,,,,False,False,W10873,16.41,LOW,No rule-based risk condition triggered,False,-0.0471,Normal,Isolation Forest,4.78,11.76,LOW,No significant risk indicator detected,LOW
,Lucknow,,Oliver Sarma,W12375,,Community Health Center,State Housing Board,22.87,,,,,,,,,Ongoing,16.406942294826973,synthetic,Synthetic Test Data,,,False,,,False,,,,False,False,W12375,16.41,LOW,No rule-based risk condition triggered,False,-0.0269,Normal,Isolation Forest,65.57,36.07,LOW,No significant risk indicator detected,LOW
,Howrah,,Ronith Zachariah,W10020,,Drinking Water Supply,Public Works Department,14.7,,,,,,,,,Completed,16.40633911530455,synthetic,Synthetic Test Data,,,False,,,False,,,,False,False,W10020,16.41,LOW,No rule-based risk condition triggered,False,-0.0331,Normal,Isolation Forest,40.7,26.13,LOW,No significant risk indicator detected,LOW
,Nagpur,,Vrinda Biswas,W11747,,Public Toilet Complex,District Rural Development Agency,2.28,,,,,,,,,Ongoing,16.40115583,synthetic,Synthetic Test Data,,,False,,,False,,,,False,False,W11747,16.4,LOW,No rule-based risk condition triggered,False,-0.0204,Normal,Isolation Forest,80.32,41.97,MEDIUM,No significant risk indicator detected,MEDIUM
,Kanpur,,Vanya Suresh,W10509,,Drainage System,District Rural Development Agency,11.65,,,,,,,,,Completed,16.400729605559697,synthetic,Synthetic Test Data,,,False,,,False,,,,False,False,W10509,16.4,LOW,No rule-based risk condition triggered,False,-0.0378,Normal,Isolation Forest,22.72,18.93,LOW,No significant risk indicator detected,LOW
,Thane,,Vanya Suresh,W12538,,Public Toilet Complex,Zilla Panchayat,3.79,,,,,,,,,Completed,16.396755488632504,synthetic,Synthetic Test Data,,,False,,,False,,,,False,False,W12538,16.4,LOW,No rule-based risk condition triggered,False,-0.0483,Normal,Isolation Forest,3.95,11.42,LOW,No significant risk indicator detected,LOW
,Darjeeling,,Gabriel Thaman,W11821,,Drinking Water Supply,District Rural Development Agency,15.99,,,,,,,,,Ongoing,16.39665900115883,synthetic,Synthetic Test Data,,,False,,,False,,,,False,False,W11821,16.4,LOW,No rule-based risk condition triggered,False,-0.0275,Normal,Isolation Forest,63.62,35.29,LOW,No significant risk indicator detected,LOW
,Asansol,,Harrison Kapur,W11585,,Public Toilet Complex,Public Works Department,6.74,,,,,,,,,Completed,16.38823055841192,synthetic,Synthetic Test Data,,,False,,,False,,,,False,False,W11585,16.39,LOW,No rule-based risk condition triggered,False,-0.041,Normal,Isolation Forest,13.22,15.12,LOW,No significant risk indicator detected,LOW
,Belagavi,,Ronith Zachariah,W10168,,Drainage System,District Rural Development Agency,5.19,,,,,,,,,Completed,16.38324636181061,synthetic,Synthetic Test Data,,,False,,,False,,,,False,False,W10168,16.38,LOW,No rule-based risk condition triggered,False,-0.0311,Normal,Isolation Forest,49.75,29.73,LOW,No significant risk indicator detected,LOW
,Varanasi,,Vrinda Biswas,W10944,,Public Toilet Complex,Public Works Department,4.4,,,,,,,,,Completed,16.374829971308948,synthetic,Synthetic Test Data,,,False,,,False,,,,False,False,W10944,16.37,LOW,No rule-based risk condition triggered,False,-0.0408,Normal,Isolation Forest,14.02,15.43,LOW,No significant risk indicator detected,LOW
,Thane,,Hemang Bava,W12042,,Drinking Water Supply,Public Works Department,10.16,,,,,,,,,Ongoing,16.371126660683522,synthetic,Synthetic Test Data,,,False,,,False,,,,False,False,W12042,16.37,LOW,No rule-based risk condition triggered,False,-0.0316,Normal,Isolation Forest,47.67,28.89,LOW,No significant risk indicator detected,LOW
,Lucknow,,Oliver Sarma,W12071,,Road Construction,Municipal Corporation,16.18,,,,,,,,,Ongoing,16.371032969638506,synthetic,Synthetic Test Data,,,False,,,False,,,,False,False,W12071,16.37,LOW,No rule-based risk condition triggered,False,-0.0113,Normal,Isolation Forest,90.0,45.82,MEDIUM,No significant risk indicator detected,MEDIUM
,Dharwad,,Yamini Chand,W11328,,Public Toilet Complex,Municipal Corporation,3.72,,,,,,,,,Ongoing,16.367500602506937,synthetic,Synthetic Test Data,,,False,,,False,,,,False,False,W11328,16.37,LOW,No rule-based risk condition triggered,False,-0.0165,Normal,Isolation Forest,85.63,44.07,MEDIUM,No significant risk indicator detected,MEDIUM
,Dharwad,,Rayaan Mand,W12394,,Road Construction,Municipal Corporation,33.22,,,,,,,,,Completed,16.35852699157503,synthetic,Synthetic Test Data,,,False,,,False,,,,False,False,W12394,16.36,LOW,No rule-based risk condition triggered,False,-0.0058,Normal,Isolation Forest,93.03,47.03,MEDIUM,No significant risk indicator detected,MEDIUM
,Agra,,Ronith Zachariah,W11441,,Drainage System,Zilla Panchayat,16.47,,,,,,,,,Completed,16.34988032888512,synthetic,Synthetic Test Data,,,False,,,False,,,,False,False,W11441,16.35,LOW,No rule-based risk condition triggered,False,-0.036,Normal,Isolation Forest,28.68,21.28,LOW,No significant risk indicator detected,LOW
,Kolkata,,Sanya Swamy,W12482,,Street Lighting,District Rural Development Agency,1.9,,,,,,,,,Completed,16.337504878993823,synthetic,Synthetic Test Data,,,False,,,False,,,,False,False,W12482,16.34,LOW,No rule-based risk condition triggered,False,-0.0267,Normal,Isolation Forest,66.17,36.27,LOW,No significant risk indicator detected,LOW
,Bengaluru Urban,,Ria Ratta,W10856,,Road Construction,Public Works Department,19.87,,,,,,,,,Completed,16.325861836755998,synthetic,Synthetic Test Data,,,False,,,False,,,,False,False,W10856,16.33,LOW,No rule-based risk condition triggered,False,-0.0364,Normal,Isolation Forest,26.65,20.46,LOW,No significant risk indicator detected,LOW
,Bengaluru Urban,,Varsha Morar,W12132,,Drinking Water Supply,Zilla Panchayat,15.68,,,,,,,,,Ongoing,16.312676938100513,synthetic,Synthetic Test Data,,,False,,,False,,,,False,False,W12132,16.31,LOW,No rule-based risk condition triggered,False,-0.0375,Normal,Isolation Forest,23.62,19.23,LOW,No significant risk indicator detected,LOW
,Kolkata,,Varsha Morar,W10470,,Public Toilet Complex,State Housing Board,3.43,,,,,,,,,Ongoing,16.30658238,synthetic,Synthetic Test Data,,,False,,,False,,,,False,False,W10470,16.31,LOW,No rule-based risk condition triggered,False,-0.0195,Normal,Isolation Forest,81.5,42.39,MEDIUM,No significant risk indicator detected,MEDIUM
,Lucknow,,Lucky Prashad,W12446,,Road Construction,Zilla Panchayat,31.66,,,,,,,,,Completed,16.30332082199584,synthetic,Synthetic Test Data,,,False,,,False,,,,False,False,W12446,16.3,LOW,No rule-based risk condition triggered,False,-0.0237,Normal,Isolation Forest,74.17,39.45,LOW,No significant risk indicator detected,LOW
,Chennai,,Owen Bala,W11725,,Drinking Water Supply,Municipal Corporation,16.62,,,,,,,,,Ongoing,16.293854215190205,synthetic,Synthetic Test Data,,,False,,,False,,,,False,False,W11725,16.29,LOW,No rule-based risk condition triggered,False,-0.0201,Normal,Isolation Forest,80.9,42.13,MEDIUM,No significant risk indicator detected,MEDIUM
,Lucknow,,Krishna Pant,W11817,,Road Construction,District Rural Development Agency,38.03,,,,,,,,,Ongoing,16.290812047876685,synthetic,Synthetic Test Data,,,False,,,False,,,,False,False,W11817,16.29,LOW,No rule-based risk condition triggered,True,0.0203,Anomaly,Isolation Forest,99.23,49.47,MEDIUM,ML: Isolation Forest identified unusual project characteristics,MEDIUM
,Lucknow,,Rayaan Mand,W10252,,Street Lighting,Public Works Department,5.32,,,,,,,,,Completed,16.28797610749788,synthetic,Synthetic Test Data,,,False,,,False,,,,False,False,W10252,16.29,LOW,No rule-based risk condition triggered,False,-0.0225,Normal,Isolation Forest,76.12,40.22,MEDIUM,No significant risk indicator detected,MEDIUM
,Lucknow,,Advaith Gole,W11161,,School Building Repair,Public Works Department,3.16,,,,,,,,,Completed,16.278989455766773,synthetic,Synthetic Test Data,,,False,,,False,,,,False,False,W11161,16.28,LOW,No rule-based risk condition triggered,False,-0.0257,Normal,Isolation Forest,68.93,37.34,LOW,No significant risk indicator detected,LOW
,Mysuru,,Krishna Pant,W11539,,Community Health Center,District Rural Development Agency,13.88,,,,,,,,,Completed,16.262814184092527,synthetic,Synthetic Test Data,,,False,,,False,,,,False,False,W11539,16.26,LOW,No rule-based risk condition triggered,False,-0.036,Normal,Isolation Forest,28.68,21.23,LOW,No significant risk indicator detected,LOW
,Nashik,,Yutika Rana,W10950,,School Building Repair,District Rural Development Agency,5.4,,,,,,,,,Completed,16.259434833748333,synthetic,Synthetic Test Data,,,False,,,False,,,,False,False,W10950,16.26,LOW,No rule-based risk condition triggered,False,-0.0271,Normal,Isolation Forest,65.03,35.77,LOW,No significant risk indicator detected,LOW
,Pune,,Azaan Gupta,W12305,,School Building Repair,Municipal Corporation,9.34,,,,,,,,,Completed,16.25469007862199,synthetic,Synthetic Test Data,,,False,,,False,,,,False,False,W12305,16.25,LOW,No rule-based risk condition triggered,False,-0.0343,Normal,Isolation Forest,35.27,23.86,LOW,No significant risk indicator detected,LOW
,Varanasi,,Odika Naik,W10772,,Street Lighting,State Housing Board,3.58,,,,,,,,,Completed,16.243789734070134,synthetic,Synthetic Test Data,,,False,,,False,,,,False,False,W10772,16.24,LOW,No rule-based risk condition triggered,False,-0.0345,Normal,Isolation Forest,34.48,23.54,LOW,No significant risk indicator detected,LOW
,Mysuru,,Ishwar Boase,W10842,,Public Toilet Complex,Public Works Department,4.18,,,,,,,,,Ongoing,16.237958746966243,synthetic,Synthetic Test Data,,,False,,,False,,,,False,False,W10842,16.24,LOW,No rule-based risk condition triggered,False,-0.033,Normal,Isolation Forest,41.18,26.22,LOW,No significant risk indicator detected,LOW
,Kanpur,,Yug Choudhry,W11357,,School Building Repair,District Rural Development Agency,4.01,,,,,,,,,Ongoing,16.20704087979044,synthetic,Synthetic Test Data,,,False,,,False,,,,False,False,W11357,16.21,LOW,No rule-based risk condition triggered,False,-0.0278,Normal,Isolation Forest,62.37,34.67,LOW,No significant risk indicator detected,LOW
,Kolkata,,Owen Bansal,W11251,,Public Toilet Complex,Zilla Panchayat,6.36,,,,,,,,,Ongoing,16.20206695841022,synthetic,Synthetic Test Data,,,False,,,False,,,,False,False,W11251,16.2,LOW,No rule-based risk condition triggered,False,-0.0394,Normal,Isolation Forest,18.43,17.09,LOW,No significant risk indicator detected,LOW
,Kolkata,,Onveer Kata,W11152,,Drinking Water Supply,District Rural Development Agency,14.32,,,,,,,,,Completed,16.201217043805368,synthetic,Synthetic Test Data,,,False,,,False,,,,False,False,W11152,16.2,LOW,No rule-based risk condition triggered,False,-0.0333,Normal,Isolation Forest,39.88,25.67,LOW,No significant risk indicator detected,LOW
,Thane,,Rayaan Mand,W12097,,Street Lighting,State Housing Board,4.83,,,,,,,,,Completed,16.201166225902593,synthetic,Synthetic Test Data,,,False,,,False,,,,False,False,W12097,16.2,LOW,No rule-based risk condition triggered,False,-0.0362,Normal,Isolation Forest,27.6,20.76,LOW,No significant risk indicator detected,LOW
,Nagpur,,Yadavi Deshmukh,W11256,,Drainage System,State Housing Board,16.64,,,,,,,,,Ongoing,16.190655476801453,synthetic,Synthetic Test Data,,,False,,,False,,,,False,False,W11256,16.19,LOW,No rule-based risk condition triggered,False,-0.0271,Normal,Isolation Forest,65.03,35.73,LOW,No significant risk indicator detected,LOW
,Pune,,Vanya Suresh,W10066,,Public Toilet Complex,State Housing Board,6.63,,,,,,,,,Completed,16.184132478062498,synthetic,Synthetic Test Data,,,False,,,False,,,,False,False,W10066,16.18,LOW,No rule-based risk condition triggered,False,-0.0387,Normal,Isolation Forest,20.17,17.78,LOW,No significant risk indicator detected,LOW
,Nagpur,,Pallavi Krish,W11847,,Community Health Center,Public Works Department,19.28,,,,,,,,,Ongoing,16.18233926,synthetic,Synthetic Test Data,,,False,,,False,,,,False,False,W11847,16.18,LOW,No rule-based risk condition triggered,False,-0.0308,Normal,Isolation Forest,50.73,30.0,LOW,No significant risk indicator detected,LOW
,Kolkata,,Azaan Gupta,W11132,,Street Lighting,Public Works Department,2.91,,,,,,,,,Ongoing,16.18080452785528,synthetic,Synthetic Test Data,,,False,,,False,,,,False,False,W11132,16.18,LOW,No rule-based risk condition triggered,False,-0.0344,Normal,Isolation Forest,34.82,23.64,LOW,No significant risk indicator detected,LOW
,Salem,,Krishna Pant,W10266,,Community Health Center,State Housing Board,19.13,,,,,,,,,Ongoing,16.17228010559683,synthetic,Synthetic Test Data,,,False,,,False,,,,False,False,W10266,16.17,LOW,No rule-based risk condition triggered,False,-0.0296,Normal,Isolation Forest,55.85,32.04,LOW,No significant risk indicator detected,LOW
,Chennai,,Gaurav Chandra,W10705,,Street Lighting,Municipal Corporation,5.73,,,,,,,,,Completed,16.16794735726081,synthetic,Synthetic Test Data,,,False,,,False,,,,False,False,W10705,16.17,LOW,No rule-based risk condition triggered,False,-0.0151,Normal,Isolation Forest,86.73,44.39,MEDIUM,No significant risk indicator detected,MEDIUM
,Mysuru,,Ronith Zachariah,W12876,,Drainage System,Public Works Department,10.73,,,,,,,,,Completed,16.167504424982226,synthetic,Synthetic Test Data,,,False,,,False,,,,False,False,W12876,16.17,LOW,No rule-based risk condition triggered,False,-0.0343,Normal,Isolation Forest,35.27,23.81,LOW,No significant risk indicator detected,LOW
,Belagavi,,Yutika Rana,W11495,,Community Health Center,State Housing Board,22.25,,,,,,,,,Completed,16.165784438327453,synthetic,Synthetic Test Data,,,False,,,False,,,,False,False,W11495,16.17,LOW,No rule-based risk condition triggered,False,-0.0253,Normal,Isolation Forest,69.92,37.67,LOW,No significant risk indicator detected,LOW
,Darjeeling,,Krishna Pant,W12436,,Road Construction,Zilla Panchayat,20.7,,,,,,,,,Completed,16.158036780363854,synthetic,Synthetic Test Data,,,False,,,False,,,,False,False,W12436,16.16,LOW,No rule-based risk condition triggered,False,-0.0408,Normal,Isolation Forest,14.02,15.3,LOW,No significant risk indicator detected,LOW
,Salem,,Vanya Suresh,W12649,,Public Toilet Complex,Municipal Corporation,4.66,,,,,,,,,Completed,16.154945974628646,synthetic,Synthetic Test Data,,,False,,,False,,,,False,False,W12649,16.15,LOW,No rule-based risk condition triggered,False,-0.0401,Normal,Isolation Forest,15.92,16.06,LOW,No significant risk indicator detected,LOW
,Thane,,Bachittar Choudhry,W12551,,Drainage System,State Housing Board,13.53,,,,,,,,,Completed,16.153623323609903,synthetic,Synthetic Test Data,,,False,,,False,,,,False,False,W12551,16.15,LOW,No rule-based risk condition triggered,False,-0.0387,Normal,Isolation Forest,20.17,17.76,LOW,No significant risk indicator detected,LOW
,Agra,,Oliver Sarma,W11212,,Public Toilet Complex,Public Works Department,3.72,,,,,,,,,Ongoing,16.153215282746753,synthetic,Synthetic Test Data,,,False,,,False,,,,False,False,W11212,16.15,LOW,No rule-based risk condition triggered,False,-0.0293,Normal,Isolation Forest,57.02,32.5,LOW,No significant risk indicator detected,LOW
,Lucknow,,Yadavi Deshmukh,W12380,,Road Construction,Public Works Department,15.31,,,,,,,,,Ongoing,16.151853114987524,synthetic,Synthetic Test Data,,,False,,,False,,,,False,False,W12380,16.15,LOW,No rule-based risk condition triggered,False,-0.0411,Normal,Isolation Forest,13.02,14.9,LOW,No significant risk indicator detected,LOW
,Mysuru,,Vrinda Biswas,W12229,,Drainage System,Public Works Department,5.28,,,,,,,,,Ongoing,16.133048761788245,synthetic,Synthetic Test Data,,,False,,,False,,,,False,False,W12229,16.13,LOW,No rule-based risk condition triggered,False,-0.0367,Normal,Isolation Forest,25.68,19.95,LOW,No significant risk indicator detected,LOW
,Agra,,Gabriel Thaman,W10288,,Road Construction,Public Works Department,30.81,,,,,,,,,Completed,16.128933182984472,synthetic,Synthetic Test Data,,,False,,,False,,,,False,False,W10288,16.13,LOW,No rule-based risk condition triggered,False,-0.0187,Normal,Isolation Forest,82.72,42.77,MEDIUM,No significant risk indicator detected,MEDIUM
,Nagpur,,Gaurav Chandra,W10737,,Drainage System,State Housing Board,5.83,,,,,,,,,Completed,16.12310392820263,synthetic,Synthetic Test Data,,,False,,,False,,,,False,False,W10737,16.12,LOW,No rule-based risk condition triggered,False,-0.0383,Normal,Isolation Forest,21.42,18.24,LOW,No significant risk indicator detected,LOW
,Bengaluru Urban,,Ishwar Boase,W10454,,School Building Repair,State Housing Board,12.53,,,,,,,,,Ongoing,16.120610145246307,synthetic,Synthetic Test Data,,,False,,,False,,,,False,False,W10454,16.12,LOW,No rule-based risk condition triggered,False,-0.0283,Normal,Isolation Forest,60.58,33.9,LOW,No significant risk indicator detected,LOW
,Varanasi,,Triya Khatri,W10076,,Public Toilet Complex,State Housing Board,5.54,,,,,,,,,Completed,16.118116222900472,synthetic,Synthetic Test Data,,,False,,,False,,,,False,False,W10076,16.12,LOW,No rule-based risk condition triggered,False,-0.038,Normal,Isolation Forest,22.35,18.61,LOW,No significant risk indicator detected,LOW
,Darjeeling,,Gabriel Thaman,W12970,,Street Lighting,Zilla Panchayat,3.0,,,,,,,,,Completed,16.089887100886706,synthetic,Synthetic Test Data,,,False,,,False,,,,False,False,W12970,16.09,LOW,No rule-based risk condition triggered,False,-0.0389,Normal,Isolation Forest,19.63,17.51,LOW,No significant risk indicator detected,LOW
,Mysuru,,Sanya Swamy,W10345,,Public Toilet Complex,Public Works Department,4.66,,,,,,,,,Ongoing,16.08558283529294,synthetic,Synthetic Test Data,,,False,,,False,,,,False,False,W10345,16.09,LOW,No rule-based risk condition triggered,False,-0.035,Normal,Isolation Forest,32.23,22.55,LOW,No significant risk indicator detected,LOW
,Dharwad,,Odika Naik,W11377,,Street Lighting,Public Works Department,3.56,,,,,,,,,Ongoing,16.084517323186304,synthetic,Synthetic Test Data,,,False,,,False,,,,False,False,W11377,16.08,LOW,No rule-based risk condition triggered,False,-0.0364,Normal,Isolation Forest,26.65,20.31,LOW,No significant risk indicator detected,LOW
,Nashik,,Vrinda Biswas,W10913,,Drainage System,Public Works Department,8.59,,,,,,,,,Completed,16.06435393123839,synthetic,Synthetic Test Data,,,False,,,False,,,,False,False,W10913,16.06,LOW,No rule-based risk condition triggered,False,-0.03,Normal,Isolation Forest,53.93,31.21,LOW,No significant risk indicator detected,LOW
,Asansol,,Onveer Kata,W10238,,Street Lighting,Public Works Department,2.9,,,,,,,,,Ongoing,16.062820074360257,synthetic,Synthetic Test Data,,,False,,,False,,,,False,False,W10238,16.06,LOW,No rule-based risk condition triggered,False,-0.0342,Normal,Isolation Forest,35.78,23.95,LOW,No significant risk indicator detected,LOW
,Mysuru,,Tanish Iyer,W12658,,Drainage System,Zilla Panchayat,7.77,,,,,,,,,Completed,16.062454480205446,synthetic,Synthetic Test Data,,,False,,,False,,,,False,False,W12658,16.06,LOW,No rule-based risk condition triggered,False,-0.0526,Normal,Isolation Forest,1.43,10.21,LOW,No significant risk indicator detected,LOW
,Bengaluru Urban,,Mugdha Varty,W10901,,Road Construction,District Rural Development Agency,25.83,,,,,,,,,Ongoing,16.06138186908767,synthetic,Synthetic Test Data,,,False,,,False,,,,False,False,W10901,16.06,LOW,No rule-based risk condition triggered,False,-0.0026,Normal,Isolation Forest,93.9,47.2,MEDIUM,No significant risk indicator detected,MEDIUM
,Mysuru,,Mugdha Varty,W11731,,Drainage System,State Housing Board,4.44,,,,,,,,,Completed,16.048005969523132,synthetic,Synthetic Test Data,,,False,,,False,,,,False,False,W11731,16.05,LOW,No rule-based risk condition triggered,False,-0.0323,Normal,Isolation Forest,44.33,27.36,LOW,No significant risk indicator detected,LOW
,Mysuru,,Yutika Rana,W11555,,School Building Repair,State Housing Board,6.16,,,,,,,,,Completed,16.043092711667857,synthetic,Synthetic Test Data,,,False,,,False,,,,False,False,W11555,16.04,LOW,No rule-based risk condition triggered,False,-0.0469,Normal,Isolation Forest,4.93,11.6,LOW,No significant risk indicator detected,LOW
,Kanpur,,Lucky Prashad,W11067,,Public Toilet Complex,Municipal Corporation,3.69,,,,,,,,,Ongoing,16.04109511097503,synthetic,Synthetic Test Data,,,False,,,False,,,,False,False,W11067,16.04,LOW,No rule-based risk condition triggered,False,-0.0166,Normal,Isolation Forest,85.48,43.82,MEDIUM,No significant risk indicator detected,MEDIUM
,Salem,,Vanya Suresh,W10649,,Street Lighting,State Housing Board,1.39,,,,,,,,,Completed,16.03753395953085,synthetic,Synthetic Test Data,,,False,,,False,,,,False,False,W10649,16.04,LOW,No rule-based risk condition triggered,False,-0.0237,Normal,Isolation Forest,74.17,39.29,LOW,No significant risk indicator detected,LOW
,Salem,,Rayaan Mand,W11146,,Drainage System,Public Works Department,5.79,,,,,,,,,Ongoing,16.02872160588879,synthetic,Synthetic Test Data,,,False,,,False,,,,False,False,W11146,16.03,LOW,No rule-based risk condition triggered,False,-0.038,Normal,Isolation Forest,22.35,18.56,LOW,No significant risk indicator detected,LOW
,Mysuru,,Sanya Swamy,W12691,,Drainage System,Public Works Department,15.08,,,,,,,,,Ongoing,16.02543542713553,synthetic,Synthetic Test Data,,,False,,,False,,,,False,False,W12691,16.03,LOW,No rule-based risk condition triggered,False,-0.0397,Normal,Isolation Forest,17.3,16.54,LOW,No significant risk indicator detected,LOW
,Bengaluru Urban,,Onveer Kata,W12510,,Street Lighting,State Housing Board,2.69,,,,,,,,,Ongoing,16.01724890394716,synthetic,Synthetic Test Data,,,False,,,False,,,,False,False,W12510,16.02,LOW,No rule-based risk condition triggered,False,-0.0322,Normal,Isolation Forest,44.8,27.53,LOW,No significant risk indicator detected,LOW
,Coimbatore,,Azaan Gupta,W11936,,Drainage System,District Rural Development Agency,16.18,,,,,,,,,Ongoing,16.013543224271636,synthetic,Synthetic Test Data,,,False,,,False,,,,False,False,W11936,16.01,LOW,No rule-based risk condition triggered,False,-0.0361,Normal,Isolation Forest,28.13,20.86,LOW,No significant risk indicator detected,LOW
,Bengaluru Urban,,Bachittar Choudhry,W11169,,Public Toilet Complex,District Rural Development Agency,3.49,,,,,,,,,Completed,16.00752201022139,synthetic,Synthetic Test Data,,,False,,,False,,,,False,False,W11169,16.01,LOW,No rule-based risk condition triggered,False,-0.0224,Normal,Isolation Forest,76.3,40.13,MEDIUM,No significant risk indicator detected,MEDIUM
,Coimbatore,,Leena Butala,W11782,,Drainage System,State Housing Board,14.13,,,,,,,,,Ongoing,16.00527683039284,synthetic,Synthetic Test Data,,,False,,,False,,,,False,False,W11782,16.01,LOW,No rule-based risk condition triggered,False,-0.0352,Normal,Isolation Forest,31.5,22.21,LOW,No significant risk indicator detected,LOW
,Belagavi,,Rayaan Mand,W10267,,Drainage System,District Rural Development Agency,6.7,,,,,,,,,Ongoing,16.00462631991893,synthetic,Synthetic Test Data,,,False,,,False,,,,False,False,W10267,16.0,LOW,No rule-based risk condition triggered,False,-0.0377,Normal,Isolation Forest,22.9,18.76,LOW,No significant risk indicator detected,LOW
,Varanasi,,Oliver Sarma,W11330,,Street Lighting,State Housing Board,2.82,,,,,,,,,Ongoing,16.002294943855517,synthetic,Synthetic Test Data,,,False,,,False,,,,False,False,W11330,16.0,LOW,No rule-based risk condition triggered,False,-0.033,Normal,Isolation Forest,41.18,26.07,LOW,No significant risk indicator detected,LOW
,Thane,,Odika Naik,W11274,,Drainage System,Public Works Department,17.15,,,,,,,,,Ongoing,15.99486276005085,synthetic,Synthetic Test Data,,,False,,,False,,,,False,False,W11274,15.99,LOW,No rule-based risk condition triggered,False,-0.0325,Normal,Isolation Forest,43.38,26.95,LOW,No significant risk indicator detected,LOW
,Agra,,Advaith Gole,W10830,,Public Toilet Complex,State Housing Board,5.47,,,,,,,,,Completed,15.98356009551729,synthetic,Synthetic Test Data,,,False,,,False,,,,False,False,W10830,15.98,LOW,No rule-based risk condition triggered,False,-0.0378,Normal,Isolation Forest,22.72,18.68,LOW,No significant risk indicator detected,LOW
,Salem,,Ronith Zachariah,W11403,,Road Construction,Public Works Department,39.2,,,,,,,,,Ongoing,15.98028287988609,synthetic,Synthetic Test Data,,,False,,,False,,,,False,False,W11403,15.98,LOW,No rule-based risk condition triggered,False,-0.0023,Normal,Isolation Forest,94.05,47.21,MEDIUM,No significant risk indicator detected,MEDIUM
,Kanpur,,Oliver Sarma,W11895,,Public Toilet Complex,Municipal Corporation,2.6,,,,,,,,,Completed,15.979144231853674,synthetic,Synthetic Test Data,,,False,,,False,,,,False,False,W11895,15.98,LOW,No rule-based risk condition triggered,False,-0.0273,Normal,Isolation Forest,64.32,35.32,LOW,No significant risk indicator detected,LOW
,Nashik,,Ishwar Boase,W11556,,Drainage System,Public Works Department,17.88,,,,,,,,,Ongoing,15.978387821867116,synthetic,Synthetic Test Data,,,False,,,False,,,,False,False,W11556,15.98,LOW,No rule-based risk condition triggered,False,-0.0319,Normal,Isolation Forest,46.1,28.03,LOW,No significant risk indicator detected,LOW
,Nagpur,,Victor Venkataraman,W10931,,Drinking Water Supply,State Housing Board,13.09,,,,,,,,,Completed,15.976682499553808,synthetic,Synthetic Test Data,,,False,,,False,,,,False,False,W10931,15.98,LOW,No rule-based risk condition triggered,False,-0.0299,Normal,Isolation Forest,54.43,31.36,LOW,No significant risk indicator detected,LOW
,Kanpur,,Advaith Gole,W11734,,Drinking Water Supply,Zilla Panchayat,9.44,,,,,,,,,Ongoing,15.97646402949377,synthetic,Synthetic Test Data,,,False,,,False,,,,False,False,W11734,15.98,LOW,No rule-based risk condition triggered,False,-0.0346,Normal,Isolation Forest,34.07,23.22,LOW,No significant risk indicator detected,LOW
,Pune,,Mugdha Varty,W12756,,Road Construction,Zilla Panchayat,14.59,,,,,,,,,Completed,15.964465396272654,synthetic,Synthetic Test Data,,,False,,,False,,,,False,False,W12756,15.96,LOW,No rule-based risk condition triggered,False,-0.0392,Normal,Isolation Forest,19.02,17.18,LOW,No significant risk indicator detected,LOW
,Howrah,,Yamini Chand,W10094,,Public Toilet Complex,State Housing Board,2.95,,,,,,,,,Completed,15.96017175,synthetic,Synthetic Test Data,,,False,,,False,,,,False,False,W10094,15.96,LOW,No rule-based risk condition triggered,False,-0.0238,Normal,Isolation Forest,73.93,39.15,LOW,No significant risk indicator detected,LOW
,Asansol,,Vrinda Biswas,W10491,,Drinking Water Supply,State Housing Board,19.82,,,,,,,,,Completed,15.958066959540297,synthetic,Synthetic Test Data,,,False,,,False,,,,False,False,W10491,15.96,LOW,No rule-based risk condition triggered,False,-0.0145,Normal,Isolation Forest,87.35,44.52,MEDIUM,No significant risk indicator detected,MEDIUM
,Bengaluru Urban,,Nicholas Gour,W12034,,Drinking Water Supply,Public Works Department,16.37,,,,,,,,,Ongoing,15.94543208680349,synthetic,Synthetic Test Data,,,False,,,False,,,,False,False,W12034,15.95,LOW,No rule-based risk condition triggered,False,-0.0286,Normal,Isolation Forest,59.68,33.44,LOW,No significant risk indicator detected,LOW
,Pune,,Bachittar Choudhry,W11737,,School Building Repair,Municipal Corporation,3.59,,,,,,,,,Completed,15.94399926,synthetic,Synthetic Test Data,,,False,,,False,,,,False,False,W11737,15.94,LOW,No rule-based risk condition triggered,False,-0.0211,Normal,Isolation Forest,78.95,41.14,MEDIUM,No significant risk indicator detected,MEDIUM
,Coimbatore,,Lucky Prashad,W10656,,Community Health Center,State Housing Board,17.23,,,,,,,,,Completed,15.943415294906544,synthetic,Synthetic Test Data,,,False,,,False,,,,False,False,W10656,15.94,LOW,No rule-based risk condition triggered,False,-0.0334,Normal,Isolation Forest,39.33,25.3,LOW,No significant risk indicator detected,LOW
,Kolkata,,Lucky Prashad,W11977,,Road Construction,Public Works Department,15.5,,,,,,,,,Ongoing,15.938794953483155,synthetic,Synthetic Test Data,,,False,,,False,,,,False,False,W11977,15.94,LOW,No rule-based risk condition triggered,False,-0.0412,Normal,Isolation Forest,12.82,14.69,LOW,No significant risk indicator detected,LOW
,Howrah,,Triya Khatri,W11277,,Public Toilet Complex,State Housing Board,4.09,,,,,,,,,Ongoing,15.933467793577623,synthetic,Synthetic Test Data,,,False,,,False,,,,False,False,W11277,15.93,LOW,No rule-based risk condition triggered,False,-0.0247,Normal,Isolation Forest,71.85,38.3,LOW,No significant risk indicator detected,LOW
,Mysuru,,Advaith Gole,W12328,,Drainage System,Municipal Corporation,15.47,,,,,,,,,Completed,15.930790498117018,synthetic,Synthetic Test Data,,,False,,,False,,,,False,False,W12328,15.93,LOW,No rule-based risk condition triggered,False,-0.0218,Normal,Isolation Forest,77.27,40.47,MEDIUM,No significant risk indicator detected,MEDIUM
,Howrah,,Ronith Zachariah,W12056,,Drainage System,Municipal Corporation,15.86,,,,,,,,,Ongoing,15.926345252045856,synthetic,Synthetic Test Data,,,False,,,False,,,,False,False,W12056,15.93,LOW,No rule-based risk condition triggered,False,-0.0247,Normal,Isolation Forest,71.85,38.3,LOW,No significant risk indicator detected,LOW
,Nagpur,,Lucky Prashad,W12491,,Drinking Water Supply,State Housing Board,5.4,,,,,,,,,Completed,15.922315681066818,synthetic,Synthetic Test Data,,,False,,,False,,,,False,False,W12491,15.92,LOW,No rule-based risk condition triggered,False,-0.0267,Normal,Isolation Forest,66.17,36.02,LOW,No significant risk indicator detected,LOW
,Chennai,,Gaurav Chandra,W10223,,Road Construction,State Housing Board,15.44,,,,,,,,,Ongoing,15.920298938623034,synthetic,Synthetic Test Data,,,False,,,False,,,,False,False,W10223,15.92,LOW,No rule-based risk condition triggered,False,-0.0319,Normal,Isolation Forest,46.1,27.99,LOW,No significant risk indicator detected,LOW
,Nagpur,,Vanya Suresh,W11854,,Road Construction,Public Works Department,5.49,,,,,,,,,Completed,15.920197094680328,synthetic,Synthetic Test Data,,,False,,,False,,,,False,False,W11854,15.92,LOW,No rule-based risk condition triggered,False,-0.0327,Normal,Isolation Forest,42.53,26.56,LOW,No significant risk indicator detected,LOW
,Salem,,Meera Banerjee,W11364,,Street Lighting,Municipal Corporation,4.95,,,,,,,,,Ongoing,15.91985756479919,synthetic,Synthetic Test Data,,,False,,,False,,,,False,False,W11364,15.92,LOW,No rule-based risk condition triggered,False,-0.0216,Normal,Isolation Forest,77.68,40.62,MEDIUM,No significant risk indicator detected,MEDIUM
,Agra,,Owen Bala,W11629,,Road Construction,State Housing Board,14.76,,,,,,,,,Completed,15.919323663869427,synthetic,Synthetic Test Data,,,False,,,False,,,,False,False,W11629,15.92,LOW,No rule-based risk condition triggered,False,-0.0276,Normal,Isolation Forest,63.3,34.87,LOW,No significant risk indicator detected,LOW
,Howrah,,Ishwar Boase,W12711,,Community Health Center,Zilla Panchayat,25.08,,,,,,,,,Completed,15.918680251022536,synthetic,Synthetic Test Data,,,False,,,False,,,,False,False,W12711,15.92,LOW,No rule-based risk condition triggered,False,-0.0253,Normal,Isolation Forest,69.92,37.52,LOW,No significant risk indicator detected,LOW
,Salem,,Victor Venkataraman,W11308,,Drinking Water Supply,Public Works Department,12.98,,,,,,,,,Ongoing,15.915563313491475,synthetic,Synthetic Test Data,,,False,,,False,,,,False,False,W11308,15.92,LOW,No rule-based risk condition triggered,False,-0.0334,Normal,Isolation Forest,39.33,25.28,LOW,No significant risk indicator detected,LOW
,Coimbatore,,Krishna Pant,W12555,,Street Lighting,Public Works Department,3.62,,,,,,,,,Ongoing,15.915559526900347,synthetic,Synthetic Test Data,,,False,,,False,,,,False,False,W12555,15.92,LOW,No rule-based risk condition triggered,False,-0.0375,Normal,Isolation Forest,23.62,19.0,LOW,No significant risk indicator detected,LOW
,Pune,,Nicholas Gour,W11819,,School Building Repair,Municipal Corporation,12.21,,,,,,,,,Completed,15.909257578312172,synthetic,Synthetic Test Data,,,False,,,False,,,,False,False,W11819,15.91,LOW,No rule-based risk condition triggered,False,-0.0279,Normal,Isolation Forest,61.97,34.33,LOW,No significant risk indicator detected,LOW
,Darjeeling,,Bachittar Choudhry,W11477,,Community Health Center,Zilla Panchayat,15.32,,,,,,,,,Ongoing,15.906911121163123,synthetic,Synthetic Test Data,,,False,,,False,,,,False,False,W11477,15.91,LOW,No rule-based risk condition triggered,False,-0.0287,Normal,Isolation Forest,59.43,33.32,LOW,No significant risk indicator detected,LOW
,Mysuru,,Onveer Kata,W10271,,Street Lighting,Zilla Panchayat,3.61,,,,,,,,,Ongoing,15.904958424277272,synthetic,Synthetic Test Data,,,False,,,False,,,,False,False,W10271,15.9,LOW,No rule-based risk condition triggered,False,-0.0458,Normal,Isolation Forest,5.97,11.93,LOW,No significant risk indicator detected,LOW
,Salem,,Bachittar Choudhry,W10639,,Street Lighting,Public Works Department,3.89,,,,,,,,,Ongoing,15.90042216710162,synthetic,Synthetic Test Data,,,False,,,False,,,,False,False,W10639,15.9,LOW,No rule-based risk condition triggered,False,-0.0382,Normal,Isolation Forest,21.82,18.27,LOW,No significant risk indicator detected,LOW
,Kolkata,,Vrinda Biswas,W12902,,Street Lighting,State Housing Board,5.1,,,,,,,,,Completed,15.892544097661336,synthetic,Synthetic Test Data,,,False,,,False,,,,False,False,W12902,15.89,LOW,No rule-based risk condition triggered,False,-0.0348,Normal,Isolation Forest,33.15,22.79,LOW,No significant risk indicator detected,LOW
,Mysuru,,Eesha Memon,W12713,,Drainage System,Public Works Department,15.74,,,,,,,,,Ongoing,15.891482682638951,synthetic,Synthetic Test Data,,,False,,,False,,,,False,False,W12713,15.89,LOW,No rule-based risk condition triggered,False,-0.0371,Normal,Isolation Forest,24.57,19.36,LOW,No significant risk indicator detected,LOW
,Lucknow,,Krishna Pant,W12152,,Community Health Center,State Housing Board,17.32,,,,,,,,,Ongoing,15.888893011062343,synthetic,Synthetic Test Data,,,False,,,False,,,,False,False,W12152,15.89,LOW,No rule-based risk condition triggered,False,-0.0307,Normal,Isolation Forest,51.0,29.93,LOW,No significant risk indicator detected,LOW
,Kanpur,,Ria Ratta,W11675,,Street Lighting,Public Works Department,5.29,,,,,,,,,Completed,15.883661913151144,synthetic,Synthetic Test Data,,,False,,,False,,,,False,False,W11675,15.88,LOW,No rule-based risk condition triggered,False,-0.0225,Normal,Isolation Forest,76.12,39.98,LOW,No significant risk indicator detected,LOW
,Nashik,,Bachittar Choudhry,W10204,,Public Toilet Complex,Zilla Panchayat,4.19,,,,,,,,,Completed,15.880128638266918,synthetic,Synthetic Test Data,,,False,,,False,,,,False,False,W10204,15.88,LOW,No rule-based risk condition triggered,False,-0.0521,Normal,Isolation Forest,1.8,10.25,LOW,No significant risk indicator detected,LOW
,Kanpur,,Lucky Prashad,W11115,,Public Toilet Complex,State Housing Board,4.62,,,,,,,,,Ongoing,15.87365418392396,synthetic,Synthetic Test Data,,,False,,,False,,,,False,False,W11115,15.87,LOW,No rule-based risk condition triggered,False,-0.0259,Normal,Isolation Forest,68.27,36.83,LOW,No significant risk indicator detected,LOW
,Salem,,Mugdha Varty,W12621,,Community Health Center,Public Works Department,19.68,,,,,,,,,Completed,15.872079869603546,synthetic,Synthetic Test Data,,,False,,,False,,,,False,False,W12621,15.87,LOW,No rule-based risk condition triggered,False,-0.0281,Normal,Isolation Forest,61.17,33.99,LOW,No significant risk indicator detected,LOW
,Lucknow,,Ria Ratta,W10549,,Drainage System,Zilla Panchayat,12.57,,,,,,,,,Completed,15.870863571784763,synthetic,Synthetic Test Data,,,False,,,False,,,,False,False,W10549,15.87,LOW,No rule-based risk condition triggered,False,-0.0482,Normal,Isolation Forest,4.05,11.14,LOW,No significant risk indicator detected,LOW
,Kanpur,,Gabriel Thaman,W10475,,Street Lighting,Municipal Corporation,3.03,,,,,,,,,Completed,15.870072409601391,synthetic,Synthetic Test Data,,,False,,,False,,,,False,False,W10475,15.87,LOW,No rule-based risk condition triggered,False,-0.0152,Normal,Isolation Forest,86.63,44.17,MEDIUM,No significant risk indicator detected,MEDIUM
,Coimbatore,,Eesha Memon,W11456,,Public Toilet Complex,District Rural Development Agency,7.63,,,,,,,,,Ongoing,15.860151584676608,synthetic,Synthetic Test Data,,,False,,,False,,,,False,False,W11456,15.86,LOW,No rule-based risk condition triggered,False,-0.0281,Normal,Isolation Forest,61.17,33.98,LOW,No significant risk indicator detected,LOW
,Varanasi,,Hemang Bava,W12069,,School Building Repair,Municipal Corporation,6.78,,,,,,,,,Ongoing,15.84261229542552,synthetic,Synthetic Test Data,,,False,,,False,,,,False,False,W12069,15.84,LOW,No rule-based risk condition triggered,False,-0.0351,Normal,Isolation Forest,31.87,22.25,LOW,No significant risk indicator detected,LOW
,Coimbatore,,Pallavi Krish,W10003,,School Building Repair,Municipal Corporation,14.49,,,,,,,,,Completed,15.841758743779772,synthetic,Synthetic Test Data,,,False,,,False,,,,False,False,W10003,15.84,LOW,No rule-based risk condition triggered,False,-0.022,Normal,Isolation Forest,76.8,40.22,MEDIUM,No significant risk indicator detected,MEDIUM
,Darjeeling,,Sanya Swamy,W11445,,Drainage System,Municipal Corporation,16.49,,,,,,,,,Ongoing,15.839096626611592,synthetic,Synthetic Test Data,,,False,,,False,,,,False,False,W11445,15.84,LOW,No rule-based risk condition triggered,False,-0.0235,Normal,Isolation Forest,74.58,39.34,LOW,No significant risk indicator detected,LOW
,Thane,,Vanya Suresh,W11722,,School Building Repair,Municipal Corporation,11.75,,,,,,,,,Ongoing,15.834128532101127,synthetic,Synthetic Test Data,,,False,,,False,,,,False,False,W11722,15.83,LOW,No rule-based risk condition triggered,False,-0.033,Normal,Isolation Forest,41.18,25.97,LOW,No significant risk indicator detected,LOW
,Asansol,,Sanya Swamy,W10849,,Public Toilet Complex,Zilla Panchayat,4.07,,,,,,,,,Ongoing,15.825913142109547,synthetic,Synthetic Test Data,,,False,,,False,,,,False,False,W10849,15.83,LOW,No rule-based risk condition triggered,False,-0.0382,Normal,Isolation Forest,21.82,18.23,LOW,No significant risk indicator detected,LOW
,Chennai,,Ronith Zachariah,W12033,,Drainage System,Municipal Corporation,9.71,,,,,,,,,Ongoing,15.823771628635216,synthetic,Synthetic Test Data,,,False,,,False,,,,False,False,W12033,15.82,LOW,No rule-based risk condition triggered,False,-0.0327,Normal,Isolation Forest,42.53,26.5,LOW,No significant risk indicator detected,LOW
,Nagpur,,Leena Butala,W10621,,Drinking Water Supply,State Housing Board,18.78,,,,,,,,,Ongoing,15.821334531860696,synthetic,Synthetic Test Data,,,False,,,False,,,,False,False,W10621,15.82,LOW,No rule-based risk condition triggered,False,-0.0175,Normal,Isolation Forest,84.55,43.31,MEDIUM,No significant risk indicator detected,MEDIUM
,Agra,,Yutika Rana,W11360,,Road Construction,Municipal Corporation,11.44,,,,,,,,,Completed,15.820205253984977,synthetic,Synthetic Test Data,,,False,,,False,,,,False,False,W11360,15.82,LOW,No rule-based risk condition triggered,False,-0.0219,Normal,Isolation Forest,77.08,40.32,MEDIUM,No significant risk indicator detected,MEDIUM
,Asansol,,Meera Banerjee,W10144,,Street Lighting,Zilla Panchayat,3.02,,,,,,,,,Completed,15.81738272505008,synthetic,Synthetic Test Data,,,False,,,False,,,,False,False,W10144,15.82,LOW,No rule-based risk condition triggered,False,-0.039,Normal,Isolation Forest,19.5,17.29,LOW,No significant risk indicator detected,LOW
,Salem,,Ishwar Boase,W12845,,Public Toilet Complex,District Rural Development Agency,2.83,,,,,,,,,Ongoing,15.811840196330635,synthetic,Synthetic Test Data,,,False,,,False,,,,False,False,W12845,15.81,LOW,No rule-based risk condition triggered,False,-0.0219,Normal,Isolation Forest,77.08,40.32,MEDIUM,No significant risk indicator detected,MEDIUM
,Chennai,,Ekansh Sami,W11439,,Community Health Center,Public Works Department,11.37,,,,,,,,,Completed,15.806375798315363,synthetic,Synthetic Test Data,,,False,,,False,,,,False,False,W11439,15.81,LOW,No rule-based risk condition triggered,False,-0.0267,Normal,Isolation Forest,66.17,35.95,LOW,No significant risk indicator detected,LOW
,Mysuru,,Deepa Gala,W11898,,Drainage System,State Housing Board,15.2,,,,,,,,,Ongoing,15.8057483523206,synthetic,Synthetic Test Data,,,False,,,False,,,,False,False,W11898,15.81,LOW,No rule-based risk condition triggered,False,-0.032,Normal,Isolation Forest,45.6,27.73,LOW,No significant risk indicator detected,LOW
,Belagavi,,Krishna Pant,W12387,,Public Toilet Complex,Public Works Department,3.07,,,,,,,,,Ongoing,15.80453259,synthetic,Synthetic Test Data,,,False,,,False,,,,False,False,W12387,15.8,LOW,No rule-based risk condition triggered,False,-0.0262,Normal,Isolation Forest,67.45,36.46,LOW,No significant risk indicator detected,LOW
,Lucknow,,Ekansh Sami,W12211,,Drainage System,Public Works Department,5.79,,,,,,,,,Completed,15.803007486051492,synthetic,Synthetic Test Data,,,False,,,False,,,,False,False,W12211,15.8,LOW,No rule-based risk condition triggered,False,-0.0275,Normal,Isolation Forest,63.62,34.93,LOW,No significant risk indicator detected,LOW
,Asansol,,Oliver Sarma,W11911,,Street Lighting,District Rural Development Agency,4.58,,,,,,,,,Completed,15.795299890463957,synthetic,Synthetic Test Data,,,False,,,False,,,,False,False,W11911,15.8,LOW,No rule-based risk condition triggered,False,-0.0316,Normal,Isolation Forest,47.67,28.55,LOW,No significant risk indicator detected,LOW
,Thane,,Deepa Gala,W10635,,Drainage System,State Housing Board,17.7,,,,,,,,,Ongoing,15.788213825460954,synthetic,Synthetic Test Data,,,False,,,False,,,,False,False,W10635,15.79,LOW,No rule-based risk condition triggered,False,-0.0233,Normal,Isolation Forest,75.0,39.47,LOW,No significant risk indicator detected,LOW
,Coimbatore,,Jagat Mangat,W12768,,Road Construction,State Housing Board,10.27,,,,,,,,,Completed,15.78602290891824,synthetic,Synthetic Test Data,,,False,,,False,,,,False,False,W12768,15.79,LOW,No rule-based risk condition triggered,False,-0.0272,Normal,Isolation Forest,64.7,35.35,LOW,No significant risk indicator detected,LOW
,Nagpur,,Bachittar Choudhry,W10241,,Drainage System,District Rural Development Agency,15.96,,,,,,,,,Ongoing,15.777793510214964,synthetic,Synthetic Test Data,,,False,,,False,,,,False,False,W10241,15.78,LOW,No rule-based risk condition triggered,False,-0.0362,Normal,Isolation Forest,27.6,20.51,LOW,No significant risk indicator detected,LOW
,Coimbatore,,Jagat Mangat,W12734,,School Building Repair,District Rural Development Agency,6.46,,,,,,,,,Ongoing,15.766416545799569,synthetic,Synthetic Test Data,,,False,,,False,,,,False,False,W12734,15.77,LOW,No rule-based risk condition triggered,False,-0.0344,Normal,Isolation Forest,34.82,23.39,LOW,No significant risk indicator detected,LOW
,Nagpur,,Eesha Memon,W11296,,Drainage System,State Housing Board,17.13,,,,,,,,,Ongoing,15.76367833379832,synthetic,Synthetic Test Data,,,False,,,False,,,,False,False,W11296,15.76,LOW,No rule-based risk condition triggered,False,-0.0255,Normal,Isolation Forest,69.38,37.21,LOW,No significant risk indicator detected,LOW
,Kanpur,,Krishna Pant,W11955,,Public Toilet Complex,Zilla Panchayat,2.39,,,,,,,,,Completed,15.762851497830136,synthetic,Synthetic Test Data,,,False,,,False,,,,False,False,W11955,15.76,LOW,No rule-based risk condition triggered,False,-0.0394,Normal,Isolation Forest,18.43,16.83,LOW,No significant risk indicator detected,LOW
,Kolkata,,Sanya Swamy,W12940,,Road Construction,Municipal Corporation,19.76,,,,,,,,,Completed,15.761713082120828,synthetic,Synthetic Test Data,,,False,,,False,,,,False,False,W12940,15.76,LOW,No rule-based risk condition triggered,False,-0.0199,Normal,Isolation Forest,81.1,41.9,MEDIUM,No significant risk indicator detected,MEDIUM
,Varanasi,,Pallavi Krish,W12978,,Public Toilet Complex,Zilla Panchayat,4.92,,,,,,,,,Completed,15.74809319769522,synthetic,Synthetic Test Data,,,False,,,False,,,,False,False,W12978,15.75,LOW,No rule-based risk condition triggered,False,-0.0533,Normal,Isolation Forest,1.07,9.88,LOW,No significant risk indicator detected,LOW
,Darjeeling,,Yamini Chand,W11930,,School Building Repair,State Housing Board,12.35,,,,,,,,,Completed,15.737767308986848,synthetic,Synthetic Test Data,,,False,,,False,,,,False,False,W11930,15.74,LOW,No rule-based risk condition triggered,False,-0.0396,Normal,Isolation Forest,17.62,16.49,LOW,No significant risk indicator detected,LOW
,Bengaluru Urban,,Yamini Chand,W12272,,Public Toilet Complex,Zilla Panchayat,6.5,,,,,,,,,Completed,15.736577218211105,synthetic,Synthetic Test Data,,,False,,,False,,,,False,False,W12272,15.74,LOW,No rule-based risk condition triggered,False,-0.0527,Normal,Isolation Forest,1.33,9.98,LOW,No significant risk indicator detected,LOW
,Bengaluru Urban,,Meera Banerjee,W10029,,Community Health Center,State Housing Board,36.29,,,,,,,,,Ongoing,15.735537150741925,synthetic,Synthetic Test Data,,,False,,,False,,,,False,False,W10029,15.74,LOW,No rule-based risk condition triggered,False,-0.0038,Normal,Isolation Forest,93.72,46.93,MEDIUM,No significant risk indicator detected,MEDIUM
,Dharwad,,Rayaan Mand,W12896,,Public Toilet Complex,Zilla Panchayat,2.83,,,,,,,,,Ongoing,15.73542924215665,synthetic,Synthetic Test Data,,,False,,,False,,,,False,False,W12896,15.74,LOW,No rule-based risk condition triggered,False,-0.0306,Normal,Isolation Forest,51.43,30.02,LOW,No significant risk indicator detected,LOW
,Howrah,,Owen Bala,W12148,,Street Lighting,Public Works Department,4.39,,,,,,,,,Completed,15.72879135459533,synthetic,Synthetic Test Data,,,False,,,False,,,,False,False,W12148,15.73,LOW,No rule-based risk condition triggered,False,-0.0258,Normal,Isolation Forest,68.57,36.87,LOW,No significant risk indicator detected,LOW
,Agra,,Tanish Iyer,W10350,,Drinking Water Supply,State Housing Board,18.6,,,,,,,,,Ongoing,15.726665690631547,synthetic,Synthetic Test Data,,,False,,,False,,,,False,False,W10350,15.73,LOW,No rule-based risk condition triggered,False,-0.0183,Normal,Isolation Forest,83.43,42.81,MEDIUM,No significant risk indicator detected,MEDIUM
,Mysuru,,Victor Venkataraman,W11135,,Drinking Water Supply,Public Works Department,8.19,,,,,,,,,Completed,15.72054067298498,synthetic,Synthetic Test Data,,,False,,,False,,,,False,False,W11135,15.72,LOW,No rule-based risk condition triggered,False,-0.0335,Normal,Isolation Forest,38.83,24.96,LOW,No significant risk indicator detected,LOW
,Lucknow,,Leena Butala,W11348,,Drinking Water Supply,Zilla Panchayat,19.34,,,,,,,,,Completed,15.718294607305902,synthetic,Synthetic Test Data,,,False,,,False,,,,False,False,W11348,15.72,LOW,No rule-based risk condition triggered,False,-0.0266,Normal,Isolation Forest,66.5,36.03,LOW,No significant risk indicator detected,LOW
,Varanasi,,Lucky Prashad,W11280,,Public Toilet Complex,Zilla Panchayat,2.68,,,,,,,,,Completed,15.717039740864951,synthetic,Synthetic Test Data,,,False,,,False,,,,False,False,W11280,15.72,LOW,No rule-based risk condition triggered,False,-0.0405,Normal,Isolation Forest,15.08,15.46,LOW,No significant risk indicator detected,LOW
,Nashik,,Rayaan Mand,W12749,,School Building Repair,Zilla Panchayat,9.73,,,,,,,,,Ongoing,15.716582038430264,synthetic,Synthetic Test Data,,,False,,,False,,,,False,False,W12749,15.72,LOW,No rule-based risk condition triggered,False,-0.0418,Normal,Isolation Forest,10.92,13.8,LOW,No significant risk indicator detected,LOW
,Belagavi,,Widisha Yohannan,W10354,,Street Lighting,State Housing Board,3.82,,,,,,,,,Completed,15.707885524990964,synthetic,Synthetic Test Data,,,False,,,False,,,,False,False,W10354,15.71,LOW,No rule-based risk condition triggered,False,-0.0352,Normal,Isolation Forest,31.5,22.03,LOW,No significant risk indicator detected,LOW
,Varanasi,,Mugdha Varty,W12104,,Drainage System,District Rural Development Agency,16.96,,,,,,,,,Ongoing,15.701502476283292,synthetic,Synthetic Test Data,,,False,,,False,,,,False,False,W12104,15.7,LOW,No rule-based risk condition triggered,False,-0.0331,Normal,Isolation Forest,40.7,25.7,LOW,No significant risk indicator detected,LOW
,Darjeeling,,Pallavi Krish,W10437,,Public Toilet Complex,Public Works Department,4.07,,,,,,,,,Ongoing,15.699175919541222,synthetic,Synthetic Test Data,,,False,,,False,,,,False,False,W10437,15.7,LOW,No rule-based risk condition triggered,False,-0.0317,Normal,Isolation Forest,47.08,28.25,LOW,No significant risk indicator detected,LOW
,Nagpur,,Eesha Memon,W10160,,Road Construction,District Rural Development Agency,15.35,,,,,,,,,Completed,15.683816577641544,synthetic,Synthetic Test Data,,,False,,,False,,,,False,False,W10160,15.68,LOW,No rule-based risk condition triggered,False,-0.0167,Normal,Isolation Forest,85.35,43.55,MEDIUM,No significant risk indicator detected,MEDIUM
,Chennai,,Gaurav Chandra,W11450,,Drainage System,District Rural Development Agency,8.48,,,,,,,,,Completed,15.682550242107954,synthetic,Synthetic Test Data,,,False,,,False,,,,False,False,W11450,15.68,LOW,No rule-based risk condition triggered,False,-0.0382,Normal,Isolation Forest,21.82,18.14,LOW,No significant risk indicator detected,LOW
,Kolkata,,Gaurav Chandra,W12301,,Drainage System,Public Works Department,11.89,,,,,,,,,Completed,15.663705950866731,synthetic,Synthetic Test Data,,,False,,,False,,,,False,False,W12301,15.66,LOW,No rule-based risk condition triggered,False,-0.034,Normal,Isolation Forest,36.65,24.06,LOW,No significant risk indicator detected,LOW
,Howrah,,Nicholas Gour,W11367,,Public Toilet Complex,Zilla Panchayat,4.34,,,,,,,,,Completed,15.659271787227798,synthetic,Synthetic Test Data,,,False,,,False,,,,False,False,W11367,15.66,LOW,No rule-based risk condition triggered,False,-0.053,Normal,Isolation Forest,1.25,9.9,LOW,No significant risk indicator detected,LOW
,Darjeeling,,Harrison Kapur,W11573,,Road Construction,Zilla Panchayat,23.52,,,,,,,,,Ongoing,15.655246714991716,synthetic,Synthetic Test Data,,,False,,,False,,,,False,False,W11573,15.66,LOW,No rule-based risk condition triggered,False,-0.0424,Normal,Isolation Forest,9.95,13.38,LOW,No significant risk indicator detected,LOW
,Chennai,,Mugdha Varty,W11928,,Street Lighting,Public Works Department,4.32,,,,,,,,,Ongoing,15.653488921557155,synthetic,Synthetic Test Data,,,False,,,False,,,,False,False,W11928,15.65,LOW,No rule-based risk condition triggered,False,-0.0401,Normal,Isolation Forest,15.92,15.76,LOW,No significant risk indicator detected,LOW
,Nagpur,,Hemang Bava,W12684,,Street Lighting,District Rural Development Agency,3.0,,,,,,,,,Completed,15.653271576736138,synthetic,Synthetic Test Data,,,False,,,False,,,,False,False,W12684,15.65,LOW,No rule-based risk condition triggered,False,-0.03,Normal,Isolation Forest,53.93,30.96,LOW,No significant risk indicator detected,LOW
,Chennai,,Deepa Gala,W12419,,Public Toilet Complex,Zilla Panchayat,2.69,,,,,,,,,Ongoing,15.642711816345932,synthetic,Synthetic Test Data,,,False,,,False,,,,False,False,W12419,15.64,LOW,No rule-based risk condition triggered,False,-0.0306,Normal,Isolation Forest,51.43,29.96,LOW,No significant risk indicator detected,LOW
,Pune,,Lucky Prashad,W11855,,Public Toilet Complex,State Housing Board,3.16,,,,,,,,,Ongoing,15.638075026450586,synthetic,Synthetic Test Data,,,False,,,False,,,,False,False,W11855,15.64,LOW,No rule-based risk condition triggered,False,-0.0184,Normal,Isolation Forest,83.18,42.66,MEDIUM,No significant risk indicator detected,MEDIUM
,Belagavi,,Gaurav Chandra,W11164,,Community Health Center,Municipal Corporation,16.57,,,,,,,,,Completed,15.635395704640253,synthetic,Synthetic Test Data,,,False,,,False,,,,False,False,W11164,15.64,LOW,No rule-based risk condition triggered,False,-0.0273,Normal,Isolation Forest,64.32,35.11,LOW,No significant risk indicator detected,LOW
,Asansol,,Sanya Swamy,W10762,,Street Lighting,Municipal Corporation,4.38,,,,,,,,,Completed,15.634298492225406,synthetic,Synthetic Test Data,,,False,,,False,,,,False,False,W10762,15.63,LOW,No rule-based risk condition triggered,False,-0.0191,Normal,Isolation Forest,82.2,42.26,MEDIUM,No significant risk indicator detected,MEDIUM
,Madurai,,Yutika Rana,W11514,,Drinking Water Supply,Municipal Corporation,17.69,,,,,,,,,Completed,15.63376231,synthetic,Synthetic Test Data,,,False,,,False,,,,False,False,W11514,15.63,LOW,No rule-based risk condition triggered,False,-0.0233,Normal,Isolation Forest,75.0,39.38,LOW,No significant risk indicator detected,LOW
,Varanasi,,Ishwar Boase,W11686,,Community Health Center,District Rural Development Agency,18.81,,,,,,,,,Ongoing,15.630378230765546,synthetic,Synthetic Test Data,,,False,,,False,,,,False,False,W11686,15.63,LOW,No rule-based risk condition triggered,False,-0.0277,Normal,Isolation Forest,62.88,34.53,LOW,No significant risk indicator detected,LOW
,Mysuru,,Ishwar Boase,W12502,,Community Health Center,Zilla Panchayat,17.15,,,,,,,,,Ongoing,15.62443921595438,synthetic,Synthetic Test Data,,,False,,,False,,,,False,False,W12502,15.62,LOW,No rule-based risk condition triggered,False,-0.0288,Normal,Isolation Forest,59.15,33.03,LOW,No significant risk indicator detected,LOW
,Dharwad,,Eesha Memon,W11074,,School Building Repair,Public Works Department,14.89,,,,,,,,,Ongoing,15.62435165841571,synthetic,Synthetic Test Data,,,False,,,False,,,,False,False,W11074,15.62,LOW,No rule-based risk condition triggered,False,-0.0211,Normal,Isolation Forest,78.95,40.95,MEDIUM,No significant risk indicator detected,MEDIUM
,Nagpur,,Odika Naik,W12247,,School Building Repair,Public Works Department,11.6,,,,,,,,,Ongoing,15.62417606093092,synthetic,Synthetic Test Data,,,False,,,False,,,,False,False,W12247,15.62,LOW,No rule-based risk condition triggered,False,-0.0332,Normal,Isolation Forest,40.32,25.5,LOW,No significant risk indicator detected,LOW
,Lucknow,,Lucky Prashad,W11221,,Drainage System,State Housing Board,17.22,,,,,,,,,Completed,15.622408693625864,synthetic,Synthetic Test Data,,,False,,,False,,,,False,False,W11221,15.62,LOW,No rule-based risk condition triggered,False,-0.0214,Normal,Isolation Forest,78.1,40.61,MEDIUM,No significant risk indicator detected,MEDIUM
,Asansol,,Krishna Pant,W12359,,Drainage System,State Housing Board,16.18,,,,,,,,,Ongoing,15.620022271546668,synthetic,Synthetic Test Data,,,False,,,False,,,,False,False,W12359,15.62,LOW,No rule-based risk condition triggered,False,-0.029,Normal,Isolation Forest,58.33,32.7,LOW,No significant risk indicator detected,LOW
,Coimbatore,,Triya Khatri,W10078,,Public Toilet Complex,Zilla Panchayat,7.21,,,,,,,,,Completed,15.61668389346252,synthetic,Synthetic Test Data,,,False,,,False,,,,False,False,W10078,15.62,LOW,No rule-based risk condition triggered,False,-0.0474,Normal,Isolation Forest,4.58,11.2,LOW,No significant risk indicator detected,LOW
,Bengaluru Urban,,Lucky Prashad,W11671,,Community Health Center,District Rural Development Agency,15.4,,,,,,,,,Ongoing,15.614190162671058,synthetic,Synthetic Test Data,,,False,,,False,,,,False,False,W11671,15.61,LOW,No rule-based risk condition triggered,False,-0.0301,Normal,Isolation Forest,53.48,30.76,LOW,No significant risk indicator detected,LOW
,Bengaluru Urban,,Owen Bala,W10409,,Road Construction,Zilla Panchayat,29.14,,,,,,,,,Completed,15.610817524445537,synthetic,Synthetic Test Data,,,False,,,False,,,,False,False,W10409,15.61,LOW,No rule-based risk condition triggered,False,-0.029,Normal,Isolation Forest,58.33,32.7,LOW,No significant risk indicator detected,LOW
,Nashik,,Meera Banerjee,W11507,,Public Toilet Complex,Public Works Department,6.2,,,,,,,,,Ongoing,15.60756477644554,synthetic,Synthetic Test Data,,,False,,,False,,,,False,False,W11507,15.61,LOW,No rule-based risk condition triggered,False,-0.033,Normal,Isolation Forest,41.18,25.84,LOW,No significant risk indicator detected,LOW
,Coimbatore,,Krishna Pant,W10813,,School Building Repair,Zilla Panchayat,14.58,,,,,,,,,Ongoing,15.605645724613018,synthetic,Synthetic Test Data,,,False,,,False,,,,False,False,W10813,15.61,LOW,No rule-based risk condition triggered,False,-0.0278,Normal,Isolation Forest,62.37,34.31,LOW,No significant risk indicator detected,LOW
,Bengaluru Urban,,Odika Naik,W10655,,Street Lighting,State Housing Board,1.87,,,,,,,,,Completed,15.604792378245484,synthetic,Synthetic Test Data,,,False,,,False,,,,False,False,W10655,15.6,LOW,No rule-based risk condition triggered,False,-0.0273,Normal,Isolation Forest,64.32,35.09,LOW,No significant risk indicator detected,LOW
,Varanasi,,Nicholas Gour,W10792,,School Building Repair,Zilla Panchayat,7.72,,,,,,,,,Completed,15.603945306276756,synthetic,Synthetic Test Data,,,False,,,False,,,,False,False,W10792,15.6,LOW,No rule-based risk condition triggered,False,-0.056,Normal,Isolation Forest,0.22,9.45,LOW,No significant risk indicator detected,LOW
,Salem,,Owen Bala,W10082,,Drinking Water Supply,District Rural Development Agency,13.1,,,,,,,,,Ongoing,15.60365838188052,synthetic,Synthetic Test Data,,,False,,,False,,,,False,False,W10082,15.6,LOW,No rule-based risk condition triggered,False,-0.034,Normal,Isolation Forest,36.65,24.02,LOW,No significant risk indicator detected,LOW
,Thane,,Jagat Mangat,W12474,,Community Health Center,Public Works Department,13.04,,,,,,,,,Ongoing,15.60365838188052,synthetic,Synthetic Test Data,,,False,,,False,,,,False,False,W12474,15.6,LOW,No rule-based risk condition triggered,False,-0.031,Normal,Isolation Forest,50.17,29.43,LOW,No significant risk indicator detected,LOW
,Mysuru,,Ronith Zachariah,W11758,,Road Construction,State Housing Board,16.46,,,,,,,,,Ongoing,15.602229387960367,synthetic,Synthetic Test Data,,,False,,,False,,,,False,False,W11758,15.6,LOW,No rule-based risk condition triggered,False,-0.0314,Normal,Isolation Forest,48.37,28.71,LOW,No significant risk indicator detected,LOW
,Asansol,,Meera Banerjee,W10213,,Drainage System,District Rural Development Agency,15.73,,,,,,,,,Ongoing,15.591389523457254,synthetic,Synthetic Test Data,,,False,,,False,,,,False,False,W10213,15.59,LOW,No rule-based risk condition triggered,False,-0.037,Normal,Isolation Forest,24.75,19.25,LOW,No significant risk indicator detected,LOW
,Coimbatore,,Meera Banerjee,W10014,,School Building Repair,Public Works Department,7.49,,,,,,,,,Completed,15.583277102711229,synthetic,Synthetic Test Data,,,False,,,False,,,,False,False,W10014,15.58,LOW,No rule-based risk condition triggered,False,-0.0406,Normal,Isolation Forest,14.82,15.28,LOW,No significant risk indicator detected,LOW
,Salem,,Varsha Morar,W11028,,Drainage System,District Rural Development Agency,7.69,,,,,,,,,Ongoing,15.578756120791793,synthetic,Synthetic Test Data,,,False,,,False,,,,False,False,W11028,15.58,LOW,No rule-based risk condition triggered,False,-0.0387,Normal,Isolation Forest,20.17,17.42,LOW,No significant risk indicator detected,LOW
,Mysuru,,Ria Ratta,W10357,,Street Lighting,Public Works Department,4.52,,,,,,,,,Ongoing,15.577475212291652,synthetic,Synthetic Test Data,,,False,,,False,,,,False,False,W10357,15.58,LOW,No rule-based risk condition triggered,False,-0.0395,Normal,Isolation Forest,18.02,16.56,LOW,No significant risk indicator detected,LOW
,Belagavi,,Gaurav Chandra,W12382,,Public Toilet Complex,Zilla Panchayat,7.2,,,,,,,,,Completed,15.573021768969776,synthetic,Synthetic Test Data,,,False,,,False,,,,False,False,W12382,15.57,LOW,No rule-based risk condition triggered,False,-0.048,Normal,Isolation Forest,4.32,11.07,LOW,No significant risk indicator detected,LOW
,Lucknow,,Yug Choudhry,W10787,,Drinking Water Supply,Zilla Panchayat,17.86,,,,,,,,,Completed,15.572045584802282,synthetic,Synthetic Test Data,,,False,,,False,,,,False,False,W10787,15.57,LOW,No rule-based risk condition triggered,False,-0.031,Normal,Isolation Forest,50.17,29.41,LOW,No significant risk indicator detected,LOW
,Mysuru,,Ronith Zachariah,W11197,,Street Lighting,State Housing Board,5.4,,,,,,,,,Ongoing,15.57146641688204,synthetic,Synthetic Test Data,,,False,,,False,,,,False,False,W11197,15.57,LOW,No rule-based risk condition triggered,False,-0.0338,Normal,Isolation Forest,37.63,24.39,LOW,No significant risk indicator detected,LOW
,Dharwad,,Nicholas Gour,W11907,,Drainage System,State Housing Board,7.9,,,,,,,,,Ongoing,15.565225126328588,synthetic,Synthetic Test Data,,,False,,,False,,,,False,False,W11907,15.57,LOW,No rule-based risk condition triggered,False,-0.0375,Normal,Isolation Forest,23.62,18.79,LOW,No significant risk indicator detected,LOW
,Dharwad,,Deepa Gala,W10027,,Street Lighting,State Housing Board,5.6,,,,,,,,,Completed,15.553861213538887,synthetic,Synthetic Test Data,,,False,,,False,,,,False,False,W10027,15.55,LOW,No rule-based risk condition triggered,False,-0.0307,Normal,Isolation Forest,51.0,29.73,LOW,No significant risk indicator detected,LOW
,Dharwad,,Rayaan Mand,W12403,,Road Construction,State Housing Board,15.88,,,,,,,,,Ongoing,15.546529729510423,synthetic,Synthetic Test Data,,,False,,,False,,,,False,False,W12403,15.55,LOW,No rule-based risk condition triggered,False,-0.0308,Normal,Isolation Forest,50.73,29.62,LOW,No significant risk indicator detected,LOW
,Chennai,,Varsha Morar,W10365,,Drinking Water Supply,District Rural Development Agency,8.18,,,,,,,,,Ongoing,15.53579488566813,synthetic,Synthetic Test Data,,,False,,,False,,,,False,False,W10365,15.54,LOW,No rule-based risk condition triggered,False,-0.0323,Normal,Isolation Forest,44.33,27.06,LOW,No significant risk indicator detected,LOW
,Darjeeling,,Deepa Gala,W10331,,Road Construction,District Rural Development Agency,22.57,,,,,,,,,Completed,15.534863128583972,synthetic,Synthetic Test Data,,,False,,,False,,,,False,False,W10331,15.53,LOW,No rule-based risk condition triggered,False,-0.0115,Normal,Isolation Forest,89.82,45.25,MEDIUM,No significant risk indicator detected,MEDIUM
,Thane,,Rayaan Mand,W10599,,Street Lighting,Public Works Department,2.9,,,,,,,,,Ongoing,15.534592296512074,synthetic,Synthetic Test Data,,,False,,,False,,,,False,False,W10599,15.53,LOW,No rule-based risk condition triggered,False,-0.0342,Normal,Isolation Forest,35.78,23.63,LOW,No significant risk indicator detected,LOW
,Nagpur,,Eesha Memon,W10877,,Street Lighting,State Housing Board,5.76,,,,,,,,,Completed,15.534143385416852,synthetic,Synthetic Test Data,,,False,,,False,,,,False,False,W10877,15.53,LOW,No rule-based risk condition triggered,False,-0.0299,Normal,Isolation Forest,54.43,31.09,LOW,No significant risk indicator detected,LOW
,Nashik,,Sanya Swamy,W10526,,Community Health Center,Public Works Department,35.06,,,,,,,,,Ongoing,15.530552549393631,synthetic,Synthetic Test Data,,,False,,,False,,,,False,False,W10526,15.53,LOW,No rule-based risk condition triggered,False,-0.0237,Normal,Isolation Forest,74.17,38.99,LOW,No significant risk indicator detected,LOW
,Mysuru,,Christopher Kadakia,W11484,,Public Toilet Complex,State Housing Board,4.09,,,,,,,,,Ongoing,15.525903537488542,synthetic,Synthetic Test Data,,,False,,,False,,,,False,False,W11484,15.53,LOW,No rule-based risk condition triggered,False,-0.0247,Normal,Isolation Forest,71.85,38.06,LOW,No significant risk indicator detected,LOW
,Dharwad,,Vanya Suresh,W10363,,Community Health Center,Public Works Department,39.3,,,,,,,,,Completed,15.5204805284449,synthetic,Synthetic Test Data,,,False,,,False,,,,False,False,W10363,15.52,LOW,No rule-based risk condition triggered,False,-0.0076,Normal,Isolation Forest,92.3,46.23,MEDIUM,No significant risk indicator detected,MEDIUM
,Nagpur,,Pallavi Krish,W10041,,Road Construction,Zilla Panchayat,28.1,,,,,,,,,Completed,15.513971107799184,synthetic,Synthetic Test Data,,,False,,,False,,,,False,False,W10041,15.51,LOW,No rule-based risk condition triggered,False,-0.0309,Normal,Isolation Forest,50.5,29.51,LOW,No significant risk indicator detected,LOW
,Asansol,,Ria Ratta,W11496,,School Building Repair,Municipal Corporation,9.42,,,,,,,,,Ongoing,15.513515167965467,synthetic,Synthetic Test Data,,,False,,,False,,,,False,False,W11496,15.51,LOW,No rule-based risk condition triggered,False,-0.0375,Normal,Isolation Forest,23.62,18.75,LOW,No significant risk indicator detected,LOW
,Agra,,Lucky Prashad,W11462,,Street Lighting,Zilla Panchayat,1.84,,,,,,,,,Completed,15.50810363087384,synthetic,Synthetic Test Data,,,False,,,False,,,,False,False,W11462,15.51,LOW,No rule-based risk condition triggered,False,-0.0339,Normal,Isolation Forest,37.15,24.17,LOW,No significant risk indicator detected,LOW
,Kolkata,,Ishwar Boase,W11940,,Drainage System,State Housing Board,4.78,,,,,,,,,Ongoing,15.501761638598644,synthetic,Synthetic Test Data,,,False,,,False,,,,False,False,W11940,15.5,LOW,No rule-based risk condition triggered,False,-0.0305,Normal,Isolation Forest,51.93,30.07,LOW,No significant risk indicator detected,LOW
,Mysuru,,Tanish Iyer,W12068,,Drinking Water Supply,Zilla Panchayat,16.89,,,,,,,,,Ongoing,15.493209034235797,synthetic,Synthetic Test Data,,,False,,,False,,,,False,False,W12068,15.49,LOW,No rule-based risk condition triggered,False,-0.0349,Normal,Isolation Forest,32.65,22.35,LOW,No significant risk indicator detected,LOW
,Agra,,Oliver Sarma,W12483,,Public Toilet Complex,State Housing Board,4.29,,,,,,,,,Ongoing,15.481999434487427,synthetic,Synthetic Test Data,,,False,,,False,,,,False,False,W12483,15.48,LOW,No rule-based risk condition triggered,False,-0.026,Normal,Isolation Forest,68.0,36.49,LOW,No significant risk indicator detected,LOW
,Madurai,,Ria Ratta,W12064,,Road Construction,Zilla Panchayat,20.59,,,,,,,,,Completed,15.478653364220092,synthetic,Synthetic Test Data,,,False,,,False,,,,False,False,W12064,15.48,LOW,No rule-based risk condition triggered,False,-0.0408,Normal,Isolation Forest,14.02,14.9,LOW,No significant risk indicator detected,LOW
,Coimbatore,,Christopher Kadakia,W11576,,Drainage System,Public Works Department,15.16,,,,,,,,,Completed,15.458237184589166,synthetic,Synthetic Test Data,,,False,,,False,,,,False,False,W11576,15.46,LOW,No rule-based risk condition triggered,False,-0.0274,Normal,Isolation Forest,63.97,34.86,LOW,No significant risk indicator detected,LOW
,Mysuru,,Deepa Gala,W12158,,Public Toilet Complex,Municipal Corporation,5.96,,,,,,,,,Ongoing,15.458116526052908,synthetic,Synthetic Test Data,,,False,,,False,,,,False,False,W12158,15.46,LOW,No rule-based risk condition triggered,False,-0.0246,Normal,Isolation Forest,72.25,38.18,LOW,No significant risk indicator detected,LOW
,Kanpur,,Bachittar Choudhry,W10875,,Road Construction,State Housing Board,14.42,,,,,,,,,Ongoing,15.447583095610696,synthetic,Synthetic Test Data,,,False,,,False,,,,False,False,W10875,15.45,LOW,No rule-based risk condition triggered,False,-0.0327,Normal,Isolation Forest,42.53,26.28,LOW,No significant risk indicator detected,LOW
,Belagavi,,Deepa Gala,W11289,,Public Toilet Complex,Zilla Panchayat,2.74,,,,,,,,,Ongoing,15.446713426408166,synthetic,Synthetic Test Data,,,False,,,False,,,,False,False,W11289,15.45,LOW,No rule-based risk condition triggered,False,-0.0305,Normal,Isolation Forest,51.93,30.04,LOW,No significant risk indicator detected,LOW
,Nagpur,,Advaith Gole,W11176,,Drainage System,District Rural Development Agency,5.2,,,,,,,,,Ongoing,15.44439602427612,synthetic,Synthetic Test Data,,,False,,,False,,,,False,False,W11176,15.44,LOW,No rule-based risk condition triggered,False,-0.0344,Normal,Isolation Forest,34.82,23.19,LOW,No significant risk indicator detected,LOW
,Salem,,Ronith Zachariah,W12722,,Community Health Center,State Housing Board,15.63,,,,,,,,,Completed,15.43961988845136,synthetic,Synthetic Test Data,,,False,,,False,,,,False,False,W12722,15.44,LOW,No rule-based risk condition triggered,False,-0.0319,Normal,Isolation Forest,46.1,27.7,LOW,No significant risk indicator detected,LOW
,Mysuru,,Vrinda Biswas,W11980,,Drinking Water Supply,Municipal Corporation,18.5,,,,,,,,,Ongoing,15.438215102444111,synthetic,Synthetic Test Data,,,False,,,False,,,,False,False,W11980,15.44,LOW,No rule-based risk condition triggered,False,-0.0143,Normal,Isolation Forest,87.6,44.3,MEDIUM,No significant risk indicator detected,MEDIUM
,Salem,,Bachittar Choudhry,W12121,,Community Health Center,Municipal Corporation,11.12,,,,,,,,,Completed,15.436723687384784,synthetic,Synthetic Test Data,,,False,,,False,,,,False,False,W12121,15.44,LOW,No rule-based risk condition triggered,False,-0.0277,Normal,Isolation Forest,62.88,34.42,LOW,No significant risk indicator detected,LOW
,Agra,,Azaan Gupta,W12596,,Drainage System,Zilla Panchayat,8.81,,,,,,,,,Completed,15.43031714999365,synthetic,Synthetic Test Data,,,False,,,False,,,,False,False,W12596,15.43,LOW,No rule-based risk condition triggered,False,-0.0525,Normal,Isolation Forest,1.57,9.89,LOW,No significant risk indicator detected,LOW
,Kolkata,,Yamini Chand,W10555,,Public Toilet Complex,Municipal Corporation,2.42,,,,,,,,,Completed,15.429208435895228,synthetic,Synthetic Test Data,,,False,,,False,,,,False,False,W10555,15.43,LOW,No rule-based risk condition triggered,False,-0.0252,Normal,Isolation Forest,70.22,37.35,LOW,No significant risk indicator detected,LOW
,Kolkata,,Victor Venkataraman,W11748,,Public Toilet Complex,District Rural Development Agency,3.26,,,,,,,,,Completed,15.424246715768346,synthetic,Synthetic Test Data,,,False,,,False,,,,False,False,W11748,15.42,LOW,No rule-based risk condition triggered,False,-0.0204,Normal,Isolation Forest,80.32,41.38,MEDIUM,No significant risk indicator detected,MEDIUM
,Dharwad,,Yamini Chand,W12535,,Community Health Center,District Rural Development Agency,30.08,,,,,,,,,Completed,15.421273403039088,synthetic,Synthetic Test Data,,,False,,,False,,,,False,False,W12535,15.42,LOW,No rule-based risk condition triggered,False,-0.0306,Normal,Isolation Forest,51.43,29.82,LOW,No significant risk indicator detected,LOW
,Dharwad,,Advaith Gole,W10335,,Drainage System,Municipal Corporation,14.07,,,,,,,,,Ongoing,15.421202325837797,synthetic,Synthetic Test Data,,,False,,,False,,,,False,False,W10335,15.42,LOW,No rule-based risk condition triggered,False,-0.0308,Normal,Isolation Forest,50.73,29.54,LOW,No significant risk indicator detected,LOW
,Dharwad,,Yutika Rana,W12061,,Drainage System,State Housing Board,7.1,,,,,,,,,Completed,15.41718912427715,synthetic,Synthetic Test Data,,,False,,,False,,,,False,False,W12061,15.42,LOW,No rule-based risk condition triggered,False,-0.0395,Normal,Isolation Forest,18.02,16.46,LOW,No significant risk indicator detected,LOW
,Coimbatore,,Yug Choudhry,W12816,,Street Lighting,District Rural Development Agency,2.93,,,,,,,,,Ongoing,15.41284440402178,synthetic,Synthetic Test Data,,,False,,,False,,,,False,False,W12816,15.41,LOW,No rule-based risk condition triggered,False,-0.0307,Normal,Isolation Forest,51.0,29.65,LOW,No significant risk indicator detected,LOW
,Kanpur,,Krishna Pant,W12973,,Road Construction,Municipal Corporation,6.7,,,,,,,,,Ongoing,15.411010506480938,synthetic,Synthetic Test Data,,,False,,,False,,,,False,False,W12973,15.41,LOW,No rule-based risk condition triggered,False,-0.0081,Normal,Isolation Forest,92.07,46.07,MEDIUM,No significant risk indicator detected,MEDIUM
,Salem,,Leena Butala,W10133,,Drainage System,District Rural Development Agency,16.74,,,,,,,,,Ongoing,15.409544791908685,synthetic,Synthetic Test Data,,,False,,,False,,,,False,False,W10133,15.41,LOW,No rule-based risk condition triggered,False,-0.0335,Normal,Isolation Forest,38.83,24.78,LOW,No significant risk indicator detected,LOW
,Howrah,,Onveer Kata,W11834,,Community Health Center,Municipal Corporation,33.62,,,,,,,,,Ongoing,15.408143642064426,synthetic,Synthetic Test Data,,,False,,,False,,,,False,False,W11834,15.41,LOW,No rule-based risk condition triggered,False,-0.0021,Normal,Isolation Forest,94.17,46.91,MEDIUM,No significant risk indicator detected,MEDIUM
,Nagpur,,Tanish Iyer,W11084,,Drainage System,Public Works Department,6.37,,,,,,,,,Ongoing,15.404338093946407,synthetic,Synthetic Test Data,,,False,,,False,,,,False,False,W11084,15.4,LOW,No rule-based risk condition triggered,False,-0.041,Normal,Isolation Forest,13.22,14.53,LOW,No significant risk indicator detected,LOW
,Kanpur,,Pallavi Krish,W12379,,Drainage System,Public Works Department,16.69,,,,,,,,,Ongoing,15.403286612689058,synthetic,Synthetic Test Data,,,False,,,False,,,,False,False,W12379,15.4,LOW,No rule-based risk condition triggered,False,-0.0334,Normal,Isolation Forest,39.33,24.97,LOW,No significant risk indicator detected,LOW
,Chennai,,Gaurav Chandra,W10678,,Drinking Water Supply,District Rural Development Agency,16.6,,,,,,,,,Ongoing,15.39968917409575,synthetic,Synthetic Test Data,,,False,,,False,,,,False,False,W10678,15.4,LOW,No rule-based risk condition triggered,False,-0.0266,Normal,Isolation Forest,66.5,35.84,LOW,No significant risk indicator detected,LOW
,Mysuru,,Nicholas Gour,W11341,,School Building Repair,Zilla Panchayat,13.29,,,,,,,,,Ongoing,15.398925751748326,synthetic,Synthetic Test Data,,,False,,,False,,,,False,False,W11341,15.4,LOW,No rule-based risk condition triggered,False,-0.0328,Normal,Isolation Forest,42.08,26.07,LOW,No significant risk indicator detected,LOW
,Dharwad,,Lucky Prashad,W11565,,Community Health Center,State Housing Board,16.33,,,,,,,,,Ongoing,15.398342670114316,synthetic,Synthetic Test Data,,,False,,,False,,,,False,False,W11565,15.4,LOW,No rule-based risk condition triggered,False,-0.0313,Normal,Isolation Forest,48.77,28.75,LOW,No significant risk indicator detected,LOW
,Bengaluru Urban,,Bachittar Choudhry,W10623,,Drinking Water Supply,District Rural Development Agency,11.47,,,,,,,,,Ongoing,15.374274987114424,synthetic,Synthetic Test Data,,,False,,,False,,,,False,False,W10623,15.37,LOW,No rule-based risk condition triggered,False,-0.0364,Normal,Isolation Forest,26.65,19.88,LOW,No significant risk indicator detected,LOW
,Nashik,,Ria Ratta,W10965,,Drinking Water Supply,Public Works Department,13.22,,,,,,,,,Completed,15.372610631824656,synthetic,Synthetic Test Data,,,False,,,False,,,,False,False,W10965,15.37,LOW,No rule-based risk condition triggered,False,-0.0353,Normal,Isolation Forest,31.13,21.67,LOW,No significant risk indicator detected,LOW
,Nagpur,,Nicholas Gour,W12796,,Drainage System,Zilla Panchayat,3.11,,,,,,,,,Ongoing,15.371635797716516,synthetic,Synthetic Test Data,,,False,,,False,,,,False,False,W12796,15.37,LOW,No rule-based risk condition triggered,False,-0.034,Normal,Isolation Forest,36.65,23.88,LOW,No significant risk indicator detected,LOW
,Belagavi,,Ishwar Boase,W11083,,Drinking Water Supply,Public Works Department,17.58,,,,,,,,,Ongoing,15.36813552603245,synthetic,Synthetic Test Data,,,False,,,False,,,,False,False,W11083,15.37,LOW,No rule-based risk condition triggered,False,-0.0244,Normal,Isolation Forest,72.75,38.32,LOW,No significant risk indicator detected,LOW
,Nashik,,Lucky Prashad,W12763,,Drainage System,District Rural Development Agency,14.6,,,,,,,,,Ongoing,15.362825702124807,synthetic,Synthetic Test Data,,,False,,,False,,,,False,False,W12763,15.36,LOW,No rule-based risk condition triggered,False,-0.0401,Normal,Isolation Forest,15.92,15.58,LOW,No significant risk indicator detected,LOW
,Varanasi,,Yamini Chand,W10739,,School Building Repair,District Rural Development Agency,11.52,,,,,,,,,Ongoing,15.362262672441712,synthetic,Synthetic Test Data,,,False,,,False,,,,False,False,W10739,15.36,LOW,No rule-based risk condition triggered,False,-0.0335,Normal,Isolation Forest,38.83,24.75,LOW,No significant risk indicator detected,LOW
,Asansol,,Yadavi Deshmukh,W12780,,Public Toilet Complex,District Rural Development Agency,3.11,,,,,,,,,Ongoing,15.361152921314456,synthetic,Synthetic Test Data,,,False,,,False,,,,False,False,W12780,15.36,LOW,No rule-based risk condition triggered,False,-0.024,Normal,Isolation Forest,73.6,38.66,LOW,No significant risk indicator detected,LOW
,Kanpur,,Ishwar Boase,W10618,,Street Lighting,Municipal Corporation,1.58,,,,,,,,,Completed,15.360033033581786,synthetic,Synthetic Test Data,,,False,,,False,,,,False,False,W10618,15.36,LOW,No rule-based risk condition triggered,False,-0.01,Normal,Isolation Forest,90.88,45.57,MEDIUM,No significant risk indicator detected,MEDIUM
,Darjeeling,,Eesha Memon,W11571,,Street Lighting,Public Works Department,4.97,,,,,,,,,Ongoing,15.35666919138583,synthetic,Synthetic Test Data,,,False,,,False,,,,False,False,W11571,15.36,LOW,No rule-based risk condition triggered,False,-0.0363,Normal,Isolation Forest,27.15,20.08,LOW,No significant risk indicator detected,LOW
,Bengaluru Urban,,Owen Bala,W10439,,Community Health Center,District Rural Development Agency,15.81,,,,,,,,,Ongoing,15.355390174350063,synthetic,Synthetic Test Data,,,False,,,False,,,,False,False,W10439,15.36,LOW,No rule-based risk condition triggered,False,-0.0303,Normal,Isolation Forest,52.8,30.34,LOW,No significant risk indicator detected,LOW
,Darjeeling,,Yamini Chand,W10692,,Community Health Center,Municipal Corporation,17.95,,,,,,,,,Completed,15.343377909892055,synthetic,Synthetic Test Data,,,False,,,False,,,,False,False,W10692,15.34,LOW,No rule-based risk condition triggered,False,-0.0268,Normal,Isolation Forest,65.85,35.54,LOW,No significant risk indicator detected,LOW
,Howrah,,Leena Butala,W10431,,School Building Repair,Zilla Panchayat,4.45,,,,,,,,,Ongoing,15.332700596926166,synthetic,Synthetic Test Data,,,False,,,False,,,,False,False,W10431,15.33,LOW,No rule-based risk condition triggered,False,-0.0395,Normal,Isolation Forest,18.02,16.41,LOW,No significant risk indicator detected,LOW
,Darjeeling,,Nicholas Gour,W12238,,Street Lighting,District Rural Development Agency,4.45,,,,,,,,,Ongoing,15.33023497242998,synthetic,Synthetic Test Data,,,False,,,False,,,,False,False,W12238,15.33,LOW,No rule-based risk condition triggered,False,-0.0361,Normal,Isolation Forest,28.13,20.45,LOW,No significant risk indicator detected,LOW
,Pune,,Rayaan Mand,W12131,,Public Toilet Complex,District Rural Development Agency,7.42,,,,,,,,,Ongoing,15.329994898511693,synthetic,Synthetic Test Data,,,False,,,False,,,,False,False,W12131,15.33,LOW,No rule-based risk condition triggered,False,-0.0294,Normal,Isolation Forest,56.62,31.85,LOW,No significant risk indicator detected,LOW
,Chennai,,Owen Bala,W10775,,Public Toilet Complex,Zilla Panchayat,3.22,,,,,,,,,Ongoing,15.324202387933942,synthetic,Synthetic Test Data,,,False,,,False,,,,False,False,W10775,15.32,LOW,No rule-based risk condition triggered,False,-0.0332,Normal,Isolation Forest,40.32,25.32,LOW,No significant risk indicator detected,LOW
,Chennai,,Victor Venkataraman,W10742,,Road Construction,District Rural Development Agency,15.56,,,,,,,,,Completed,15.322254204781649,synthetic,Synthetic Test Data,,,False,,,False,,,,False,False,W10742,15.32,LOW,No rule-based risk condition triggered,False,-0.0166,Normal,Isolation Forest,85.48,43.38,MEDIUM,No significant risk indicator detected,MEDIUM
,Varanasi,,Owen Bala,W11850,,Community Health Center,Public Works Department,14.85,,,,,,,,,Ongoing,15.320026669131389,synthetic,Synthetic Test Data,,,False,,,False,,,,False,False,W11850,15.32,LOW,No rule-based risk condition triggered,False,-0.0305,Normal,Isolation Forest,51.93,29.96,LOW,No significant risk indicator detected,LOW
,Howrah,,Ronith Zachariah,W10433,,Community Health Center,District Rural Development Agency,10.17,,,,,,,,,Ongoing,15.316548178920025,synthetic,Synthetic Test Data,,,False,,,False,,,,False,False,W10433,15.32,LOW,No rule-based risk condition triggered,False,-0.0305,Normal,Isolation Forest,51.93,29.96,LOW,No significant risk indicator detected,LOW
,Asansol,,Krishna Pant,W10785,,Drinking Water Supply,Municipal Corporation,14.22,,,,,,,,,Ongoing,15.30865978837178,synthetic,Synthetic Test Data,,,False,,,False,,,,False,False,W10785,15.31,LOW,No rule-based risk condition triggered,False,-0.0299,Normal,Isolation Forest,54.43,30.96,LOW,No significant risk indicator detected,LOW
,Pune,,Gabriel Thaman,W12454,,Drainage System,Public Works Department,15.13,,,,,,,,,Ongoing,15.299896881662889,synthetic,Synthetic Test Data,,,False,,,False,,,,False,False,W12454,15.3,LOW,No rule-based risk condition triggered,False,-0.0394,Normal,Isolation Forest,18.43,16.55,LOW,No significant risk indicator detected,LOW
,Nashik,,Rayaan Mand,W11078,,School Building Repair,Zilla Panchayat,7.69,,,,,,,,,Completed,15.294092980276073,synthetic,Synthetic Test Data,,,False,,,False,,,,False,False,W11078,15.29,LOW,No rule-based risk condition triggered,False,-0.056,Normal,Isolation Forest,0.22,9.26,LOW,No significant risk indicator detected,LOW
,Howrah,,Owen Bansal,W10887,,Road Construction,Zilla Panchayat,11.86,,,,,,,,,Ongoing,15.29269976580893,synthetic,Synthetic Test Data,,,False,,,False,,,,False,False,W10887,15.29,LOW,No rule-based risk condition triggered,False,-0.0437,Normal,Isolation Forest,8.28,12.49,LOW,No significant risk indicator detected,LOW
,Nagpur,,Rayaan Mand,W10123,,Drainage System,Municipal Corporation,16.05,,,,,,,,,Completed,15.285355269314955,synthetic,Synthetic Test Data,,,False,,,False,,,,False,False,W10123,15.29,LOW,No rule-based risk condition triggered,False,-0.0211,Normal,Isolation Forest,78.95,40.75,MEDIUM,No significant risk indicator detected,MEDIUM
,Thane,,Lucky Prashad,W11260,,Public Toilet Complex,Municipal Corporation,5.34,,,,,,,,,Ongoing,15.282933337685614,synthetic,Synthetic Test Data,,,False,,,False,,,,False,False,W11260,15.28,LOW,No rule-based risk condition triggered,False,-0.0246,Normal,Isolation Forest,72.25,38.07,LOW,No significant risk indicator detected,LOW
,Mysuru,,Widisha Yohannan,W11510,,School Building Repair,State Housing Board,10.19,,,,,,,,,Completed,15.282775776616234,synthetic,Synthetic Test Data,,,False,,,False,,,,False,False,W11510,15.28,LOW,No rule-based risk condition triggered,False,-0.0495,Normal,Isolation Forest,3.33,10.5,LOW,No significant risk indicator detected,LOW
,Asansol,,Eesha Memon,W11524,,Drinking Water Supply,Zilla Panchayat,14.97,,,,,,,,,Ongoing,15.282482151620403,synthetic,Synthetic Test Data,,,False,,,False,,,,False,False,W11524,15.28,LOW,No rule-based risk condition triggered,False,-0.0392,Normal,Isolation Forest,19.02,16.78,LOW,No significant risk indicator detected,LOW
,Mysuru,,Sanya Swamy,W12007,,Street Lighting,Municipal Corporation,2.62,,,,,,,,,Ongoing,15.2791216,synthetic,Synthetic Test Data,,,False,,,False,,,,False,False,W12007,15.28,LOW,No rule-based risk condition triggered,False,-0.0178,Normal,Isolation Forest,84.12,42.82,MEDIUM,No significant risk indicator detected,MEDIUM
,Thane,,Leena Butala,W11122,,Community Health Center,Zilla Panchayat,21.4,,,,,,,,,Completed,15.277996679834104,synthetic,Synthetic Test Data,,,False,,,False,,,,False,False,W11122,15.28,LOW,No rule-based risk condition triggered,False,-0.026,Normal,Isolation Forest,68.0,36.37,LOW,No significant risk indicator detected,LOW
,Varanasi,,Advaith Gole,W10991,,School Building Repair,District Rural Development Agency,11.63,,,,,,,,,Ongoing,15.274129503658944,synthetic,Synthetic Test Data,,,False,,,False,,,,False,False,W10991,15.27,LOW,No rule-based risk condition triggered,False,-0.0335,Normal,Isolation Forest,38.83,24.69,LOW,No significant risk indicator detected,LOW
,Bengaluru Urban,,Sanya Swamy,W12111,,Drinking Water Supply,Municipal Corporation,10.49,,,,,,,,,Completed,15.252884292106195,synthetic,Synthetic Test Data,,,False,,,False,,,,False,False,W12111,15.25,LOW,No rule-based risk condition triggered,False,-0.0306,Normal,Isolation Forest,51.43,29.72,LOW,No significant risk indicator detected,LOW
,Belagavi,,Rayaan Mand,W12536,,Public Toilet Complex,District Rural Development Agency,5.17,,,,,,,,,Ongoing,15.249378222097274,synthetic,Synthetic Test Data,,,False,,,False,,,,False,False,W12536,15.25,LOW,No rule-based risk condition triggered,False,-0.0323,Normal,Isolation Forest,44.33,26.88,LOW,No significant risk indicator detected,LOW
,Lucknow,,Oliver Sarma,W10676,,Public Toilet Complex,Public Works Department,4.63,,,,,,,,,Ongoing,15.24892738429959,synthetic,Synthetic Test Data,,,False,,,False,,,,False,False,W10676,15.25,LOW,No rule-based risk condition triggered,False,-0.0349,Normal,Isolation Forest,32.65,22.21,LOW,No significant risk indicator detected,LOW
,Nagpur,,Owen Bala,W12500,,Public Toilet Complex,Public Works Department,2.67,,,,,,,,,Completed,15.24692520181962,synthetic,Synthetic Test Data,,,False,,,False,,,,False,False,W12500,15.25,LOW,No rule-based risk condition triggered,False,-0.0272,Normal,Isolation Forest,64.7,35.03,LOW,No significant risk indicator detected,LOW
,Kanpur,,Hemang Bava,W11292,,Road Construction,State Housing Board,14.25,,,,,,,,,Ongoing,15.243873867905185,synthetic,Synthetic Test Data,,,False,,,False,,,,False,False,W11292,15.24,LOW,No rule-based risk condition triggered,False,-0.0328,Normal,Isolation Forest,42.08,25.98,LOW,No significant risk indicator detected,LOW
,Thane,,Lucky Prashad,W11627,,Drainage System,District Rural Development Agency,13.51,,,,,,,,,Ongoing,15.24300740624411,synthetic,Synthetic Test Data,,,False,,,False,,,,False,False,W11627,15.24,LOW,No rule-based risk condition triggered,False,-0.0399,Normal,Isolation Forest,16.53,15.76,LOW,No significant risk indicator detected,LOW
,Asansol,,Sanya Swamy,W10285,,Drinking Water Supply,Zilla Panchayat,11.62,,,,,,,,,Ongoing,15.233232977606896,synthetic,Synthetic Test Data,,,False,,,False,,,,False,False,W10285,15.23,LOW,No rule-based risk condition triggered,False,-0.0412,Normal,Isolation Forest,12.82,14.27,LOW,No significant risk indicator detected,LOW
,Lucknow,,Meera Banerjee,W10251,,Drainage System,Zilla Panchayat,17.72,,,,,,,,,Ongoing,15.231121807680005,synthetic,Synthetic Test Data,,,False,,,False,,,,False,False,W10251,15.23,LOW,No rule-based risk condition triggered,False,-0.0352,Normal,Isolation Forest,31.5,21.74,LOW,No significant risk indicator detected,LOW
,Lucknow,,Tanish Iyer,W11863,,Street Lighting,Municipal Corporation,3.95,,,,,,,,,Ongoing,15.228758803278808,synthetic,Synthetic Test Data,,,False,,,False,,,,False,False,W11863,15.23,LOW,No rule-based risk condition triggered,False,-0.0208,Normal,Isolation Forest,79.5,40.94,MEDIUM,No significant risk indicator detected,MEDIUM
,Kolkata,,Mugdha Varty,W10653,,Public Toilet Complex,State Housing Board,7.94,,,,,,,,,Completed,15.227841550182337,synthetic,Synthetic Test Data,,,False,,,False,,,,False,False,W10653,15.23,LOW,No rule-based risk condition triggered,False,-0.0313,Normal,Isolation Forest,48.77,28.65,LOW,No significant risk indicator detected,LOW
,Thane,,Vanya Suresh,W11859,,Street Lighting,Public Works Department,4.9,,,,,,,,,Completed,15.221063237137962,synthetic,Synthetic Test Data,,,False,,,False,,,,False,False,W11859,15.22,LOW,No rule-based risk condition triggered,False,-0.0253,Normal,Isolation Forest,69.92,37.1,LOW,No significant risk indicator detected,LOW
,Kanpur,,Yutika Rana,W10681,,Drainage System,District Rural Development Agency,11.87,,,,,,,,,Ongoing,15.22076194772772,synthetic,Synthetic Test Data,,,False,,,False,,,,False,False,W10681,15.22,LOW,No rule-based risk condition triggered,False,-0.04,Normal,Isolation Forest,16.25,15.63,LOW,No significant risk indicator detected,LOW
,Coimbatore,,Mugdha Varty,W11800,,Street Lighting,State Housing Board,4.49,,,,,,,,,Ongoing,15.19869697306637,synthetic,Synthetic Test Data,,,False,,,False,,,,False,False,W11800,15.2,LOW,No rule-based risk condition triggered,False,-0.0395,Normal,Isolation Forest,18.02,16.33,LOW,No significant risk indicator detected,LOW
,Chennai,,Yamini Chand,W10388,,Drinking Water Supply,District Rural Development Agency,4.44,,,,,,,,,Ongoing,15.19859676867426,synthetic,Synthetic Test Data,,,False,,,False,,,,False,False,W10388,15.2,LOW,No rule-based risk condition triggered,False,-0.0288,Normal,Isolation Forest,59.15,32.78,LOW,No significant risk indicator detected,LOW
,Kanpur,,Tanish Iyer,W11540,,Drainage System,Municipal Corporation,3.3,,,,,,,,,Ongoing,15.195730013921024,synthetic,Synthetic Test Data,,,False,,,False,,,,False,False,W11540,15.2,LOW,No rule-based risk condition triggered,False,-0.0206,Normal,Isolation Forest,79.83,41.05,MEDIUM,No significant risk indicator detected,MEDIUM
,Thane,,Jagat Mangat,W12331,,Community Health Center,Municipal Corporation,36.08,,,,,,,,,Ongoing,15.192270136165844,synthetic,Synthetic Test Data,,,False,,,False,,,,False,False,W12331,15.19,LOW,No rule-based risk condition triggered,True,0.0044,Anomaly,Isolation Forest,96.07,47.54,MEDIUM,ML: Isolation Forest identified unusual project characteristics,MEDIUM
,Kolkata,,Lucky Prashad,W10028,,Public Toilet Complex,Zilla Panchayat,7.17,,,,,,,,,Ongoing,15.191055507004734,synthetic,Synthetic Test Data,,,False,,,False,,,,False,False,W10028,15.19,LOW,No rule-based risk condition triggered,False,-0.0351,Normal,Isolation Forest,31.87,21.86,LOW,No significant risk indicator detected,LOW
,Nashik,,Lucky Prashad,W10170,,Road Construction,Zilla Panchayat,6.67,,,,,,,,,Completed,15.187068819703684,synthetic,Synthetic Test Data,,,False,,,False,,,,False,False,W10170,15.19,LOW,No rule-based risk condition triggered,False,-0.0342,Normal,Isolation Forest,35.78,23.43,LOW,No significant risk indicator detected,LOW
,Howrah,,Pallavi Krish,W10743,,School Building Repair,District Rural Development Agency,11.05,,,,,,,,,Ongoing,15.184585448872255,synthetic,Synthetic Test Data,,,False,,,False,,,,False,False,W10743,15.18,LOW,No rule-based risk condition triggered,False,-0.0351,Normal,Isolation Forest,31.87,21.86,LOW,No significant risk indicator detected,LOW
,Nashik,,Azaan Gupta,W10945,,Public Toilet Complex,Zilla Panchayat,6.49,,,,,,,,,Completed,15.181721294444529,synthetic,Synthetic Test Data,,,False,,,False,,,,False,False,W10945,15.18,LOW,No rule-based risk condition triggered,False,-0.0527,Normal,Isolation Forest,1.33,9.64,LOW,No significant risk indicator detected,LOW
,Darjeeling,,Odika Naik,W11199,,Drainage System,Zilla Panchayat,12.19,,,,,,,,,Ongoing,15.178126150258205,synthetic,Synthetic Test Data,,,False,,,False,,,,False,False,W11199,15.18,LOW,No rule-based risk condition triggered,False,-0.0475,Normal,Isolation Forest,4.53,10.92,LOW,No significant risk indicator detected,LOW
,Darjeeling,,Yamini Chand,W11310,,Drainage System,State Housing Board,14.06,,,,,,,,,Ongoing,15.175582176721711,synthetic,Synthetic Test Data,,,False,,,False,,,,False,False,W11310,15.18,LOW,No rule-based risk condition triggered,False,-0.0362,Normal,Isolation Forest,27.6,20.15,LOW,No significant risk indicator detected,LOW
,Salem,,Widisha Yohannan,W12185,,Drainage System,Public Works Department,11.78,,,,,,,,,Completed,15.168339776825352,synthetic,Synthetic Test Data,,,False,,,False,,,,False,False,W12185,15.17,LOW,No rule-based risk condition triggered,False,-0.0335,Normal,Isolation Forest,38.83,24.63,LOW,No significant risk indicator detected,LOW
,Varanasi,,Deepa Gala,W12008,,Drinking Water Supply,Municipal Corporation,14.45,,,,,,,,,Ongoing,15.16602456220058,synthetic,Synthetic Test Data,,,False,,,False,,,,False,False,W12008,15.17,LOW,No rule-based risk condition triggered,False,-0.0297,Normal,Isolation Forest,55.33,31.23,LOW,No significant risk indicator detected,LOW
,Kanpur,,Gabriel Thaman,W12029,,School Building Repair,Zilla Panchayat,6.78,,,,,,,,,Completed,15.163880572941991,synthetic,Synthetic Test Data,,,False,,,False,,,,False,False,W12029,15.16,LOW,No rule-based risk condition triggered,False,-0.0562,Normal,Isolation Forest,0.12,9.14,LOW,No significant risk indicator detected,LOW
,Mysuru,,Victor Venkataraman,W12444,,Drainage System,Municipal Corporation,14.72,,,,,,,,,Ongoing,15.16257021748498,synthetic,Synthetic Test Data,,,False,,,False,,,,False,False,W12444,15.16,LOW,No rule-based risk condition triggered,False,-0.0297,Normal,Isolation Forest,55.33,31.23,LOW,No significant risk indicator detected,LOW
,Nashik,,Pallavi Krish,W11703,,Road Construction,Municipal Corporation,18.77,,,,,,,,,Completed,15.158404805339126,synthetic,Synthetic Test Data,,,False,,,False,,,,False,False,W11703,15.16,LOW,No rule-based risk condition triggered,False,-0.0194,Normal,Isolation Forest,81.8,41.82,MEDIUM,No significant risk indicator detected,MEDIUM
,Nagpur,,Gaurav Chandra,W10591,,Drainage System,Public Works Department,6.07,,,,,,,,,Completed,15.156000487919336,synthetic,Synthetic Test Data,,,False,,,False,,,,False,False,W10591,15.16,LOW,No rule-based risk condition triggered,False,-0.0281,Normal,Isolation Forest,61.17,33.56,LOW,No significant risk indicator detected,LOW
,Nagpur,,Gaurav Chandra,W11339,,School Building Repair,District Rural Development Agency,10.96,,,,,,,,,Ongoing,15.152025811558332,synthetic,Synthetic Test Data,,,False,,,False,,,,False,False,W11339,15.15,LOW,No rule-based risk condition triggered,False,-0.0346,Normal,Isolation Forest,34.07,22.72,LOW,No significant risk indicator detected,LOW
,Nagpur,,Onveer Kata,W11813,,School Building Repair,State Housing Board,10.28,,,,,,,,,Ongoing,15.14601384372969,synthetic,Synthetic Test Data,,,False,,,False,,,,False,False,W11813,15.15,LOW,No rule-based risk condition triggered,False,-0.0325,Normal,Isolation Forest,43.38,26.44,LOW,No significant risk indicator detected,LOW
,Bengaluru Urban,,Bachittar Choudhry,W12381,,Public Toilet Complex,District Rural Development Agency,4.51,,,,,,,,,Ongoing,15.141686842180995,synthetic,Synthetic Test Data,,,False,,,False,,,,False,False,W12381,15.14,LOW,No rule-based risk condition triggered,False,-0.0311,Normal,Isolation Forest,49.75,28.98,LOW,No significant risk indicator detected,LOW
,Pune,,Triya Khatri,W10228,,Public Toilet Complex,Zilla Panchayat,2.71,,,,,,,,,Ongoing,15.137590131322565,synthetic,Synthetic Test Data,,,False,,,False,,,,False,False,W10228,15.14,LOW,No rule-based risk condition triggered,False,-0.0306,Normal,Isolation Forest,51.43,29.66,LOW,No significant risk indicator detected,LOW
,Belagavi,,Christopher Kadakia,W11353,,Public Toilet Complex,Public Works Department,5.54,,,,,,,,,Completed,15.131991600252386,synthetic,Synthetic Test Data,,,False,,,False,,,,False,False,W11353,15.13,LOW,No rule-based risk condition triggered,False,-0.0437,Normal,Isolation Forest,8.28,12.39,LOW,No significant risk indicator detected,LOW
,Pune,,Widisha Yohannan,W12076,,School Building Repair,State Housing Board,8.14,,,,,,,,,Completed,15.126337260677552,synthetic,Synthetic Test Data,,,False,,,False,,,,False,False,W12076,15.13,LOW,No rule-based risk condition triggered,False,-0.0509,Normal,Isolation Forest,2.28,9.99,LOW,No significant risk indicator detected,LOW
,Howrah,,Krishna Pant,W10434,,Public Toilet Complex,Public Works Department,5.47,,,,,,,,,Ongoing,15.117445772711031,synthetic,Synthetic Test Data,,,False,,,False,,,,False,False,W10434,15.12,LOW,No rule-based risk condition triggered,False,-0.0344,Normal,Isolation Forest,34.82,23.0,LOW,No significant risk indicator detected,LOW
,Nashik,,Victor Venkataraman,W10736,,Drinking Water Supply,Zilla Panchayat,16.46,,,,,,,,,Ongoing,15.091954397088898,synthetic,Synthetic Test Data,,,False,,,False,,,,False,False,W10736,15.09,LOW,No rule-based risk condition triggered,False,-0.0356,Normal,Isolation Forest,30.08,21.09,LOW,No significant risk indicator detected,LOW
,Pune,,Jagat Mangat,W11862,,Street Lighting,Zilla Panchayat,4.26,,,,,,,,,Ongoing,15.086421392383691,synthetic,Synthetic Test Data,,,False,,,False,,,,False,False,W11862,15.09,LOW,No rule-based risk condition triggered,False,-0.0474,Normal,Isolation Forest,4.58,10.89,LOW,No significant risk indicator detected,LOW
,Belagavi,,Owen Bala,W10581,,Public Toilet Complex,Municipal Corporation,4.11,,,,,,,,,Ongoing,15.084780354003076,synthetic,Synthetic Test Data,,,False,,,False,,,,False,False,W10581,15.08,LOW,No rule-based risk condition triggered,False,-0.0183,Normal,Isolation Forest,83.43,42.42,MEDIUM,No significant risk indicator detected,MEDIUM
,Nagpur,,Krishna Pant,W12395,,Drinking Water Supply,Public Works Department,17.83,,,,,,,,,Ongoing,15.083361314005789,synthetic,Synthetic Test Data,,,False,,,False,,,,False,False,W12395,15.08,LOW,No rule-based risk condition triggered,False,-0.0244,Normal,Isolation Forest,72.75,38.15,LOW,No significant risk indicator detected,LOW
,Bengaluru Urban,,Mugdha Varty,W10337,,Street Lighting,Zilla Panchayat,1.67,,,,,,,,,Completed,15.080106326125154,synthetic,Synthetic Test Data,,,False,,,False,,,,False,False,W10337,15.08,LOW,No rule-based risk condition triggered,False,-0.033,Normal,Isolation Forest,41.18,25.52,LOW,No significant risk indicator detected,LOW
,Salem,,Tanish Iyer,W10116,,Drainage System,Municipal Corporation,12.58,,,,,,,,,Ongoing,15.074360189913522,synthetic,Synthetic Test Data,,,False,,,False,,,,False,False,W10116,15.07,LOW,No rule-based risk condition triggered,False,-0.0339,Normal,Isolation Forest,37.15,23.9,LOW,No significant risk indicator detected,LOW
,Madurai,,Deepa Gala,W10175,,Drainage System,Zilla Panchayat,12.64,,,,,,,,,Ongoing,15.071932737879328,synthetic,Synthetic Test Data,,,False,,,False,,,,False,False,W10175,15.07,LOW,No rule-based risk condition triggered,False,-0.0481,Normal,Isolation Forest,4.2,10.72,LOW,No significant risk indicator detected,LOW
,Madurai,,Ria Ratta,W11065,,School Building Repair,Zilla Panchayat,9.98,,,,,,,,,Ongoing,15.071657483006955,synthetic,Synthetic Test Data,,,False,,,False,,,,False,False,W11065,15.07,LOW,No rule-based risk condition triggered,False,-0.04,Normal,Isolation Forest,16.25,15.54,LOW,No significant risk indicator detected,LOW
,Howrah,,Pallavi Krish,W12455,,Street Lighting,Zilla Panchayat,1.16,,,,,,,,,Completed,15.069714431698191,synthetic,Synthetic Test Data,,,False,,,False,,,,False,False,W12455,15.07,LOW,No rule-based risk condition triggered,False,-0.0287,Normal,Isolation Forest,59.43,32.81,LOW,No significant risk indicator detected,LOW
,Dharwad,,Lucky Prashad,W10274,,Drinking Water Supply,Zilla Panchayat,17.47,,,,,,,,,Ongoing,15.066014679667024,synthetic,Synthetic Test Data,,,False,,,False,,,,False,False,W10274,15.07,LOW,No rule-based risk condition triggered,False,-0.0334,Normal,Isolation Forest,39.33,24.77,LOW,No significant risk indicator detected,LOW
,Madurai,,Yadavi Deshmukh,W11996,,Drainage System,Zilla Panchayat,9.07,,,,,,,,,Ongoing,15.064863476832745,synthetic,Synthetic Test Data,,,False,,,False,,,,False,False,W11996,15.06,LOW,No rule-based risk condition triggered,False,-0.0456,Normal,Isolation Forest,6.32,11.56,LOW,No significant risk indicator detected,LOW
,Darjeeling,,Vrinda Biswas,W10012,,Street Lighting,District Rural Development Agency,5.3,,,,,,,,,Ongoing,15.061111423298978,synthetic,Synthetic Test Data,,,False,,,False,,,,False,False,W10012,15.06,LOW,No rule-based risk condition triggered,False,-0.0339,Normal,Isolation Forest,37.15,23.9,LOW,No significant risk indicator detected,LOW
,Agra,,Gaurav Chandra,W10747,,School Building Repair,Zilla Panchayat,9.17,,,,,,,,,Ongoing,15.058276053720402,synthetic,Synthetic Test Data,,,False,,,False,,,,False,False,W10747,15.06,LOW,No rule-based risk condition triggered,False,-0.0415,Normal,Isolation Forest,11.75,13.74,LOW,No significant risk indicator detected,LOW
,Coimbatore,,Jagat Mangat,W11000,,Road Construction,Municipal Corporation,24.18,,,,,,,,,Completed,15.057925253367989,synthetic,Synthetic Test Data,,,False,,,False,,,,False,False,W11000,15.06,LOW,No rule-based risk condition triggered,False,-0.0176,Normal,Isolation Forest,84.32,42.76,MEDIUM,No significant risk indicator detected,MEDIUM
,Agra,,Hemang Bava,W10523,,School Building Repair,District Rural Development Agency,5.21,,,,,,,,,Ongoing,15.053023548312876,synthetic,Synthetic Test Data,,,False,,,False,,,,False,False,W10523,15.05,LOW,No rule-based risk condition triggered,False,-0.0325,Normal,Isolation Forest,43.38,26.38,LOW,No significant risk indicator detected,LOW
,Kanpur,,Yug Choudhry,W11948,,Drainage System,Zilla Panchayat,15.15,,,,,,,,,Completed,15.051145509421524,synthetic,Synthetic Test Data,,,False,,,False,,,,False,False,W11948,15.05,LOW,No rule-based risk condition triggered,False,-0.0425,Normal,Isolation Forest,9.82,12.96,LOW,No significant risk indicator detected,LOW
,Nagpur,,Tanish Iyer,W11437,,Street Lighting,Public Works Department,5.83,,,,,,,,,Completed,15.046755142141093,synthetic,Synthetic Test Data,,,False,,,False,,,,False,False,W11437,15.05,LOW,No rule-based risk condition triggered,False,-0.0195,Normal,Isolation Forest,81.5,41.63,MEDIUM,No significant risk indicator detected,MEDIUM
,Chennai,,Odika Naik,W10371,,Public Toilet Complex,Public Works Department,5.26,,,,,,,,,Completed,15.044542605008852,synthetic,Synthetic Test Data,,,False,,,False,,,,False,False,W10371,15.04,LOW,No rule-based risk condition triggered,False,-0.0429,Normal,Isolation Forest,9.4,12.78,LOW,No significant risk indicator detected,LOW
,Howrah,,Christopher Kadakia,W11914,,School Building Repair,District Rural Development Agency,4.79,,,,,,,,,Ongoing,15.042914919138669,synthetic,Synthetic Test Data,,,False,,,False,,,,False,False,W11914,15.04,LOW,No rule-based risk condition triggered,False,-0.0309,Normal,Isolation Forest,50.5,29.22,LOW,No significant risk indicator detected,LOW
,Kolkata,,Widisha Yohannan,W11101,,School Building Repair,Zilla Panchayat,9.8,,,,,,,,,Completed,15.03126089443449,synthetic,Synthetic Test Data,,,False,,,False,,,,False,False,W11101,15.03,LOW,No rule-based risk condition triggered,False,-0.0544,Normal,Isolation Forest,0.57,9.25,LOW,No significant risk indicator detected,LOW
,Nagpur,,Deepa Gala,W10471,,Public Toilet Complex,Municipal Corporation,6.39,,,,,,,,,Completed,15.019007723126435,synthetic,Synthetic Test Data,,,False,,,False,,,,False,False,W10471,15.02,LOW,No rule-based risk condition triggered,False,-0.0419,Normal,Isolation Forest,10.68,13.28,LOW,No significant risk indicator detected,LOW
,Kanpur,,Advaith Gole,W11465,,Street Lighting,State Housing Board,3.47,,,,,,,,,Ongoing,15.018705560568376,synthetic,Synthetic Test Data,,,False,,,False,,,,False,False,W11465,15.02,LOW,No rule-based risk condition triggered,False,-0.0351,Normal,Isolation Forest,31.87,21.76,LOW,No significant risk indicator detected,LOW
,Kolkata,,Lucky Prashad,W10493,,School Building Repair,District Rural Development Agency,7.67,,,,,,,,,Ongoing,15.016706611663704,synthetic,Synthetic Test Data,,,False,,,False,,,,False,False,W10493,15.02,LOW,No rule-based risk condition triggered,False,-0.0363,Normal,Isolation Forest,27.15,19.87,LOW,No significant risk indicator detected,LOW
,Lucknow,,Owen Bansal,W11206,,Drainage System,Zilla Panchayat,12.68,,,,,,,,,Ongoing,15.013859259330795,synthetic,Synthetic Test Data,,,False,,,False,,,,False,False,W11206,15.01,LOW,No rule-based risk condition triggered,False,-0.0482,Normal,Isolation Forest,4.05,10.63,LOW,No significant risk indicator detected,LOW
,Lucknow,,Vanya Suresh,W11784,,Drainage System,Municipal Corporation,16.71,,,,,,,,,Ongoing,15.010969468209442,synthetic,Synthetic Test Data,,,False,,,False,,,,False,False,W11784,15.01,LOW,No rule-based risk condition triggered,False,-0.021,Normal,Isolation Forest,79.27,40.71,MEDIUM,No significant risk indicator detected,MEDIUM
,Thane,,Sanya Swamy,W12163,,Street Lighting,State Housing Board,3.02,,,,,,,,,Completed,14.997322101615254,synthetic,Synthetic Test Data,,,False,,,False,,,,False,False,W12163,15.0,LOW,No rule-based risk condition triggered,False,-0.0331,Normal,Isolation Forest,40.7,25.28,LOW,No significant risk indicator detected,LOW
,Varanasi,,Eesha Memon,W10225,,Public Toilet Complex,Municipal Corporation,3.12,,,,,,,,,Ongoing,14.996045679373749,synthetic,Synthetic Test Data,,,False,,,False,,,,False,False,W10225,15.0,LOW,No rule-based risk condition triggered,False,-0.0155,Normal,Isolation Forest,86.47,43.59,MEDIUM,No significant risk indicator detected,MEDIUM
,Lucknow,,Owen Bansal,W11401,,Drinking Water Supply,State Housing Board,16.07,,,,,,,,,Ongoing,14.995447933531311,synthetic,Synthetic Test Data,,,False,,,False,,,,False,False,W11401,15.0,LOW,No rule-based risk condition triggered,False,-0.023,Normal,Isolation Forest,75.33,39.13,LOW,No significant risk indicator detected,LOW
,Howrah,,Deepa Gala,W11631,,Public Toilet Complex,State Housing Board,3.18,,,,,,,,,Ongoing,14.993237206513836,synthetic,Synthetic Test Data,,,False,,,False,,,,False,False,W11631,14.99,LOW,No rule-based risk condition triggered,False,-0.0184,Normal,Isolation Forest,83.18,42.27,MEDIUM,No significant risk indicator detected,MEDIUM
,Nashik,,Meera Banerjee,W10275,,Drinking Water Supply,Public Works Department,13.65,,,,,,,,,Ongoing,14.981605820873114,synthetic,Synthetic Test Data,,,False,,,False,,,,False,False,W10275,14.98,LOW,No rule-based risk condition triggered,False,-0.0324,Normal,Isolation Forest,43.83,26.52,LOW,No significant risk indicator detected,LOW
,Agra,,Gabriel Thaman,W10455,,Public Toilet Complex,Municipal Corporation,4.43,,,,,,,,,Completed,14.981446988040426,synthetic,Synthetic Test Data,,,False,,,False,,,,False,False,W10455,14.98,LOW,No rule-based risk condition triggered,False,-0.0388,Normal,Isolation Forest,19.85,16.93,LOW,No significant risk indicator detected,LOW
,Dharwad,,Yug Choudhry,W10306,,Public Toilet Complex,Municipal Corporation,5.98,,,,,,,,,Completed,14.981022214502964,synthetic,Synthetic Test Data,,,False,,,False,,,,False,False,W10306,14.98,LOW,No rule-based risk condition triggered,False,-0.0432,Normal,Isolation Forest,8.97,12.58,LOW,No significant risk indicator detected,LOW
,Kolkata,,Owen Bala,W10654,,Drainage System,Municipal Corporation,14.76,,,,,,,,,Ongoing,14.978641856309238,synthetic,Synthetic Test Data,,,False,,,False,,,,False,False,W10654,14.98,LOW,No rule-based risk condition triggered,False,-0.0297,Normal,Isolation Forest,55.33,31.12,LOW,No significant risk indicator detected,LOW
,Kolkata,,Yutika Rana,W10900,,Drinking Water Supply,District Rural Development Agency,14.41,,,,,,,,,Ongoing,14.975673664360398,synthetic,Synthetic Test Data,,,False,,,False,,,,False,False,W10900,14.98,LOW,No rule-based risk condition triggered,False,-0.0322,Normal,Isolation Forest,44.8,26.91,LOW,No significant risk indicator detected,LOW
,Howrah,,Harrison Kapur,W11314,,School Building Repair,Municipal Corporation,14.35,,,,,,,,,Completed,14.97186492212944,synthetic,Synthetic Test Data,,,False,,,False,,,,False,False,W11314,14.97,LOW,No rule-based risk condition triggered,False,-0.0219,Normal,Isolation Forest,77.08,39.81,LOW,No significant risk indicator detected,LOW
,Salem,,Lucky Prashad,W10151,,Community Health Center,Municipal Corporation,11.5,,,,,,,,,Completed,14.969331729973693,synthetic,Synthetic Test Data,,,False,,,False,,,,False,False,W10151,14.97,LOW,No rule-based risk condition triggered,False,-0.0277,Normal,Isolation Forest,62.88,34.13,LOW,No significant risk indicator detected,LOW
,Mysuru,,Tanish Iyer,W12519,,Public Toilet Complex,Municipal Corporation,3.49,,,,,,,,,Ongoing,14.965900715404937,synthetic,Synthetic Test Data,,,False,,,False,,,,False,False,W12519,14.97,LOW,No rule-based risk condition triggered,False,-0.0164,Normal,Isolation Forest,85.73,43.27,MEDIUM,No significant risk indicator detected,MEDIUM
,Asansol,,Meera Banerjee,W10262,,Drinking Water Supply,District Rural Development Agency,4.74,,,,,,,,,Completed,14.962713471200004,synthetic,Synthetic Test Data,,,False,,,False,,,,False,False,W10262,14.96,LOW,No rule-based risk condition triggered,False,-0.0283,Normal,Isolation Forest,60.58,33.21,LOW,No significant risk indicator detected,LOW
,Lucknow,,Owen Bala,W12000,,Road Construction,Municipal Corporation,7.77,,,,,,,,,Ongoing,14.960896402116052,synthetic,Synthetic Test Data,,,False,,,False,,,,False,False,W12000,14.96,LOW,No rule-based risk condition triggered,False,-0.008,Normal,Isolation Forest,92.13,45.83,MEDIUM,No significant risk indicator detected,MEDIUM
,Nashik,,Lucky Prashad,W10835,,Public Toilet Complex,Zilla Panchayat,6.5,,,,,,,,,Ongoing,14.958101088613851,synthetic,Synthetic Test Data,,,False,,,False,,,,False,False,W10835,14.96,LOW,No rule-based risk condition triggered,False,-0.0383,Normal,Isolation Forest,21.42,17.54,LOW,No significant risk indicator detected,LOW
,Madurai,,Eesha Memon,W12318,,Drainage System,District Rural Development Agency,16.16,,,,,,,,,Ongoing,14.954663026697029,synthetic,Synthetic Test Data,,,False,,,False,,,,False,False,W12318,14.95,LOW,No rule-based risk condition triggered,False,-0.0361,Normal,Isolation Forest,28.13,20.22,LOW,No significant risk indicator detected,LOW
,Kanpur,,Vrinda Biswas,W12848,,Drinking Water Supply,Municipal Corporation,14.96,,,,,,,,,Ongoing,14.953946018196657,synthetic,Synthetic Test Data,,,False,,,False,,,,False,False,W12848,14.95,LOW,No rule-based risk condition triggered,False,-0.0281,Normal,Isolation Forest,61.17,33.44,LOW,No significant risk indicator detected,LOW
,Dharwad,,Ria Ratta,W12671,,School Building Repair,Public Works Department,5.94,,,,,,,,,Completed,14.951545249746935,synthetic,Synthetic Test Data,,,False,,,False,,,,False,False,W12671,14.95,LOW,No rule-based risk condition triggered,False,-0.0412,Normal,Isolation Forest,12.82,14.1,LOW,No significant risk indicator detected,LOW
,Kanpur,,Azaan Gupta,W11574,,Drainage System,Public Works Department,14.55,,,,,,,,,Completed,14.948465768335089,synthetic,Synthetic Test Data,,,False,,,False,,,,False,False,W11574,14.95,LOW,No rule-based risk condition triggered,False,-0.0289,Normal,Isolation Forest,58.82,32.5,LOW,No significant risk indicator detected,LOW
,Nagpur,,Ekansh Sami,W11405,,Drainage System,Public Works Department,4.63,,,,,,,,,Ongoing,14.94835075738338,synthetic,Synthetic Test Data,,,False,,,False,,,,False,False,W11405,14.95,LOW,No rule-based risk condition triggered,False,-0.036,Normal,Isolation Forest,28.68,20.44,LOW,No significant risk indicator detected,LOW
,Asansol,,Rayaan Mand,W11021,,Road Construction,District Rural Development Agency,16.53,,,,,,,,,Ongoing,14.945941196831306,synthetic,Synthetic Test Data,,,False,,,False,,,,False,False,W11021,14.95,LOW,No rule-based risk condition triggered,False,-0.0127,Normal,Isolation Forest,89.1,44.61,MEDIUM,No significant risk indicator detected,MEDIUM
,Pune,,Bachittar Choudhry,W12018,,School Building Repair,State Housing Board,9.44,,,,,,,,,Completed,14.944199258981442,synthetic,Synthetic Test Data,,,False,,,False,,,,False,False,W12018,14.94,LOW,No rule-based risk condition triggered,False,-0.0508,Normal,Isolation Forest,2.37,9.91,LOW,No significant risk indicator detected,LOW
,Asansol,,Krishna Pant,W11648,,Street Lighting,Municipal Corporation,2.71,,,,,,,,,Ongoing,14.943207103893329,synthetic,Synthetic Test Data,,,False,,,False,,,,False,False,W11648,14.94,LOW,No rule-based risk condition triggered,False,-0.0193,Normal,Isolation Forest,81.95,41.74,MEDIUM,No significant risk indicator detected,MEDIUM
,Pune,,Nicholas Gour,W11480,,Drinking Water Supply,District Rural Development Agency,7.9,,,,,,,,,Completed,14.942994278059338,synthetic,Synthetic Test Data,,,False,,,False,,,,False,False,W11480,14.94,LOW,No rule-based risk condition triggered,False,-0.0321,Normal,Isolation Forest,45.2,27.04,LOW,No significant risk indicator detected,LOW
,Darjeeling,,Christopher Kadakia,W12634,,School Building Repair,District Rural Development Agency,10.56,,,,,,,,,Completed,14.940590422811317,synthetic,Synthetic Test Data,,,False,,,False,,,,False,False,W12634,14.94,LOW,No rule-based risk condition triggered,False,-0.03,Normal,Isolation Forest,53.93,30.54,LOW,No significant risk indicator detected,LOW
,Thane,,Triya Khatri,W10415,,Drinking Water Supply,District Rural Development Agency,8.23,,,,,,,,,Ongoing,14.934952109722648,synthetic,Synthetic Test Data,,,False,,,False,,,,False,False,W10415,14.93,LOW,No rule-based risk condition triggered,False,-0.0323,Normal,Isolation Forest,44.33,26.69,LOW,No significant risk indicator detected,LOW
,Chennai,,Onveer Kata,W11040,,School Building Repair,Municipal Corporation,7.73,,,,,,,,,Ongoing,14.928013081277696,synthetic,Synthetic Test Data,,,False,,,False,,,,False,False,W11040,14.93,LOW,No rule-based risk condition triggered,False,-0.037,Normal,Isolation Forest,24.75,18.86,LOW,No significant risk indicator detected,LOW
,Salem,,Mugdha Varty,W11889,,Drainage System,State Housing Board,14.31,,,,,,,,,Ongoing,14.926493762634438,synthetic,Synthetic Test Data,,,False,,,False,,,,False,False,W11889,14.93,LOW,No rule-based risk condition triggered,False,-0.0351,Normal,Isolation Forest,31.87,21.71,LOW,No significant risk indicator detected,LOW
,Agra,,Jagat Mangat,W10208,,School Building Repair,State Housing Board,10.28,,,,,,,,,Ongoing,14.918902602895754,synthetic,Synthetic Test Data,,,False,,,False,,,,False,False,W10208,14.92,LOW,No rule-based risk condition triggered,False,-0.0325,Normal,Isolation Forest,43.38,26.3,LOW,No significant risk indicator detected,LOW
,Mysuru,,Yug Choudhry,W11552,,School Building Repair,District Rural Development Agency,14.02,,,,,,,,,Completed,14.910051158382068,synthetic,Synthetic Test Data,,,False,,,False,,,,False,False,W11552,14.91,LOW,No rule-based risk condition triggered,False,-0.0187,Normal,Isolation Forest,82.72,42.03,MEDIUM,No significant risk indicator detected,MEDIUM
,Kanpur,,Victor Venkataraman,W12047,,Public Toilet Complex,Zilla Panchayat,7.39,,,,,,,,,Completed,14.901780156205405,synthetic,Synthetic Test Data,,,False,,,False,,,,False,False,W12047,14.9,LOW,No rule-based risk condition triggered,False,-0.0465,Normal,Isolation Forest,5.18,11.01,LOW,No significant risk indicator detected,LOW
,Lucknow,,Azaan Gupta,W11917,,Drainage System,District Rural Development Agency,15.57,,,,,,,,,Ongoing,14.890810803634595,synthetic,Synthetic Test Data,,,False,,,False,,,,False,False,W11917,14.89,LOW,No rule-based risk condition triggered,False,-0.0372,Normal,Isolation Forest,24.37,18.68,LOW,No significant risk indicator detected,LOW
,Varanasi,,Harrison Kapur,W12286,,Drinking Water Supply,Municipal Corporation,11.55,,,,,,,,,Ongoing,14.888821249581216,synthetic,Synthetic Test Data,,,False,,,False,,,,False,False,W12286,14.89,LOW,No rule-based risk condition triggered,False,-0.0311,Normal,Isolation Forest,49.75,28.83,LOW,No significant risk indicator detected,LOW
,Coimbatore,,Widisha Yohannan,W10273,,Public Toilet Complex,State Housing Board,5.75,,,,,,,,,Ongoing,14.884648370018189,synthetic,Synthetic Test Data,,,False,,,False,,,,False,False,W10273,14.88,LOW,No rule-based risk condition triggered,False,-0.0257,Normal,Isolation Forest,68.93,36.5,LOW,No significant risk indicator detected,LOW
,Nagpur,,Oliver Sarma,W10868,,Drainage System,State Housing Board,13.58,,,,,,,,,Ongoing,14.87587057793074,synthetic,Synthetic Test Data,,,False,,,False,,,,False,False,W10868,14.88,LOW,No rule-based risk condition triggered,False,-0.0369,Normal,Isolation Forest,25.1,18.97,LOW,No significant risk indicator detected,LOW
,Belagavi,,Widisha Yohannan,W12957,,Public Toilet Complex,Public Works Department,2.91,,,,,,,,,Ongoing,14.87104620398491,synthetic,Synthetic Test Data,,,False,,,False,,,,False,False,W12957,14.87,LOW,No rule-based risk condition triggered,False,-0.0239,Normal,Isolation Forest,73.77,38.43,LOW,No significant risk indicator detected,LOW
,Asansol,,Tanish Iyer,W11234,,Drinking Water Supply,District Rural Development Agency,17.23,,,,,,,,,Completed,14.85825803926238,synthetic,Synthetic Test Data,,,False,,,False,,,,False,False,W11234,14.86,LOW,No rule-based risk condition triggered,False,-0.0269,Normal,Isolation Forest,65.57,35.14,LOW,No significant risk indicator detected,LOW
,Pune,,Deepa Gala,W12228,,School Building Repair,Zilla Panchayat,10.86,,,,,,,,,Ongoing,14.854888283606275,synthetic,Synthetic Test Data,,,False,,,False,,,,False,False,W12228,14.85,LOW,No rule-based risk condition triggered,False,-0.0397,Normal,Isolation Forest,17.3,15.83,LOW,No significant risk indicator detected,LOW
,Bengaluru Urban,,Owen Bala,W10414,,Drainage System,Zilla Panchayat,11.61,,,,,,,,,Completed,14.853829528254836,synthetic,Synthetic Test Data,,,False,,,False,,,,False,False,W10414,14.85,LOW,No rule-based risk condition triggered,False,-0.0504,Normal,Isolation Forest,2.7,9.99,LOW,No significant risk indicator detected,LOW
,Mysuru,,Advaith Gole,W11688,,Drainage System,Zilla Panchayat,3.56,,,,,,,,,Completed,14.85253013427639,synthetic,Synthetic Test Data,,,False,,,False,,,,False,False,W11688,14.85,LOW,No rule-based risk condition triggered,False,-0.0407,Normal,Isolation Forest,14.47,14.7,LOW,No significant risk indicator detected,LOW
,Coimbatore,,Victor Venkataraman,W11646,,Drainage System,State Housing Board,9.94,,,,,,,,,Ongoing,14.850773044868,synthetic,Synthetic Test Data,,,False,,,False,,,,False,False,W11646,14.85,LOW,No rule-based risk condition triggered,False,-0.0379,Normal,Isolation Forest,22.53,17.92,LOW,No significant risk indicator detected,LOW
,Varanasi,,Oliver Sarma,W12757,,Street Lighting,Public Works Department,2.04,,,,,,,,,Completed,14.850146741728745,synthetic,Synthetic Test Data,,,False,,,False,,,,False,False,W12757,14.85,LOW,No rule-based risk condition triggered,False,-0.0144,Normal,Isolation Forest,87.45,43.89,MEDIUM,No significant risk indicator detected,MEDIUM
,Asansol,,Sanya Swamy,W12603,,Public Toilet Complex,Public Works Department,5.58,,,,,,,,,Ongoing,14.846967221853184,synthetic,Synthetic Test Data,,,False,,,False,,,,False,False,W12603,14.85,LOW,No rule-based risk condition triggered,False,-0.0341,Normal,Isolation Forest,36.23,23.4,LOW,No significant risk indicator detected,LOW
,Thane,,Eesha Memon,W11785,,Drinking Water Supply,District Rural Development Agency,11.86,,,,,,,,,Ongoing,14.844799433146566,synthetic,Synthetic Test Data,,,False,,,False,,,,False,False,W11785,14.84,LOW,No rule-based risk condition triggered,False,-0.0364,Normal,Isolation Forest,26.65,19.56,LOW,No significant risk indicator detected,LOW
,Kanpur,,Widisha Yohannan,W11340,,Community Health Center,Public Works Department,10.03,,,,,,,,,Ongoing,14.835719016264354,synthetic,Synthetic Test Data,,,False,,,False,,,,False,False,W11340,14.84,LOW,No rule-based risk condition triggered,False,-0.03,Normal,Isolation Forest,53.93,30.48,LOW,No significant risk indicator detected,LOW
,Chennai,,Lucky Prashad,W12661,,School Building Repair,State Housing Board,6.23,,,,,,,,,Completed,14.835691921129026,synthetic,Synthetic Test Data,,,False,,,False,,,,False,False,W12661,14.84,LOW,No rule-based risk condition triggered,False,-0.0481,Normal,Isolation Forest,4.2,10.58,LOW,No significant risk indicator detected,LOW
,Coimbatore,,Nicholas Gour,W10229,,School Building Repair,Zilla Panchayat,14.49,,,,,,,,,Ongoing,14.826001405283458,synthetic,Synthetic Test Data,,,False,,,False,,,,False,False,W10229,14.83,LOW,No rule-based risk condition triggered,False,-0.0289,Normal,Isolation Forest,58.82,32.43,LOW,No significant risk indicator detected,LOW
,Salem,,Christopher Kadakia,W12186,,Drainage System,District Rural Development Agency,7.57,,,,,,,,,Ongoing,14.82153289693142,synthetic,Synthetic Test Data,,,False,,,False,,,,False,False,W12186,14.82,LOW,No rule-based risk condition triggered,False,-0.0387,Normal,Isolation Forest,20.17,16.96,LOW,No significant risk indicator detected,LOW
,Bengaluru Urban,,Harrison Kapur,W10311,,Road Construction,District Rural Development Agency,12.47,,,,,,,,,Ongoing,14.819455548704209,synthetic,Synthetic Test Data,,,False,,,False,,,,False,False,W10311,14.82,LOW,No rule-based risk condition triggered,False,-0.0137,Normal,Isolation Forest,88.28,44.2,MEDIUM,No significant risk indicator detected,MEDIUM
,Belagavi,,Gabriel Thaman,W12819,,Public Toilet Complex,Public Works Department,3.44,,,,,,,,,Ongoing,14.81733890810868,synthetic,Synthetic Test Data,,,False,,,False,,,,False,False,W12819,14.82,LOW,No rule-based risk condition triggered,False,-0.0288,Normal,Isolation Forest,59.15,32.55,LOW,No significant risk indicator detected,LOW
,Nagpur,,Odika Naik,W12216,,Road Construction,Municipal Corporation,17.63,,,,,,,,,Completed,14.816033945209572,synthetic,Synthetic Test Data,,,False,,,False,,,,False,False,W12216,14.82,LOW,No rule-based risk condition triggered,False,-0.02,Normal,Isolation Forest,81.02,41.3,MEDIUM,No significant risk indicator detected,MEDIUM
,Belagavi,,Rayaan Mand,W12791,,Drainage System,Public Works Department,14.89,,,,,,,,,Ongoing,14.814500973918674,synthetic,Synthetic Test Data,,,False,,,False,,,,False,False,W12791,14.81,LOW,No rule-based risk condition triggered,False,-0.0399,Normal,Isolation Forest,16.53,15.5,LOW,No significant risk indicator detected,LOW
,Varanasi,,Victor Venkataraman,W12991,,Community Health Center,State Housing Board,31.55,,,,,,,,,Completed,14.811520110703905,synthetic,Synthetic Test Data,,,False,,,False,,,,False,False,W12991,14.81,LOW,No rule-based risk condition triggered,False,-0.014,Normal,Isolation Forest,87.9,44.05,MEDIUM,No significant risk indicator detected,MEDIUM
,Dharwad,,Ronith Zachariah,W12542,,Street Lighting,State Housing Board,4.43,,,,,,,,,Completed,14.809887151552514,synthetic,Synthetic Test Data,,,False,,,False,,,,False,False,W12542,14.81,LOW,No rule-based risk condition triggered,False,-0.0363,Normal,Isolation Forest,27.15,19.75,LOW,No significant risk indicator detected,LOW
,Howrah,,Gaurav Chandra,W12937,,Street Lighting,Zilla Panchayat,2.35,,,,,,,,,Completed,14.809264385200636,synthetic,Synthetic Test Data,,,False,,,False,,,,False,False,W12937,14.81,LOW,No rule-based risk condition triggered,False,-0.0361,Normal,Isolation Forest,28.13,20.14,LOW,No significant risk indicator detected,LOW
,Agra,,Vrinda Biswas,W10236,,Drainage System,Zilla Panchayat,16.76,,,,,,,,,Ongoing,14.80326590404523,synthetic,Synthetic Test Data,,,False,,,False,,,,False,False,W10236,14.8,LOW,No rule-based risk condition triggered,False,-0.0371,Normal,Isolation Forest,24.57,18.71,LOW,No significant risk indicator detected,LOW
,Thane,,Ronith Zachariah,W12426,,Street Lighting,State Housing Board,5.1,,,,,,,,,Completed,14.80220137,synthetic,Synthetic Test Data,,,False,,,False,,,,False,False,W12426,14.8,LOW,No rule-based risk condition triggered,False,-0.0348,Normal,Isolation Forest,33.15,22.14,LOW,No significant risk indicator detected,LOW
,Asansol,,Tanish Iyer,W11962,,School Building Repair,District Rural Development Agency,13.77,,,,,,,,,Ongoing,14.801462198940134,synthetic,Synthetic Test Data,,,False,,,False,,,,False,False,W11962,14.8,LOW,No rule-based risk condition triggered,False,-0.0275,Normal,Isolation Forest,63.62,34.33,LOW,No significant risk indicator detected,LOW
,Darjeeling,,Sanya Swamy,W11332,,Road Construction,Public Works Department,22.96,,,,,,,,,Completed,14.797308173643778,synthetic,Synthetic Test Data,,,False,,,False,,,,False,False,W11332,14.8,LOW,No rule-based risk condition triggered,False,-0.0327,Normal,Isolation Forest,42.53,25.89,LOW,No significant risk indicator detected,LOW
,Dharwad,,Meera Banerjee,W11879,,Street Lighting,Zilla Panchayat,2.31,,,,,,,,,Completed,14.795980404611068,synthetic,Synthetic Test Data,,,False,,,False,,,,False,False,W11879,14.8,LOW,No rule-based risk condition triggered,False,-0.036,Normal,Isolation Forest,28.68,20.35,LOW,No significant risk indicator detected,LOW
,Lucknow,,Meera Banerjee,W11587,,Road Construction,Public Works Department,12.67,,,,,,,,,Ongoing,14.793443788817031,synthetic,Synthetic Test Data,,,False,,,False,,,,False,False,W11587,14.79,LOW,No rule-based risk condition triggered,False,-0.0401,Normal,Isolation Forest,15.92,15.24,LOW,No significant risk indicator detected,LOW
,Chennai,,Sanya Swamy,W10689,,School Building Repair,Public Works Department,4.35,,,,,,,,,Ongoing,14.79244807406088,synthetic,Synthetic Test Data,,,False,,,False,,,,False,False,W10689,14.79,LOW,No rule-based risk condition triggered,False,-0.0267,Normal,Isolation Forest,66.17,35.34,LOW,No significant risk indicator detected,LOW
,Mysuru,,Vrinda Biswas,W11922,,Community Health Center,Public Works Department,11.94,,,,,,,,,Ongoing,14.79163968569447,synthetic,Synthetic Test Data,,,False,,,False,,,,False,False,W11922,14.79,LOW,No rule-based risk condition triggered,False,-0.0298,Normal,Isolation Forest,54.83,30.81,LOW,No significant risk indicator detected,LOW
,Belagavi,,Vrinda Biswas,W12101,,Drinking Water Supply,Municipal Corporation,11.8,,,,,,,,,Ongoing,14.790906153175529,synthetic,Synthetic Test Data,,,False,,,False,,,,False,False,W12101,14.79,LOW,No rule-based risk condition triggered,False,-0.0311,Normal,Isolation Forest,49.75,28.77,LOW,No significant risk indicator detected,LOW
,Agra,,Meera Banerjee,W10403,,Community Health Center,State Housing Board,10.19,,,,,,,,,Ongoing,14.788299680609184,synthetic,Synthetic Test Data,,,False,,,False,,,,False,False,W10403,14.79,LOW,No rule-based risk condition triggered,False,-0.0323,Normal,Isolation Forest,44.33,26.61,LOW,No significant risk indicator detected,LOW
,Pune,,Vanya Suresh,W11268,,School Building Repair,State Housing Board,9.63,,,,,,,,,Completed,14.78742227961976,synthetic,Synthetic Test Data,,,False,,,False,,,,False,False,W11268,14.79,LOW,No rule-based risk condition triggered,False,-0.0505,Normal,Isolation Forest,2.57,9.9,LOW,No significant risk indicator detected,LOW
,Coimbatore,,Owen Bala,W11388,,Public Toilet Complex,Public Works Department,6.83,,,,,,,,,Ongoing,14.785930611026917,synthetic,Synthetic Test Data,,,False,,,False,,,,False,False,W11388,14.79,LOW,No rule-based risk condition triggered,False,-0.0304,Normal,Isolation Forest,52.4,29.83,LOW,No significant risk indicator detected,LOW
,Nagpur,,Vanya Suresh,W10638,,Street Lighting,District Rural Development Agency,5.52,,,,,,,,,Ongoing,14.78304780493233,synthetic,Synthetic Test Data,,,False,,,False,,,,False,False,W10638,14.78,LOW,No rule-based risk condition triggered,False,-0.034,Normal,Isolation Forest,36.65,23.53,LOW,No significant risk indicator detected,LOW
,Mysuru,,Vrinda Biswas,W10063,,School Building Repair,State Housing Board,13.07,,,,,,,,,Ongoing,14.78221612114208,synthetic,Synthetic Test Data,,,False,,,False,,,,False,False,W10063,14.78,LOW,No rule-based risk condition triggered,False,-0.0271,Normal,Isolation Forest,65.03,34.88,LOW,No significant risk indicator detected,LOW
,Howrah,,Widisha Yohannan,W12675,,Drinking Water Supply,Zilla Panchayat,16.46,,,,,,,,,Ongoing,14.782196277274355,synthetic,Synthetic Test Data,,,False,,,False,,,,False,False,W12675,14.78,LOW,No rule-based risk condition triggered,False,-0.0356,Normal,Isolation Forest,30.08,20.9,LOW,No significant risk indicator detected,LOW
,Coimbatore,,Meera Banerjee,W12283,,School Building Repair,Municipal Corporation,10.01,,,,,,,,,Ongoing,14.78052938506204,synthetic,Synthetic Test Data,,,False,,,False,,,,False,False,W12283,14.78,LOW,No rule-based risk condition triggered,False,-0.0373,Normal,Isolation Forest,24.12,18.52,LOW,No significant risk indicator detected,LOW
,Bengaluru Urban,,Lucky Prashad,W10128,,Drinking Water Supply,District Rural Development Agency,13.73,,,,,,,,,Ongoing,14.776117026997726,synthetic,Synthetic Test Data,,,False,,,False,,,,False,False,W10128,14.78,LOW,No rule-based risk condition triggered,False,-0.0329,Normal,Isolation Forest,41.65,25.53,LOW,No significant risk indicator detected,LOW
,Coimbatore,,Varsha Morar,W12830,,Public Toilet Complex,Municipal Corporation,4.83,,,,,,,,,Completed,14.773794040094504,synthetic,Synthetic Test Data,,,False,,,False,,,,False,False,W12830,14.77,LOW,No rule-based risk condition triggered,False,-0.0409,Normal,Isolation Forest,13.55,14.28,LOW,No significant risk indicator detected,LOW
,Agra,,Yug Choudhry,W12558,,Street Lighting,Zilla Panchayat,3.57,,,,,,,,,Ongoing,14.771884778973025,synthetic,Synthetic Test Data,,,False,,,False,,,,False,False,W12558,14.77,LOW,No rule-based risk condition triggered,False,-0.0447,Normal,Isolation Forest,7.28,11.77,LOW,No significant risk indicator detected,LOW
,Nagpur,,Yutika Rana,W11564,,School Building Repair,Zilla Panchayat,4.14,,,,,,,,,Ongoing,14.77144646335252,synthetic,Synthetic Test Data,,,False,,,False,,,,False,False,W11564,14.77,LOW,No rule-based risk condition triggered,False,-0.0385,Normal,Isolation Forest,20.82,17.19,LOW,No significant risk indicator detected,LOW
,Thane,,Varsha Morar,W12623,,Drainage System,Zilla Panchayat,16.44,,,,,,,,,Ongoing,14.766556359403504,synthetic,Synthetic Test Data,,,False,,,False,,,,False,False,W12623,14.77,LOW,No rule-based risk condition triggered,False,-0.0383,Normal,Isolation Forest,21.42,17.43,LOW,No significant risk indicator detected,LOW
,Belagavi,,Onveer Kata,W12903,,Drainage System,District Rural Development Agency,15.36,,,,,,,,,Ongoing,14.76002939869315,synthetic,Synthetic Test Data,,,False,,,False,,,,False,False,W12903,14.76,LOW,No rule-based risk condition triggered,False,-0.0381,Normal,Isolation Forest,22.15,17.72,LOW,No significant risk indicator detected,LOW
,Bengaluru Urban,,Odika Naik,W11319,,Drainage System,Zilla Panchayat,13.77,,,,,,,,,Ongoing,14.737550710985118,synthetic,Synthetic Test Data,,,False,,,False,,,,False,False,W11319,14.74,LOW,No rule-based risk condition triggered,False,-0.0464,Normal,Isolation Forest,5.27,10.95,LOW,No significant risk indicator detected,LOW
,Thane,,Varsha Morar,W12635,,Drinking Water Supply,Zilla Panchayat,4.3,,,,,,,,,Ongoing,14.73737075685325,synthetic,Synthetic Test Data,,,False,,,False,,,,False,False,W12635,14.74,LOW,No rule-based risk condition triggered,False,-0.0296,Normal,Isolation Forest,55.85,31.18,LOW,No significant risk indicator detected,LOW
,Howrah,,Onveer Kata,W10134,,School Building Repair,Public Works Department,10.88,,,,,,,,,Ongoing,14.733025314196173,synthetic,Synthetic Test Data,,,False,,,False,,,,False,False,W10134,14.73,LOW,No rule-based risk condition triggered,False,-0.0346,Normal,Isolation Forest,34.07,22.47,LOW,No significant risk indicator detected,LOW
,Varanasi,,Oliver Sarma,W10084,,Road Construction,Municipal Corporation,13.1,,,,,,,,,Ongoing,14.73284885557361,synthetic,Synthetic Test Data,,,False,,,False,,,,False,False,W10084,14.73,LOW,No rule-based risk condition triggered,False,-0.0142,Normal,Isolation Forest,87.73,43.93,MEDIUM,No significant risk indicator detected,MEDIUM
,Lucknow,,Vanya Suresh,W11356,,Community Health Center,District Rural Development Agency,22.99,,,,,,,,,Ongoing,14.731544138098602,synthetic,Synthetic Test Data,,,False,,,False,,,,False,False,W11356,14.73,LOW,No rule-based risk condition triggered,False,-0.0218,Normal,Isolation Forest,77.27,39.75,LOW,No significant risk indicator detected,LOW
,Asansol,,Gaurav Chandra,W11422,,Street Lighting,Public Works Department,4.25,,,,,,,,,Completed,14.730481743458904,synthetic,Synthetic Test Data,,,False,,,False,,,,False,False,W11422,14.73,LOW,No rule-based risk condition triggered,False,-0.0262,Normal,Isolation Forest,67.45,35.82,LOW,No significant risk indicator detected,LOW
,Nagpur,,Mugdha Varty,W11769,,School Building Repair,Public Works Department,11.85,,,,,,,,,Ongoing,14.728696227206976,synthetic,Synthetic Test Data,,,False,,,False,,,,False,False,W11769,14.73,LOW,No rule-based risk condition triggered,False,-0.0316,Normal,Isolation Forest,47.67,27.91,LOW,No significant risk indicator detected,LOW
,Mysuru,,Harrison Kapur,W12103,,Road Construction,Public Works Department,14.69,,,,,,,,,Ongoing,14.727917392356073,synthetic,Synthetic Test Data,,,False,,,False,,,,False,False,W12103,14.73,LOW,No rule-based risk condition triggered,False,-0.0406,Normal,Isolation Forest,14.82,14.77,LOW,No significant risk indicator detected,LOW
,Bengaluru Urban,,Azaan Gupta,W11094,,School Building Repair,Municipal Corporation,10.17,,,,,,,,,Ongoing,14.727013592145443,synthetic,Synthetic Test Data,,,False,,,False,,,,False,False,W11094,14.73,LOW,No rule-based risk condition triggered,False,-0.0373,Normal,Isolation Forest,24.12,18.49,LOW,No significant risk indicator detected,LOW
,Nashik,,Meera Banerjee,W10718,,Road Construction,Zilla Panchayat,37.22,,,,,,,,,Ongoing,14.72615986368369,synthetic,Synthetic Test Data,,,False,,,False,,,,False,False,W10718,14.73,LOW,No rule-based risk condition triggered,False,-0.0162,Normal,Isolation Forest,85.83,43.17,MEDIUM,No significant risk indicator detected,MEDIUM
,Varanasi,,Owen Bansal,W11402,,Public Toilet Complex,State Housing Board,3.8,,,,,,,,,Ongoing,14.724560505313638,synthetic,Synthetic Test Data,,,False,,,False,,,,False,False,W11402,14.72,LOW,No rule-based risk condition triggered,False,-0.0214,Normal,Isolation Forest,78.1,40.07,MEDIUM,No significant risk indicator detected,MEDIUM
,Dharwad,,Bachittar Choudhry,W10853,,Drinking Water Supply,District Rural Development Agency,13.16,,,,,,,,,Ongoing,14.72296253,synthetic,Synthetic Test Data,,,False,,,False,,,,False,False,W10853,14.72,LOW,No rule-based risk condition triggered,False,-0.0336,Normal,Isolation Forest,38.32,24.16,LOW,No significant risk indicator detected,LOW
,Nashik,,Oliver Sarma,W10124,,Drainage System,District Rural Development Agency,5.62,,,,,,,,,Ongoing,14.720022723604648,synthetic,Synthetic Test Data,,,False,,,False,,,,False,False,W10124,14.72,LOW,No rule-based risk condition triggered,False,-0.0358,Normal,Isolation Forest,29.37,20.58,LOW,No significant risk indicator detected,LOW
,Mysuru,,Victor Venkataraman,W11397,,Public Toilet Complex,District Rural Development Agency,6.98,,,,,,,,,Ongoing,14.70879177698119,synthetic,Synthetic Test Data,,,False,,,False,,,,False,False,W11397,14.71,LOW,No rule-based risk condition triggered,False,-0.0328,Normal,Isolation Forest,42.08,25.66,LOW,No significant risk indicator detected,LOW
,Coimbatore,,Bachittar Choudhry,W10401,,Drinking Water Supply,District Rural Development Agency,14.15,,,,,,,,,Ongoing,14.708568510536582,synthetic,Synthetic Test Data,,,False,,,False,,,,False,False,W10401,14.71,LOW,No rule-based risk condition triggered,False,-0.0324,Normal,Isolation Forest,43.83,26.36,LOW,No significant risk indicator detected,LOW
,Coimbatore,,Advaith Gole,W12612,,Public Toilet Complex,Zilla Panchayat,2.03,,,,,,,,,Completed,14.708360692536957,synthetic,Synthetic Test Data,,,False,,,False,,,,False,False,W12612,14.71,LOW,No rule-based risk condition triggered,False,-0.0378,Normal,Isolation Forest,22.72,17.91,LOW,No significant risk indicator detected,LOW
,Asansol,,Leena Butala,W11491,,Drainage System,Zilla Panchayat,9.11,,,,,,,,,Ongoing,14.707861491505149,synthetic,Synthetic Test Data,,,False,,,False,,,,False,False,W11491,14.71,LOW,No rule-based risk condition triggered,False,-0.0457,Normal,Isolation Forest,6.15,11.29,LOW,No significant risk indicator detected,LOW
,Bengaluru Urban,,Ria Ratta,W12737,,Drinking Water Supply,State Housing Board,7.71,,,,,,,,,Ongoing,14.707022479882877,synthetic,Synthetic Test Data,,,False,,,False,,,,False,False,W12737,14.71,LOW,No rule-based risk condition triggered,False,-0.0303,Normal,Isolation Forest,52.8,29.95,LOW,No significant risk indicator detected,LOW
,Kanpur,,Varsha Morar,W12820,,School Building Repair,District Rural Development Agency,12.83,,,,,,,,,Ongoing,14.703590098429462,synthetic,Synthetic Test Data,,,False,,,False,,,,False,False,W12820,14.7,LOW,No rule-based risk condition triggered,False,-0.0311,Normal,Isolation Forest,49.75,28.72,LOW,No significant risk indicator detected,LOW
,Agra,,Gabriel Thaman,W12498,,Drainage System,Municipal Corporation,4.95,,,,,,,,,Ongoing,14.700291845240391,synthetic,Synthetic Test Data,,,False,,,False,,,,False,False,W12498,14.7,LOW,No rule-based risk condition triggered,False,-0.0276,Normal,Isolation Forest,63.3,34.14,LOW,No significant risk indicator detected,LOW
,Mysuru,,Ishwar Boase,W11383,,Drainage System,State Housing Board,6.94,,,,,,,,,Ongoing,14.697786338047036,synthetic,Synthetic Test Data,,,False,,,False,,,,False,False,W11383,14.7,LOW,No rule-based risk condition triggered,False,-0.0376,Normal,Isolation Forest,23.17,18.09,LOW,No significant risk indicator detected,LOW
,Salem,,Mugdha Varty,W10587,,Public Toilet Complex,Municipal Corporation,7.6,,,,,,,,,Ongoing,14.69773014033252,synthetic,Synthetic Test Data,,,False,,,False,,,,False,False,W10587,14.7,LOW,No rule-based risk condition triggered,False,-0.0197,Normal,Isolation Forest,81.22,41.31,MEDIUM,No significant risk indicator detected,MEDIUM
,Lucknow,,Victor Venkataraman,W11600,,Drinking Water Supply,District Rural Development Agency,16.33,,,,,,,,,Ongoing,14.69024943728916,synthetic,Synthetic Test Data,,,False,,,False,,,,False,False,W11600,14.69,LOW,No rule-based risk condition triggered,False,-0.0269,Normal,Isolation Forest,65.57,35.04,LOW,No significant risk indicator detected,LOW
,Belagavi,,Harrison Kapur,W12458,,Drainage System,Zilla Panchayat,11.45,,,,,,,,,Ongoing,14.68787275295294,synthetic,Synthetic Test Data,,,False,,,False,,,,False,False,W12458,14.69,LOW,No rule-based risk condition triggered,False,-0.0482,Normal,Isolation Forest,4.05,10.43,LOW,No significant risk indicator detected,LOW
,Dharwad,,Rayaan Mand,W11516,,School Building Repair,District Rural Development Agency,4.0,,,,,,,,,Ongoing,14.680541591772036,synthetic,Synthetic Test Data,,,False,,,False,,,,False,False,W11516,14.68,LOW,No rule-based risk condition triggered,False,-0.0278,Normal,Isolation Forest,62.37,33.76,LOW,No significant risk indicator detected,LOW
,Nagpur,,Deepa Gala,W11398,,Street Lighting,Zilla Panchayat,4.81,,,,,,,,,Completed,14.672312317126057,synthetic,Synthetic Test Data,,,False,,,False,,,,False,False,W11398,14.67,LOW,No rule-based risk condition triggered,False,-0.0427,Normal,Isolation Forest,9.65,12.66,LOW,No significant risk indicator detected,LOW
,Lucknow,,Meera Banerjee,W10141,,Road Construction,Public Works Department,12.15,,,,,,,,,Ongoing,14.665946426734443,synthetic,Synthetic Test Data,,,False,,,False,,,,False,False,W10141,14.67,LOW,No rule-based risk condition triggered,False,-0.0393,Normal,Isolation Forest,18.72,16.29,LOW,No significant risk indicator detected,LOW
,Howrah,,Mugdha Varty,W12144,,Road Construction,Zilla Panchayat,15.06,,,,,,,,,Ongoing,14.660140269762802,synthetic,Synthetic Test Data,,,False,,,False,,,,False,False,W12144,14.66,LOW,No rule-based risk condition triggered,False,-0.0453,Normal,Isolation Forest,6.77,11.5,LOW,No significant risk indicator detected,LOW
,Kanpur,,Vanya Suresh,W11404,,School Building Repair,Zilla Panchayat,3.79,,,,,,,,,Completed,14.659534434233215,synthetic,Synthetic Test Data,,,False,,,False,,,,False,False,W11404,14.66,LOW,No rule-based risk condition triggered,False,-0.0429,Normal,Isolation Forest,9.4,12.56,LOW,No significant risk indicator detected,LOW
,Asansol,,Ronith Zachariah,W10164,,School Building Repair,State Housing Board,12.8,,,,,,,,,Ongoing,14.652834022004464,synthetic,Synthetic Test Data,,,False,,,False,,,,False,False,W10164,14.65,LOW,No rule-based risk condition triggered,False,-0.0282,Normal,Isolation Forest,60.85,33.13,LOW,No significant risk indicator detected,LOW
,Thane,,Owen Bala,W12004,,Road Construction,District Rural Development Agency,10.15,,,,,,,,,Ongoing,14.64287924,synthetic,Synthetic Test Data,,,False,,,False,,,,False,False,W12004,14.64,LOW,No rule-based risk condition triggered,False,-0.0133,Normal,Isolation Forest,88.58,44.22,MEDIUM,No significant risk indicator detected,MEDIUM
,Dharwad,,Bachittar Choudhry,W10378,,Road Construction,Public Works Department,19.51,,,,,,,,,Completed,14.641816211432118,synthetic,Synthetic Test Data,,,False,,,False,,,,False,False,W10378,14.64,LOW,No rule-based risk condition triggered,False,-0.0367,Normal,Isolation Forest,25.68,19.06,LOW,No significant risk indicator detected,LOW
,Pune,,Ria Ratta,W11104,,Street Lighting,Municipal Corporation,3.44,,,,,,,,,Ongoing,14.63938100072593,synthetic,Synthetic Test Data,,,False,,,False,,,,False,False,W11104,14.64,LOW,No rule-based risk condition triggered,False,-0.0209,Normal,Isolation Forest,79.37,40.53,MEDIUM,No significant risk indicator detected,MEDIUM
,Thane,,Odika Naik,W11006,,School Building Repair,Public Works Department,3.41,,,,,,,,,Ongoing,14.639041729494592,synthetic,Synthetic Test Data,,,False,,,False,,,,False,False,W11006,14.64,LOW,No rule-based risk condition triggered,False,-0.0186,Normal,Isolation Forest,82.93,41.96,MEDIUM,No significant risk indicator detected,MEDIUM
,Darjeeling,,Tanish Iyer,W12648,,Community Health Center,State Housing Board,22.24,,,,,,,,,Ongoing,14.637396049508125,synthetic,Synthetic Test Data,,,False,,,False,,,,False,False,W12648,14.64,LOW,No rule-based risk condition triggered,False,-0.0268,Normal,Isolation Forest,65.85,35.12,LOW,No significant risk indicator detected,LOW
,Salem,,Vanya Suresh,W12597,,Road Construction,District Rural Development Agency,17.72,,,,,,,,,Completed,14.626663806650296,synthetic,Synthetic Test Data,,,False,,,False,,,,False,False,W12597,14.63,LOW,No rule-based risk condition triggered,False,-0.0186,Normal,Isolation Forest,82.93,41.95,MEDIUM,No significant risk indicator detected,MEDIUM
,Darjeeling,,Deepa Gala,W11602,,Drinking Water Supply,State Housing Board,4.36,,,,,,,,,Ongoing,14.625663802594204,synthetic,Synthetic Test Data,,,False,,,False,,,,False,False,W11602,14.63,LOW,No rule-based risk condition triggered,False,-0.0254,Normal,Isolation Forest,69.65,36.64,LOW,No significant risk indicator detected,LOW
,Dharwad,,Eesha Memon,W12953,,Street Lighting,State Housing Board,2.17,,,,,,,,,Completed,14.619816623767836,synthetic,Synthetic Test Data,,,False,,,False,,,,False,False,W12953,14.62,LOW,No rule-based risk condition triggered,False,-0.0289,Normal,Isolation Forest,58.82,32.3,LOW,No significant risk indicator detected,LOW
,Nashik,,Odika Naik,W10715,,Drinking Water Supply,Public Works Department,11.29,,,,,,,,,Ongoing,14.617633464273297,synthetic,Synthetic Test Data,,,False,,,False,,,,False,False,W10715,14.62,LOW,No rule-based risk condition triggered,False,-0.0333,Normal,Isolation Forest,39.88,24.72,LOW,No significant risk indicator detected,LOW
,Varanasi,,Tanish Iyer,W10960,,School Building Repair,District Rural Development Agency,6.34,,,,,,,,,Completed,14.61552078004046,synthetic,Synthetic Test Data,,,False,,,False,,,,False,False,W10960,14.62,LOW,No rule-based risk condition triggered,False,-0.0283,Normal,Isolation Forest,60.58,33.0,LOW,No significant risk indicator detected,LOW
,Chennai,,Tanish Iyer,W12703,,Street Lighting,Municipal Corporation,2.73,,,,,,,,,Completed,14.613205451512943,synthetic,Synthetic Test Data,,,False,,,False,,,,False,False,W12703,14.61,LOW,No rule-based risk condition triggered,False,-0.0146,Normal,Isolation Forest,87.27,43.67,MEDIUM,No significant risk indicator detected,MEDIUM
,Mysuru,,Gaurav Chandra,W12195,,Drainage System,Zilla Panchayat,12.81,,,,,,,,,Ongoing,14.611329970209669,synthetic,Synthetic Test Data,,,False,,,False,,,,False,False,W12195,14.61,LOW,No rule-based risk condition triggered,False,-0.0481,Normal,Isolation Forest,4.2,10.45,LOW,No significant risk indicator detected,LOW
,Kolkata,,Hemang Bava,W10361,,Community Health Center,District Rural Development Agency,15.63,,,,,,,,,Ongoing,14.609392370989411,synthetic,Synthetic Test Data,,,False,,,False,,,,False,False,W10361,14.61,LOW,No rule-based risk condition triggered,False,-0.0302,Normal,Isolation Forest,53.15,30.03,LOW,No significant risk indicator detected,LOW
,Madurai,,Oliver Sarma,W10894,,Road Construction,District Rural Development Agency,26.91,,,,,,,,,Completed,14.608838462544952,synthetic,Synthetic Test Data,,,False,,,False,,,,False,False,W10894,14.61,LOW,No rule-based risk condition triggered,False,-0.0048,Normal,Isolation Forest,93.33,46.1,MEDIUM,No significant risk indicator detected,MEDIUM
,Howrah,,Ishwar Boase,W10774,,Drinking Water Supply,Public Works Department,11.4,,,,,,,,,Ongoing,14.607904730463725,synthetic,Synthetic Test Data,,,False,,,False,,,,False,False,W10774,14.61,LOW,No rule-based risk condition triggered,False,-0.0335,Normal,Isolation Forest,38.83,24.3,LOW,No significant risk indicator detected,LOW
,Lucknow,,Yug Choudhry,W12295,,Drinking Water Supply,Zilla Panchayat,7.59,,,,,,,,,Ongoing,14.603485417225416,synthetic,Synthetic Test Data,,,False,,,False,,,,False,False,W12295,14.6,LOW,No rule-based risk condition triggered,False,-0.0325,Normal,Isolation Forest,43.38,26.11,LOW,No significant risk indicator detected,LOW
,Dharwad,,Varsha Morar,W10016,,Drainage System,State Housing Board,4.04,,,,,,,,,Completed,14.601909691694669,synthetic,Synthetic Test Data,,,False,,,False,,,,False,False,W10016,14.6,LOW,No rule-based risk condition triggered,False,-0.0315,Normal,Isolation Forest,48.08,27.99,LOW,No significant risk indicator detected,LOW
,Pune,,Pallavi Krish,W10707,,Public Toilet Complex,State Housing Board,4.87,,,,,,,,,Ongoing,14.597779283313631,synthetic,Synthetic Test Data,,,False,,,False,,,,False,False,W10707,14.6,LOW,No rule-based risk condition triggered,False,-0.0258,Normal,Isolation Forest,68.57,36.19,LOW,No significant risk indicator detected,LOW
,Coimbatore,,Ishwar Boase,W10697,,Drainage System,State Housing Board,14.92,,,,,,,,,Ongoing,14.595541101329772,synthetic,Synthetic Test Data,,,False,,,False,,,,False,False,W10697,14.6,LOW,No rule-based risk condition triggered,False,-0.0338,Normal,Isolation Forest,37.63,23.81,LOW,No significant risk indicator detected,LOW
,Kolkata,,Azaan Gupta,W12077,,School Building Repair,Municipal Corporation,14.89,,,,,,,,,Ongoing,14.594283725766706,synthetic,Synthetic Test Data,,,False,,,False,,,,False,False,W12077,14.59,LOW,No rule-based risk condition triggered,False,-0.0211,Normal,Isolation Forest,78.95,40.33,MEDIUM,No significant risk indicator detected,MEDIUM
,Belagavi,,Ekansh Sami,W12968,,Drinking Water Supply,District Rural Development Agency,9.08,,,,,,,,,Ongoing,14.592258713177484,synthetic,Synthetic Test Data,,,False,,,False,,,,False,False,W12968,14.59,LOW,No rule-based risk condition triggered,False,-0.0336,Normal,Isolation Forest,38.32,24.08,LOW,No significant risk indicator detected,LOW
,Mysuru,,Gaurav Chandra,W12430,,Drinking Water Supply,Zilla Panchayat,16.59,,,,,,,,,Ongoing,14.591903001496611,synthetic,Synthetic Test Data,,,False,,,False,,,,False,False,W12430,14.59,LOW,No rule-based risk condition triggered,False,-0.0354,Normal,Isolation Forest,30.77,21.06,LOW,No significant risk indicator detected,LOW
,Dharwad,,Nicholas Gour,W11740,,Drainage System,State Housing Board,8.42,,,,,,,,,Ongoing,14.589548369238344,synthetic,Synthetic Test Data,,,False,,,False,,,,False,False,W11740,14.59,LOW,No rule-based risk condition triggered,False,-0.0368,Normal,Isolation Forest,25.42,18.92,LOW,No significant risk indicator detected,LOW
,Kolkata,,Nicholas Gour,W11011,,Drainage System,District Rural Development Agency,14.29,,,,,,,,,Ongoing,14.575033345136337,synthetic,Synthetic Test Data,,,False,,,False,,,,False,False,W11011,14.58,LOW,No rule-based risk condition triggered,False,-0.04,Normal,Isolation Forest,16.25,15.25,LOW,No significant risk indicator detected,LOW
,Salem,,Harrison Kapur,W10595,,School Building Repair,State Housing Board,8.07,,,,,,,,,Ongoing,14.565643870499242,synthetic,Synthetic Test Data,,,False,,,False,,,,False,False,W10595,14.57,LOW,No rule-based risk condition triggered,False,-0.0326,Normal,Isolation Forest,42.97,25.93,LOW,No significant risk indicator detected,LOW
,Darjeeling,,Odika Naik,W12591,,Street Lighting,District Rural Development Agency,2.69,,,,,,,,,Completed,14.565368301922147,synthetic,Synthetic Test Data,,,False,,,False,,,,False,False,W12591,14.57,LOW,No rule-based risk condition triggered,False,-0.0293,Normal,Isolation Forest,57.02,31.55,LOW,No significant risk indicator detected,LOW
,Belagavi,,Ishwar Boase,W10855,,Street Lighting,Municipal Corporation,3.91,,,,,,,,,Ongoing,14.565068616202202,synthetic,Synthetic Test Data,,,False,,,False,,,,False,False,W10855,14.57,LOW,No rule-based risk condition triggered,False,-0.0209,Normal,Isolation Forest,79.37,40.49,MEDIUM,No significant risk indicator detected,MEDIUM
,Kanpur,,Mugdha Varty,W12906,,Street Lighting,District Rural Development Agency,5.58,,,,,,,,,Completed,14.56427401910264,synthetic,Synthetic Test Data,,,False,,,False,,,,False,False,W12906,14.56,LOW,No rule-based risk condition triggered,False,-0.0266,Normal,Isolation Forest,66.5,35.34,LOW,No significant risk indicator detected,LOW
,Bengaluru Urban,,Ria Ratta,W10235,,Community Health Center,Zilla Panchayat,11.27,,,,,,,,,Ongoing,14.564213685369502,synthetic,Synthetic Test Data,,,False,,,False,,,,False,False,W10235,14.56,LOW,No rule-based risk condition triggered,False,-0.0282,Normal,Isolation Forest,60.85,33.08,LOW,No significant risk indicator detected,LOW
,Thane,,Lucky Prashad,W12892,,Drinking Water Supply,Public Works Department,12.97,,,,,,,,,Completed,14.564105901645496,synthetic,Synthetic Test Data,,,False,,,False,,,,False,False,W12892,14.56,LOW,No rule-based risk condition triggered,False,-0.0363,Normal,Isolation Forest,27.15,19.6,LOW,No significant risk indicator detected,LOW
,Kolkata,,Widisha Yohannan,W10818,,Drinking Water Supply,District Rural Development Agency,11.49,,,,,,,,,Ongoing,14.562061733025836,synthetic,Synthetic Test Data,,,False,,,False,,,,False,False,W10818,14.56,LOW,No rule-based risk condition triggered,False,-0.0364,Normal,Isolation Forest,26.65,19.4,LOW,No significant risk indicator detected,LOW
,Dharwad,,Yadavi Deshmukh,W11624,,School Building Repair,Municipal Corporation,13.83,,,,,,,,,Ongoing,14.56178198008452,synthetic,Synthetic Test Data,,,False,,,False,,,,False,False,W11624,14.56,LOW,No rule-based risk condition triggered,False,-0.0244,Normal,Isolation Forest,72.75,37.84,LOW,No significant risk indicator detected,LOW
,Pune,,Deepa Gala,W12421,,Street Lighting,Public Works Department,3.69,,,,,,,,,Ongoing,14.555126096360205,synthetic,Synthetic Test Data,,,False,,,False,,,,False,False,W12421,14.56,LOW,No rule-based risk condition triggered,False,-0.0387,Normal,Isolation Forest,20.17,16.8,LOW,No significant risk indicator detected,LOW
,Howrah,,Eesha Memon,W12916,,Drainage System,State Housing Board,7.77,,,,,,,,,Ongoing,14.55067020517265,synthetic,Synthetic Test Data,,,False,,,False,,,,False,False,W12916,14.55,LOW,No rule-based risk condition triggered,False,-0.0375,Normal,Isolation Forest,23.62,18.18,LOW,No significant risk indicator detected,LOW
,Salem,,Christopher Kadakia,W12746,,Drainage System,Public Works Department,16.46,,,,,,,,,Ongoing,14.547584606259752,synthetic,Synthetic Test Data,,,False,,,False,,,,False,False,W12746,14.55,LOW,No rule-based risk condition triggered,False,-0.035,Normal,Isolation Forest,32.23,21.62,LOW,No significant risk indicator detected,LOW
,Nagpur,,Meera Banerjee,W12275,,Road Construction,Municipal Corporation,16.33,,,,,,,,,Completed,14.545038209782598,synthetic,Synthetic Test Data,,,False,,,False,,,,False,False,W12275,14.55,LOW,No rule-based risk condition triggered,False,-0.0199,Normal,Isolation Forest,81.1,41.17,MEDIUM,No significant risk indicator detected,MEDIUM
,Lucknow,,Gaurav Chandra,W12907,,Drinking Water Supply,State Housing Board,17.65,,,,,,,,,Completed,14.543791081578805,synthetic,Synthetic Test Data,,,False,,,False,,,,False,False,W12907,14.54,LOW,No rule-based risk condition triggered,False,-0.0189,Normal,Isolation Forest,82.43,41.7,MEDIUM,No significant risk indicator detected,MEDIUM
,Thane,,Ronith Zachariah,W11754,,School Building Repair,Municipal Corporation,11.26,,,,,,,,,Ongoing,14.543060596502468,synthetic,Synthetic Test Data,,,False,,,False,,,,False,False,W11754,14.54,LOW,No rule-based risk condition triggered,False,-0.0369,Normal,Isolation Forest,25.1,18.76,LOW,No significant risk indicator detected,LOW
,Agra,,Tanish Iyer,W11562,,Drainage System,Zilla Panchayat,16.49,,,,,,,,,Completed,14.540159214723602,synthetic,Synthetic Test Data,,,False,,,False,,,,False,False,W11562,14.54,LOW,No rule-based risk condition triggered,False,-0.036,Normal,Isolation Forest,28.68,20.2,LOW,No significant risk indicator detected,LOW
,Varanasi,,Azaan Gupta,W12725,,School Building Repair,District Rural Development Agency,3.76,,,,,,,,,Ongoing,14.534647925046368,synthetic,Synthetic Test Data,,,False,,,False,,,,False,False,W12725,14.53,LOW,No rule-based risk condition triggered,False,-0.0243,Normal,Isolation Forest,73.07,37.95,LOW,No significant risk indicator detected,LOW
,Agra,,Ekansh Sami,W12644,,Public Toilet Complex,Public Works Department,6.19,,,,,,,,,Ongoing,14.531743453669552,synthetic,Synthetic Test Data,,,False,,,False,,,,False,False,W12644,14.53,LOW,No rule-based risk condition triggered,False,-0.0331,Normal,Isolation Forest,40.7,25.0,LOW,No significant risk indicator detected,LOW
,Salem,,Hemang Bava,W10637,,Road Construction,State Housing Board,25.94,,,,,,,,,Completed,14.52560592362696,synthetic,Synthetic Test Data,,,False,,,False,,,,False,False,W10637,14.53,LOW,No rule-based risk condition triggered,False,-0.013,Normal,Isolation Forest,88.83,44.25,MEDIUM,No significant risk indicator detected,MEDIUM
,Madurai,,Krishna Pant,W12826,,Public Toilet Complex,Public Works Department,6.82,,,,,,,,,Ongoing,14.525394186049812,synthetic,Synthetic Test Data,,,False,,,False,,,,False,False,W12826,14.53,LOW,No rule-based risk condition triggered,False,-0.0306,Normal,Isolation Forest,51.43,29.29,LOW,No significant risk indicator detected,LOW
,Chennai,,Jagat Mangat,W11509,,School Building Repair,Municipal Corporation,10.92,,,,,,,,,Ongoing,14.51950854094934,synthetic,Synthetic Test Data,,,False,,,False,,,,False,False,W11509,14.52,LOW,No rule-based risk condition triggered,False,-0.0362,Normal,Isolation Forest,27.6,19.75,LOW,No significant risk indicator detected,LOW
,Kanpur,,Advaith Gole,W11626,,Drainage System,Municipal Corporation,8.65,,,,,,,,,Ongoing,14.514765454897232,synthetic,Synthetic Test Data,,,False,,,False,,,,False,False,W11626,14.51,LOW,No rule-based risk condition triggered,False,-0.0321,Normal,Isolation Forest,45.2,26.79,LOW,No significant risk indicator detected,LOW
,Chennai,,Varsha Morar,W12523,,Community Health Center,Public Works Department,28.83,,,,,,,,,Ongoing,14.513201908024309,synthetic,Synthetic Test Data,,,False,,,False,,,,False,False,W12523,14.51,LOW,No rule-based risk condition triggered,False,-0.0248,Normal,Isolation Forest,71.5,37.31,LOW,No significant risk indicator detected,LOW
,Dharwad,,Yutika Rana,W11300,,School Building Repair,Public Works Department,12.08,,,,,,,,,Completed,14.511400890348677,synthetic,Synthetic Test Data,,,False,,,False,,,,False,False,W11300,14.51,LOW,No rule-based risk condition triggered,False,-0.0369,Normal,Isolation Forest,25.1,18.75,LOW,No significant risk indicator detected,LOW
,Madurai,,Krishna Pant,W12207,,Community Health Center,State Housing Board,14.23,,,,,,,,,Ongoing,14.506313871822467,synthetic,Synthetic Test Data,,,False,,,False,,,,False,False,W12207,14.51,LOW,No rule-based risk condition triggered,False,-0.0299,Normal,Isolation Forest,54.43,30.48,LOW,No significant risk indicator detected,LOW
,Pune,,Sanya Swamy,W11151,,Drinking Water Supply,State Housing Board,4.29,,,,,,,,,Ongoing,14.505601787665183,synthetic,Synthetic Test Data,,,False,,,False,,,,False,False,W11151,14.51,LOW,No rule-based risk condition triggered,False,-0.0252,Normal,Isolation Forest,70.22,36.79,LOW,No significant risk indicator detected,LOW
,Chennai,,Azaan Gupta,W12958,,Drainage System,State Housing Board,13.19,,,,,,,,,Ongoing,14.504685611037004,synthetic,Synthetic Test Data,,,False,,,False,,,,False,False,W12958,14.5,LOW,No rule-based risk condition triggered,False,-0.0374,Normal,Isolation Forest,23.92,18.27,LOW,No significant risk indicator detected,LOW
,Madurai,,Pallavi Krish,W12151,,School Building Repair,State Housing Board,7.15,,,,,,,,,Ongoing,14.504084011609397,synthetic,Synthetic Test Data,,,False,,,False,,,,False,False,W12151,14.5,LOW,No rule-based risk condition triggered,False,-0.0304,Normal,Isolation Forest,52.4,29.66,LOW,No significant risk indicator detected,LOW
,Kanpur,,Ria Ratta,W12842,,Drinking Water Supply,Municipal Corporation,9.05,,,,,,,,,Ongoing,14.503558261946171,synthetic,Synthetic Test Data,,,False,,,False,,,,False,False,W12842,14.5,LOW,No rule-based risk condition triggered,False,-0.0274,Normal,Isolation Forest,63.97,34.29,LOW,No significant risk indicator detected,LOW
,Thane,,Victor Venkataraman,W12895,,Public Toilet Complex,Municipal Corporation,4.32,,,,,,,,,Ongoing,14.499008275123265,synthetic,Synthetic Test Data,,,False,,,False,,,,False,False,W12895,14.5,LOW,No rule-based risk condition triggered,False,-0.0194,Normal,Isolation Forest,81.8,41.42,MEDIUM,No significant risk indicator detected,MEDIUM
,Agra,,Onveer Kata,W12736,,School Building Repair,State Housing Board,5.47,,,,,,,,,Ongoing,14.492097836500678,synthetic,Synthetic Test Data,,,False,,,False,,,,False,False,W12736,14.49,LOW,No rule-based risk condition triggered,False,-0.027,Normal,Isolation Forest,65.32,34.82,LOW,No significant risk indicator detected,LOW
,Belagavi,,Rayaan Mand,W12944,,Drainage System,Municipal Corporation,5.5,,,,,,,,,Completed,14.480482615447844,synthetic,Synthetic Test Data,,,False,,,False,,,,False,False,W12944,14.48,LOW,No rule-based risk condition triggered,False,-0.03,Normal,Isolation Forest,53.93,30.26,LOW,No significant risk indicator detected,LOW
,Belagavi,,Yamini Chand,W11417,,Drainage System,Zilla Panchayat,8.42,,,,,,,,,Ongoing,14.480475421815768,synthetic,Synthetic Test Data,,,False,,,False,,,,False,False,W11417,14.48,LOW,No rule-based risk condition triggered,False,-0.0442,Normal,Isolation Forest,7.85,11.83,LOW,No significant risk indicator detected,LOW
,Belagavi,,Owen Bansal,W12808,,Street Lighting,District Rural Development Agency,5.49,,,,,,,,,Ongoing,14.475754375932686,synthetic,Synthetic Test Data,,,False,,,False,,,,False,False,W12808,14.48,LOW,No rule-based risk condition triggered,False,-0.034,Normal,Isolation Forest,36.65,23.35,LOW,No significant risk indicator detected,LOW
,Varanasi,,Onveer Kata,W10068,,Public Toilet Complex,Zilla Panchayat,7.35,,,,,,,,,Ongoing,14.472751341130715,synthetic,Synthetic Test Data,,,False,,,False,,,,False,False,W10068,14.47,LOW,No rule-based risk condition triggered,False,-0.0346,Normal,Isolation Forest,34.07,22.31,LOW,No significant risk indicator detected,LOW
,Darjeeling,,Azaan Gupta,W11690,,Public Toilet Complex,State Housing Board,5.99,,,,,,,,,Ongoing,14.47244975672633,synthetic,Synthetic Test Data,,,False,,,False,,,,False,False,W11690,14.47,LOW,No rule-based risk condition triggered,False,-0.0254,Normal,Isolation Forest,69.65,36.54,LOW,No significant risk indicator detected,LOW
,Salem,,Ria Ratta,W12059,,School Building Repair,District Rural Development Agency,11.22,,,,,,,,,Ongoing,14.459979324457557,synthetic,Synthetic Test Data,,,False,,,False,,,,False,False,W12059,14.46,LOW,No rule-based risk condition triggered,False,-0.035,Normal,Isolation Forest,32.23,21.57,LOW,No significant risk indicator detected,LOW
,Lucknow,,Leena Butala,W12347,,School Building Repair,District Rural Development Agency,12.03,,,,,,,,,Ongoing,14.456163898258165,synthetic,Synthetic Test Data,,,False,,,False,,,,False,False,W12347,14.46,LOW,No rule-based risk condition triggered,False,-0.0317,Normal,Isolation Forest,47.08,27.51,LOW,No significant risk indicator detected,LOW
,Nagpur,,Meera Banerjee,W11802,,School Building Repair,Municipal Corporation,14.64,,,,,,,,,Ongoing,14.45479091847116,synthetic,Synthetic Test Data,,,False,,,False,,,,False,False,W11802,14.45,LOW,No rule-based risk condition triggered,False,-0.0219,Normal,Isolation Forest,77.08,39.5,LOW,No significant risk indicator detected,LOW
,Kanpur,,Onveer Kata,W11599,,Road Construction,Public Works Department,6.87,,,,,,,,,Ongoing,14.45393602859033,synthetic,Synthetic Test Data,,,False,,,False,,,,False,False,W11599,14.45,LOW,No rule-based risk condition triggered,False,-0.0318,Normal,Isolation Forest,46.62,27.32,LOW,No significant risk indicator detected,LOW
,Belagavi,,Christopher Kadakia,W10998,,Drainage System,Zilla Panchayat,13.6,,,,,,,,,Ongoing,14.453566186136968,synthetic,Synthetic Test Data,,,False,,,False,,,,False,False,W10998,14.45,LOW,No rule-based risk condition triggered,False,-0.0464,Normal,Isolation Forest,5.27,10.78,LOW,No significant risk indicator detected,LOW
,Salem,,Eesha Memon,W11685,,Public Toilet Complex,Municipal Corporation,6.34,,,,,,,,,Ongoing,14.453248096702364,synthetic,Synthetic Test Data,,,False,,,False,,,,False,False,W11685,14.45,LOW,No rule-based risk condition triggered,False,-0.0239,Normal,Isolation Forest,73.77,38.18,LOW,No significant risk indicator detected,LOW
,Belagavi,,Meera Banerjee,W12116,,School Building Repair,Zilla Panchayat,6.07,,,,,,,,,Ongoing,14.451390070006244,synthetic,Synthetic Test Data,,,False,,,False,,,,False,False,W12116,14.45,LOW,No rule-based risk condition triggered,False,-0.0407,Normal,Isolation Forest,14.47,14.46,LOW,No significant risk indicator detected,LOW
,Lucknow,,Nicholas Gour,W10749,,Community Health Center,State Housing Board,21.34,,,,,,,,,Completed,14.450635365845883,synthetic,Synthetic Test Data,,,False,,,False,,,,False,False,W10749,14.45,LOW,No rule-based risk condition triggered,False,-0.026,Normal,Isolation Forest,68.0,35.87,LOW,No significant risk indicator detected,LOW
,Kanpur,,Odika Naik,W11244,,School Building Repair,Public Works Department,10.56,,,,,,,,,Completed,14.446859663702336,synthetic,Synthetic Test Data,,,False,,,False,,,,False,False,W11244,14.45,LOW,No rule-based risk condition triggered,False,-0.0397,Normal,Isolation Forest,17.3,15.59,LOW,No significant risk indicator detected,LOW
,Asansol,,Jagat Mangat,W12607,,Drinking Water Supply,State Housing Board,14.07,,,,,,,,,Ongoing,14.445426506465049,synthetic,Synthetic Test Data,,,False,,,False,,,,False,False,W12607,14.45,LOW,No rule-based risk condition triggered,False,-0.029,Normal,Isolation Forest,58.33,32.0,LOW,No significant risk indicator detected,LOW
,Coimbatore,,Krishna Pant,W11697,,Street Lighting,Municipal Corporation,5.02,,,,,,,,,Ongoing,14.444429193362527,synthetic,Synthetic Test Data,,,False,,,False,,,,False,False,W11697,14.44,LOW,No rule-based risk condition triggered,False,-0.0216,Normal,Isolation Forest,77.68,39.74,LOW,No significant risk indicator detected,LOW
,Nagpur,,Nicholas Gour,W11645,,Drainage System,Municipal Corporation,14.55,,,,,,,,,Ongoing,14.441216145883327,synthetic,Synthetic Test Data,,,False,,,False,,,,False,False,W11645,14.44,LOW,No rule-based risk condition triggered,False,-0.03,Normal,Isolation Forest,53.93,30.24,LOW,No significant risk indicator detected,LOW
,Nashik,,Leena Butala,W10911,,Drainage System,Public Works Department,11.32,,,,,,,,,Ongoing,14.44096313136396,synthetic,Synthetic Test Data,,,False,,,False,,,,False,False,W10911,14.44,LOW,No rule-based risk condition triggered,False,-0.0422,Normal,Isolation Forest,10.25,12.76,LOW,No significant risk indicator detected,LOW
,Coimbatore,,Krishna Pant,W10482,,Public Toilet Complex,Zilla Panchayat,6.11,,,,,,,,,Completed,14.439321156122435,synthetic,Synthetic Test Data,,,False,,,False,,,,False,False,W10482,14.44,LOW,No rule-based risk condition triggered,False,-0.0537,Normal,Isolation Forest,0.77,8.97,LOW,No significant risk indicator detected,LOW
,Kolkata,,Odika Naik,W11615,,Drainage System,District Rural Development Agency,5.87,,,,,,,,,Completed,14.438616949942082,synthetic,Synthetic Test Data,,,False,,,False,,,,False,False,W11615,14.44,LOW,No rule-based risk condition triggered,False,-0.0354,Normal,Isolation Forest,30.77,20.97,LOW,No significant risk indicator detected,LOW
,Salem,,Ishwar Boase,W12259,,Drinking Water Supply,State Housing Board,5.2,,,,,,,,,Ongoing,14.435116985935633,synthetic,Synthetic Test Data,,,False,,,False,,,,False,False,W12259,14.44,LOW,No rule-based risk condition triggered,False,-0.0278,Normal,Isolation Forest,62.37,33.61,LOW,No significant risk indicator detected,LOW
,Lucknow,,Mugdha Varty,W11258,,School Building Repair,Municipal Corporation,4.45,,,,,,,,,Completed,14.434361230776702,synthetic,Synthetic Test Data,,,False,,,False,,,,False,False,W11258,14.43,LOW,No rule-based risk condition triggered,False,-0.0285,Normal,Isolation Forest,60.0,32.66,LOW,No significant risk indicator detected,LOW
,Belagavi,,Owen Bala,W11243,,Street Lighting,District Rural Development Agency,3.76,,,,,,,,,Ongoing,14.433510647930529,synthetic,Synthetic Test Data,,,False,,,False,,,,False,False,W11243,14.43,LOW,No rule-based risk condition triggered,False,-0.0348,Normal,Isolation Forest,33.15,21.92,LOW,No significant risk indicator detected,LOW
,Kolkata,,Harrison Kapur,W10790,,Road Construction,State Housing Board,10.52,,,,,,,,,Completed,14.43251977812434,synthetic,Synthetic Test Data,,,False,,,False,,,,False,False,W10790,14.43,LOW,No rule-based risk condition triggered,False,-0.0277,Normal,Isolation Forest,62.88,33.81,LOW,No significant risk indicator detected,LOW
,Lucknow,,Deepa Gala,W12716,,Drinking Water Supply,State Housing Board,8.7,,,,,,,,,Ongoing,14.432074589048945,synthetic,Synthetic Test Data,,,False,,,False,,,,False,False,W12716,14.43,LOW,No rule-based risk condition triggered,False,-0.0311,Normal,Isolation Forest,49.75,28.56,LOW,No significant risk indicator detected,LOW
,Agra,,Krishna Pant,W11143,,Community Health Center,Municipal Corporation,26.95,,,,,,,,,Completed,14.428582891881629,synthetic,Synthetic Test Data,,,False,,,False,,,,False,False,W11143,14.43,LOW,No rule-based risk condition triggered,False,-0.0206,Normal,Isolation Forest,79.83,40.59,MEDIUM,No significant risk indicator detected,MEDIUM
,Lucknow,,Bachittar Choudhry,W11517,,Public Toilet Complex,Public Works Department,7.6,,,,,,,,,Ongoing,14.420914042276712,synthetic,Synthetic Test Data,,,False,,,False,,,,False,False,W11517,14.42,LOW,No rule-based risk condition triggered,False,-0.0266,Normal,Isolation Forest,66.5,35.25,LOW,No significant risk indicator detected,LOW
,Chennai,,Victor Venkataraman,W12764,,Drainage System,Public Works Department,14.32,,,,,,,,,Ongoing,14.416801506684129,synthetic,Synthetic Test Data,,,False,,,False,,,,False,False,W12764,14.42,LOW,No rule-based risk condition triggered,False,-0.0404,Normal,Isolation Forest,15.23,14.74,LOW,No significant risk indicator detected,LOW
,Madurai,,Gabriel Thaman,W11838,,Public Toilet Complex,District Rural Development Agency,7.39,,,,,,,,,Ongoing,14.400366654074304,synthetic,Synthetic Test Data,,,False,,,False,,,,False,False,W11838,14.4,LOW,No rule-based risk condition triggered,False,-0.03,Normal,Isolation Forest,53.93,30.21,LOW,No significant risk indicator detected,LOW
,Dharwad,,Vrinda Biswas,W10619,,School Building Repair,Municipal Corporation,7.46,,,,,,,,,Ongoing,14.390355691767969,synthetic,Synthetic Test Data,,,False,,,False,,,,False,False,W10619,14.39,LOW,No rule-based risk condition triggered,False,-0.0366,Normal,Isolation Forest,26.03,19.05,LOW,No significant risk indicator detected,LOW
,Pune,,Tanish Iyer,W11505,,Drinking Water Supply,State Housing Board,18.27,,,,,,,,,Completed,14.385557268497775,synthetic,Synthetic Test Data,,,False,,,False,,,,False,False,W11505,14.39,LOW,No rule-based risk condition triggered,False,-0.017,Normal,Isolation Forest,85.08,42.67,MEDIUM,No significant risk indicator detected,MEDIUM
,Kanpur,,Yutika Rana,W11529,,Public Toilet Complex,Public Works Department,5.18,,,,,,,,,Ongoing,14.384086373796636,synthetic,Synthetic Test Data,,,False,,,False,,,,False,False,W11529,14.38,LOW,No rule-based risk condition triggered,False,-0.035,Normal,Isolation Forest,32.23,21.52,LOW,No significant risk indicator detected,LOW
,Pune,,Victor Venkataraman,W11897,,School Building Repair,State Housing Board,7.4,,,,,,,,,Ongoing,14.38158496160064,synthetic,Synthetic Test Data,,,False,,,False,,,,False,False,W11897,14.38,LOW,No rule-based risk condition triggered,False,-0.0317,Normal,Isolation Forest,47.08,27.46,LOW,No significant risk indicator detected,LOW
,Asansol,,Yamini Chand,W12533,,School Building Repair,Municipal Corporation,3.02,,,,,,,,,Ongoing,14.379123586575464,synthetic,Synthetic Test Data,,,False,,,False,,,,False,False,W12533,14.38,LOW,No rule-based risk condition triggered,False,-0.0154,Normal,Isolation Forest,86.55,43.25,MEDIUM,No significant risk indicator detected,MEDIUM
,Madurai,,Gabriel Thaman,W10735,,Drinking Water Supply,Municipal Corporation,14.97,,,,,,,,,Ongoing,14.377296819660842,synthetic,Synthetic Test Data,,,False,,,False,,,,False,False,W10735,14.38,LOW,No rule-based risk condition triggered,False,-0.0275,Normal,Isolation Forest,63.62,34.08,LOW,No significant risk indicator detected,LOW
,Dharwad,,Harrison Kapur,W11998,,School Building Repair,District Rural Development Agency,13.27,,,,,,,,,Ongoing,14.374795712144683,synthetic,Synthetic Test Data,,,False,,,False,,,,False,False,W11998,14.37,LOW,No rule-based risk condition triggered,False,-0.0297,Normal,Isolation Forest,55.33,30.75,LOW,No significant risk indicator detected,LOW
,Kolkata,,Gabriel Thaman,W12105,,Community Health Center,District Rural Development Agency,23.42,,,,,,,,,Completed,14.366091577185262,synthetic,Synthetic Test Data,,,False,,,False,,,,False,False,W12105,14.37,LOW,No rule-based risk condition triggered,False,-0.0333,Normal,Isolation Forest,39.88,24.57,LOW,No significant risk indicator detected,LOW
,Varanasi,,Owen Bala,W10340,,Community Health Center,Municipal Corporation,14.83,,,,,,,,,Ongoing,14.36372449386538,synthetic,Synthetic Test Data,,,False,,,False,,,,False,False,W10340,14.36,LOW,No rule-based risk condition triggered,False,-0.0191,Normal,Isolation Forest,82.2,41.5,MEDIUM,No significant risk indicator detected,MEDIUM
,Agra,,Gabriel Thaman,W11391,,Public Toilet Complex,State Housing Board,3.01,,,,,,,,,Completed,14.360435313041933,synthetic,Synthetic Test Data,,,False,,,False,,,,False,False,W11391,14.36,LOW,No rule-based risk condition triggered,False,-0.0241,Normal,Isolation Forest,73.38,37.97,LOW,No significant risk indicator detected,LOW
,Bengaluru Urban,,Gaurav Chandra,W10765,,Drainage System,Municipal Corporation,7.57,,,,,,,,,Ongoing,14.356547310694191,synthetic,Synthetic Test Data,,,False,,,False,,,,False,False,W10765,14.36,LOW,No rule-based risk condition triggered,False,-0.0337,Normal,Isolation Forest,37.93,23.79,LOW,No significant risk indicator detected,LOW
,Darjeeling,,Mugdha Varty,W10551,,Drinking Water Supply,Municipal Corporation,10.56,,,,,,,,,Completed,14.354949309894137,synthetic,Synthetic Test Data,,,False,,,False,,,,False,False,W10551,14.35,LOW,No rule-based risk condition triggered,False,-0.031,Normal,Isolation Forest,50.17,28.68,LOW,No significant risk indicator detected,LOW
,Belagavi,,Varsha Morar,W11727,,Drainage System,Zilla Panchayat,8.84,,,,,,,,,Completed,14.353696578747227,synthetic,Synthetic Test Data,,,False,,,False,,,,False,False,W11727,14.35,LOW,No rule-based risk condition triggered,False,-0.0525,Normal,Isolation Forest,1.57,9.24,LOW,No significant risk indicator detected,LOW
,Madurai,,Advaith Gole,W11344,,Drainage System,Zilla Panchayat,13.12,,,,,,,,,Completed,14.351819720730663,synthetic,Synthetic Test Data,,,False,,,False,,,,False,False,W11344,14.35,LOW,No rule-based risk condition triggered,False,-0.0463,Normal,Isolation Forest,5.33,10.74,LOW,No significant risk indicator detected,LOW
,Agra,,Jagat Mangat,W11343,,Public Toilet Complex,District Rural Development Agency,3.46,,,,,,,,,Ongoing,14.349261264903344,synthetic,Synthetic Test Data,,,False,,,False,,,,False,False,W11343,14.35,LOW,No rule-based risk condition triggered,False,-0.0258,Normal,Isolation Forest,68.57,36.04,LOW,No significant risk indicator detected,LOW
,Dharwad,,Krishna Pant,W12386,,Public Toilet Complex,Municipal Corporation,4.58,,,,,,,,,Ongoing,14.348240875840848,synthetic,Synthetic Test Data,,,False,,,False,,,,False,False,W12386,14.35,LOW,No rule-based risk condition triggered,False,-0.0212,Normal,Isolation Forest,78.55,40.03,MEDIUM,No significant risk indicator detected,MEDIUM
,Mysuru,,Eesha Memon,W11335,,Drinking Water Supply,Zilla Panchayat,8.9,,,,,,,,,Completed,14.342008564549896,synthetic,Synthetic Test Data,,,False,,,False,,,,False,False,W11335,14.34,LOW,No rule-based risk condition triggered,False,-0.0419,Normal,Isolation Forest,10.68,12.88,LOW,No significant risk indicator detected,LOW
,Belagavi,,Gabriel Thaman,W11322,,Drainage System,Municipal Corporation,13.08,,,,,,,,,Ongoing,14.34120223759109,synthetic,Synthetic Test Data,,,False,,,False,,,,False,False,W11322,14.34,LOW,No rule-based risk condition triggered,False,-0.0327,Normal,Isolation Forest,42.53,25.62,LOW,No significant risk indicator detected,LOW
,Coimbatore,,Mugdha Varty,W12351,,Community Health Center,Public Works Department,12.15,,,,,,,,,Ongoing,14.34077925669924,synthetic,Synthetic Test Data,,,False,,,False,,,,False,False,W12351,14.34,LOW,No rule-based risk condition triggered,False,-0.03,Normal,Isolation Forest,53.93,30.18,LOW,No significant risk indicator detected,LOW
,Varanasi,,Lucky Prashad,W12580,,Drinking Water Supply,State Housing Board,15.49,,,,,,,,,Ongoing,14.340260669779743,synthetic,Synthetic Test Data,,,False,,,False,,,,False,False,W12580,14.34,LOW,No rule-based risk condition triggered,False,-0.0249,Normal,Isolation Forest,71.12,37.05,LOW,No significant risk indicator detected,LOW
,Pune,,Pallavi Krish,W12011,,School Building Repair,State Housing Board,13.41,,,,,,,,,Completed,14.336178971283596,synthetic,Synthetic Test Data,,,False,,,False,,,,False,False,W12011,14.34,LOW,No rule-based risk condition triggered,False,-0.0356,Normal,Isolation Forest,30.08,20.64,LOW,No significant risk indicator detected,LOW
,Dharwad,,Yug Choudhry,W12630,,Drainage System,Public Works Department,7.27,,,,,,,,,Ongoing,14.333103252373238,synthetic,Synthetic Test Data,,,False,,,False,,,,False,False,W12630,14.33,LOW,No rule-based risk condition triggered,False,-0.0407,Normal,Isolation Forest,14.47,14.39,LOW,No significant risk indicator detected,LOW
,Bengaluru Urban,,Eesha Memon,W10598,,Road Construction,Municipal Corporation,29.72,,,,,,,,,Completed,14.332576459293987,synthetic,Synthetic Test Data,,,False,,,False,,,,False,False,W10598,14.33,LOW,No rule-based risk condition triggered,False,-0.0125,Normal,Isolation Forest,89.2,44.28,MEDIUM,No significant risk indicator detected,MEDIUM
,Asansol,,Vanya Suresh,W12342,,Road Construction,Public Works Department,29.06,,,,,,,,,Completed,14.330155068629097,synthetic,Synthetic Test Data,,,False,,,False,,,,False,False,W12342,14.33,LOW,No rule-based risk condition triggered,False,-0.0228,Normal,Isolation Forest,75.62,38.85,LOW,No significant risk indicator detected,LOW
,Varanasi,,Lucky Prashad,W12065,,Drinking Water Supply,Zilla Panchayat,5.28,,,,,,,,,Ongoing,14.325644575147644,synthetic,Synthetic Test Data,,,False,,,False,,,,False,False,W12065,14.33,LOW,No rule-based risk condition triggered,False,-0.032,Normal,Isolation Forest,45.6,26.84,LOW,No significant risk indicator detected,LOW
,Madurai,,Odika Naik,W12739,,School Building Repair,District Rural Development Agency,5.68,,,,,,,,,Ongoing,14.323546245601383,synthetic,Synthetic Test Data,,,False,,,False,,,,False,False,W12739,14.32,LOW,No rule-based risk condition triggered,False,-0.0339,Normal,Isolation Forest,37.15,23.45,LOW,No significant risk indicator detected,LOW
,Chennai,,Tanish Iyer,W10871,,School Building Repair,Zilla Panchayat,6.68,,,,,,,,,Ongoing,14.3228940480462,synthetic,Synthetic Test Data,,,False,,,False,,,,False,False,W10871,14.32,LOW,No rule-based risk condition triggered,False,-0.042,Normal,Isolation Forest,10.53,12.8,LOW,No significant risk indicator detected,LOW
,Chennai,,Bachittar Choudhry,W11861,,Drainage System,Zilla Panchayat,8.03,,,,,,,,,Ongoing,14.32130855584096,synthetic,Synthetic Test Data,,,False,,,False,,,,False,False,W11861,14.32,LOW,No rule-based risk condition triggered,False,-0.0446,Normal,Isolation Forest,7.4,11.55,LOW,No significant risk indicator detected,LOW
,Bengaluru Urban,,Pallavi Krish,W11726,,Road Construction,Public Works Department,10.68,,,,,,,,,Ongoing,14.318048393302394,synthetic,Synthetic Test Data,,,False,,,False,,,,False,False,W11726,14.32,LOW,No rule-based risk condition triggered,False,-0.0367,Normal,Isolation Forest,25.68,18.86,LOW,No significant risk indicator detected,LOW
,Agra,,Ria Ratta,W11390,,Street Lighting,Municipal Corporation,5.5,,,,,,,,,Ongoing,14.3060295495975,synthetic,Synthetic Test Data,,,False,,,False,,,,False,False,W11390,14.31,LOW,No rule-based risk condition triggered,False,-0.0211,Normal,Isolation Forest,78.95,40.17,MEDIUM,No significant risk indicator detected,MEDIUM
,Salem,,Yutika Rana,W11925,,School Building Repair,State Housing Board,5.38,,,,,,,,,Ongoing,14.305377687818057,synthetic,Synthetic Test Data,,,False,,,False,,,,False,False,W11925,14.31,LOW,No rule-based risk condition triggered,False,-0.027,Normal,Isolation Forest,65.32,34.71,LOW,No significant risk indicator detected,LOW
,Lucknow,,Gaurav Chandra,W12212,,School Building Repair,State Housing Board,11.36,,,,,,,,,Completed,14.299386614482389,synthetic,Synthetic Test Data,,,False,,,False,,,,False,False,W12212,14.3,LOW,No rule-based risk condition triggered,False,-0.0429,Normal,Isolation Forest,9.4,12.34,LOW,No significant risk indicator detected,LOW
,Kolkata,,Lucky Prashad,W12107,,Street Lighting,Public Works Department,3.69,,,,,,,,,Completed,14.296046247114214,synthetic,Synthetic Test Data,,,False,,,False,,,,False,False,W12107,14.3,LOW,No rule-based risk condition triggered,False,-0.0224,Normal,Isolation Forest,76.3,39.1,LOW,No significant risk indicator detected,LOW
,Lucknow,,Christopher Kadakia,W10372,,Drinking Water Supply,Municipal Corporation,11.04,,,,,,,,,Ongoing,14.29550989332184,synthetic,Synthetic Test Data,,,False,,,False,,,,False,False,W10372,14.3,LOW,No rule-based risk condition triggered,False,-0.0306,Normal,Isolation Forest,51.43,29.15,LOW,No significant risk indicator detected,LOW
,Bengaluru Urban,,Jagat Mangat,W12415,,School Building Repair,Municipal Corporation,10.82,,,,,,,,,Ongoing,14.294534848043842,synthetic,Synthetic Test Data,,,False,,,False,,,,False,False,W12415,14.29,LOW,No rule-based risk condition triggered,False,-0.0364,Normal,Isolation Forest,26.65,19.23,LOW,No significant risk indicator detected,LOW
,Mysuru,,Tanish Iyer,W12319,,Drainage System,Public Works Department,10.62,,,,,,,,,Ongoing,14.286372715739663,synthetic,Synthetic Test Data,,,False,,,False,,,,False,False,W12319,14.29,LOW,No rule-based risk condition triggered,False,-0.0439,Normal,Isolation Forest,8.03,11.79,LOW,No significant risk indicator detected,LOW
,Agra,,Leena Butala,W11926,,Drinking Water Supply,District Rural Development Agency,7.33,,,,,,,,,Ongoing,14.286062577033537,synthetic,Synthetic Test Data,,,False,,,False,,,,False,False,W11926,14.29,LOW,No rule-based risk condition triggered,False,-0.0329,Normal,Isolation Forest,41.65,25.23,LOW,No significant risk indicator detected,LOW
,Asansol,,Bachittar Choudhry,W12524,,Community Health Center,Municipal Corporation,10.96,,,,,,,,,Completed,14.282952197118124,synthetic,Synthetic Test Data,,,False,,,False,,,,False,False,W12524,14.28,LOW,No rule-based risk condition triggered,False,-0.0276,Normal,Isolation Forest,63.3,33.89,LOW,No significant risk indicator detected,LOW
,Salem,,Meera Banerjee,W11560,,Drinking Water Supply,Zilla Panchayat,15.88,,,,,,,,,Ongoing,14.274026258116104,synthetic,Synthetic Test Data,,,False,,,False,,,,False,False,W11560,14.27,LOW,No rule-based risk condition triggered,False,-0.0372,Normal,Isolation Forest,24.37,18.31,LOW,No significant risk indicator detected,LOW
,Dharwad,,Victor Venkataraman,W10941,,Public Toilet Complex,Public Works Department,7.67,,,,,,,,,Ongoing,14.268183370530217,synthetic,Synthetic Test Data,,,False,,,False,,,,False,False,W10941,14.27,LOW,No rule-based risk condition triggered,False,-0.0263,Normal,Isolation Forest,67.18,35.43,LOW,No significant risk indicator detected,LOW
,Salem,,Gaurav Chandra,W10884,,Drainage System,Zilla Panchayat,12.02,,,,,,,,,Completed,14.26056535991878,synthetic,Synthetic Test Data,,,False,,,False,,,,False,False,W10884,14.26,LOW,No rule-based risk condition triggered,False,-0.0498,Normal,Isolation Forest,2.98,9.75,LOW,No significant risk indicator detected,LOW
,Kolkata,,Gaurav Chandra,W10577,,Drinking Water Supply,Municipal Corporation,6.73,,,,,,,,,Ongoing,14.257282285326507,synthetic,Synthetic Test Data,,,False,,,False,,,,False,False,W10577,14.26,LOW,No rule-based risk condition triggered,False,-0.0265,Normal,Isolation Forest,66.75,35.26,LOW,No significant risk indicator detected,LOW
,Agra,,Meera Banerjee,W10942,,Drainage System,Municipal Corporation,11.29,,,,,,,,,Completed,14.257207085978392,synthetic,Synthetic Test Data,,,False,,,False,,,,False,False,W10942,14.26,LOW,No rule-based risk condition triggered,False,-0.0327,Normal,Isolation Forest,42.53,25.57,LOW,No significant risk indicator detected,LOW
,Kolkata,,Deepa Gala,W11102,,Community Health Center,Municipal Corporation,13.76,,,,,,,,,Ongoing,14.253896159829113,synthetic,Synthetic Test Data,,,False,,,False,,,,False,False,W11102,14.25,LOW,No rule-based risk condition triggered,False,-0.0191,Normal,Isolation Forest,82.2,41.43,MEDIUM,No significant risk indicator detected,MEDIUM
,Agra,,Pallavi Krish,W11174,,Drinking Water Supply,Municipal Corporation,4.33,,,,,,,,,Completed,14.252952241890505,synthetic,Synthetic Test Data,,,False,,,False,,,,False,False,W11174,14.25,LOW,No rule-based risk condition triggered,False,-0.0248,Normal,Isolation Forest,71.5,37.15,LOW,No significant risk indicator detected,LOW
,Nashik,,Vanya Suresh,W10760,,Public Toilet Complex,District Rural Development Agency,4.33,,,,,,,,,Completed,14.25146873786946,synthetic,Synthetic Test Data,,,False,,,False,,,,False,False,W10760,14.25,LOW,No rule-based risk condition triggered,False,-0.0319,Normal,Isolation Forest,46.1,26.99,LOW,No significant risk indicator detected,LOW
,Varanasi,,Nicholas Gour,W11012,,Road Construction,State Housing Board,6.37,,,,,,,,,Ongoing,14.249509571615462,synthetic,Synthetic Test Data,,,False,,,False,,,,False,False,W11012,14.25,LOW,No rule-based risk condition triggered,False,-0.0243,Normal,Isolation Forest,73.07,37.78,LOW,No significant risk indicator detected,LOW
,Belagavi,,Azaan Gupta,W12559,,Road Construction,State Housing Board,13.65,,,,,,,,,Ongoing,14.2433199281649,synthetic,Synthetic Test Data,,,False,,,False,,,,False,False,W12559,14.24,LOW,No rule-based risk condition triggered,False,-0.0332,Normal,Isolation Forest,40.32,24.67,LOW,No significant risk indicator detected,LOW
,Belagavi,,Victor Venkataraman,W11285,,Drinking Water Supply,State Housing Board,16.27,,,,,,,,,Completed,14.238771384750727,synthetic,Synthetic Test Data,,,False,,,False,,,,False,False,W11285,14.24,LOW,No rule-based risk condition triggered,False,-0.0227,Normal,Isolation Forest,75.73,38.84,LOW,No significant risk indicator detected,LOW
,Madurai,,Owen Bala,W12682,,Street Lighting,Zilla Panchayat,5.94,,,,,,,,,Ongoing,14.235761455705576,synthetic,Synthetic Test Data,,,False,,,False,,,,False,False,W12682,14.24,LOW,No rule-based risk condition triggered,False,-0.0436,Normal,Isolation Forest,8.47,11.93,LOW,No significant risk indicator detected,LOW
,Mysuru,,Krishna Pant,W11224,,Street Lighting,Zilla Panchayat,4.04,,,,,,,,,Completed,14.235515233327025,synthetic,Synthetic Test Data,,,False,,,False,,,,False,False,W11224,14.24,LOW,No rule-based risk condition triggered,False,-0.0426,Normal,Isolation Forest,9.73,12.44,LOW,No significant risk indicator detected,LOW
,Darjeeling,,Sanya Swamy,W10902,,Drinking Water Supply,State Housing Board,10.74,,,,,,,,,Ongoing,14.231534507628693,synthetic,Synthetic Test Data,,,False,,,False,,,,False,False,W10902,14.23,LOW,No rule-based risk condition triggered,False,-0.0332,Normal,Isolation Forest,40.32,24.67,LOW,No significant risk indicator detected,LOW
,Kanpur,,Gabriel Thaman,W11087,,Public Toilet Complex,Municipal Corporation,5.16,,,,,,,,,Ongoing,14.229444081841011,synthetic,Synthetic Test Data,,,False,,,False,,,,False,False,W11087,14.23,LOW,No rule-based risk condition triggered,False,-0.0239,Normal,Isolation Forest,73.77,38.05,LOW,No significant risk indicator detected,LOW
,Darjeeling,,Harrison Kapur,W10186,,Public Toilet Complex,Zilla Panchayat,7.5,,,,,,,,,Ongoing,14.227018114794149,synthetic,Synthetic Test Data,,,False,,,False,,,,False,False,W10186,14.23,LOW,No rule-based risk condition triggered,False,-0.0339,Normal,Isolation Forest,37.15,23.4,LOW,No significant risk indicator detected,LOW
,Varanasi,,Owen Bala,W10803,,Public Toilet Complex,Zilla Panchayat,4.16,,,,,,,,,Ongoing,14.226372947109212,synthetic,Synthetic Test Data,,,False,,,False,,,,False,False,W10803,14.23,LOW,No rule-based risk condition triggered,False,-0.0388,Normal,Isolation Forest,19.85,16.48,LOW,No significant risk indicator detected,LOW
,Belagavi,,Yadavi Deshmukh,W10837,,Drinking Water Supply,Public Works Department,9.71,,,,,,,,,Completed,14.224574798011174,synthetic,Synthetic Test Data,,,False,,,False,,,,False,False,W10837,14.22,LOW,No rule-based risk condition triggered,False,-0.0341,Normal,Isolation Forest,36.23,23.02,LOW,No significant risk indicator detected,LOW
,Bengaluru Urban,,Rayaan Mand,W12496,,Street Lighting,District Rural Development Agency,2.11,,,,,,,,,Completed,14.214054552966967,synthetic,Synthetic Test Data,,,False,,,False,,,,False,False,W12496,14.21,LOW,No rule-based risk condition triggered,False,-0.0272,Normal,Isolation Forest,64.7,34.41,LOW,No significant risk indicator detected,LOW
,Varanasi,,Jagat Mangat,W10114,,Public Toilet Complex,District Rural Development Agency,7.22,,,,,,,,,Ongoing,14.213566893651068,synthetic,Synthetic Test Data,,,False,,,False,,,,False,False,W10114,14.21,LOW,No rule-based risk condition triggered,False,-0.0305,Normal,Isolation Forest,51.93,29.3,LOW,No significant risk indicator detected,LOW
,Thane,,Gaurav Chandra,W11728,,Drainage System,District Rural Development Agency,11.8,,,,,,,,,Completed,14.210407165657925,synthetic,Synthetic Test Data,,,False,,,False,,,,False,False,W11728,14.21,LOW,No rule-based risk condition triggered,False,-0.0375,Normal,Isolation Forest,23.62,17.97,LOW,No significant risk indicator detected,LOW
,Asansol,,Leena Butala,W11466,,Street Lighting,Zilla Panchayat,3.59,,,,,,,,,Completed,14.200119458179245,synthetic,Synthetic Test Data,,,False,,,False,,,,False,False,W11466,14.2,LOW,No rule-based risk condition triggered,False,-0.0409,Normal,Isolation Forest,13.55,13.94,LOW,No significant risk indicator detected,LOW
,Coimbatore,,Sanya Swamy,W11272,,Street Lighting,Zilla Panchayat,2.68,,,,,,,,,Completed,14.200110958417518,synthetic,Synthetic Test Data,,,False,,,False,,,,False,False,W11272,14.2,LOW,No rule-based risk condition triggered,False,-0.0382,Normal,Isolation Forest,21.82,17.25,LOW,No significant risk indicator detected,LOW
,Nashik,,Gaurav Chandra,W12495,,Drainage System,State Housing Board,6.01,,,,,,,,,Ongoing,14.196475231875857,synthetic,Synthetic Test Data,,,False,,,False,,,,False,False,W12495,14.2,LOW,No rule-based risk condition triggered,False,-0.0348,Normal,Isolation Forest,33.15,21.78,LOW,No significant risk indicator detected,LOW
,Nagpur,,Yamini Chand,W11059,,Street Lighting,State Housing Board,4.48,,,,,,,,,Ongoing,14.193681382004954,synthetic,Synthetic Test Data,,,False,,,False,,,,False,False,W11059,14.19,LOW,No rule-based risk condition triggered,False,-0.0395,Normal,Isolation Forest,18.02,15.72,LOW,No significant risk indicator detected,LOW
,Coimbatore,,Tanish Iyer,W10201,,Drainage System,State Housing Board,5.39,,,,,,,,,Ongoing,14.186424279706308,synthetic,Synthetic Test Data,,,False,,,False,,,,False,False,W10201,14.19,LOW,No rule-based risk condition triggered,False,-0.033,Normal,Isolation Forest,41.18,24.99,LOW,No significant risk indicator detected,LOW
,Asansol,,Oliver Sarma,W10320,,Drinking Water Supply,Public Works Department,12.74,,,,,,,,,Completed,14.185227056334732,synthetic,Synthetic Test Data,,,False,,,False,,,,False,False,W10320,14.19,LOW,No rule-based risk condition triggered,False,-0.0358,Normal,Isolation Forest,29.37,20.26,LOW,No significant risk indicator detected,LOW
,Lucknow,,Vrinda Biswas,W11045,,Public Toilet Complex,State Housing Board,6.38,,,,,,,,,Ongoing,14.18441961544559,synthetic,Synthetic Test Data,,,False,,,False,,,,False,False,W11045,14.18,LOW,No rule-based risk condition triggered,False,-0.0251,Normal,Isolation Forest,70.53,36.72,LOW,No significant risk indicator detected,LOW
,Bengaluru Urban,,Hemang Bava,W12898,,Drainage System,Public Works Department,3.52,,,,,,,,,Completed,14.18359288919202,synthetic,Synthetic Test Data,,,False,,,False,,,,False,False,W12898,14.18,LOW,No rule-based risk condition triggered,False,-0.0171,Normal,Isolation Forest,85.0,42.51,MEDIUM,No significant risk indicator detected,MEDIUM
,Asansol,,Ekansh Sami,W10794,,Street Lighting,District Rural Development Agency,2.3,,,,,,,,,Completed,14.181077052575048,synthetic,Synthetic Test Data,,,False,,,False,,,,False,False,W10794,14.18,LOW,No rule-based risk condition triggered,False,-0.0285,Normal,Isolation Forest,60.0,32.51,LOW,No significant risk indicator detected,LOW
,Thane,,Ishwar Boase,W11721,,Road Construction,Municipal Corporation,8.48,,,,,,,,,Ongoing,14.179192021608456,synthetic,Synthetic Test Data,,,False,,,False,,,,False,False,W11721,14.18,LOW,No rule-based risk condition triggered,False,-0.0096,Normal,Isolation Forest,91.32,45.04,MEDIUM,No significant risk indicator detected,MEDIUM
,Howrah,,Ria Ratta,W11481,,Community Health Center,State Housing Board,17.44,,,,,,,,,Completed,14.174620203444002,synthetic,Synthetic Test Data,,,False,,,False,,,,False,False,W11481,14.17,LOW,No rule-based risk condition triggered,False,-0.0321,Normal,Isolation Forest,45.2,26.58,LOW,No significant risk indicator detected,LOW
,Varanasi,,Rayaan Mand,W12198,,Public Toilet Complex,Public Works Department,7.23,,,,,,,,,Ongoing,14.17429764849673,synthetic,Synthetic Test Data,,,False,,,False,,,,False,False,W12198,14.17,LOW,No rule-based risk condition triggered,False,-0.0272,Normal,Isolation Forest,64.7,34.38,LOW,No significant risk indicator detected,LOW
,Lucknow,,Krishna Pant,W11150,,Drinking Water Supply,District Rural Development Agency,10.74,,,,,,,,,Ongoing,14.16637240713826,synthetic,Synthetic Test Data,,,False,,,False,,,,False,False,W11150,14.17,LOW,No rule-based risk condition triggered,False,-0.0364,Normal,Isolation Forest,26.65,19.16,LOW,No significant risk indicator detected,LOW
,Nagpur,,Tanish Iyer,W12733,,Road Construction,State Housing Board,11.48,,,,,,,,,Ongoing,14.153781085662429,synthetic,Synthetic Test Data,,,False,,,False,,,,False,False,W12733,14.15,LOW,No rule-based risk condition triggered,False,-0.0297,Normal,Isolation Forest,55.33,30.62,LOW,No significant risk indicator detected,LOW
,Salem,,Mugdha Varty,W12846,,Street Lighting,District Rural Development Agency,5.64,,,,,,,,,Completed,14.150760601698204,synthetic,Synthetic Test Data,,,False,,,False,,,,False,False,W12846,14.15,LOW,No rule-based risk condition triggered,False,-0.0262,Normal,Isolation Forest,67.45,35.47,LOW,No significant risk indicator detected,LOW
,Dharwad,,Odika Naik,W11984,,Drinking Water Supply,District Rural Development Agency,10.62,,,,,,,,,Ongoing,14.150711756391749,synthetic,Synthetic Test Data,,,False,,,False,,,,False,False,W11984,14.15,LOW,No rule-based risk condition triggered,False,-0.0366,Normal,Isolation Forest,26.03,18.9,LOW,No significant risk indicator detected,LOW
,Varanasi,,Ishwar Boase,W12948,,Drinking Water Supply,Municipal Corporation,17.26,,,,,,,,,Completed,14.150076942567807,synthetic,Synthetic Test Data,,,False,,,False,,,,False,False,W12948,14.15,LOW,No rule-based risk condition triggered,False,-0.025,Normal,Isolation Forest,70.8,36.81,LOW,No significant risk indicator detected,LOW
,Darjeeling,,Yadavi Deshmukh,W11609,,School Building Repair,Municipal Corporation,6.99,,,,,,,,,Ongoing,14.142267578231204,synthetic,Synthetic Test Data,,,False,,,False,,,,False,False,W11609,14.14,LOW,No rule-based risk condition triggered,False,-0.0355,Normal,Isolation Forest,30.42,20.65,LOW,No significant risk indicator detected,LOW
,Howrah,,Leena Butala,W12413,,Community Health Center,Public Works Department,23.55,,,,,,,,,Completed,14.138248273248232,synthetic,Synthetic Test Data,,,False,,,False,,,,False,False,W12413,14.14,LOW,No rule-based risk condition triggered,False,-0.0234,Normal,Isolation Forest,74.82,38.41,LOW,No significant risk indicator detected,LOW
,Kolkata,,Leena Butala,W10147,,Street Lighting,Municipal Corporation,3.55,,,,,,,,,Ongoing,14.137401727459022,synthetic,Synthetic Test Data,,,False,,,False,,,,False,False,W10147,14.14,LOW,No rule-based risk condition triggered,False,-0.0206,Normal,Isolation Forest,79.83,40.42,MEDIUM,No significant risk indicator detected,MEDIUM
,Kanpur,,Yamini Chand,W12992,,Road Construction,State Housing Board,5.99,,,,,,,,,Ongoing,14.129031498704578,synthetic,Synthetic Test Data,,,False,,,False,,,,False,False,W12992,14.13,LOW,No rule-based risk condition triggered,False,-0.0231,Normal,Isolation Forest,75.23,38.57,LOW,No significant risk indicator detected,LOW
,Agra,,Rayaan Mand,W12841,,Drinking Water Supply,Zilla Panchayat,6.94,,,,,,,,,Ongoing,14.122072695991584,synthetic,Synthetic Test Data,,,False,,,False,,,,False,False,W12841,14.12,LOW,No rule-based risk condition triggered,False,-0.0334,Normal,Isolation Forest,39.33,24.2,LOW,No significant risk indicator detected,LOW
,Howrah,,Pallavi Krish,W12837,,Drainage System,District Rural Development Agency,6.65,,,,,,,,,Ongoing,14.121256349066323,synthetic,Synthetic Test Data,,,False,,,False,,,,False,False,W12837,14.12,LOW,No rule-based risk condition triggered,False,-0.0377,Normal,Isolation Forest,22.9,17.63,LOW,No significant risk indicator detected,LOW
,Madurai,,Ekansh Sami,W10522,,Street Lighting,Municipal Corporation,4.22,,,,,,,,,Ongoing,14.118386022767412,synthetic,Synthetic Test Data,,,False,,,False,,,,False,False,W10522,14.12,LOW,No rule-based risk condition triggered,False,-0.0217,Normal,Isolation Forest,77.45,39.45,LOW,No significant risk indicator detected,LOW
,Howrah,,Christopher Kadakia,W10714,,Drainage System,Municipal Corporation,7.6,,,,,,,,,Ongoing,14.114774675240607,synthetic,Synthetic Test Data,,,False,,,False,,,,False,False,W10714,14.11,LOW,No rule-based risk condition triggered,False,-0.0337,Normal,Isolation Forest,37.93,23.64,LOW,No significant risk indicator detected,LOW
,Agra,,Yamini Chand,W11294,,Drinking Water Supply,District Rural Development Agency,16.2,,,,,,,,,Completed,14.10696778209136,synthetic,Synthetic Test Data,,,False,,,False,,,,False,False,W11294,14.11,LOW,No rule-based risk condition triggered,False,-0.0293,Normal,Isolation Forest,57.02,31.27,LOW,No significant risk indicator detected,LOW
,Kanpur,,Owen Bala,W11144,,Street Lighting,District Rural Development Agency,2.76,,,,,,,,,Completed,14.102269229137114,synthetic,Synthetic Test Data,,,False,,,False,,,,False,False,W11144,14.1,LOW,No rule-based risk condition triggered,False,-0.029,Normal,Isolation Forest,58.33,31.79,LOW,No significant risk indicator detected,LOW
,Nagpur,,Lucky Prashad,W12143,,School Building Repair,Zilla Panchayat,10.68,,,,,,,,,Ongoing,14.096509160054357,synthetic,Synthetic Test Data,,,False,,,False,,,,False,False,W12143,14.1,LOW,No rule-based risk condition triggered,False,-0.0401,Normal,Isolation Forest,15.92,14.83,LOW,No significant risk indicator detected,LOW
,Darjeeling,,Meera Banerjee,W11704,,Drinking Water Supply,Zilla Panchayat,14.46,,,,,,,,,Ongoing,14.090547393390882,synthetic,Synthetic Test Data,,,False,,,False,,,,False,False,W11704,14.09,LOW,No rule-based risk condition triggered,False,-0.0406,Normal,Isolation Forest,14.82,14.38,LOW,No significant risk indicator detected,LOW
,Lucknow,,Meera Banerjee,W11459,,Public Toilet Complex,Public Works Department,6.44,,,,,,,,,Ongoing,14.087033024282402,synthetic,Synthetic Test Data,,,False,,,False,,,,False,False,W11459,14.09,LOW,No rule-based risk condition triggered,False,-0.0325,Normal,Isolation Forest,43.38,25.81,LOW,No significant risk indicator detected,LOW
,Mysuru,,Krishna Pant,W11106,,Public Toilet Complex,District Rural Development Agency,6.93,,,,,,,,,Completed,14.08669533453524,synthetic,Synthetic Test Data,,,False,,,False,,,,False,False,W11106,14.09,LOW,No rule-based risk condition triggered,False,-0.0334,Normal,Isolation Forest,39.33,24.19,LOW,No significant risk indicator detected,LOW
,Nagpur,,Eesha Memon,W10864,,Street Lighting,Zilla Panchayat,4.18,,,,,,,,,Ongoing,14.083398886068084,synthetic,Synthetic Test Data,,,False,,,False,,,,False,False,W10864,14.08,LOW,No rule-based risk condition triggered,False,-0.0472,Normal,Isolation Forest,4.67,10.32,LOW,No significant risk indicator detected,LOW
,Varanasi,,Triya Khatri,W10546,,Public Toilet Complex,District Rural Development Agency,2.81,,,,,,,,,Completed,14.08148311687136,synthetic,Synthetic Test Data,,,False,,,False,,,,False,False,W10546,14.08,LOW,No rule-based risk condition triggered,False,-0.0184,Normal,Isolation Forest,83.18,41.72,MEDIUM,No significant risk indicator detected,MEDIUM
,Kanpur,,Odika Naik,W12704,,Drinking Water Supply,Zilla Panchayat,8.67,,,,,,,,,Ongoing,14.0809922142047,synthetic,Synthetic Test Data,,,False,,,False,,,,False,False,W12704,14.08,LOW,No rule-based risk condition triggered,False,-0.0348,Normal,Isolation Forest,33.15,21.71,LOW,No significant risk indicator detected,LOW
,Coimbatore,,Yamini Chand,W11186,,Road Construction,Public Works Department,29.96,,,,,,,,,Completed,14.08060564,synthetic,Synthetic Test Data,,,False,,,False,,,,False,False,W11186,14.08,LOW,No rule-based risk condition triggered,False,-0.0202,Normal,Isolation Forest,80.68,40.72,MEDIUM,No significant risk indicator detected,MEDIUM
,Kolkata,,Gaurav Chandra,W12302,,Drainage System,State Housing Board,5.06,,,,,,,,,Completed,14.069665416340682,synthetic,Synthetic Test Data,,,False,,,False,,,,False,False,W12302,14.07,LOW,No rule-based risk condition triggered,False,-0.0342,Normal,Isolation Forest,35.78,22.75,LOW,No significant risk indicator detected,LOW
,Madurai,,Yadavi Deshmukh,W11177,,Public Toilet Complex,Municipal Corporation,4.92,,,,,,,,,Ongoing,14.06670946395354,synthetic,Synthetic Test Data,,,False,,,False,,,,False,False,W11177,14.07,LOW,No rule-based risk condition triggered,False,-0.0222,Normal,Isolation Forest,76.47,39.03,LOW,No significant risk indicator detected,LOW
,Madurai,,Rayaan Mand,W11525,,Public Toilet Complex,Public Works Department,4.73,,,,,,,,,Ongoing,14.06494642485398,synthetic,Synthetic Test Data,,,False,,,False,,,,False,False,W11525,14.06,LOW,No rule-based risk condition triggered,False,-0.0358,Normal,Isolation Forest,29.37,20.18,LOW,No significant risk indicator detected,LOW
,Howrah,,Krishna Pant,W12020,,Drainage System,Municipal Corporation,10.19,,,,,,,,,Ongoing,14.050743199698358,synthetic,Synthetic Test Data,,,False,,,False,,,,False,False,W12020,14.05,LOW,No rule-based risk condition triggered,False,-0.0333,Normal,Isolation Forest,39.88,24.38,LOW,No significant risk indicator detected,LOW
,Dharwad,,Ekansh Sami,W10869,,Drainage System,Municipal Corporation,17.01,,,,,,,,,Completed,14.048541228998523,synthetic,Synthetic Test Data,,,False,,,False,,,,False,False,W10869,14.05,LOW,No rule-based risk condition triggered,False,-0.0149,Normal,Isolation Forest,87.03,43.24,MEDIUM,No significant risk indicator detected,MEDIUM
,Salem,,Vrinda Biswas,W12115,,School Building Repair,Public Works Department,8.44,,,,,,,,,Ongoing,14.045571473115846,synthetic,Synthetic Test Data,,,False,,,False,,,,False,False,W12115,14.05,LOW,No rule-based risk condition triggered,False,-0.0355,Normal,Isolation Forest,30.42,20.6,LOW,No significant risk indicator detected,LOW
,Bengaluru Urban,,Deepa Gala,W10312,,Public Toilet Complex,District Rural Development Agency,4.06,,,,,,,,,Ongoing,14.044527179866202,synthetic,Synthetic Test Data,,,False,,,False,,,,False,False,W10312,14.04,LOW,No rule-based risk condition triggered,False,-0.0299,Normal,Isolation Forest,54.43,30.2,LOW,No significant risk indicator detected,LOW
,Asansol,,Ekansh Sami,W11826,,Drainage System,Zilla Panchayat,12.37,,,,,,,,,Completed,14.043434521127034,synthetic,Synthetic Test Data,,,False,,,False,,,,False,False,W11826,14.04,LOW,No rule-based risk condition triggered,False,-0.0488,Normal,Isolation Forest,3.82,9.95,LOW,No significant risk indicator detected,LOW
,Bengaluru Urban,,Mugdha Varty,W10738,,Drainage System,District Rural Development Agency,4.97,,,,,,,,,Ongoing,14.043226365686053,synthetic,Synthetic Test Data,,,False,,,False,,,,False,False,W10738,14.04,LOW,No rule-based risk condition triggered,False,-0.0339,Normal,Isolation Forest,37.15,23.28,LOW,No significant risk indicator detected,LOW
,Nashik,,Owen Bala,W10397,,School Building Repair,Municipal Corporation,11.93,,,,,,,,,Ongoing,14.042263906085468,synthetic,Synthetic Test Data,,,False,,,False,,,,False,False,W10397,14.04,LOW,No rule-based risk condition triggered,False,-0.0307,Normal,Isolation Forest,51.0,28.82,LOW,No significant risk indicator detected,LOW
,Dharwad,,Rayaan Mand,W12833,,Public Toilet Complex,Zilla Panchayat,6.96,,,,,,,,,Ongoing,14.034757621848224,synthetic,Synthetic Test Data,,,False,,,False,,,,False,False,W12833,14.03,LOW,No rule-based risk condition triggered,False,-0.0364,Normal,Isolation Forest,26.65,19.08,LOW,No significant risk indicator detected,LOW
,Varanasi,,Odika Naik,W10816,,Street Lighting,District Rural Development Agency,4.0,,,,,,,,,Ongoing,14.034675836413218,synthetic,Synthetic Test Data,,,False,,,False,,,,False,False,W10816,14.03,LOW,No rule-based risk condition triggered,False,-0.0351,Normal,Isolation Forest,31.87,21.17,LOW,No significant risk indicator detected,LOW
,Chennai,,Rayaan Mand,W11352,,Drainage System,Zilla Panchayat,5.68,,,,,,,,,Completed,14.032936347732203,synthetic,Synthetic Test Data,,,False,,,False,,,,False,False,W11352,14.03,LOW,No rule-based risk condition triggered,False,-0.0504,Normal,Isolation Forest,2.7,9.5,LOW,No significant risk indicator detected,LOW
,Howrah,,Bachittar Choudhry,W12453,,School Building Repair,Zilla Panchayat,5.22,,,,,,,,,Ongoing,14.032386821190752,synthetic,Synthetic Test Data,,,False,,,False,,,,False,False,W12453,14.03,LOW,No rule-based risk condition triggered,False,-0.0396,Normal,Isolation Forest,17.62,15.47,LOW,No significant risk indicator detected,LOW
,Salem,,Meera Banerjee,W10382,,Drainage System,District Rural Development Agency,13.44,,,,,,,,,Ongoing,14.025478870410684,synthetic,Synthetic Test Data,,,False,,,False,,,,False,False,W10382,14.03,LOW,No rule-based risk condition triggered,False,-0.0398,Normal,Isolation Forest,16.93,15.19,LOW,No significant risk indicator detected,LOW
,Nashik,,Vrinda Biswas,W11893,,Drinking Water Supply,State Housing Board,14.23,,,,,,,,,Ongoing,14.020959772993267,synthetic,Synthetic Test Data,,,False,,,False,,,,False,False,W11893,14.02,LOW,No rule-based risk condition triggered,False,-0.0278,Normal,Isolation Forest,62.37,33.36,LOW,No significant risk indicator detected,LOW
,Chennai,,Ria Ratta,W11232,,School Building Repair,State Housing Board,13.94,,,,,,,,,Ongoing,14.020629384719836,synthetic,Synthetic Test Data,,,False,,,False,,,,False,False,W11232,14.02,LOW,No rule-based risk condition triggered,False,-0.0253,Normal,Isolation Forest,69.92,36.38,LOW,No significant risk indicator detected,LOW
,Agra,,Odika Naik,W10922,,Community Health Center,Zilla Panchayat,24.7,,,,,,,,,Completed,14.005563516395146,synthetic,Synthetic Test Data,,,False,,,False,,,,False,False,W10922,14.01,LOW,No rule-based risk condition triggered,False,-0.0247,Normal,Isolation Forest,71.85,37.15,LOW,No significant risk indicator detected,LOW
,Nagpur,,Ronith Zachariah,W10477,,Drinking Water Supply,District Rural Development Agency,13.63,,,,,,,,,Ongoing,14.004732849163087,synthetic,Synthetic Test Data,,,False,,,False,,,,False,False,W10477,14.0,LOW,No rule-based risk condition triggered,False,-0.0329,Normal,Isolation Forest,41.65,25.06,LOW,No significant risk indicator detected,LOW
,Lucknow,,Azaan Gupta,W11273,,Public Toilet Complex,Municipal Corporation,6.77,,,,,,,,,Completed,14.001284459334968,synthetic,Synthetic Test Data,,,False,,,False,,,,False,False,W11273,14.0,LOW,No rule-based risk condition triggered,False,-0.0416,Normal,Isolation Forest,11.55,13.02,LOW,No significant risk indicator detected,LOW
,Agra,,Eesha Memon,W12847,,Public Toilet Complex,State Housing Board,4.95,,,,,,,,,Ongoing,13.99775868012311,synthetic,Synthetic Test Data,,,False,,,False,,,,False,False,W12847,14.0,LOW,No rule-based risk condition triggered,False,-0.0258,Normal,Isolation Forest,68.57,35.83,LOW,No significant risk indicator detected,LOW
,Lucknow,,Owen Bansal,W11543,,Street Lighting,Zilla Panchayat,5.46,,,,,,,,,Ongoing,13.99730924581843,synthetic,Synthetic Test Data,,,False,,,False,,,,False,False,W11543,14.0,LOW,No rule-based risk condition triggered,False,-0.0445,Normal,Isolation Forest,7.6,11.44,LOW,No significant risk indicator detected,LOW
,Howrah,,Krishna Pant,W10815,,Drinking Water Supply,Municipal Corporation,14.65,,,,,,,,,Completed,13.996248082960584,synthetic,Synthetic Test Data,,,False,,,False,,,,False,False,W10815,14.0,LOW,No rule-based risk condition triggered,False,-0.0331,Normal,Isolation Forest,40.7,24.68,LOW,No significant risk indicator detected,LOW
,Nagpur,,Eesha Memon,W10686,,School Building Repair,State Housing Board,10.68,,,,,,,,,Ongoing,13.990002585872318,synthetic,Synthetic Test Data,,,False,,,False,,,,False,False,W10686,13.99,LOW,No rule-based risk condition triggered,False,-0.0326,Normal,Isolation Forest,42.97,25.58,LOW,No significant risk indicator detected,LOW
,Mysuru,,Tanish Iyer,W10788,,Public Toilet Complex,District Rural Development Agency,3.57,,,,,,,,,Ongoing,13.987916555524372,synthetic,Synthetic Test Data,,,False,,,False,,,,False,False,W10788,13.99,LOW,No rule-based risk condition triggered,False,-0.0259,Normal,Isolation Forest,68.27,35.7,LOW,No significant risk indicator detected,LOW
,Asansol,,Pallavi Krish,W11306,,Drinking Water Supply,State Housing Board,5.52,,,,,,,,,Ongoing,13.978504494779012,synthetic,Synthetic Test Data,,,False,,,False,,,,False,False,W11306,13.98,LOW,No rule-based risk condition triggered,False,-0.0277,Normal,Isolation Forest,62.88,33.54,LOW,No significant risk indicator detected,LOW
,Bengaluru Urban,,Yutika Rana,W11155,,School Building Repair,Municipal Corporation,4.26,,,,,,,,,Ongoing,13.971535320766431,synthetic,Synthetic Test Data,,,False,,,False,,,,False,False,W11155,13.97,LOW,No rule-based risk condition triggered,False,-0.0252,Normal,Isolation Forest,70.22,36.47,LOW,No significant risk indicator detected,LOW
,Thane,,Victor Venkataraman,W12659,,School Building Repair,State Housing Board,3.55,,,,,,,,,Ongoing,13.970593896693174,synthetic,Synthetic Test Data,,,False,,,False,,,,False,False,W12659,13.97,LOW,No rule-based risk condition triggered,False,-0.0179,Normal,Isolation Forest,83.97,41.97,MEDIUM,No significant risk indicator detected,MEDIUM
,Salem,,Triya Khatri,W12810,,Drainage System,Public Works Department,15.56,,,,,,,,,Completed,13.968919994342151,synthetic,Synthetic Test Data,,,False,,,False,,,,False,False,W12810,13.97,LOW,No rule-based risk condition triggered,False,-0.0248,Normal,Isolation Forest,71.5,36.98,LOW,No significant risk indicator detected,LOW
,Madurai,,Yutika Rana,W11643,,Street Lighting,Municipal Corporation,3.57,,,,,,,,,Ongoing,13.964025878227543,synthetic,Synthetic Test Data,,,False,,,False,,,,False,False,W11643,13.96,LOW,No rule-based risk condition triggered,False,-0.0206,Normal,Isolation Forest,79.83,40.31,MEDIUM,No significant risk indicator detected,MEDIUM
,Salem,,Triya Khatri,W12897,,Street Lighting,State Housing Board,2.67,,,,,,,,,Completed,13.96149569632071,synthetic,Synthetic Test Data,,,False,,,False,,,,False,False,W12897,13.96,LOW,No rule-based risk condition triggered,False,-0.0323,Normal,Isolation Forest,44.33,26.11,LOW,No significant risk indicator detected,LOW
,Varanasi,,Gabriel Thaman,W10305,,Public Toilet Complex,Municipal Corporation,7.62,,,,,,,,,Ongoing,13.958085985387749,synthetic,Synthetic Test Data,,,False,,,False,,,,False,False,W10305,13.96,LOW,No rule-based risk condition triggered,False,-0.0196,Normal,Isolation Forest,81.28,40.89,MEDIUM,No significant risk indicator detected,MEDIUM
,Darjeeling,,Eesha Memon,W11992,,School Building Repair,Zilla Panchayat,3.56,,,,,,,,,Ongoing,13.95607016685696,synthetic,Synthetic Test Data,,,False,,,False,,,,False,False,W11992,13.96,LOW,No rule-based risk condition triggered,False,-0.0312,Normal,Isolation Forest,49.25,28.08,LOW,No significant risk indicator detected,LOW
,Coimbatore,,Yadavi Deshmukh,W11286,,School Building Repair,Zilla Panchayat,13.06,,,,,,,,,Ongoing,13.95025216410038,synthetic,Synthetic Test Data,,,False,,,False,,,,False,False,W11286,13.95,LOW,No rule-based risk condition triggered,False,-0.0337,Normal,Isolation Forest,37.93,23.54,LOW,No significant risk indicator detected,LOW
,Agra,,Bachittar Choudhry,W11603,,Road Construction,Zilla Panchayat,6.3,,,,,,,,,Ongoing,13.948136720396796,synthetic,Synthetic Test Data,,,False,,,False,,,,False,False,W11603,13.95,LOW,No rule-based risk condition triggered,False,-0.0345,Normal,Isolation Forest,34.48,22.16,LOW,No significant risk indicator detected,LOW
,Lucknow,,Nicholas Gour,W10073,,Road Construction,Zilla Panchayat,15.3,,,,,,,,,Ongoing,13.938219162094962,synthetic,Synthetic Test Data,,,False,,,False,,,,False,False,W10073,13.94,LOW,No rule-based risk condition triggered,False,-0.0459,Normal,Isolation Forest,5.8,10.68,LOW,No significant risk indicator detected,LOW
,Belagavi,,Yutika Rana,W11489,,Street Lighting,District Rural Development Agency,1.6,,,,,,,,,Completed,13.932473975863768,synthetic,Synthetic Test Data,,,False,,,False,,,,False,False,W11489,13.93,LOW,No rule-based risk condition triggered,False,-0.0241,Normal,Isolation Forest,73.38,37.71,LOW,No significant risk indicator detected,LOW
,Dharwad,,Widisha Yohannan,W10040,,Drainage System,Zilla Panchayat,3.58,,,,,,,,,Completed,13.929855960538625,synthetic,Synthetic Test Data,,,False,,,False,,,,False,False,W10040,13.93,LOW,No rule-based risk condition triggered,False,-0.0408,Normal,Isolation Forest,14.02,13.97,LOW,No significant risk indicator detected,LOW
,Nagpur,,Krishna Pant,W11899,,Street Lighting,District Rural Development Agency,1.72,,,,,,,,,Completed,13.926694345888263,synthetic,Synthetic Test Data,,,False,,,False,,,,False,False,W11899,13.93,LOW,No rule-based risk condition triggered,False,-0.0249,Normal,Isolation Forest,71.12,36.81,LOW,No significant risk indicator detected,LOW
,Bengaluru Urban,,Odika Naik,W10286,,Drainage System,District Rural Development Agency,8.15,,,,,,,,,Ongoing,13.92379172913385,synthetic,Synthetic Test Data,,,False,,,False,,,,False,False,W10286,13.92,LOW,No rule-based risk condition triggered,False,-0.0383,Normal,Isolation Forest,21.42,16.92,LOW,No significant risk indicator detected,LOW
,Varanasi,,Gabriel Thaman,W10750,,Drainage System,District Rural Development Agency,9.42,,,,,,,,,Ongoing,13.920233350713444,synthetic,Synthetic Test Data,,,False,,,False,,,,False,False,W10750,13.92,LOW,No rule-based risk condition triggered,False,-0.0385,Normal,Isolation Forest,20.82,16.68,LOW,No significant risk indicator detected,LOW
,Chennai,,Onveer Kata,W11983,,Street Lighting,District Rural Development Agency,3.71,,,,,,,,,Ongoing,13.919464688099373,synthetic,Synthetic Test Data,,,False,,,False,,,,False,False,W11983,13.92,LOW,No rule-based risk condition triggered,False,-0.0345,Normal,Isolation Forest,34.48,22.14,LOW,No significant risk indicator detected,LOW
,Nashik,,Widisha Yohannan,W10395,,Public Toilet Complex,State Housing Board,6.28,,,,,,,,,Ongoing,13.91628466090021,synthetic,Synthetic Test Data,,,False,,,False,,,,False,False,W10395,13.92,LOW,No rule-based risk condition triggered,False,-0.0252,Normal,Isolation Forest,70.22,36.44,LOW,No significant risk indicator detected,LOW
,Nashik,,Eesha Memon,W11131,,School Building Repair,District Rural Development Agency,4.12,,,,,,,,,Ongoing,13.916069779077947,synthetic,Synthetic Test Data,,,False,,,False,,,,False,False,W11131,13.92,LOW,No rule-based risk condition triggered,False,-0.029,Normal,Isolation Forest,58.33,31.68,LOW,No significant risk indicator detected,LOW
,Howrah,,Eesha Memon,W11454,,Drinking Water Supply,Public Works Department,6.54,,,,,,,,,Ongoing,13.913317940079482,synthetic,Synthetic Test Data,,,False,,,False,,,,False,False,W11454,13.91,LOW,No rule-based risk condition triggered,False,-0.0298,Normal,Isolation Forest,54.83,30.28,LOW,No significant risk indicator detected,LOW
,Coimbatore,,Onveer Kata,W12593,,Street Lighting,District Rural Development Agency,5.52,,,,,,,,,Ongoing,13.91132250906088,synthetic,Synthetic Test Data,,,False,,,False,,,,False,False,W12593,13.91,LOW,No rule-based risk condition triggered,False,-0.034,Normal,Isolation Forest,36.65,23.01,LOW,No significant risk indicator detected,LOW
,Agra,,Yadavi Deshmukh,W11336,,Public Toilet Complex,Public Works Department,4.4,,,,,,,,,Ongoing,13.909933192972336,synthetic,Synthetic Test Data,,,False,,,False,,,,False,False,W11336,13.91,LOW,No rule-based risk condition triggered,False,-0.0343,Normal,Isolation Forest,35.27,22.45,LOW,No significant risk indicator detected,LOW
,Mysuru,,Bachittar Choudhry,W12449,,Street Lighting,Public Works Department,5.28,,,,,,,,,Ongoing,13.909286443714777,synthetic,Synthetic Test Data,,,False,,,False,,,,False,False,W12449,13.91,LOW,No rule-based risk condition triggered,False,-0.0336,Normal,Isolation Forest,38.32,23.67,LOW,No significant risk indicator detected,LOW
,Mysuru,,Onveer Kata,W10843,,Drainage System,Municipal Corporation,15.14,,,,,,,,,Ongoing,13.90480390325493,synthetic,Synthetic Test Data,,,False,,,False,,,,False,False,W10843,13.9,LOW,No rule-based risk condition triggered,False,-0.0277,Normal,Isolation Forest,62.88,33.49,LOW,No significant risk indicator detected,LOW
,Madurai,,Oliver Sarma,W11617,,Community Health Center,Municipal Corporation,25.0,,,,,,,,,Completed,13.895759858751433,synthetic,Synthetic Test Data,,,False,,,False,,,,False,False,W11617,13.9,LOW,No rule-based risk condition triggered,False,-0.0211,Normal,Isolation Forest,78.95,39.92,LOW,No significant risk indicator detected,LOW
,Thane,,Onveer Kata,W12600,,Drainage System,District Rural Development Agency,3.13,,,,,,,,,Completed,13.89101924460397,synthetic,Synthetic Test Data,,,False,,,False,,,,False,False,W12600,13.89,LOW,No rule-based risk condition triggered,False,-0.0214,Normal,Isolation Forest,78.1,39.57,LOW,No significant risk indicator detected,LOW
,Lucknow,,Krishna Pant,W11118,,Road Construction,Public Works Department,12.65,,,,,,,,,Ongoing,13.888542705726412,synthetic,Synthetic Test Data,,,False,,,False,,,,False,False,W11118,13.89,LOW,No rule-based risk condition triggered,False,-0.0401,Normal,Isolation Forest,15.92,14.7,LOW,No significant risk indicator detected,LOW
,Agra,,Onveer Kata,W10795,,Drainage System,District Rural Development Agency,13.1,,,,,,,,,Ongoing,13.88748720824449,synthetic,Synthetic Test Data,,,False,,,False,,,,False,False,W10795,13.89,LOW,No rule-based risk condition triggered,False,-0.0409,Normal,Isolation Forest,13.55,13.75,LOW,No significant risk indicator detected,LOW
,Nashik,,Oliver Sarma,W12255,,Public Toilet Complex,District Rural Development Agency,4.61,,,,,,,,,Ongoing,13.876616460423303,synthetic,Synthetic Test Data,,,False,,,False,,,,False,False,W12255,13.88,LOW,No rule-based risk condition triggered,False,-0.0311,Normal,Isolation Forest,49.75,28.23,LOW,No significant risk indicator detected,LOW
,Darjeeling,,Ria Ratta,W11303,,Street Lighting,Public Works Department,4.25,,,,,,,,,Ongoing,13.871634456618876,synthetic,Synthetic Test Data,,,False,,,False,,,,False,False,W11303,13.87,LOW,No rule-based risk condition triggered,False,-0.0398,Normal,Isolation Forest,16.93,15.09,LOW,No significant risk indicator detected,LOW
,Pune,,Victor Venkataraman,W10781,,Drainage System,Municipal Corporation,15.1,,,,,,,,,Ongoing,13.864768607307226,synthetic,Synthetic Test Data,,,False,,,False,,,,False,False,W10781,13.86,LOW,No rule-based risk condition triggered,False,-0.0277,Normal,Isolation Forest,62.88,33.47,LOW,No significant risk indicator detected,LOW
,Coimbatore,,Vanya Suresh,W10823,,School Building Repair,State Housing Board,5.22,,,,,,,,,Completed,13.86205026,synthetic,Synthetic Test Data,,,False,,,False,,,,False,False,W10823,13.86,LOW,No rule-based risk condition triggered,False,-0.0437,Normal,Isolation Forest,8.28,11.63,LOW,No significant risk indicator detected,LOW
,Bengaluru Urban,,Yug Choudhry,W11666,,Drinking Water Supply,Municipal Corporation,5.27,,,,,,,,,Ongoing,13.85742029815659,synthetic,Synthetic Test Data,,,False,,,False,,,,False,False,W11666,13.86,LOW,No rule-based risk condition triggered,False,-0.0249,Normal,Isolation Forest,71.12,36.76,LOW,No significant risk indicator detected,LOW
,Coimbatore,,Azaan Gupta,W10182,,Road Construction,State Housing Board,10.0,,,,,,,,,Ongoing,13.850103959128974,synthetic,Synthetic Test Data,,,False,,,False,,,,False,False,W10182,13.85,LOW,No rule-based risk condition triggered,False,-0.029,Normal,Isolation Forest,58.33,31.64,LOW,No significant risk indicator detected,LOW
,Asansol,,Bachittar Choudhry,W12258,,Drinking Water Supply,Zilla Panchayat,14.98,,,,,,,,,Ongoing,13.848937809263614,synthetic,Synthetic Test Data,,,False,,,False,,,,False,False,W12258,13.85,LOW,No rule-based risk condition triggered,False,-0.0392,Normal,Isolation Forest,19.02,15.92,LOW,No significant risk indicator detected,LOW
,Agra,,Sanya Swamy,W10891,,Drinking Water Supply,State Housing Board,5.95,,,,,,,,,Ongoing,13.834476731931332,synthetic,Synthetic Test Data,,,False,,,False,,,,False,False,W10891,13.83,LOW,No rule-based risk condition triggered,False,-0.0283,Normal,Isolation Forest,60.58,32.53,LOW,No significant risk indicator detected,LOW
,Belagavi,,Onveer Kata,W12303,,Drainage System,Municipal Corporation,11.71,,,,,,,,,Ongoing,13.832716606224954,synthetic,Synthetic Test Data,,,False,,,False,,,,False,False,W12303,13.83,LOW,No rule-based risk condition triggered,False,-0.0335,Normal,Isolation Forest,38.83,23.83,LOW,No significant risk indicator detected,LOW
,Agra,,Vanya Suresh,W11071,,Drainage System,Municipal Corporation,5.45,,,,,,,,,Ongoing,13.828807065773704,synthetic,Synthetic Test Data,,,False,,,False,,,,False,False,W11071,13.83,LOW,No rule-based risk condition triggered,False,-0.0302,Normal,Isolation Forest,53.15,29.56,LOW,No significant risk indicator detected,LOW
,Howrah,,Pallavi Krish,W12396,,Road Construction,Municipal Corporation,10.28,,,,,,,,,Ongoing,13.821631413501828,synthetic,Synthetic Test Data,,,False,,,False,,,,False,False,W12396,13.82,LOW,No rule-based risk condition triggered,False,-0.0112,Normal,Isolation Forest,90.12,44.34,MEDIUM,No significant risk indicator detected,MEDIUM
,Kanpur,,Yadavi Deshmukh,W11331,,Street Lighting,Zilla Panchayat,3.84,,,,,,,,,Ongoing,13.818711390289796,synthetic,Synthetic Test Data,,,False,,,False,,,,False,False,W11331,13.82,LOW,No rule-based risk condition triggered,False,-0.0461,Normal,Isolation Forest,5.53,10.5,LOW,No significant risk indicator detected,LOW
,Varanasi,,Gaurav Chandra,W11315,,Public Toilet Complex,Zilla Panchayat,2.72,,,,,,,,,Completed,13.81410185201911,synthetic,Synthetic Test Data,,,False,,,False,,,,False,False,W11315,13.81,LOW,No rule-based risk condition triggered,False,-0.0404,Normal,Isolation Forest,15.23,14.38,LOW,No significant risk indicator detected,LOW
,Madurai,,Jagat Mangat,W12982,,Drinking Water Supply,Zilla Panchayat,18.96,,,,,,,,,Ongoing,13.813119789040153,synthetic,Synthetic Test Data,,,False,,,False,,,,False,False,W12982,13.81,LOW,No rule-based risk condition triggered,False,-0.0292,Normal,Isolation Forest,57.5,31.29,LOW,No significant risk indicator detected,LOW
,Mysuru,,Victor Venkataraman,W11929,,Public Toilet Complex,Municipal Corporation,7.08,,,,,,,,,Completed,13.806496097738288,synthetic,Synthetic Test Data,,,False,,,False,,,,False,False,W11929,13.81,LOW,No rule-based risk condition triggered,False,-0.0401,Normal,Isolation Forest,15.92,14.65,LOW,No significant risk indicator detected,LOW
,Darjeeling,,Ria Ratta,W10115,,Road Construction,District Rural Development Agency,32.67,,,,,,,,,Completed,13.80635328908016,synthetic,Synthetic Test Data,,,False,,,False,,,,False,False,W10115,13.81,LOW,No rule-based risk condition triggered,True,0.0034,Anomaly,Isolation Forest,95.77,46.59,MEDIUM,ML: Isolation Forest identified unusual project characteristics,MEDIUM
,Dharwad,,Gabriel Thaman,W11203,,Road Construction,Municipal Corporation,36.78,,,,,,,,,Completed,13.801970161862034,synthetic,Synthetic Test Data,,,False,,,False,,,,False,False,W11203,13.8,LOW,No rule-based risk condition triggered,True,0.0038,Anomaly,Isolation Forest,95.87,46.63,MEDIUM,ML: Isolation Forest identified unusual project characteristics,MEDIUM
,Nashik,,Ronith Zachariah,W12570,,Community Health Center,Public Works Department,20.31,,,,,,,,,Completed,13.80055649751953,synthetic,Synthetic Test Data,,,False,,,False,,,,False,False,W12570,13.8,LOW,No rule-based risk condition triggered,False,-0.0279,Normal,Isolation Forest,61.97,33.07,LOW,No significant risk indicator detected,LOW
,Thane,,Yamini Chand,W12506,,Drinking Water Supply,Municipal Corporation,8.27,,,,,,,,,Completed,13.787494193665813,synthetic,Synthetic Test Data,,,False,,,False,,,,False,False,W12506,13.79,LOW,No rule-based risk condition triggered,False,-0.0296,Normal,Isolation Forest,55.85,30.61,LOW,No significant risk indicator detected,LOW
,Nagpur,,Tanish Iyer,W12486,,Drainage System,Zilla Panchayat,7.81,,,,,,,,,Completed,13.773982481101378,synthetic,Synthetic Test Data,,,False,,,False,,,,False,False,W12486,13.77,LOW,No rule-based risk condition triggered,False,-0.0525,Normal,Isolation Forest,1.57,8.89,LOW,No significant risk indicator detected,LOW
,Howrah,,Varsha Morar,W11665,,Drainage System,Zilla Panchayat,3.54,,,,,,,,,Ongoing,13.770404920852837,synthetic,Synthetic Test Data,,,False,,,False,,,,False,False,W11665,13.77,LOW,No rule-based risk condition triggered,False,-0.0346,Normal,Isolation Forest,34.07,21.89,LOW,No significant risk indicator detected,LOW
,Nagpur,,Meera Banerjee,W11870,,Drinking Water Supply,Public Works Department,12.26,,,,,,,,,Completed,13.768691777139196,synthetic,Synthetic Test Data,,,False,,,False,,,,False,False,W11870,13.77,LOW,No rule-based risk condition triggered,False,-0.0358,Normal,Isolation Forest,29.37,20.01,LOW,No significant risk indicator detected,LOW
,Agra,,Sanya Swamy,W12624,,School Building Repair,Public Works Department,10.46,,,,,,,,,Ongoing,13.764770258314282,synthetic,Synthetic Test Data,,,False,,,False,,,,False,False,W12624,13.76,LOW,No rule-based risk condition triggered,False,-0.0358,Normal,Isolation Forest,29.37,20.0,LOW,No significant risk indicator detected,LOW
,Bengaluru Urban,,Pallavi Krish,W11885,,Street Lighting,Public Works Department,2.33,,,,,,,,,Completed,13.764115355488872,synthetic,Synthetic Test Data,,,False,,,False,,,,False,False,W11885,13.76,LOW,No rule-based risk condition triggered,False,-0.0172,Normal,Isolation Forest,84.93,42.23,MEDIUM,No significant risk indicator detected,MEDIUM
,Bengaluru Urban,,Ria Ratta,W11787,,Public Toilet Complex,Public Works Department,3.57,,,,,,,,,Ongoing,13.762815885397297,synthetic,Synthetic Test Data,,,False,,,False,,,,False,False,W11787,13.76,LOW,No rule-based risk condition triggered,False,-0.0292,Normal,Isolation Forest,57.5,31.26,LOW,No significant risk indicator detected,LOW
,Kolkata,,Sanya Swamy,W10573,,Drainage System,Municipal Corporation,7.57,,,,,,,,,Ongoing,13.75358585149024,synthetic,Synthetic Test Data,,,False,,,False,,,,False,False,W10573,13.75,LOW,No rule-based risk condition triggered,False,-0.0337,Normal,Isolation Forest,37.93,23.42,LOW,No significant risk indicator detected,LOW
,Agra,,Nicholas Gour,W10531,,Drinking Water Supply,Zilla Panchayat,4.15,,,,,,,,,Ongoing,13.75019229210606,synthetic,Synthetic Test Data,,,False,,,False,,,,False,False,W10531,13.75,LOW,No rule-based risk condition triggered,False,-0.0292,Normal,Isolation Forest,57.5,31.25,LOW,No significant risk indicator detected,LOW
,Lucknow,,Meera Banerjee,W11349,,Drinking Water Supply,Municipal Corporation,14.98,,,,,,,,,Completed,13.744656035375336,synthetic,Synthetic Test Data,,,False,,,False,,,,False,False,W11349,13.74,LOW,No rule-based risk condition triggered,False,-0.0326,Normal,Isolation Forest,42.97,25.43,LOW,No significant risk indicator detected,LOW
,Mysuru,,Rayaan Mand,W11247,,School Building Repair,Municipal Corporation,6.91,,,,,,,,,Completed,13.74293978941013,synthetic,Synthetic Test Data,,,False,,,False,,,,False,False,W11247,13.74,LOW,No rule-based risk condition triggered,False,-0.0357,Normal,Isolation Forest,29.8,20.16,LOW,No significant risk indicator detected,LOW
,Asansol,,Advaith Gole,W11858,,Community Health Center,District Rural Development Agency,37.23,,,,,,,,,Completed,13.735050791023902,synthetic,Synthetic Test Data,,,False,,,False,,,,False,False,W11858,13.74,LOW,No rule-based risk condition triggered,False,-0.0144,Normal,Isolation Forest,87.45,43.22,MEDIUM,No significant risk indicator detected,MEDIUM
,Agra,,Ishwar Boase,W10154,,Street Lighting,Public Works Department,3.61,,,,,,,,,Ongoing,13.734387849167485,synthetic,Synthetic Test Data,,,False,,,False,,,,False,False,W10154,13.73,LOW,No rule-based risk condition triggered,False,-0.0375,Normal,Isolation Forest,23.62,17.69,LOW,No significant risk indicator detected,LOW
,Kanpur,,Advaith Gole,W10215,,School Building Repair,Municipal Corporation,6.35,,,,,,,,,Ongoing,13.725178061801309,synthetic,Synthetic Test Data,,,False,,,False,,,,False,False,W10215,13.73,LOW,No rule-based risk condition triggered,False,-0.0344,Normal,Isolation Forest,34.82,22.17,LOW,No significant risk indicator detected,LOW
,Mysuru,,Victor Venkataraman,W10459,,Road Construction,State Housing Board,6.46,,,,,,,,,Completed,13.724022847050064,synthetic,Synthetic Test Data,,,False,,,False,,,,False,False,W10459,13.72,LOW,No rule-based risk condition triggered,False,-0.0239,Normal,Isolation Forest,73.77,37.74,LOW,No significant risk indicator detected,LOW
,Agra,,Lucky Prashad,W10863,,Street Lighting,Zilla Panchayat,2.55,,,,,,,,,Completed,13.721410479617148,synthetic,Synthetic Test Data,,,False,,,False,,,,False,False,W10863,13.72,LOW,No rule-based risk condition triggered,False,-0.0385,Normal,Isolation Forest,20.82,16.56,LOW,No significant risk indicator detected,LOW
,Agra,,Advaith Gole,W10817,,Road Construction,Municipal Corporation,6.42,,,,,,,,,Ongoing,13.720450429465748,synthetic,Synthetic Test Data,,,False,,,False,,,,False,False,W10817,13.72,LOW,No rule-based risk condition triggered,False,-0.0085,Normal,Isolation Forest,91.8,44.95,MEDIUM,No significant risk indicator detected,MEDIUM
,Agra,,Triya Khatri,W10701,,School Building Repair,District Rural Development Agency,4.0,,,,,,,,,Ongoing,13.714540154040904,synthetic,Synthetic Test Data,,,False,,,False,,,,False,False,W10701,13.71,LOW,No rule-based risk condition triggered,False,-0.0278,Normal,Isolation Forest,62.37,33.17,LOW,No significant risk indicator detected,LOW
,Lucknow,,Deepa Gala,W12745,,Drinking Water Supply,Zilla Panchayat,15.01,,,,,,,,,Ongoing,13.710055889391615,synthetic,Synthetic Test Data,,,False,,,False,,,,False,False,W12745,13.71,LOW,No rule-based risk condition triggered,False,-0.0392,Normal,Isolation Forest,19.02,15.83,LOW,No significant risk indicator detected,LOW
,Kolkata,,Owen Bansal,W11345,,School Building Repair,Public Works Department,13.63,,,,,,,,,Ongoing,13.704513126980846,synthetic,Synthetic Test Data,,,False,,,False,,,,False,False,W11345,13.7,LOW,No rule-based risk condition triggered,False,-0.0255,Normal,Isolation Forest,69.38,35.97,LOW,No significant risk indicator detected,LOW
,Nashik,,Advaith Gole,W10333,,Street Lighting,State Housing Board,4.92,,,,,,,,,Ongoing,13.703654263622548,synthetic,Synthetic Test Data,,,False,,,False,,,,False,False,W10333,13.7,LOW,No rule-based risk condition triggered,False,-0.0369,Normal,Isolation Forest,25.1,18.26,LOW,No significant risk indicator detected,LOW
,Kanpur,,Gabriel Thaman,W10699,,School Building Repair,State Housing Board,6.93,,,,,,,,,Ongoing,13.70195343323921,synthetic,Synthetic Test Data,,,False,,,False,,,,False,False,W10699,13.7,LOW,No rule-based risk condition triggered,False,-0.0299,Normal,Isolation Forest,54.43,29.99,LOW,No significant risk indicator detected,LOW
,Kolkata,,Deepa Gala,W10504,,Public Toilet Complex,Public Works Department,6.99,,,,,,,,,Completed,13.681748106271511,synthetic,Synthetic Test Data,,,False,,,False,,,,False,False,W10504,13.68,LOW,No rule-based risk condition triggered,False,-0.0386,Normal,Isolation Forest,20.45,16.39,LOW,No significant risk indicator detected,LOW
,Thane,,Varsha Morar,W12969,,Street Lighting,Public Works Department,4.06,,,,,,,,,Ongoing,13.680506077842278,synthetic,Synthetic Test Data,,,False,,,False,,,,False,False,W12969,13.68,LOW,No rule-based risk condition triggered,False,-0.0387,Normal,Isolation Forest,20.17,16.28,LOW,No significant risk indicator detected,LOW
,Darjeeling,,Yug Choudhry,W11215,,Drinking Water Supply,State Housing Board,13.9,,,,,,,,,Completed,13.678330590894891,synthetic,Synthetic Test Data,,,False,,,False,,,,False,False,W11215,13.68,LOW,No rule-based risk condition triggered,False,-0.0296,Normal,Isolation Forest,55.85,30.55,LOW,No significant risk indicator detected,LOW
,Lucknow,,Azaan Gupta,W11912,,School Building Repair,Zilla Panchayat,9.85,,,,,,,,,Completed,13.677841542312647,synthetic,Synthetic Test Data,,,False,,,False,,,,False,False,W11912,13.68,LOW,No rule-based risk condition triggered,False,-0.0545,Normal,Isolation Forest,0.5,8.41,LOW,No significant risk indicator detected,LOW
,Nashik,,Owen Bansal,W10163,,Public Toilet Complex,Zilla Panchayat,7.68,,,,,,,,,Ongoing,13.663645709031009,synthetic,Synthetic Test Data,,,False,,,False,,,,False,False,W10163,13.66,LOW,No rule-based risk condition triggered,False,-0.0331,Normal,Isolation Forest,40.7,24.48,LOW,No significant risk indicator detected,LOW
,Lucknow,,Bachittar Choudhry,W10632,,Drinking Water Supply,Public Works Department,11.66,,,,,,,,,Ongoing,13.661027269816948,synthetic,Synthetic Test Data,,,False,,,False,,,,False,False,W10632,13.66,LOW,No rule-based risk condition triggered,False,-0.0334,Normal,Isolation Forest,39.33,23.93,LOW,No significant risk indicator detected,LOW
,Kanpur,,Vanya Suresh,W12389,,Drinking Water Supply,State Housing Board,7.76,,,,,,,,,Completed,13.650945756372623,synthetic,Synthetic Test Data,,,False,,,False,,,,False,False,W12389,13.65,LOW,No rule-based risk condition triggered,False,-0.0284,Normal,Isolation Forest,60.32,32.32,LOW,No significant risk indicator detected,LOW
,Mysuru,,Owen Bala,W10880,,Public Toilet Complex,Municipal Corporation,5.34,,,,,,,,,Ongoing,13.648019081807076,synthetic,Synthetic Test Data,,,False,,,False,,,,False,False,W10880,13.65,LOW,No rule-based risk condition triggered,False,-0.0246,Normal,Isolation Forest,72.25,37.09,LOW,No significant risk indicator detected,LOW
,Salem,,Hemang Bava,W12504,,Drainage System,Municipal Corporation,4.04,,,,,,,,,Completed,13.646260937475091,synthetic,Synthetic Test Data,,,False,,,False,,,,False,False,W12504,13.65,LOW,No rule-based risk condition triggered,False,-0.0229,Normal,Isolation Forest,75.48,38.38,LOW,No significant risk indicator detected,LOW
,Mysuru,,Yamini Chand,W11656,,Drainage System,Public Works Department,9.1,,,,,,,,,Ongoing,13.637065956060914,synthetic,Synthetic Test Data,,,False,,,False,,,,False,False,W11656,13.64,LOW,No rule-based risk condition triggered,False,-0.0422,Normal,Isolation Forest,10.25,12.28,LOW,No significant risk indicator detected,LOW
,Madurai,,Deepa Gala,W12493,,Drainage System,State Housing Board,15.59,,,,,,,,,Ongoing,13.63314275,synthetic,Synthetic Test Data,,,False,,,False,,,,False,False,W12493,13.63,LOW,No rule-based risk condition triggered,False,-0.0302,Normal,Isolation Forest,53.15,29.44,LOW,No significant risk indicator detected,LOW
,Thane,,Sanya Swamy,W10660,,Road Construction,Zilla Panchayat,15.11,,,,,,,,,Ongoing,13.63080688038491,synthetic,Synthetic Test Data,,,False,,,False,,,,False,False,W10660,13.63,LOW,No rule-based risk condition triggered,False,-0.0457,Normal,Isolation Forest,6.15,10.64,LOW,No significant risk indicator detected,LOW
,Salem,,Yadavi Deshmukh,W11877,,School Building Repair,Public Works Department,14.62,,,,,,,,,Ongoing,13.621875560179983,synthetic,Synthetic Test Data,,,False,,,False,,,,False,False,W11877,13.62,LOW,No rule-based risk condition triggered,False,-0.022,Normal,Isolation Forest,76.8,38.89,LOW,No significant risk indicator detected,LOW
,Pune,,Vrinda Biswas,W12710,,Drainage System,Municipal Corporation,5.27,,,,,,,,,Completed,13.617462403871327,synthetic,Synthetic Test Data,,,False,,,False,,,,False,False,W12710,13.62,LOW,No rule-based risk condition triggered,False,-0.0284,Normal,Isolation Forest,60.32,32.3,LOW,No significant risk indicator detected,LOW
,Bengaluru Urban,,Deepa Gala,W11549,,Drainage System,District Rural Development Agency,4.93,,,,,,,,,Ongoing,13.61630559390013,synthetic,Synthetic Test Data,,,False,,,False,,,,False,False,W11549,13.62,LOW,No rule-based risk condition triggered,False,-0.0335,Normal,Isolation Forest,38.83,23.7,LOW,No significant risk indicator detected,LOW
,Belagavi,,Krishna Pant,W10872,,Community Health Center,Public Works Department,13.95,,,,,,,,,Ongoing,13.615106782537143,synthetic,Synthetic Test Data,,,False,,,False,,,,False,False,W10872,13.62,LOW,No rule-based risk condition triggered,False,-0.0312,Normal,Isolation Forest,49.25,27.87,LOW,No significant risk indicator detected,LOW
,Salem,,Yamini Chand,W10244,,Community Health Center,Zilla Panchayat,15.97,,,,,,,,,Completed,13.615088409803912,synthetic,Synthetic Test Data,,,False,,,False,,,,False,False,W10244,13.62,LOW,No rule-based risk condition triggered,False,-0.0293,Normal,Isolation Forest,57.02,30.98,LOW,No significant risk indicator detected,LOW
,Kolkata,,Yamini Chand,W10696,,Drinking Water Supply,Zilla Panchayat,6.18,,,,,,,,,Ongoing,13.613821435642055,synthetic,Synthetic Test Data,,,False,,,False,,,,False,False,W10696,13.61,LOW,No rule-based risk condition triggered,False,-0.0325,Normal,Isolation Forest,43.38,25.52,LOW,No significant risk indicator detected,LOW
,Chennai,,Vanya Suresh,W11120,,Public Toilet Complex,Zilla Panchayat,4.99,,,,,,,,,Ongoing,13.612842088140354,synthetic,Synthetic Test Data,,,False,,,False,,,,False,False,W11120,13.61,LOW,No rule-based risk condition triggered,False,-0.0404,Normal,Isolation Forest,15.23,14.26,LOW,No significant risk indicator detected,LOW
,Mysuru,,Ishwar Boase,W10725,,Public Toilet Complex,Zilla Panchayat,7.33,,,,,,,,,Ongoing,13.611159850349738,synthetic,Synthetic Test Data,,,False,,,False,,,,False,False,W10725,13.61,LOW,No rule-based risk condition triggered,False,-0.0346,Normal,Isolation Forest,34.07,21.79,LOW,No significant risk indicator detected,LOW
,Madurai,,Hemang Bava,W10778,,Public Toilet Complex,District Rural Development Agency,5.3,,,,,,,,,Completed,13.608402275610793,synthetic,Synthetic Test Data,,,False,,,False,,,,False,False,W10778,13.61,LOW,No rule-based risk condition triggered,False,-0.0349,Normal,Isolation Forest,32.65,21.23,LOW,No significant risk indicator detected,LOW
,Kolkata,,Victor Venkataraman,W11852,,Drainage System,Municipal Corporation,4.42,,,,,,,,,Ongoing,13.598294900446309,synthetic,Synthetic Test Data,,,False,,,False,,,,False,False,W11852,13.6,LOW,No rule-based risk condition triggered,False,-0.0271,Normal,Isolation Forest,65.03,34.17,LOW,No significant risk indicator detected,LOW
,Bengaluru Urban,,Bachittar Choudhry,W11689,,Public Toilet Complex,Municipal Corporation,4.76,,,,,,,,,Completed,13.593424678922142,synthetic,Synthetic Test Data,,,False,,,False,,,,False,False,W11689,13.59,LOW,No rule-based risk condition triggered,False,-0.0408,Normal,Isolation Forest,14.02,13.76,LOW,No significant risk indicator detected,LOW
,Varanasi,,Triya Khatri,W10090,,Community Health Center,District Rural Development Agency,23.33,,,,,,,,,Completed,13.59226476,synthetic,Synthetic Test Data,,,False,,,False,,,,False,False,W10090,13.59,LOW,No rule-based risk condition triggered,False,-0.0329,Normal,Isolation Forest,41.65,24.81,LOW,No significant risk indicator detected,LOW
,Lucknow,,Deepa Gala,W12037,,Drinking Water Supply,State Housing Board,4.49,,,,,,,,,Ongoing,13.587513746391515,synthetic,Synthetic Test Data,,,False,,,False,,,,False,False,W12037,13.59,LOW,No rule-based risk condition triggered,False,-0.0257,Normal,Isolation Forest,68.93,35.73,LOW,No significant risk indicator detected,LOW
,Kanpur,,Varsha Morar,W11129,,Public Toilet Complex,Public Works Department,4.34,,,,,,,,,Ongoing,13.586202490200437,synthetic,Synthetic Test Data,,,False,,,False,,,,False,False,W11129,13.59,LOW,No rule-based risk condition triggered,False,-0.0341,Normal,Isolation Forest,36.23,22.65,LOW,No significant risk indicator detected,LOW
,Chennai,,Ekansh Sami,W12598,,School Building Repair,State Housing Board,7.49,,,,,,,,,Ongoing,13.581609019208123,synthetic,Synthetic Test Data,,,False,,,False,,,,False,False,W12598,13.58,LOW,No rule-based risk condition triggered,False,-0.0317,Normal,Isolation Forest,47.08,26.98,LOW,No significant risk indicator detected,LOW
,Belagavi,,Eesha Memon,W10848,,Street Lighting,Public Works Department,4.05,,,,,,,,,Ongoing,13.573792834559416,synthetic,Synthetic Test Data,,,False,,,False,,,,False,False,W10848,13.57,LOW,No rule-based risk condition triggered,False,-0.0388,Normal,Isolation Forest,19.85,16.08,LOW,No significant risk indicator detected,LOW
,Howrah,,Ishwar Boase,W10166,,Drainage System,Public Works Department,9.56,,,,,,,,,Ongoing,13.572358800849075,synthetic,Synthetic Test Data,,,False,,,False,,,,False,False,W10166,13.57,LOW,No rule-based risk condition triggered,False,-0.042,Normal,Isolation Forest,10.53,12.35,LOW,No significant risk indicator detected,LOW
,Lucknow,,Varsha Morar,W10039,,School Building Repair,Municipal Corporation,11.84,,,,,,,,,Ongoing,13.571891254644836,synthetic,Synthetic Test Data,,,False,,,False,,,,False,False,W10039,13.57,LOW,No rule-based risk condition triggered,False,-0.0322,Normal,Isolation Forest,44.8,26.06,LOW,No significant risk indicator detected,LOW
,Varanasi,,Tanish Iyer,W12550,,Street Lighting,State Housing Board,4.77,,,,,,,,,Ongoing,13.567363024187836,synthetic,Synthetic Test Data,,,False,,,False,,,,False,False,W12550,13.57,LOW,No rule-based risk condition triggered,False,-0.0372,Normal,Isolation Forest,24.37,17.89,LOW,No significant risk indicator detected,LOW
,Coimbatore,,Bachittar Choudhry,W12836,,Road Construction,Public Works Department,6.4,,,,,,,,,Ongoing,13.558145401166009,synthetic,Synthetic Test Data,,,False,,,False,,,,False,False,W12836,13.56,LOW,No rule-based risk condition triggered,False,-0.0324,Normal,Isolation Forest,43.83,25.67,LOW,No significant risk indicator detected,LOW
,Salem,,Harrison Kapur,W10107,,Drinking Water Supply,Zilla Panchayat,14.67,,,,,,,,,Ongoing,13.557305555018852,synthetic,Synthetic Test Data,,,False,,,False,,,,False,False,W10107,13.56,LOW,No rule-based risk condition triggered,False,-0.0395,Normal,Isolation Forest,18.02,15.34,LOW,No significant risk indicator detected,LOW
,Mysuru,,Ronith Zachariah,W12310,,Drainage System,District Rural Development Agency,11.77,,,,,,,,,Ongoing,13.555806123136124,synthetic,Synthetic Test Data,,,False,,,False,,,,False,False,W12310,13.56,LOW,No rule-based risk condition triggered,False,-0.04,Normal,Isolation Forest,16.25,14.64,LOW,No significant risk indicator detected,LOW
,Belagavi,,Ronith Zachariah,W10989,,Drainage System,State Housing Board,13.1,,,,,,,,,Completed,13.555549947992038,synthetic,Synthetic Test Data,,,False,,,False,,,,False,False,W10989,13.56,LOW,No rule-based risk condition triggered,False,-0.0396,Normal,Isolation Forest,17.62,15.18,LOW,No significant risk indicator detected,LOW
,Asansol,,Yutika Rana,W11502,,Drainage System,Public Works Department,11.2,,,,,,,,,Ongoing,13.550875444772178,synthetic,Synthetic Test Data,,,False,,,False,,,,False,False,W11502,13.55,LOW,No rule-based risk condition triggered,False,-0.0423,Normal,Isolation Forest,10.07,12.16,LOW,No significant risk indicator detected,LOW
,Asansol,,Vanya Suresh,W10367,,School Building Repair,Municipal Corporation,3.64,,,,,,,,,Completed,13.549971505395916,synthetic,Synthetic Test Data,,,False,,,False,,,,False,False,W10367,13.55,LOW,No rule-based risk condition triggered,False,-0.0211,Normal,Isolation Forest,78.95,39.71,LOW,No significant risk indicator detected,LOW
,Lucknow,,Hemang Bava,W10453,,Public Toilet Complex,District Rural Development Agency,6.12,,,,,,,,,Ongoing,13.548511562894063,synthetic,Synthetic Test Data,,,False,,,False,,,,False,False,W10453,13.55,LOW,No rule-based risk condition triggered,False,-0.0347,Normal,Isolation Forest,33.62,21.58,LOW,No significant risk indicator detected,LOW
,Varanasi,,Victor Venkataraman,W10682,,Drainage System,Zilla Panchayat,15.54,,,,,,,,,Ongoing,13.547858229066032,synthetic,Synthetic Test Data,,,False,,,False,,,,False,False,W10682,13.55,LOW,No rule-based risk condition triggered,False,-0.0421,Normal,Isolation Forest,10.43,12.3,LOW,No significant risk indicator detected,LOW
,Thane,,Lucky Prashad,W12263,,School Building Repair,District Rural Development Agency,14.53,,,,,,,,,Ongoing,13.544425402092658,synthetic,Synthetic Test Data,,,False,,,False,,,,False,False,W12263,13.54,LOW,No rule-based risk condition triggered,False,-0.0244,Normal,Isolation Forest,72.75,37.22,LOW,No significant risk indicator detected,LOW
,Asansol,,Widisha Yohannan,W12166,,Public Toilet Complex,Municipal Corporation,5.27,,,,,,,,,Ongoing,13.53192137715051,synthetic,Synthetic Test Data,,,False,,,False,,,,False,False,W12166,13.53,LOW,No rule-based risk condition triggered,False,-0.024,Normal,Isolation Forest,73.6,37.56,LOW,No significant risk indicator detected,LOW
,Howrah,,Harrison Kapur,W10920,,Drainage System,State Housing Board,8.61,,,,,,,,,Completed,13.518658658986816,synthetic,Synthetic Test Data,,,False,,,False,,,,False,False,W10920,13.52,LOW,No rule-based risk condition triggered,False,-0.0417,Normal,Isolation Forest,11.27,12.62,LOW,No significant risk indicator detected,LOW
,Varanasi,,Hemang Bava,W10975,,Public Toilet Complex,State Housing Board,3.81,,,,,,,,,Ongoing,13.51797273672522,synthetic,Synthetic Test Data,,,False,,,False,,,,False,False,W10975,13.52,LOW,No rule-based risk condition triggered,False,-0.0214,Normal,Isolation Forest,78.1,39.35,LOW,No significant risk indicator detected,LOW
,Kolkata,,Triya Khatri,W11811,,Drainage System,State Housing Board,4.85,,,,,,,,,Completed,13.50542165,synthetic,Synthetic Test Data,,,False,,,False,,,,False,False,W11811,13.51,LOW,No rule-based risk condition triggered,False,-0.0329,Normal,Isolation Forest,41.65,24.77,LOW,No significant risk indicator detected,LOW
,Bengaluru Urban,,Ria Ratta,W10137,,Public Toilet Complex,Zilla Panchayat,5.18,,,,,,,,,Ongoing,13.505171877654623,synthetic,Synthetic Test Data,,,False,,,False,,,,False,False,W10137,13.51,LOW,No rule-based risk condition triggered,False,-0.0414,Normal,Isolation Forest,12.02,12.91,LOW,No significant risk indicator detected,LOW
,Madurai,,Krishna Pant,W10108,,Public Toilet Complex,Municipal Corporation,7.77,,,,,,,,,Ongoing,13.504891006995496,synthetic,Synthetic Test Data,,,False,,,False,,,,False,False,W10108,13.5,LOW,No rule-based risk condition triggered,False,-0.019,Normal,Isolation Forest,82.35,41.04,MEDIUM,No significant risk indicator detected,MEDIUM
,Lucknow,,Krishna Pant,W11347,,Drinking Water Supply,Public Works Department,10.15,,,,,,,,,Ongoing,13.497656992830755,synthetic,Synthetic Test Data,,,False,,,False,,,,False,False,W11347,13.5,LOW,No rule-based risk condition triggered,False,-0.0316,Normal,Isolation Forest,47.67,27.17,LOW,No significant risk indicator detected,LOW
,Howrah,,Odika Naik,W10287,,Drinking Water Supply,Zilla Panchayat,12.96,,,,,,,,,Completed,13.494978694657108,synthetic,Synthetic Test Data,,,False,,,False,,,,False,False,W10287,13.49,LOW,No rule-based risk condition triggered,False,-0.0457,Normal,Isolation Forest,6.15,10.55,LOW,No significant risk indicator detected,LOW
,Madurai,,Bachittar Choudhry,W10609,,Street Lighting,State Housing Board,3.88,,,,,,,,,Ongoing,13.49469969135198,synthetic,Synthetic Test Data,,,False,,,False,,,,False,False,W10609,13.49,LOW,No rule-based risk condition triggered,False,-0.0371,Normal,Isolation Forest,24.57,17.92,LOW,No significant risk indicator detected,LOW
,Pune,,Yutika Rana,W11846,,Drainage System,Zilla Panchayat,14.67,,,,,,,,,Ongoing,13.494030013594225,synthetic,Synthetic Test Data,,,False,,,False,,,,False,False,W11846,13.49,LOW,No rule-based risk condition triggered,False,-0.0453,Normal,Isolation Forest,6.77,10.8,LOW,No significant risk indicator detected,LOW
,Bengaluru Urban,,Tanish Iyer,W12592,,Street Lighting,District Rural Development Agency,4.28,,,,,,,,,Ongoing,13.479946989749806,synthetic,Synthetic Test Data,,,False,,,False,,,,False,False,W12592,13.48,LOW,No rule-based risk condition triggered,False,-0.0358,Normal,Isolation Forest,29.37,19.84,LOW,No significant risk indicator detected,LOW
,Varanasi,,Nicholas Gour,W12154,,Road Construction,District Rural Development Agency,33.97,,,,,,,,,Ongoing,13.478308925712785,synthetic,Synthetic Test Data,,,False,,,False,,,,False,False,W12154,13.48,LOW,No rule-based risk condition triggered,True,0.0112,Anomaly,Isolation Forest,97.67,47.16,MEDIUM,ML: Isolation Forest identified unusual project characteristics,MEDIUM
,Kanpur,,Gaurav Chandra,W12880,,Street Lighting,Public Works Department,5.33,,,,,,,,,Completed,13.477745758576596,synthetic,Synthetic Test Data,,,False,,,False,,,,False,False,W12880,13.48,LOW,No rule-based risk condition triggered,False,-0.0226,Normal,Isolation Forest,75.92,38.46,LOW,No significant risk indicator detected,LOW
,Agra,,Nicholas Gour,W12243,,School Building Repair,Zilla Panchayat,12.87,,,,,,,,,Ongoing,13.477681831780096,synthetic,Synthetic Test Data,,,False,,,False,,,,False,False,W12243,13.48,LOW,No rule-based risk condition triggered,False,-0.0338,Normal,Isolation Forest,37.63,23.14,LOW,No significant risk indicator detected,LOW
,Varanasi,,Nicholas Gour,W12282,,Street Lighting,Public Works Department,4.21,,,,,,,,,Ongoing,13.477256830906455,synthetic,Synthetic Test Data,,,False,,,False,,,,False,False,W12282,13.48,LOW,No rule-based risk condition triggered,False,-0.0399,Normal,Isolation Forest,16.53,14.7,LOW,No significant risk indicator detected,LOW
,Lucknow,,Yamini Chand,W12989,,Public Toilet Complex,District Rural Development Agency,3.79,,,,,,,,,Ongoing,13.47198222580194,synthetic,Synthetic Test Data,,,False,,,False,,,,False,False,W12989,13.47,LOW,No rule-based risk condition triggered,False,-0.027,Normal,Isolation Forest,65.32,34.21,LOW,No significant risk indicator detected,LOW
,Salem,,Sanya Swamy,W10539,,Drainage System,Public Works Department,3.19,,,,,,,,,Completed,13.469906482250355,synthetic,Synthetic Test Data,,,False,,,False,,,,False,False,W10539,13.47,LOW,No rule-based risk condition triggered,False,-0.0158,Normal,Isolation Forest,86.15,42.54,MEDIUM,No significant risk indicator detected,MEDIUM
,Coimbatore,,Tanish Iyer,W11637,,Drainage System,District Rural Development Agency,6.94,,,,,,,,,Ongoing,13.459587201171582,synthetic,Synthetic Test Data,,,False,,,False,,,,False,False,W11637,13.46,LOW,No rule-based risk condition triggered,False,-0.0381,Normal,Isolation Forest,22.15,16.94,LOW,No significant risk indicator detected,LOW
,Howrah,,Owen Bansal,W10328,,Drinking Water Supply,District Rural Development Agency,6.52,,,,,,,,,Completed,13.458309564102676,synthetic,Synthetic Test Data,,,False,,,False,,,,False,False,W10328,13.46,LOW,No rule-based risk condition triggered,False,-0.0293,Normal,Isolation Forest,57.02,30.88,LOW,No significant risk indicator detected,LOW
,Thane,,Ronith Zachariah,W10528,,Public Toilet Complex,State Housing Board,6.49,,,,,,,,,Ongoing,13.457596174030693,synthetic,Synthetic Test Data,,,False,,,False,,,,False,False,W10528,13.46,LOW,No rule-based risk condition triggered,False,-0.0254,Normal,Isolation Forest,69.65,35.94,LOW,No significant risk indicator detected,LOW
,Agra,,Advaith Gole,W12010,,Drainage System,Public Works Department,8.97,,,,,,,,,Ongoing,13.457154195291173,synthetic,Synthetic Test Data,,,False,,,False,,,,False,False,W12010,13.46,LOW,No rule-based risk condition triggered,False,-0.0418,Normal,Isolation Forest,10.92,12.44,LOW,No significant risk indicator detected,LOW
,Nashik,,Tanish Iyer,W11428,,School Building Repair,Municipal Corporation,8.09,,,,,,,,,Ongoing,13.45209996225818,synthetic,Synthetic Test Data,,,False,,,False,,,,False,False,W11428,13.45,LOW,No rule-based risk condition triggered,False,-0.0375,Normal,Isolation Forest,23.62,17.52,LOW,No significant risk indicator detected,LOW
,Kanpur,,Christopher Kadakia,W11223,,Public Toilet Complex,Zilla Panchayat,4.1,,,,,,,,,Ongoing,13.444955646318288,synthetic,Synthetic Test Data,,,False,,,False,,,,False,False,W11223,13.44,LOW,No rule-based risk condition triggered,False,-0.0382,Normal,Isolation Forest,21.82,16.79,LOW,No significant risk indicator detected,LOW
,Varanasi,,Lucky Prashad,W12867,,Community Health Center,Zilla Panchayat,14.4,,,,,,,,,Completed,13.441089233863416,synthetic,Synthetic Test Data,,,False,,,False,,,,False,False,W12867,13.44,LOW,No rule-based risk condition triggered,False,-0.0292,Normal,Isolation Forest,57.5,31.06,LOW,No significant risk indicator detected,LOW
,Agra,,Ria Ratta,W12726,,Public Toilet Complex,District Rural Development Agency,4.61,,,,,,,,,Completed,13.438417043625297,synthetic,Synthetic Test Data,,,False,,,False,,,,False,False,W12726,13.44,LOW,No rule-based risk condition triggered,False,-0.0324,Normal,Isolation Forest,43.83,25.6,LOW,No significant risk indicator detected,LOW
,Agra,,Meera Banerjee,W11302,,Road Construction,Zilla Panchayat,15.39,,,,,,,,,Ongoing,13.43697958819359,synthetic,Synthetic Test Data,,,False,,,False,,,,False,False,W11302,13.44,LOW,No rule-based risk condition triggered,False,-0.046,Normal,Isolation Forest,5.65,10.32,LOW,No significant risk indicator detected,LOW
,Howrah,,Krishna Pant,W10441,,Public Toilet Complex,Zilla Panchayat,5.88,,,,,,,,,Ongoing,13.428439996692966,synthetic,Synthetic Test Data,,,False,,,False,,,,False,False,W10441,13.43,LOW,No rule-based risk condition triggered,False,-0.0405,Normal,Isolation Forest,15.08,14.09,LOW,No significant risk indicator detected,LOW
,Asansol,,Sanya Swamy,W11822,,Drainage System,Municipal Corporation,5.91,,,,,,,,,Ongoing,13.428439996692966,synthetic,Synthetic Test Data,,,False,,,False,,,,False,False,W11822,13.43,LOW,No rule-based risk condition triggered,False,-0.0324,Normal,Isolation Forest,43.83,25.59,LOW,No significant risk indicator detected,LOW
,Nagpur,,Gaurav Chandra,W11678,,Road Construction,Zilla Panchayat,36.52,,,,,,,,,Completed,13.424431681727626,synthetic,Synthetic Test Data,,,False,,,False,,,,False,False,W11678,13.42,LOW,No rule-based risk condition triggered,False,-0.0113,Normal,Isolation Forest,90.0,44.05,MEDIUM,No significant risk indicator detected,MEDIUM
,Bengaluru Urban,,Ishwar Boase,W10212,,School Building Repair,Municipal Corporation,3.23,,,,,,,,,Completed,13.422714096151807,synthetic,Synthetic Test Data,,,False,,,False,,,,False,False,W10212,13.42,LOW,No rule-based risk condition triggered,False,-0.0176,Normal,Isolation Forest,84.32,41.78,MEDIUM,No significant risk indicator detected,MEDIUM
,Salem,,Onveer Kata,W12751,,Road Construction,Zilla Panchayat,10.48,,,,,,,,,Ongoing,13.421846916787883,synthetic,Synthetic Test Data,,,False,,,False,,,,False,False,W12751,13.42,LOW,No rule-based risk condition triggered,False,-0.0413,Normal,Isolation Forest,12.42,13.02,LOW,No significant risk indicator detected,LOW
,Chennai,,Christopher Kadakia,W11997,,Road Construction,Municipal Corporation,18.88,,,,,,,,,Ongoing,13.421648440012005,synthetic,Synthetic Test Data,,,False,,,False,,,,False,False,W11997,13.42,LOW,No rule-based risk condition triggered,False,-0.0097,Normal,Isolation Forest,91.2,44.53,MEDIUM,No significant risk indicator detected,MEDIUM
,Dharwad,,Jagat Mangat,W11112,,Drinking Water Supply,Public Works Department,8.03,,,,,,,,,Completed,13.418417034863973,synthetic,Synthetic Test Data,,,False,,,False,,,,False,False,W11112,13.42,LOW,No rule-based risk condition triggered,False,-0.0332,Normal,Isolation Forest,40.32,24.18,LOW,No significant risk indicator detected,LOW
,Varanasi,,Krishna Pant,W12717,,Drainage System,Municipal Corporation,8.93,,,,,,,,,Ongoing,13.414087261687914,synthetic,Synthetic Test Data,,,False,,,False,,,,False,False,W12717,13.41,LOW,No rule-based risk condition triggered,False,-0.0323,Normal,Isolation Forest,44.33,25.78,LOW,No significant risk indicator detected,LOW
,Nagpur,,Sanya Swamy,W12463,,Drainage System,Municipal Corporation,4.17,,,,,,,,,Ongoing,13.413247445699122,synthetic,Synthetic Test Data,,,False,,,False,,,,False,False,W12463,13.41,LOW,No rule-based risk condition triggered,False,-0.0248,Normal,Isolation Forest,71.5,36.65,LOW,No significant risk indicator detected,LOW
,Belagavi,,Deepa Gala,W11414,,Drinking Water Supply,Zilla Panchayat,12.61,,,,,,,,,Completed,13.412244940352991,synthetic,Synthetic Test Data,,,False,,,False,,,,False,False,W11414,13.41,LOW,No rule-based risk condition triggered,False,-0.0462,Normal,Isolation Forest,5.42,10.21,LOW,No significant risk indicator detected,LOW
,Coimbatore,,Jagat Mangat,W11873,,Drainage System,Municipal Corporation,14.2,,,,,,,,,Ongoing,13.41176709021332,synthetic,Synthetic Test Data,,,False,,,False,,,,False,False,W11873,13.41,LOW,No rule-based risk condition triggered,False,-0.0306,Normal,Isolation Forest,51.43,28.62,LOW,No significant risk indicator detected,LOW
,Belagavi,,Yamini Chand,W12292,,School Building Repair,Municipal Corporation,4.47,,,,,,,,,Ongoing,13.408441439167133,synthetic,Synthetic Test Data,,,False,,,False,,,,False,False,W12292,13.41,LOW,No rule-based risk condition triggered,False,-0.0271,Normal,Isolation Forest,65.03,34.06,LOW,No significant risk indicator detected,LOW
,Madurai,,Yug Choudhry,W11644,,School Building Repair,State Housing Board,12.91,,,,,,,,,Ongoing,13.406051405195932,synthetic,Synthetic Test Data,,,False,,,False,,,,False,False,W11644,13.41,LOW,No rule-based risk condition triggered,False,-0.028,Normal,Isolation Forest,61.57,32.67,LOW,No significant risk indicator detected,LOW
,Asansol,,Ekansh Sami,W11674,,Street Lighting,State Housing Board,3.33,,,,,,,,,Completed,13.405756681372802,synthetic,Synthetic Test Data,,,False,,,False,,,,False,False,W11674,13.41,LOW,No rule-based risk condition triggered,False,-0.0345,Normal,Isolation Forest,34.48,21.84,LOW,No significant risk indicator detected,LOW
,Dharwad,,Ria Ratta,W10860,,Road Construction,State Housing Board,9.23,,,,,,,,,Ongoing,13.404440893249747,synthetic,Synthetic Test Data,,,False,,,False,,,,False,False,W10860,13.4,LOW,No rule-based risk condition triggered,False,-0.0285,Normal,Isolation Forest,60.0,32.04,LOW,No significant risk indicator detected,LOW
,Dharwad,,Sanya Swamy,W10647,,Drainage System,State Housing Board,13.96,,,,,,,,,Ongoing,13.402013768910898,synthetic,Synthetic Test Data,,,False,,,False,,,,False,False,W10647,13.4,LOW,No rule-based risk condition triggered,False,-0.0362,Normal,Isolation Forest,27.6,19.08,LOW,No significant risk indicator detected,LOW
,Agra,,Leena Butala,W12735,,Road Construction,District Rural Development Agency,8.61,,,,,,,,,Ongoing,13.39624080794773,synthetic,Synthetic Test Data,,,False,,,False,,,,False,False,W12735,13.4,LOW,No rule-based risk condition triggered,False,-0.0117,Normal,Isolation Forest,89.63,43.89,MEDIUM,No significant risk indicator detected,MEDIUM
,Mysuru,,Hemang Bava,W12772,,Street Lighting,District Rural Development Agency,2.91,,,,,,,,,Completed,13.395350229128972,synthetic,Synthetic Test Data,,,False,,,False,,,,False,False,W12772,13.4,LOW,No rule-based risk condition triggered,False,-0.0292,Normal,Isolation Forest,57.5,31.04,LOW,No significant risk indicator detected,LOW
,Kolkata,,Yutika Rana,W11828,,Drinking Water Supply,State Housing Board,4.34,,,,,,,,,Ongoing,13.39146781729646,synthetic,Synthetic Test Data,,,False,,,False,,,,False,False,W11828,13.39,LOW,No rule-based risk condition triggered,False,-0.0254,Normal,Isolation Forest,69.65,35.89,LOW,No significant risk indicator detected,LOW
,Nagpur,,Gaurav Chandra,W12215,,School Building Repair,Zilla Panchayat,13.86,,,,,,,,,Ongoing,13.389418106309556,synthetic,Synthetic Test Data,,,False,,,False,,,,False,False,W12215,13.39,LOW,No rule-based risk condition triggered,False,-0.0303,Normal,Isolation Forest,52.8,29.15,LOW,No significant risk indicator detected,LOW
,Belagavi,,Harrison Kapur,W12285,,Road Construction,District Rural Development Agency,23.52,,,,,,,,,Completed,13.386107180750525,synthetic,Synthetic Test Data,,,False,,,False,,,,False,False,W12285,13.39,LOW,No rule-based risk condition triggered,False,-0.0097,Normal,Isolation Forest,91.2,44.51,MEDIUM,No significant risk indicator detected,MEDIUM
,Dharwad,,Eesha Memon,W11724,,Drinking Water Supply,State Housing Board,5.94,,,,,,,,,Ongoing,13.385380442323475,synthetic,Synthetic Test Data,,,False,,,False,,,,False,False,W11724,13.39,LOW,No rule-based risk condition triggered,False,-0.0283,Normal,Isolation Forest,60.58,32.27,LOW,No significant risk indicator detected,LOW
,Thane,,Krishna Pant,W12475,,Drainage System,Zilla Panchayat,17.26,,,,,,,,,Completed,13.381646720215272,synthetic,Synthetic Test Data,,,False,,,False,,,,False,False,W12475,13.38,LOW,No rule-based risk condition triggered,False,-0.0316,Normal,Isolation Forest,47.67,27.1,LOW,No significant risk indicator detected,LOW
,Belagavi,,Ishwar Boase,W12609,,Public Toilet Complex,District Rural Development Agency,4.44,,,,,,,,,Completed,13.379966698677087,synthetic,Synthetic Test Data,,,False,,,False,,,,False,False,W12609,13.38,LOW,No rule-based risk condition triggered,False,-0.0324,Normal,Isolation Forest,43.83,25.56,LOW,No significant risk indicator detected,LOW
,Nagpur,,Gabriel Thaman,W12053,,Road Construction,District Rural Development Agency,6.15,,,,,,,,,Ongoing,13.378220253287065,synthetic,Synthetic Test Data,,,False,,,False,,,,False,False,W12053,13.38,LOW,No rule-based risk condition triggered,False,-0.0088,Normal,Isolation Forest,91.62,44.68,MEDIUM,No significant risk indicator detected,MEDIUM
,Belagavi,,Triya Khatri,W12312,,Drainage System,District Rural Development Agency,11.03,,,,,,,,,Completed,13.372237620177271,synthetic,Synthetic Test Data,,,False,,,False,,,,False,False,W12312,13.37,LOW,No rule-based risk condition triggered,False,-0.038,Normal,Isolation Forest,22.35,16.96,LOW,No significant risk indicator detected,LOW
,Madurai,,Ekansh Sami,W10895,,School Building Repair,Public Works Department,4.29,,,,,,,,,Completed,13.361661426816546,synthetic,Synthetic Test Data,,,False,,,False,,,,False,False,W10895,13.36,LOW,No rule-based risk condition triggered,False,-0.0346,Normal,Isolation Forest,34.07,21.64,LOW,No significant risk indicator detected,LOW
,Darjeeling,,Owen Bala,W11591,,Drinking Water Supply,State Housing Board,12.9,,,,,,,,,Ongoing,13.36072967203775,synthetic,Synthetic Test Data,,,False,,,False,,,,False,False,W11591,13.36,LOW,No rule-based risk condition triggered,False,-0.0314,Normal,Isolation Forest,48.37,27.36,LOW,No significant risk indicator detected,LOW
,Thane,,Oliver Sarma,W11623,,Drinking Water Supply,Zilla Panchayat,15.15,,,,,,,,,Completed,13.359475082127268,synthetic,Synthetic Test Data,,,False,,,False,,,,False,False,W11623,13.36,LOW,No rule-based risk condition triggered,False,-0.0414,Normal,Isolation Forest,12.02,12.82,LOW,No significant risk indicator detected,LOW
,Varanasi,,Mugdha Varty,W12006,,Drainage System,Municipal Corporation,12.53,,,,,,,,,Ongoing,13.356290879248636,synthetic,Synthetic Test Data,,,False,,,False,,,,False,False,W12006,13.36,LOW,No rule-based risk condition triggered,False,-0.034,Normal,Isolation Forest,36.65,22.68,LOW,No significant risk indicator detected,LOW
,Varanasi,,Ekansh Sami,W12060,,Street Lighting,Public Works Department,4.82,,,,,,,,,Ongoing,13.355560368036809,synthetic,Synthetic Test Data,,,False,,,False,,,,False,False,W12060,13.36,LOW,No rule-based risk condition triggered,False,-0.0375,Normal,Isolation Forest,23.62,17.46,LOW,No significant risk indicator detected,LOW
,Asansol,,Nicholas Gour,W11312,,Community Health Center,Municipal Corporation,36.59,,,,,,,,,Completed,13.35354968999096,synthetic,Synthetic Test Data,,,False,,,False,,,,False,False,W11312,13.35,LOW,No rule-based risk condition triggered,True,0.0025,Anomaly,Isolation Forest,95.5,46.21,MEDIUM,ML: Isolation Forest identified unusual project characteristics,MEDIUM
,Nashik,,Owen Bansal,W11974,,Street Lighting,Zilla Panchayat,4.8,,,,,,,,,Ongoing,13.348055383737568,synthetic,Synthetic Test Data,,,False,,,False,,,,False,False,W11974,13.35,LOW,No rule-based risk condition triggered,False,-0.0466,Normal,Isolation Forest,5.1,10.05,LOW,No significant risk indicator detected,LOW
,Belagavi,,Triya Khatri,W11248,,Street Lighting,Municipal Corporation,4.94,,,,,,,,,Ongoing,13.346099670355024,synthetic,Synthetic Test Data,,,False,,,False,,,,False,False,W11248,13.35,LOW,No rule-based risk condition triggered,False,-0.0216,Normal,Isolation Forest,77.68,39.08,LOW,No significant risk indicator detected,LOW
,Coimbatore,,Nicholas Gour,W12925,,School Building Repair,Public Works Department,4.94,,,,,,,,,Ongoing,13.346099670355024,synthetic,Synthetic Test Data,,,False,,,False,,,,False,False,W12925,13.35,LOW,No rule-based risk condition triggered,False,-0.0303,Normal,Isolation Forest,52.8,29.13,LOW,No significant risk indicator detected,LOW
,Asansol,,Ria Ratta,W10468,,Drainage System,District Rural Development Agency,11.85,,,,,,,,,Completed,13.339972177271065,synthetic,Synthetic Test Data,,,False,,,False,,,,False,False,W10468,13.34,LOW,No rule-based risk condition triggered,False,-0.0373,Normal,Isolation Forest,24.12,17.65,LOW,No significant risk indicator detected,LOW
,Salem,,Varsha Morar,W11537,,Community Health Center,Public Works Department,23.54,,,,,,,,,Completed,13.339298975738435,synthetic,Synthetic Test Data,,,False,,,False,,,,False,False,W11537,13.34,LOW,No rule-based risk condition triggered,False,-0.0234,Normal,Isolation Forest,74.82,37.93,LOW,No significant risk indicator detected,LOW
,Coimbatore,,Lucky Prashad,W12959,,Community Health Center,Municipal Corporation,24.47,,,,,,,,,Completed,13.33848377385835,synthetic,Synthetic Test Data,,,False,,,False,,,,False,False,W12959,13.34,LOW,No rule-based risk condition triggered,False,-0.0213,Normal,Isolation Forest,78.35,39.34,LOW,No significant risk indicator detected,LOW
,Bengaluru Urban,,Ekansh Sami,W11757,,School Building Repair,Municipal Corporation,13.79,,,,,,,,,Ongoing,13.337598462515176,synthetic,Synthetic Test Data,,,False,,,False,,,,False,False,W11757,13.34,LOW,No rule-based risk condition triggered,False,-0.0244,Normal,Isolation Forest,72.75,37.1,LOW,No significant risk indicator detected,LOW
,Mysuru,,Vrinda Biswas,W10973,,Drinking Water Supply,Public Works Department,13.69,,,,,,,,,Ongoing,13.333251542200076,synthetic,Synthetic Test Data,,,False,,,False,,,,False,False,W10973,13.33,LOW,No rule-based risk condition triggered,False,-0.0324,Normal,Isolation Forest,43.83,25.53,LOW,No significant risk indicator detected,LOW
,Bengaluru Urban,,Yug Choudhry,W11937,,Road Construction,Zilla Panchayat,26.56,,,,,,,,,Completed,13.331386363820918,synthetic,Synthetic Test Data,,,False,,,False,,,,False,False,W11937,13.33,LOW,No rule-based risk condition triggered,False,-0.0329,Normal,Isolation Forest,41.65,24.66,LOW,No significant risk indicator detected,LOW
,Kanpur,,Odika Naik,W10051,,School Building Repair,District Rural Development Agency,10.87,,,,,,,,,Completed,13.326014866449029,synthetic,Synthetic Test Data,,,False,,,False,,,,False,False,W10051,13.33,LOW,No rule-based risk condition triggered,False,-0.0286,Normal,Isolation Forest,59.68,31.87,LOW,No significant risk indicator detected,LOW
,Nagpur,,Widisha Yohannan,W11205,,Drinking Water Supply,State Housing Board,14.49,,,,,,,,,Ongoing,13.32428481755379,synthetic,Synthetic Test Data,,,False,,,False,,,,False,False,W11205,13.32,LOW,No rule-based risk condition triggered,False,-0.0279,Normal,Isolation Forest,61.97,32.78,LOW,No significant risk indicator detected,LOW
,Lucknow,,Jagat Mangat,W12599,,Drinking Water Supply,District Rural Development Agency,18.85,,,,,,,,,Completed,13.321298285274723,synthetic,Synthetic Test Data,,,False,,,False,,,,False,False,W12599,13.32,LOW,No rule-based risk condition triggered,False,-0.0218,Normal,Isolation Forest,77.27,38.9,LOW,No significant risk indicator detected,LOW
,Bengaluru Urban,,Oliver Sarma,W10065,,Drinking Water Supply,Zilla Panchayat,13.21,,,,,,,,,Ongoing,13.316413063789518,synthetic,Synthetic Test Data,,,False,,,False,,,,False,False,W10065,13.32,LOW,No rule-based risk condition triggered,False,-0.0415,Normal,Isolation Forest,11.75,12.69,LOW,No significant risk indicator detected,LOW
,Kanpur,,Triya Khatri,W11239,,School Building Repair,Municipal Corporation,13.89,,,,,,,,,Ongoing,13.316154129189886,synthetic,Synthetic Test Data,,,False,,,False,,,,False,False,W11239,13.32,LOW,No rule-based risk condition triggered,False,-0.0241,Normal,Isolation Forest,73.38,37.34,LOW,No significant risk indicator detected,LOW
,Agra,,Meera Banerjee,W11709,,Public Toilet Complex,Municipal Corporation,7.8,,,,,,,,,Ongoing,13.315971067423686,synthetic,Synthetic Test Data,,,False,,,False,,,,False,False,W11709,13.32,LOW,No rule-based risk condition triggered,False,-0.0189,Normal,Isolation Forest,82.43,40.96,MEDIUM,No significant risk indicator detected,MEDIUM
,Madurai,,Eesha Memon,W11891,,Drainage System,State Housing Board,13.69,,,,,,,,,Ongoing,13.31387707863151,synthetic,Synthetic Test Data,,,False,,,False,,,,False,False,W11891,13.31,LOW,No rule-based risk condition triggered,False,-0.0369,Normal,Isolation Forest,25.1,18.03,LOW,No significant risk indicator detected,LOW
,Asansol,,Tanish Iyer,W12844,,School Building Repair,State Housing Board,4.98,,,,,,,,,Ongoing,13.313272457548376,synthetic,Synthetic Test Data,,,False,,,False,,,,False,False,W12844,13.31,LOW,No rule-based risk condition triggered,False,-0.0262,Normal,Isolation Forest,67.45,34.97,LOW,No significant risk indicator detected,LOW
,Thane,,Krishna Pant,W12156,,Public Toilet Complex,Municipal Corporation,2.34,,,,,,,,,Completed,13.312936284670656,synthetic,Synthetic Test Data,,,False,,,False,,,,False,False,W12156,13.31,LOW,No rule-based risk condition triggered,False,-0.0252,Normal,Isolation Forest,70.22,36.07,LOW,No significant risk indicator detected,LOW
,Mysuru,,Yadavi Deshmukh,W11640,,Drainage System,Municipal Corporation,12.62,,,,,,,,,Ongoing,13.312555778103832,synthetic,Synthetic Test Data,,,False,,,False,,,,False,False,W11640,13.31,LOW,No rule-based risk condition triggered,False,-0.0339,Normal,Isolation Forest,37.15,22.85,LOW,No significant risk indicator detected,LOW
,Nagpur,,Vanya Suresh,W10717,,Street Lighting,Municipal Corporation,4.54,,,,,,,,,Ongoing,13.31178298,synthetic,Synthetic Test Data,,,False,,,False,,,,False,False,W10717,13.31,LOW,No rule-based risk condition triggered,False,-0.0226,Normal,Isolation Forest,75.92,38.35,LOW,No significant risk indicator detected,LOW
,Varanasi,,Oliver Sarma,W10764,,Drinking Water Supply,District Rural Development Agency,10.59,,,,,,,,,Ongoing,13.303985453314704,synthetic,Synthetic Test Data,,,False,,,False,,,,False,False,W10764,13.3,LOW,No rule-based risk condition triggered,False,-0.0358,Normal,Isolation Forest,29.37,19.73,LOW,No significant risk indicator detected,LOW
,Varanasi,,Lucky Prashad,W12221,,Street Lighting,Public Works Department,4.51,,,,,,,,,Ongoing,13.303540068113106,synthetic,Synthetic Test Data,,,False,,,False,,,,False,False,W12221,13.3,LOW,No rule-based risk condition triggered,False,-0.0395,Normal,Isolation Forest,18.02,15.19,LOW,No significant risk indicator detected,LOW
,Belagavi,,Harrison Kapur,W12220,,Street Lighting,State Housing Board,4.42,,,,,,,,,Ongoing,13.294591894981014,synthetic,Synthetic Test Data,,,False,,,False,,,,False,False,W12220,13.29,LOW,No rule-based risk condition triggered,False,-0.0396,Normal,Isolation Forest,17.62,15.02,LOW,No significant risk indicator detected,LOW
,Asansol,,Hemang Bava,W10820,,Community Health Center,State Housing Board,13.78,,,,,,,,,Ongoing,13.289814958478738,synthetic,Synthetic Test Data,,,False,,,False,,,,False,False,W10820,13.29,LOW,No rule-based risk condition triggered,False,-0.0301,Normal,Isolation Forest,53.48,29.37,LOW,No significant risk indicator detected,LOW
,Bengaluru Urban,,Christopher Kadakia,W12239,,School Building Repair,Zilla Panchayat,13.5,,,,,,,,,Ongoing,13.283993585742351,synthetic,Synthetic Test Data,,,False,,,False,,,,False,False,W12239,13.28,LOW,No rule-based risk condition triggered,False,-0.0328,Normal,Isolation Forest,42.08,24.8,LOW,No significant risk indicator detected,LOW
,Belagavi,,Varsha Morar,W11217,,Road Construction,Municipal Corporation,12.84,,,,,,,,,Ongoing,13.28288349209774,synthetic,Synthetic Test Data,,,False,,,False,,,,False,False,W11217,13.28,LOW,No rule-based risk condition triggered,False,-0.0135,Normal,Isolation Forest,88.47,43.36,MEDIUM,No significant risk indicator detected,MEDIUM
,Kolkata,,Krishna Pant,W10270,,Street Lighting,Municipal Corporation,3.99,,,,,,,,,Ongoing,13.280510785570014,synthetic,Synthetic Test Data,,,False,,,False,,,,False,False,W10270,13.28,LOW,No rule-based risk condition triggered,False,-0.0208,Normal,Isolation Forest,79.5,39.77,LOW,No significant risk indicator detected,LOW
,Madurai,,Ekansh Sami,W12652,,Public Toilet Complex,State Housing Board,4.7,,,,,,,,,Ongoing,13.277207209677051,synthetic,Synthetic Test Data,,,False,,,False,,,,False,False,W12652,13.28,LOW,No rule-based risk condition triggered,False,-0.0263,Normal,Isolation Forest,67.18,34.84,LOW,No significant risk indicator detected,LOW
,Coimbatore,,Gaurav Chandra,W11384,,School Building Repair,Public Works Department,12.55,,,,,,,,,Ongoing,13.277092101171467,synthetic,Synthetic Test Data,,,False,,,False,,,,False,False,W11384,13.28,LOW,No rule-based risk condition triggered,False,-0.0288,Normal,Isolation Forest,59.15,31.63,LOW,No significant risk indicator detected,LOW
,Thane,,Hemang Bava,W12244,,Public Toilet Complex,Public Works Department,6.74,,,,,,,,,Completed,13.271147201325403,synthetic,Synthetic Test Data,,,False,,,False,,,,False,False,W12244,13.27,LOW,No rule-based risk condition triggered,False,-0.041,Normal,Isolation Forest,13.22,13.25,LOW,No significant risk indicator detected,LOW
,Agra,,Rayaan Mand,W11182,,Street Lighting,Municipal Corporation,5.84,,,,,,,,,Completed,13.269453587021625,synthetic,Synthetic Test Data,,,False,,,False,,,,False,False,W11182,13.27,LOW,No rule-based risk condition triggered,False,-0.014,Normal,Isolation Forest,87.9,43.12,MEDIUM,No significant risk indicator detected,MEDIUM
,Nashik,,Hemang Bava,W10769,,Drinking Water Supply,State Housing Board,4.76,,,,,,,,,Ongoing,13.266405876337936,synthetic,Synthetic Test Data,,,False,,,False,,,,False,False,W10769,13.27,LOW,No rule-based risk condition triggered,False,-0.0261,Normal,Isolation Forest,67.72,35.05,LOW,No significant risk indicator detected,LOW
,Lucknow,,Meera Banerjee,W11818,,Drainage System,District Rural Development Agency,16.07,,,,,,,,,Completed,13.266205308567947,synthetic,Synthetic Test Data,,,False,,,False,,,,False,False,W11818,13.27,LOW,No rule-based risk condition triggered,False,-0.025,Normal,Isolation Forest,70.8,36.28,LOW,No significant risk indicator detected,LOW
,Asansol,,Sanya Swamy,W11504,,Street Lighting,Zilla Panchayat,2.94,,,,,,,,,Completed,13.258530993260957,synthetic,Synthetic Test Data,,,False,,,False,,,,False,False,W11504,13.26,LOW,No rule-based risk condition triggered,False,-0.0385,Normal,Isolation Forest,20.82,16.28,LOW,No significant risk indicator detected,LOW
,Darjeeling,,Leena Butala,W12245,,Public Toilet Complex,State Housing Board,2.68,,,,,,,,,Completed,13.253448346893618,synthetic,Synthetic Test Data,,,False,,,False,,,,False,False,W12245,13.25,LOW,No rule-based risk condition triggered,False,-0.0232,Normal,Isolation Forest,75.13,38.0,LOW,No significant risk indicator detected,LOW
,Asansol,,Tanish Iyer,W12886,,Street Lighting,Public Works Department,5.27,,,,,,,,,Ongoing,13.2528539835767,synthetic,Synthetic Test Data,,,False,,,False,,,,False,False,W12886,13.25,LOW,No rule-based risk condition triggered,False,-0.0336,Normal,Isolation Forest,38.32,23.28,LOW,No significant risk indicator detected,LOW
,Belagavi,,Advaith Gole,W12236,,School Building Repair,State Housing Board,10.34,,,,,,,,,Completed,13.246743025697658,synthetic,Synthetic Test Data,,,False,,,False,,,,False,False,W12236,13.25,LOW,No rule-based risk condition triggered,False,-0.0491,Normal,Isolation Forest,3.55,9.37,LOW,No significant risk indicator detected,LOW
,Kolkata,,Advaith Gole,W12964,,Drainage System,State Housing Board,9.41,,,,,,,,,Completed,13.243991208440905,synthetic,Synthetic Test Data,,,False,,,False,,,,False,False,W12964,13.24,LOW,No rule-based risk condition triggered,False,-0.0429,Normal,Isolation Forest,9.4,11.7,LOW,No significant risk indicator detected,LOW
,Madurai,,Bachittar Choudhry,W10518,,Drinking Water Supply,District Rural Development Agency,4.32,,,,,,,,,Ongoing,13.240576895729934,synthetic,Synthetic Test Data,,,False,,,False,,,,False,False,W10518,13.24,LOW,No rule-based risk condition triggered,False,-0.0285,Normal,Isolation Forest,60.0,31.94,LOW,No significant risk indicator detected,LOW
,Asansol,,Varsha Morar,W12870,,Drainage System,Zilla Panchayat,15.47,,,,,,,,,Ongoing,13.229209945186922,synthetic,Synthetic Test Data,,,False,,,False,,,,False,False,W12870,13.23,LOW,No rule-based risk condition triggered,False,-0.0425,Normal,Isolation Forest,9.82,11.87,LOW,No significant risk indicator detected,LOW
,Chennai,,Vrinda Biswas,W11512,,Public Toilet Complex,District Rural Development Agency,6.16,,,,,,,,,Ongoing,13.227919248801406,synthetic,Synthetic Test Data,,,False,,,False,,,,False,False,W11512,13.23,LOW,No rule-based risk condition triggered,False,-0.035,Normal,Isolation Forest,32.23,20.83,LOW,No significant risk indicator detected,LOW
,Coimbatore,,Yug Choudhry,W10512,,Drinking Water Supply,State Housing Board,11.54,,,,,,,,,Ongoing,13.222479612240042,synthetic,Synthetic Test Data,,,False,,,False,,,,False,False,W10512,13.22,LOW,No rule-based risk condition triggered,False,-0.0338,Normal,Isolation Forest,37.63,22.98,LOW,No significant risk indicator detected,LOW
,Howrah,,Gaurav Chandra,W12688,,School Building Repair,State Housing Board,6.3,,,,,,,,,Ongoing,13.199283944531556,synthetic,Synthetic Test Data,,,False,,,False,,,,False,False,W12688,13.2,LOW,No rule-based risk condition triggered,False,-0.0285,Normal,Isolation Forest,60.0,31.92,LOW,No significant risk indicator detected,LOW
,Nagpur,,Yug Choudhry,W12625,,Public Toilet Complex,State Housing Board,3.09,,,,,,,,,Completed,13.195424560894708,synthetic,Synthetic Test Data,,,False,,,False,,,,False,False,W12625,13.2,LOW,No rule-based risk condition triggered,False,-0.0241,Normal,Isolation Forest,73.38,37.27,LOW,No significant risk indicator detected,LOW
,Chennai,,Ronith Zachariah,W10783,,Drinking Water Supply,Zilla Panchayat,12.73,,,,,,,,,Ongoing,13.19413789040036,synthetic,Synthetic Test Data,,,False,,,False,,,,False,False,W10783,13.19,LOW,No rule-based risk condition triggered,False,-0.0417,Normal,Isolation Forest,11.27,12.42,LOW,No significant risk indicator detected,LOW
,Bengaluru Urban,,Hemang Bava,W10000,,Public Toilet Complex,Public Works Department,3.65,,,,,,,,,Completed,13.19305960849438,synthetic,Synthetic Test Data,,,False,,,False,,,,False,False,W10000,13.19,LOW,No rule-based risk condition triggered,False,-0.0345,Normal,Isolation Forest,34.48,21.71,LOW,No significant risk indicator detected,LOW
,Chennai,,Bachittar Choudhry,W11386,,Drainage System,State Housing Board,5.1,,,,,,,,,Ongoing,13.184723622780794,synthetic,Synthetic Test Data,,,False,,,False,,,,False,False,W11386,13.18,LOW,No rule-based risk condition triggered,False,-0.031,Normal,Isolation Forest,50.17,27.98,LOW,No significant risk indicator detected,LOW
,Thane,,Vrinda Biswas,W11055,,Street Lighting,State Housing Board,4.56,,,,,,,,,Ongoing,13.182229014471355,synthetic,Synthetic Test Data,,,False,,,False,,,,False,False,W11055,13.18,LOW,No rule-based risk condition triggered,False,-0.0395,Normal,Isolation Forest,18.02,15.12,LOW,No significant risk indicator detected,LOW
,Kanpur,,Yug Choudhry,W12226,,Public Toilet Complex,State Housing Board,4.45,,,,,,,,,Ongoing,13.179308348616887,synthetic,Synthetic Test Data,,,False,,,False,,,,False,False,W12226,13.18,LOW,No rule-based risk condition triggered,False,-0.0261,Normal,Isolation Forest,67.72,35.0,LOW,No significant risk indicator detected,LOW
,Belagavi,,Mugdha Varty,W10802,,Public Toilet Complex,Public Works Department,5.18,,,,,,,,,Ongoing,13.17149209877026,synthetic,Synthetic Test Data,,,False,,,False,,,,False,False,W10802,13.17,LOW,No rule-based risk condition triggered,False,-0.035,Normal,Isolation Forest,32.23,20.79,LOW,No significant risk indicator detected,LOW
,Dharwad,,Owen Bala,W10822,,Public Toilet Complex,State Housing Board,3.79,,,,,,,,,Completed,13.16978605013872,synthetic,Synthetic Test Data,,,False,,,False,,,,False,False,W10822,13.17,LOW,No rule-based risk condition triggered,False,-0.028,Normal,Isolation Forest,61.57,32.53,LOW,No significant risk indicator detected,LOW
,Pune,,Eesha Memon,W10440,,Public Toilet Complex,Public Works Department,6.71,,,,,,,,,Completed,13.16528827685626,synthetic,Synthetic Test Data,,,False,,,False,,,,False,False,W10440,13.17,LOW,No rule-based risk condition triggered,False,-0.0412,Normal,Isolation Forest,12.82,13.03,LOW,No significant risk indicator detected,LOW
,Chennai,,Victor Venkataraman,W12784,,Street Lighting,Municipal Corporation,5.95,,,,,,,,,Ongoing,13.164768909131254,synthetic,Synthetic Test Data,,,False,,,False,,,,False,False,W12784,13.16,LOW,No rule-based risk condition triggered,False,-0.0202,Normal,Isolation Forest,80.68,40.17,MEDIUM,No significant risk indicator detected,MEDIUM
,Bengaluru Urban,,Widisha Yohannan,W11460,,Street Lighting,District Rural Development Agency,2.56,,,,,,,,,Ongoing,13.161448746028364,synthetic,Synthetic Test Data,,,False,,,False,,,,False,False,W11460,13.16,LOW,No rule-based risk condition triggered,False,-0.0288,Normal,Isolation Forest,59.15,31.56,LOW,No significant risk indicator detected,LOW
,Varanasi,,Lucky Prashad,W12997,,Drainage System,Municipal Corporation,11.65,,,,,,,,,Completed,13.15832185110987,synthetic,Synthetic Test Data,,,False,,,False,,,,False,False,W12997,13.16,LOW,No rule-based risk condition triggered,False,-0.0333,Normal,Isolation Forest,39.88,23.85,LOW,No significant risk indicator detected,LOW
,Agra,,Owen Bansal,W10374,,Street Lighting,Zilla Panchayat,5.41,,,,,,,,,Completed,13.158181843264227,synthetic,Synthetic Test Data,,,False,,,False,,,,False,False,W10374,13.16,LOW,No rule-based risk condition triggered,False,-0.0381,Normal,Isolation Forest,22.15,16.76,LOW,No significant risk indicator detected,LOW
,Kolkata,,Deepa Gala,W12706,,Community Health Center,District Rural Development Agency,12.55,,,,,,,,,Ongoing,13.155328568313962,synthetic,Synthetic Test Data,,,False,,,False,,,,False,False,W12706,13.16,LOW,No rule-based risk condition triggered,False,-0.0299,Normal,Isolation Forest,54.43,29.67,LOW,No significant risk indicator detected,LOW
,Dharwad,,Owen Bala,W12322,,Drinking Water Supply,Public Works Department,14.15,,,,,,,,,Ongoing,13.153428595083971,synthetic,Synthetic Test Data,,,False,,,False,,,,False,False,W12322,13.15,LOW,No rule-based risk condition triggered,False,-0.032,Normal,Isolation Forest,45.6,26.13,LOW,No significant risk indicator detected,LOW
,Nashik,,Bachittar Choudhry,W10148,,School Building Repair,Public Works Department,5.08,,,,,,,,,Completed,13.153224012848137,synthetic,Synthetic Test Data,,,False,,,False,,,,False,False,W10148,13.15,LOW,No rule-based risk condition triggered,False,-0.0366,Normal,Isolation Forest,26.03,18.3,LOW,No significant risk indicator detected,LOW
,Bengaluru Urban,,Ekansh Sami,W10429,,Drainage System,District Rural Development Agency,12.88,,,,,,,,,Ongoing,13.143434676006637,synthetic,Synthetic Test Data,,,False,,,False,,,,False,False,W10429,13.14,LOW,No rule-based risk condition triggered,False,-0.0408,Normal,Isolation Forest,14.02,13.49,LOW,No significant risk indicator detected,LOW
,Dharwad,,Ria Ratta,W10309,,School Building Repair,Public Works Department,14.95,,,,,,,,,Ongoing,13.123472739895323,synthetic,Synthetic Test Data,,,False,,,False,,,,False,False,W10309,13.12,LOW,No rule-based risk condition triggered,False,-0.0211,Normal,Isolation Forest,78.95,39.45,LOW,No significant risk indicator detected,LOW
,Salem,,Mugdha Varty,W10059,,Community Health Center,Municipal Corporation,11.16,,,,,,,,,Ongoing,13.112602698760684,synthetic,Synthetic Test Data,,,False,,,False,,,,False,False,W10059,13.11,LOW,No rule-based risk condition triggered,False,-0.0195,Normal,Isolation Forest,81.5,40.47,MEDIUM,No significant risk indicator detected,MEDIUM
,Dharwad,,Meera Banerjee,W10249,,School Building Repair,Public Works Department,11.35,,,,,,,,,Ongoing,13.109600699540453,synthetic,Synthetic Test Data,,,False,,,False,,,,False,False,W10249,13.11,LOW,No rule-based risk condition triggered,False,-0.0339,Normal,Isolation Forest,37.15,22.73,LOW,No significant risk indicator detected,LOW
,Coimbatore,,Vrinda Biswas,W10624,,Drinking Water Supply,Municipal Corporation,7.21,,,,,,,,,Ongoing,13.102642430907338,synthetic,Synthetic Test Data,,,False,,,False,,,,False,False,W10624,13.1,LOW,No rule-based risk condition triggered,False,-0.0268,Normal,Isolation Forest,65.85,34.2,LOW,No significant risk indicator detected,LOW
,Darjeeling,,Sanya Swamy,W10111,,School Building Repair,State Housing Board,10.64,,,,,,,,,Ongoing,13.097404545315593,synthetic,Synthetic Test Data,,,False,,,False,,,,False,False,W10111,13.1,LOW,No rule-based risk condition triggered,False,-0.0326,Normal,Isolation Forest,42.97,25.05,LOW,No significant risk indicator detected,LOW
,Nagpur,,Hemang Bava,W10396,,Drinking Water Supply,Public Works Department,5.56,,,,,,,,,Ongoing,13.075564262267228,synthetic,Synthetic Test Data,,,False,,,False,,,,False,False,W10396,13.08,LOW,No rule-based risk condition triggered,False,-0.0286,Normal,Isolation Forest,59.68,31.72,LOW,No significant risk indicator detected,LOW
,Salem,,Ekansh Sami,W12485,,Drinking Water Supply,State Housing Board,4.92,,,,,,,,,Ongoing,13.070638779849128,synthetic,Synthetic Test Data,,,False,,,False,,,,False,False,W12485,13.07,LOW,No rule-based risk condition triggered,False,-0.0268,Normal,Isolation Forest,65.85,34.18,LOW,No significant risk indicator detected,LOW
,Varanasi,,Mugdha Varty,W11117,,Road Construction,Zilla Panchayat,32.72,,,,,,,,,Completed,13.06850868801326,synthetic,Synthetic Test Data,,,False,,,False,,,,False,False,W11117,13.07,LOW,No rule-based risk condition triggered,False,-0.0216,Normal,Isolation Forest,77.68,38.91,LOW,No significant risk indicator detected,LOW
,Agra,,Bachittar Choudhry,W12850,,Street Lighting,District Rural Development Agency,5.92,,,,,,,,,Ongoing,13.064234137644872,synthetic,Synthetic Test Data,,,False,,,False,,,,False,False,W12850,13.06,LOW,No rule-based risk condition triggered,False,-0.0331,Normal,Isolation Forest,40.7,24.12,LOW,No significant risk indicator detected,LOW
,Madurai,,Hemang Bava,W12334,,Drainage System,District Rural Development Agency,5.5,,,,,,,,,Ongoing,13.062821713237309,synthetic,Synthetic Test Data,,,False,,,False,,,,False,False,W12334,13.06,LOW,No rule-based risk condition triggered,False,-0.0357,Normal,Isolation Forest,29.8,19.76,LOW,No significant risk indicator detected,LOW
,Coimbatore,,Yadavi Deshmukh,W12208,,Street Lighting,Zilla Panchayat,5.36,,,,,,,,,Completed,13.061676867253167,synthetic,Synthetic Test Data,,,False,,,False,,,,False,False,W12208,13.06,LOW,No rule-based risk condition triggered,False,-0.0386,Normal,Isolation Forest,20.45,16.02,LOW,No significant risk indicator detected,LOW
,Lucknow,,Advaith Gole,W11500,,Public Toilet Complex,Municipal Corporation,5.33,,,,,,,,,Ongoing,13.05896851552135,synthetic,Synthetic Test Data,,,False,,,False,,,,False,False,W11500,13.06,LOW,No rule-based risk condition triggered,False,-0.0246,Normal,Isolation Forest,72.25,36.74,LOW,No significant risk indicator detected,LOW
,Kanpur,,Victor Venkataraman,W11479,,Drainage System,Public Works Department,13.43,,,,,,,,,Ongoing,13.058537867235865,synthetic,Synthetic Test Data,,,False,,,False,,,,False,False,W11479,13.06,LOW,No rule-based risk condition triggered,False,-0.0413,Normal,Isolation Forest,12.42,12.8,LOW,No significant risk indicator detected,LOW
,Bengaluru Urban,,Yamini Chand,W11064,,Public Toilet Complex,Zilla Panchayat,6.47,,,,,,,,,Ongoing,13.057349939955053,synthetic,Synthetic Test Data,,,False,,,False,,,,False,False,W11064,13.06,LOW,No rule-based risk condition triggered,False,-0.0384,Normal,Isolation Forest,21.18,16.31,LOW,No significant risk indicator detected,LOW
,Nagpur,,Hemang Bava,W12815,,Street Lighting,State Housing Board,4.97,,,,,,,,,Ongoing,13.05662324126572,synthetic,Synthetic Test Data,,,False,,,False,,,,False,False,W12815,13.06,LOW,No rule-based risk condition triggered,False,-0.0361,Normal,Isolation Forest,28.13,19.09,LOW,No significant risk indicator detected,LOW
,Asansol,,Oliver Sarma,W11412,,Drainage System,District Rural Development Agency,7.11,,,,,,,,,Ongoing,13.055266978836732,synthetic,Synthetic Test Data,,,False,,,False,,,,False,False,W11412,13.06,LOW,No rule-based risk condition triggered,False,-0.0384,Normal,Isolation Forest,21.18,16.31,LOW,No significant risk indicator detected,LOW
,Belagavi,,Vrinda Biswas,W12129,,Public Toilet Complex,Public Works Department,5.27,,,,,,,,,Ongoing,13.053710979039064,synthetic,Synthetic Test Data,,,False,,,False,,,,False,False,W12129,13.05,LOW,No rule-based risk condition triggered,False,-0.0353,Normal,Isolation Forest,31.13,20.28,LOW,No significant risk indicator detected,LOW
,Belagavi,,Varsha Morar,W10976,,Drainage System,Public Works Department,5.14,,,,,,,,,Ongoing,13.052076203118617,synthetic,Synthetic Test Data,,,False,,,False,,,,False,False,W10976,13.05,LOW,No rule-based risk condition triggered,False,-0.0371,Normal,Isolation Forest,24.57,17.66,LOW,No significant risk indicator detected,LOW
,Nashik,,Christopher Kadakia,W12063,,Drainage System,Municipal Corporation,6.42,,,,,,,,,Ongoing,13.050709278614518,synthetic,Synthetic Test Data,,,False,,,False,,,,False,False,W12063,13.05,LOW,No rule-based risk condition triggered,False,-0.0343,Normal,Isolation Forest,35.27,21.94,LOW,No significant risk indicator detected,LOW
,Coimbatore,,Hemang Bava,W10885,,Community Health Center,District Rural Development Agency,10.37,,,,,,,,,Ongoing,13.048739684784604,synthetic,Synthetic Test Data,,,False,,,False,,,,False,False,W10885,13.05,LOW,No rule-based risk condition triggered,False,-0.0304,Normal,Isolation Forest,52.4,28.79,LOW,No significant risk indicator detected,LOW
,Varanasi,,Widisha Yohannan,W10126,,Street Lighting,Zilla Panchayat,3.97,,,,,,,,,Completed,13.044916960240034,synthetic,Synthetic Test Data,,,False,,,False,,,,False,False,W10126,13.04,LOW,No rule-based risk condition triggered,False,-0.0419,Normal,Isolation Forest,10.68,12.1,LOW,No significant risk indicator detected,LOW
,Pune,,Pallavi Krish,W10847,,Public Toilet Complex,State Housing Board,7.88,,,,,,,,,Ongoing,13.038294743064778,synthetic,Synthetic Test Data,,,False,,,False,,,,False,False,W10847,13.04,LOW,No rule-based risk condition triggered,False,-0.0195,Normal,Isolation Forest,81.5,40.42,MEDIUM,No significant risk indicator detected,MEDIUM
,Madurai,,Onveer Kata,W10242,,School Building Repair,Public Works Department,6.62,,,,,,,,,Completed,13.036957461193058,synthetic,Synthetic Test Data,,,False,,,False,,,,False,False,W10242,13.04,LOW,No rule-based risk condition triggered,False,-0.0415,Normal,Isolation Forest,11.75,12.52,LOW,No significant risk indicator detected,LOW
,Thane,,Harrison Kapur,W12949,,School Building Repair,District Rural Development Agency,9.53,,,,,,,,,Ongoing,13.035738567989776,synthetic,Synthetic Test Data,,,False,,,False,,,,False,False,W12949,13.04,LOW,No rule-based risk condition triggered,False,-0.0349,Normal,Isolation Forest,32.65,20.88,LOW,No significant risk indicator detected,LOW
,Howrah,,Widisha Yohannan,W10529,,Drainage System,Municipal Corporation,4.34,,,,,,,,,Ongoing,13.030633186644222,synthetic,Synthetic Test Data,,,False,,,False,,,,False,False,W10529,13.03,LOW,No rule-based risk condition triggered,False,-0.0271,Normal,Isolation Forest,65.03,33.83,LOW,No significant risk indicator detected,LOW
,Coimbatore,,Pallavi Krish,W10878,,Road Construction,Zilla Panchayat,7.11,,,,,,,,,Ongoing,13.028875006575394,synthetic,Synthetic Test Data,,,False,,,False,,,,False,False,W10878,13.03,LOW,No rule-based risk condition triggered,False,-0.0348,Normal,Isolation Forest,33.15,21.08,LOW,No significant risk indicator detected,LOW
,Kolkata,,Ria Ratta,W10206,,School Building Repair,Zilla Panchayat,14.7,,,,,,,,,Ongoing,13.027299256695136,synthetic,Synthetic Test Data,,,False,,,False,,,,False,False,W10206,13.03,LOW,No rule-based risk condition triggered,False,-0.0275,Normal,Isolation Forest,63.62,33.27,LOW,No significant risk indicator detected,LOW
,Nashik,,Tanish Iyer,W11832,,Public Toilet Complex,Municipal Corporation,5.98,,,,,,,,,Ongoing,13.026435939655778,synthetic,Synthetic Test Data,,,False,,,False,,,,False,False,W11832,13.03,LOW,No rule-based risk condition triggered,False,-0.0246,Normal,Isolation Forest,72.25,36.72,LOW,No significant risk indicator detected,LOW
,Nagpur,,Vanya Suresh,W12674,,Public Toilet Complex,District Rural Development Agency,7.8,,,,,,,,,Completed,13.022393741985873,synthetic,Synthetic Test Data,,,False,,,False,,,,False,False,W12674,13.02,LOW,No rule-based risk condition triggered,False,-0.028,Normal,Isolation Forest,61.57,32.44,LOW,No significant risk indicator detected,LOW
,Agra,,Vanya Suresh,W11874,,School Building Repair,State Housing Board,4.68,,,,,,,,,Ongoing,13.019847954412183,synthetic,Synthetic Test Data,,,False,,,False,,,,False,False,W11874,13.02,LOW,No rule-based risk condition triggered,False,-0.0251,Normal,Isolation Forest,70.53,36.02,LOW,No significant risk indicator detected,LOW
,Chennai,,Widisha Yohannan,W12373,,Public Toilet Complex,Municipal Corporation,5.62,,,,,,,,,Ongoing,13.018071331726958,synthetic,Synthetic Test Data,,,False,,,False,,,,False,False,W12373,13.02,LOW,No rule-based risk condition triggered,False,-0.0248,Normal,Isolation Forest,71.5,36.41,LOW,No significant risk indicator detected,LOW
,Nagpur,,Yug Choudhry,W12468,,School Building Repair,Municipal Corporation,13.5,,,,,,,,,Ongoing,13.00356359448556,synthetic,Synthetic Test Data,,,False,,,False,,,,False,False,W12468,13.0,LOW,No rule-based risk condition triggered,False,-0.0261,Normal,Isolation Forest,67.72,34.89,LOW,No significant risk indicator detected,LOW
,Kolkata,,Onveer Kata,W12335,,Public Toilet Complex,Zilla Panchayat,5.91,,,,,,,,,Completed,13.00345553,synthetic,Synthetic Test Data,,,False,,,False,,,,False,False,W12335,13.0,LOW,No rule-based risk condition triggered,False,-0.0534,Normal,Isolation Forest,0.97,8.19,LOW,No significant risk indicator detected,LOW
,Thane,,Gabriel Thaman,W10071,,School Building Repair,Municipal Corporation,7.26,,,,,,,,,Ongoing,12.99809962022827,synthetic,Synthetic Test Data,,,False,,,False,,,,False,False,W10071,13.0,LOW,No rule-based risk condition triggered,False,-0.0366,Normal,Isolation Forest,26.03,18.21,LOW,No significant risk indicator detected,LOW
,Nashik,,Christopher Kadakia,W12119,,Drainage System,Public Works Department,6.59,,,,,,,,,Ongoing,12.997546936059049,synthetic,Synthetic Test Data,,,False,,,False,,,,False,False,W12119,13.0,LOW,No rule-based risk condition triggered,False,-0.0409,Normal,Isolation Forest,13.55,13.22,LOW,No significant risk indicator detected,LOW
,Darjeeling,,Yadavi Deshmukh,W12642,,Community Health Center,District Rural Development Agency,14.06,,,,,,,,,Completed,12.990436564891496,synthetic,Synthetic Test Data,,,False,,,False,,,,False,False,W12642,12.99,LOW,No rule-based risk condition triggered,False,-0.0363,Normal,Isolation Forest,27.15,18.65,LOW,No significant risk indicator detected,LOW
,Agra,,Pallavi Krish,W11190,,Road Construction,Zilla Panchayat,9.85,,,,,,,,,Ongoing,12.986928698674584,synthetic,Synthetic Test Data,,,False,,,False,,,,False,False,W11190,12.99,LOW,No rule-based risk condition triggered,False,-0.0409,Normal,Isolation Forest,13.55,13.21,LOW,No significant risk indicator detected,LOW
,Dharwad,,Ronith Zachariah,W11523,,Drainage System,Public Works Department,11.5,,,,,,,,,Completed,12.98683606863008,synthetic,Synthetic Test Data,,,False,,,False,,,,False,False,W11523,12.99,LOW,No rule-based risk condition triggered,False,-0.0342,Normal,Isolation Forest,35.78,22.11,LOW,No significant risk indicator detected,LOW
,Salem,,Mugdha Varty,W10844,,Drinking Water Supply,Public Works Department,14.07,,,,,,,,,Completed,12.985239201205491,synthetic,Synthetic Test Data,,,False,,,False,,,,False,False,W10844,12.99,LOW,No rule-based risk condition triggered,False,-0.0348,Normal,Isolation Forest,33.15,21.05,LOW,No significant risk indicator detected,LOW
,Belagavi,,Gabriel Thaman,W11590,,Street Lighting,Public Works Department,5.49,,,,,,,,,Ongoing,12.985230861990656,synthetic,Synthetic Test Data,,,False,,,False,,,,False,False,W11590,12.99,LOW,No rule-based risk condition triggered,False,-0.0329,Normal,Isolation Forest,41.65,24.45,LOW,No significant risk indicator detected,LOW
,Varanasi,,Ekansh Sami,W10948,,School Building Repair,District Rural Development Agency,5.6,,,,,,,,,Completed,12.974516853349662,synthetic,Synthetic Test Data,,,False,,,False,,,,False,False,W10948,12.97,LOW,No rule-based risk condition triggered,False,-0.0278,Normal,Isolation Forest,62.37,32.73,LOW,No significant risk indicator detected,LOW
,Nashik,,Eesha Memon,W10347,,School Building Repair,Municipal Corporation,13.9,,,,,,,,,Ongoing,12.97435959978404,synthetic,Synthetic Test Data,,,False,,,False,,,,False,False,W10347,12.97,LOW,No rule-based risk condition triggered,False,-0.0241,Normal,Isolation Forest,73.38,37.13,LOW,No significant risk indicator detected,LOW
,Mysuru,,Jagat Mangat,W11829,,Drainage System,Public Works Department,14.71,,,,,,,,,Ongoing,12.973881090857605,synthetic,Synthetic Test Data,,,False,,,False,,,,False,False,W11829,12.97,LOW,No rule-based risk condition triggered,False,-0.0401,Normal,Isolation Forest,15.92,14.15,LOW,No significant risk indicator detected,LOW
,Belagavi,,Tanish Iyer,W11478,,School Building Repair,District Rural Development Agency,8.31,,,,,,,,,Ongoing,12.973681576804882,synthetic,Synthetic Test Data,,,False,,,False,,,,False,False,W11478,12.97,LOW,No rule-based risk condition triggered,False,-0.0349,Normal,Isolation Forest,32.65,20.84,LOW,No significant risk indicator detected,LOW
,Pune,,Ria Ratta,W12602,,School Building Repair,District Rural Development Agency,7.38,,,,,,,,,Ongoing,12.97202909376391,synthetic,Synthetic Test Data,,,False,,,False,,,,False,False,W12602,12.97,LOW,No rule-based risk condition triggered,False,-0.0355,Normal,Isolation Forest,30.42,19.95,LOW,No significant risk indicator detected,LOW
,Kanpur,,Tanish Iyer,W11438,,Drinking Water Supply,Municipal Corporation,10.46,,,,,,,,,Ongoing,12.966104069451998,synthetic,Synthetic Test Data,,,False,,,False,,,,False,False,W11438,12.97,LOW,No rule-based risk condition triggered,False,-0.0292,Normal,Isolation Forest,57.5,30.78,LOW,No significant risk indicator detected,LOW
,Chennai,,Harrison Kapur,W10165,,Public Toilet Complex,District Rural Development Agency,7.08,,,,,,,,,Ongoing,12.964749787990284,synthetic,Synthetic Test Data,,,False,,,False,,,,False,False,W10165,12.96,LOW,No rule-based risk condition triggered,False,-0.0323,Normal,Isolation Forest,44.33,25.51,LOW,No significant risk indicator detected,LOW
,Dharwad,,Yutika Rana,W10709,,Public Toilet Complex,State Housing Board,5.19,,,,,,,,,Ongoing,12.962027719543352,synthetic,Synthetic Test Data,,,False,,,False,,,,False,False,W10709,12.96,LOW,No rule-based risk condition triggered,False,-0.0266,Normal,Isolation Forest,66.5,34.38,LOW,No significant risk indicator detected,LOW
,Thane,,Christopher Kadakia,W12410,,Street Lighting,Zilla Panchayat,4.72,,,,,,,,,Completed,12.96195650119246,synthetic,Synthetic Test Data,,,False,,,False,,,,False,False,W12410,12.96,LOW,No rule-based risk condition triggered,False,-0.0429,Normal,Isolation Forest,9.4,11.54,LOW,No significant risk indicator detected,LOW
,Belagavi,,Ishwar Boase,W11126,,Drainage System,Municipal Corporation,6.36,,,,,,,,,Ongoing,12.960873923660452,synthetic,Synthetic Test Data,,,False,,,False,,,,False,False,W11126,12.96,LOW,No rule-based risk condition triggered,False,-0.0343,Normal,Isolation Forest,35.27,21.88,LOW,No significant risk indicator detected,LOW
,Varanasi,,Sanya Swamy,W11034,,Drinking Water Supply,State Housing Board,7.41,,,,,,,,,Ongoing,12.95159296194766,synthetic,Synthetic Test Data,,,False,,,False,,,,False,False,W11034,12.95,LOW,No rule-based risk condition triggered,False,-0.0303,Normal,Isolation Forest,52.8,28.89,LOW,No significant risk indicator detected,LOW
,Lucknow,,Christopher Kadakia,W12696,,Public Toilet Complex,Zilla Panchayat,2.22,,,,,,,,,Completed,12.949351161206128,synthetic,Synthetic Test Data,,,False,,,False,,,,False,False,W12696,12.95,LOW,No rule-based risk condition triggered,False,-0.0391,Normal,Isolation Forest,19.33,15.5,LOW,No significant risk indicator detected,LOW
,Coimbatore,,Nicholas Gour,W12574,,Drainage System,Municipal Corporation,7.41,,,,,,,,,Completed,12.949165611494308,synthetic,Synthetic Test Data,,,False,,,False,,,,False,False,W12574,12.95,LOW,No rule-based risk condition triggered,False,-0.0313,Normal,Isolation Forest,48.77,27.28,LOW,No significant risk indicator detected,LOW
,Nagpur,,Yutika Rana,W11044,,School Building Repair,District Rural Development Agency,6.37,,,,,,,,,Ongoing,12.93885571826332,synthetic,Synthetic Test Data,,,False,,,False,,,,False,False,W11044,12.94,LOW,No rule-based risk condition triggered,False,-0.0344,Normal,Isolation Forest,34.82,21.69,LOW,No significant risk indicator detected,LOW
,Darjeeling,,Eesha Memon,W12633,,Road Construction,Public Works Department,13.33,,,,,,,,,Ongoing,12.93733517252675,synthetic,Synthetic Test Data,,,False,,,False,,,,False,False,W12633,12.94,LOW,No rule-based risk condition triggered,False,-0.0407,Normal,Isolation Forest,14.47,13.55,LOW,No significant risk indicator detected,LOW
,Mysuru,,Christopher Kadakia,W12477,,Public Toilet Complex,State Housing Board,6.45,,,,,,,,,Ongoing,12.917888353923033,synthetic,Synthetic Test Data,,,False,,,False,,,,False,False,W12477,12.92,LOW,No rule-based risk condition triggered,False,-0.025,Normal,Isolation Forest,70.8,36.07,LOW,No significant risk indicator detected,LOW
,Madurai,,Pallavi Krish,W11547,,Drainage System,Zilla Panchayat,10.69,,,,,,,,,Ongoing,12.915715917465482,synthetic,Synthetic Test Data,,,False,,,False,,,,False,False,W11547,12.92,LOW,No rule-based risk condition triggered,False,-0.0481,Normal,Isolation Forest,4.2,9.43,LOW,No significant risk indicator detected,LOW
,Mysuru,,Azaan Gupta,W10316,,Drainage System,Zilla Panchayat,4.85,,,,,,,,,Ongoing,12.911269887309336,synthetic,Synthetic Test Data,,,False,,,False,,,,False,False,W10316,12.91,LOW,No rule-based risk condition triggered,False,-0.0396,Normal,Isolation Forest,17.62,14.79,LOW,No significant risk indicator detected,LOW
,Kanpur,,Ishwar Boase,W10435,,Drinking Water Supply,Municipal Corporation,10.37,,,,,,,,,Ongoing,12.911120893596156,synthetic,Synthetic Test Data,,,False,,,False,,,,False,False,W10435,12.91,LOW,No rule-based risk condition triggered,False,-0.0291,Normal,Isolation Forest,57.93,30.92,LOW,No significant risk indicator detected,LOW
,Thane,,Yamini Chand,W11661,,School Building Repair,Municipal Corporation,5.62,,,,,,,,,Ongoing,12.911047397849174,synthetic,Synthetic Test Data,,,False,,,False,,,,False,False,W11661,12.91,LOW,No rule-based risk condition triggered,False,-0.0323,Normal,Isolation Forest,44.33,25.48,LOW,No significant risk indicator detected,LOW
,Dharwad,,Pallavi Krish,W11259,,Road Construction,District Rural Development Agency,29.15,,,,,,,,,Completed,12.90689938845087,synthetic,Synthetic Test Data,,,False,,,False,,,,False,False,W11259,12.91,LOW,No rule-based risk condition triggered,False,-0.0021,Normal,Isolation Forest,94.17,45.41,MEDIUM,No significant risk indicator detected,MEDIUM
,Thane,,Victor Venkataraman,W10657,,Drainage System,Zilla Panchayat,17.9,,,,,,,,,Completed,12.903694433231404,synthetic,Synthetic Test Data,,,False,,,False,,,,False,False,W10657,12.9,LOW,No rule-based risk condition triggered,False,-0.0295,Normal,Isolation Forest,56.2,30.22,LOW,No significant risk indicator detected,LOW
,Asansol,,Varsha Morar,W10651,,Street Lighting,Zilla Panchayat,4.67,,,,,,,,,Ongoing,12.902408730060351,synthetic,Synthetic Test Data,,,False,,,False,,,,False,False,W10651,12.9,LOW,No rule-based risk condition triggered,False,-0.0466,Normal,Isolation Forest,5.1,9.78,LOW,No significant risk indicator detected,LOW
,Darjeeling,,Varsha Morar,W12873,,School Building Repair,Public Works Department,7.38,,,,,,,,,Ongoing,12.900633594105283,synthetic,Synthetic Test Data,,,False,,,False,,,,False,False,W12873,12.9,LOW,No rule-based risk condition triggered,False,-0.036,Normal,Isolation Forest,28.68,19.21,LOW,No significant risk indicator detected,LOW
,Nagpur,,Jagat Mangat,W12987,,School Building Repair,Municipal Corporation,11.25,,,,,,,,,Ongoing,12.89207809116972,synthetic,Synthetic Test Data,,,False,,,False,,,,False,False,W12987,12.89,LOW,No rule-based risk condition triggered,False,-0.0369,Normal,Isolation Forest,25.1,17.77,LOW,No significant risk indicator detected,LOW
,Salem,,Owen Bala,W11486,,Drainage System,District Rural Development Agency,13.59,,,,,,,,,Ongoing,12.88687374493304,synthetic,Synthetic Test Data,,,False,,,False,,,,False,False,W11486,12.89,LOW,No rule-based risk condition triggered,False,-0.0399,Normal,Isolation Forest,16.53,14.35,LOW,No significant risk indicator detected,LOW
,Thane,,Advaith Gole,W10307,,Drinking Water Supply,Municipal Corporation,9.17,,,,,,,,,Ongoing,12.88669254354447,synthetic,Synthetic Test Data,,,False,,,False,,,,False,False,W10307,12.89,LOW,No rule-based risk condition triggered,False,-0.0274,Normal,Isolation Forest,63.97,33.32,LOW,No significant risk indicator detected,LOW
,Howrah,,Vanya Suresh,W11908,,School Building Repair,Municipal Corporation,13.76,,,,,,,,,Ongoing,12.885614583670057,synthetic,Synthetic Test Data,,,False,,,False,,,,False,False,W11908,12.89,LOW,No rule-based risk condition triggered,False,-0.0246,Normal,Isolation Forest,72.25,36.63,LOW,No significant risk indicator detected,LOW
,Kolkata,,Leena Butala,W10199,,Drinking Water Supply,District Rural Development Agency,7.87,,,,,,,,,Ongoing,12.882393234395671,synthetic,Synthetic Test Data,,,False,,,False,,,,False,False,W10199,12.88,LOW,No rule-based risk condition triggered,False,-0.0332,Normal,Isolation Forest,40.32,23.86,LOW,No significant risk indicator detected,LOW
,Nashik,,Vrinda Biswas,W11061,,School Building Repair,District Rural Development Agency,6.25,,,,,,,,,Ongoing,12.880085617544276,synthetic,Synthetic Test Data,,,False,,,False,,,,False,False,W11061,12.88,LOW,No rule-based risk condition triggered,False,-0.0341,Normal,Isolation Forest,36.23,22.22,LOW,No significant risk indicator detected,LOW
,Bengaluru Urban,,Ishwar Boase,W10321,,Drinking Water Supply,District Rural Development Agency,7.45,,,,,,,,,Ongoing,12.877921149481333,synthetic,Synthetic Test Data,,,False,,,False,,,,False,False,W10321,12.88,LOW,No rule-based risk condition triggered,False,-0.0329,Normal,Isolation Forest,41.65,24.39,LOW,No significant risk indicator detected,LOW
,Howrah,,Ria Ratta,W10458,,School Building Repair,State Housing Board,11.96,,,,,,,,,Ongoing,12.874282224073234,synthetic,Synthetic Test Data,,,False,,,False,,,,False,False,W10458,12.87,LOW,No rule-based risk condition triggered,False,-0.0299,Normal,Isolation Forest,54.43,29.49,LOW,No significant risk indicator detected,LOW
,Salem,,Pallavi Krish,W10216,,Drinking Water Supply,Municipal Corporation,12.97,,,,,,,,,Completed,12.871984523257948,synthetic,Synthetic Test Data,,,False,,,False,,,,False,False,W10216,12.87,LOW,No rule-based risk condition triggered,False,-0.0337,Normal,Isolation Forest,37.93,22.89,LOW,No significant risk indicator detected,LOW
,Kolkata,,Nicholas Gour,W12044,,Community Health Center,Municipal Corporation,12.14,,,,,,,,,Ongoing,12.862793575833985,synthetic,Synthetic Test Data,,,False,,,False,,,,False,False,W12044,12.86,LOW,No rule-based risk condition triggered,False,-0.0176,Normal,Isolation Forest,84.32,41.44,MEDIUM,No significant risk indicator detected,MEDIUM
,Pune,,Tanish Iyer,W10545,,School Building Repair,Municipal Corporation,8.85,,,,,,,,,Completed,12.86012580754877,synthetic,Synthetic Test Data,,,False,,,False,,,,False,False,W10545,12.86,LOW,No rule-based risk condition triggered,False,-0.0333,Normal,Isolation Forest,39.88,23.67,LOW,No significant risk indicator detected,LOW
,Howrah,,Yamini Chand,W12641,,School Building Repair,Zilla Panchayat,12.88,,,,,,,,,Ongoing,12.85514723713916,synthetic,Synthetic Test Data,,,False,,,False,,,,False,False,W12641,12.86,LOW,No rule-based risk condition triggered,False,-0.0343,Normal,Isolation Forest,35.27,21.82,LOW,No significant risk indicator detected,LOW
,Kanpur,,Vanya Suresh,W12260,,Drinking Water Supply,State Housing Board,17.42,,,,,,,,,Completed,12.85395284009345,synthetic,Synthetic Test Data,,,False,,,False,,,,False,False,W12260,12.85,LOW,No rule-based risk condition triggered,False,-0.0194,Normal,Isolation Forest,81.8,40.43,MEDIUM,No significant risk indicator detected,MEDIUM
,Lucknow,,Christopher Kadakia,W12439,,Drainage System,State Housing Board,6.95,,,,,,,,,Ongoing,12.85241898173722,synthetic,Synthetic Test Data,,,False,,,False,,,,False,False,W12439,12.85,LOW,No rule-based risk condition triggered,False,-0.038,Normal,Isolation Forest,22.35,16.65,LOW,No significant risk indicator detected,LOW
,Coimbatore,,Yadavi Deshmukh,W11827,,Street Lighting,State Housing Board,4.92,,,,,,,,,Ongoing,12.850126119367674,synthetic,Synthetic Test Data,,,False,,,False,,,,False,False,W11827,12.85,LOW,No rule-based risk condition triggered,False,-0.0369,Normal,Isolation Forest,25.1,17.75,LOW,No significant risk indicator detected,LOW
,Kolkata,,Krishna Pant,W11124,,Public Toilet Complex,Zilla Panchayat,3.74,,,,,,,,,Completed,12.850068766113605,synthetic,Synthetic Test Data,,,False,,,False,,,,False,False,W11124,12.85,LOW,No rule-based risk condition triggered,False,-0.0479,Normal,Isolation Forest,4.4,9.47,LOW,No significant risk indicator detected,LOW
,Chennai,,Harrison Kapur,W11368,,School Building Repair,State Housing Board,11.98,,,,,,,,,Ongoing,12.849630096842214,synthetic,Synthetic Test Data,,,False,,,False,,,,False,False,W11368,12.85,LOW,No rule-based risk condition triggered,False,-0.0297,Normal,Isolation Forest,55.33,29.84,LOW,No significant risk indicator detected,LOW
,Thane,,Lucky Prashad,W10480,,Street Lighting,District Rural Development Agency,5.85,,,,,,,,,Ongoing,12.847772992255942,synthetic,Synthetic Test Data,,,False,,,False,,,,False,False,W10480,12.85,LOW,No rule-based risk condition triggered,False,-0.0334,Normal,Isolation Forest,39.33,23.44,LOW,No significant risk indicator detected,LOW
,Asansol,,Leena Butala,W12098,,School Building Repair,Municipal Corporation,12.64,,,,,,,,,Ongoing,12.84512895418356,synthetic,Synthetic Test Data,,,False,,,False,,,,False,False,W12098,12.85,LOW,No rule-based risk condition triggered,False,-0.0282,Normal,Isolation Forest,60.85,32.05,LOW,No significant risk indicator detected,LOW
,Bengaluru Urban,,Varsha Morar,W10366,,Drinking Water Supply,State Housing Board,13.5,,,,,,,,,Completed,12.843771450962658,synthetic,Synthetic Test Data,,,False,,,False,,,,False,False,W10366,12.84,LOW,No rule-based risk condition triggered,False,-0.0304,Normal,Isolation Forest,52.4,28.66,LOW,No significant risk indicator detected,LOW
,Darjeeling,,Sanya Swamy,W11207,,School Building Repair,State Housing Board,11.37,,,,,,,,,Completed,12.83586987,synthetic,Synthetic Test Data,,,False,,,False,,,,False,False,W11207,12.84,LOW,No rule-based risk condition triggered,False,-0.043,Normal,Isolation Forest,9.22,11.39,LOW,No significant risk indicator detected,LOW
,Thane,,Pallavi Krish,W12147,,Road Construction,Zilla Panchayat,8.45,,,,,,,,,Completed,12.830250591401342,synthetic,Synthetic Test Data,,,False,,,False,,,,False,False,W12147,12.83,LOW,No rule-based risk condition triggered,False,-0.0354,Normal,Isolation Forest,30.77,20.01,LOW,No significant risk indicator detected,LOW
,Lucknow,,Ria Ratta,W11376,,Drinking Water Supply,Public Works Department,13.76,,,,,,,,,Completed,12.826406584021896,synthetic,Synthetic Test Data,,,False,,,False,,,,False,False,W11376,12.83,LOW,No rule-based risk condition triggered,False,-0.0353,Normal,Isolation Forest,31.13,20.15,LOW,No significant risk indicator detected,LOW
,Coimbatore,,Leena Butala,W10281,,Public Toilet Complex,State Housing Board,5.68,,,,,,,,,Ongoing,12.82633503879423,synthetic,Synthetic Test Data,,,False,,,False,,,,False,False,W10281,12.83,LOW,No rule-based risk condition triggered,False,-0.0257,Normal,Isolation Forest,68.93,35.27,LOW,No significant risk indicator detected,LOW
,Madurai,,Odika Naik,W12434,,Public Toilet Complex,Public Works Department,4.75,,,,,,,,,Ongoing,12.820010518147482,synthetic,Synthetic Test Data,,,False,,,False,,,,False,False,W12434,12.82,LOW,No rule-based risk condition triggered,False,-0.0358,Normal,Isolation Forest,29.37,19.44,LOW,No significant risk indicator detected,LOW
,Madurai,,Rayaan Mand,W12872,,Public Toilet Complex,State Housing Board,5.23,,,,,,,,,Ongoing,12.819949499642478,synthetic,Synthetic Test Data,,,False,,,False,,,,False,False,W12872,12.82,LOW,No rule-based risk condition triggered,False,-0.0263,Normal,Isolation Forest,67.18,34.56,LOW,No significant risk indicator detected,LOW
,Nagpur,,Vanya Suresh,W12525,,Drainage System,Zilla Panchayat,4.77,,,,,,,,,Completed,12.818356336958056,synthetic,Synthetic Test Data,,,False,,,False,,,,False,False,W12525,12.82,LOW,No rule-based risk condition triggered,False,-0.0471,Normal,Isolation Forest,4.78,9.6,LOW,No significant risk indicator detected,LOW
,Madurai,,Eesha Memon,W11488,,School Building Repair,State Housing Board,9.84,,,,,,,,,Ongoing,12.816203854567275,synthetic,Synthetic Test Data,,,False,,,False,,,,False,False,W11488,12.82,LOW,No rule-based risk condition triggered,False,-0.0316,Normal,Isolation Forest,47.67,26.76,LOW,No significant risk indicator detected,LOW
,Varanasi,,Azaan Gupta,W11253,,Drinking Water Supply,State Housing Board,7.12,,,,,,,,,Ongoing,12.816072485764137,synthetic,Synthetic Test Data,,,False,,,False,,,,False,False,W11253,12.82,LOW,No rule-based risk condition triggered,False,-0.0298,Normal,Isolation Forest,54.83,29.62,LOW,No significant risk indicator detected,LOW
,Madurai,,Oliver Sarma,W11157,,Public Toilet Complex,Zilla Panchayat,5.68,,,,,,,,,Ongoing,12.814292745794278,synthetic,Synthetic Test Data,,,False,,,False,,,,False,False,W11157,12.81,LOW,No rule-based risk condition triggered,False,-0.0408,Normal,Isolation Forest,14.02,13.29,LOW,No significant risk indicator detected,LOW
,Madurai,,Azaan Gupta,W11744,,School Building Repair,Public Works Department,7.85,,,,,,,,,Ongoing,12.811755752436552,synthetic,Synthetic Test Data,,,False,,,False,,,,False,False,W11744,12.81,LOW,No rule-based risk condition triggered,False,-0.0361,Normal,Isolation Forest,28.13,18.94,LOW,No significant risk indicator detected,LOW
,Coimbatore,,Ekansh Sami,W10733,,Road Construction,Zilla Panchayat,14.54,,,,,,,,,Ongoing,12.809506796039422,synthetic,Synthetic Test Data,,,False,,,False,,,,False,False,W10733,12.81,LOW,No rule-based risk condition triggered,False,-0.0452,Normal,Isolation Forest,6.92,10.45,LOW,No significant risk indicator detected,LOW
,Mysuru,,Hemang Bava,W10536,,Road Construction,Public Works Department,14.87,,,,,,,,,Completed,12.803670457063095,synthetic,Synthetic Test Data,,,False,,,False,,,,False,False,W10536,12.8,LOW,No rule-based risk condition triggered,False,-0.0388,Normal,Isolation Forest,19.85,15.62,LOW,No significant risk indicator detected,LOW
,Darjeeling,,Vanya Suresh,W12534,,Public Toilet Complex,District Rural Development Agency,6.72,,,,,,,,,Completed,12.801701551626117,synthetic,Synthetic Test Data,,,False,,,False,,,,False,False,W12534,12.8,LOW,No rule-based risk condition triggered,False,-0.0347,Normal,Isolation Forest,33.62,21.13,LOW,No significant risk indicator detected,LOW
,Coimbatore,,Pallavi Krish,W11408,,Drinking Water Supply,Municipal Corporation,11.55,,,,,,,,,Ongoing,12.800695378199814,synthetic,Synthetic Test Data,,,False,,,False,,,,False,False,W11408,12.8,LOW,No rule-based risk condition triggered,False,-0.0311,Normal,Isolation Forest,49.75,27.58,LOW,No significant risk indicator detected,LOW
,Lucknow,,Odika Naik,W12712,,Road Construction,Municipal Corporation,9.88,,,,,,,,,Ongoing,12.80055160612945,synthetic,Synthetic Test Data,,,False,,,False,,,,False,False,W12712,12.8,LOW,No rule-based risk condition triggered,False,-0.0105,Normal,Isolation Forest,90.47,43.87,MEDIUM,No significant risk indicator detected,MEDIUM
,Salem,,Sanya Swamy,W10100,,Public Toilet Complex,Zilla Panchayat,7.48,,,,,,,,,Ongoing,12.79092762489772,synthetic,Synthetic Test Data,,,False,,,False,,,,False,False,W10100,12.79,LOW,No rule-based risk condition triggered,False,-0.0339,Normal,Isolation Forest,37.15,22.53,LOW,No significant risk indicator detected,LOW
,Madurai,,Deepa Gala,W12190,,School Building Repair,Municipal Corporation,6.11,,,,,,,,,Ongoing,12.78700584311557,synthetic,Synthetic Test Data,,,False,,,False,,,,False,False,W12190,12.79,LOW,No rule-based risk condition triggered,False,-0.0328,Normal,Isolation Forest,42.08,24.51,LOW,No significant risk indicator detected,LOW
,Dharwad,,Owen Bansal,W12699,,School Building Repair,State Housing Board,14.25,,,,,,,,,Ongoing,12.78331948898407,synthetic,Synthetic Test Data,,,False,,,False,,,,False,False,W12699,12.78,LOW,No rule-based risk condition triggered,False,-0.0225,Normal,Isolation Forest,76.12,38.12,LOW,No significant risk indicator detected,LOW
,Asansol,,Ria Ratta,W12945,,Drainage System,Public Works Department,13.13,,,,,,,,,Completed,12.78303451,synthetic,Synthetic Test Data,,,False,,,False,,,,False,False,W12945,12.78,LOW,No rule-based risk condition triggered,False,-0.0315,Normal,Isolation Forest,48.08,26.9,LOW,No significant risk indicator detected,LOW
,Kanpur,,Victor Venkataraman,W11142,,Drinking Water Supply,Municipal Corporation,6.77,,,,,,,,,Ongoing,12.775679654999175,synthetic,Synthetic Test Data,,,False,,,False,,,,False,False,W11142,12.78,LOW,No rule-based risk condition triggered,False,-0.0265,Normal,Isolation Forest,66.75,34.37,LOW,No significant risk indicator detected,LOW
,Chennai,,Christopher Kadakia,W10567,,Drinking Water Supply,Public Works Department,12.64,,,,,,,,,Ongoing,12.77437880606713,synthetic,Synthetic Test Data,,,False,,,False,,,,False,False,W10567,12.77,LOW,No rule-based risk condition triggered,False,-0.0336,Normal,Isolation Forest,38.32,22.99,LOW,No significant risk indicator detected,LOW
,Mysuru,,Owen Bansal,W12587,,Street Lighting,Municipal Corporation,5.93,,,,,,,,,Completed,12.771733784725464,synthetic,Synthetic Test Data,,,False,,,False,,,,False,False,W12587,12.77,LOW,No rule-based risk condition triggered,False,-0.0136,Normal,Isolation Forest,88.37,43.01,MEDIUM,No significant risk indicator detected,MEDIUM
,Madurai,,Ronith Zachariah,W12273,,Drinking Water Supply,Municipal Corporation,19.2,,,,,,,,,Completed,12.767992308709845,synthetic,Synthetic Test Data,,,False,,,False,,,,False,False,W12273,12.77,LOW,No rule-based risk condition triggered,False,-0.0184,Normal,Isolation Forest,83.18,40.93,MEDIUM,No significant risk indicator detected,MEDIUM
,Belagavi,,Oliver Sarma,W11837,,Drainage System,Municipal Corporation,5.88,,,,,,,,,Ongoing,12.766555331508552,synthetic,Synthetic Test Data,,,False,,,False,,,,False,False,W11837,12.77,LOW,No rule-based risk condition triggered,False,-0.0318,Normal,Isolation Forest,46.62,26.31,LOW,No significant risk indicator detected,LOW
,Kanpur,,Leena Butala,W11305,,School Building Repair,District Rural Development Agency,8.65,,,,,,,,,Ongoing,12.756574443285391,synthetic,Synthetic Test Data,,,False,,,False,,,,False,False,W11305,12.76,LOW,No rule-based risk condition triggered,False,-0.0347,Normal,Isolation Forest,33.62,21.1,LOW,No significant risk indicator detected,LOW
,Mysuru,,Ronith Zachariah,W10693,,Public Toilet Complex,Public Works Department,4.48,,,,,,,,,Ongoing,12.754689286445243,synthetic,Synthetic Test Data,,,False,,,False,,,,False,False,W10693,12.75,LOW,No rule-based risk condition triggered,False,-0.0349,Normal,Isolation Forest,32.65,20.71,LOW,No significant risk indicator detected,LOW
,Agra,,Deepa Gala,W11999,,Public Toilet Complex,Municipal Corporation,5.94,,,,,,,,,Ongoing,12.754073686426748,synthetic,Synthetic Test Data,,,False,,,False,,,,False,False,W11999,12.75,LOW,No rule-based risk condition triggered,False,-0.0246,Normal,Isolation Forest,72.25,36.55,LOW,No significant risk indicator detected,LOW
,Madurai,,Bachittar Choudhry,W12045,,Drinking Water Supply,District Rural Development Agency,11.78,,,,,,,,,Ongoing,12.744369851775062,synthetic,Synthetic Test Data,,,False,,,False,,,,False,False,W12045,12.74,LOW,No rule-based risk condition triggered,False,-0.0364,Normal,Isolation Forest,26.65,18.3,LOW,No significant risk indicator detected,LOW
,Mysuru,,Oliver Sarma,W10542,,Road Construction,Zilla Panchayat,13.26,,,,,,,,,Ongoing,12.741978247584152,synthetic,Synthetic Test Data,,,False,,,False,,,,False,False,W10542,12.74,LOW,No rule-based risk condition triggered,False,-0.0456,Normal,Isolation Forest,6.32,10.17,LOW,No significant risk indicator detected,LOW
,Salem,,Victor Venkataraman,W10284,,Road Construction,Public Works Department,9.06,,,,,,,,,Ongoing,12.737560558126274,synthetic,Synthetic Test Data,,,False,,,False,,,,False,False,W10284,12.74,LOW,No rule-based risk condition triggered,False,-0.0347,Normal,Isolation Forest,33.62,21.09,LOW,No significant risk indicator detected,LOW
,Salem,,Oliver Sarma,W12294,,Community Health Center,Zilla Panchayat,13.5,,,,,,,,,Completed,12.734937466834934,synthetic,Synthetic Test Data,,,False,,,False,,,,False,False,W12294,12.73,LOW,No rule-based risk condition triggered,False,-0.0295,Normal,Isolation Forest,56.2,30.12,LOW,No significant risk indicator detected,LOW
,Mysuru,,Christopher Kadakia,W12770,,Drinking Water Supply,Municipal Corporation,12.03,,,,,,,,,Ongoing,12.734121672460828,synthetic,Synthetic Test Data,,,False,,,False,,,,False,False,W12770,12.73,LOW,No rule-based risk condition triggered,False,-0.0312,Normal,Isolation Forest,49.25,27.34,LOW,No significant risk indicator detected,LOW
,Mysuru,,Yamini Chand,W10752,,Road Construction,Public Works Department,17.73,,,,,,,,,Completed,12.72915713058351,synthetic,Synthetic Test Data,,,False,,,False,,,,False,False,W10752,12.73,LOW,No rule-based risk condition triggered,False,-0.0382,Normal,Isolation Forest,21.82,16.37,LOW,No significant risk indicator detected,LOW
,Nashik,,Bachittar Choudhry,W10978,,School Building Repair,Public Works Department,11.45,,,,,,,,,Completed,12.727434871063348,synthetic,Synthetic Test Data,,,False,,,False,,,,False,False,W10978,12.73,LOW,No rule-based risk condition triggered,False,-0.0385,Normal,Isolation Forest,20.82,15.97,LOW,No significant risk indicator detected,LOW
,Dharwad,,Meera Banerjee,W10786,,Drinking Water Supply,Public Works Department,8.81,,,,,,,,,Ongoing,12.72212178353306,synthetic,Synthetic Test Data,,,False,,,False,,,,False,False,W10786,12.72,LOW,No rule-based risk condition triggered,False,-0.0302,Normal,Isolation Forest,53.15,28.89,LOW,No significant risk indicator detected,LOW
,Darjeeling,,Advaith Gole,W12719,,Public Toilet Complex,Zilla Panchayat,7.43,,,,,,,,,Ongoing,12.72041360197148,synthetic,Synthetic Test Data,,,False,,,False,,,,False,False,W12719,12.72,LOW,No rule-based risk condition triggered,False,-0.0339,Normal,Isolation Forest,37.15,22.49,LOW,No significant risk indicator detected,LOW
,Mysuru,,Jagat Mangat,W10342,,Drinking Water Supply,District Rural Development Agency,10.34,,,,,,,,,Ongoing,12.717066728049076,synthetic,Synthetic Test Data,,,False,,,False,,,,False,False,W10342,12.72,LOW,No rule-based risk condition triggered,False,-0.0352,Normal,Isolation Forest,31.5,20.23,LOW,No significant risk indicator detected,LOW
,Salem,,Mugdha Varty,W11482,,Drinking Water Supply,Public Works Department,9.83,,,,,,,,,Ongoing,12.716910871885142,synthetic,Synthetic Test Data,,,False,,,False,,,,False,False,W11482,12.72,LOW,No rule-based risk condition triggered,False,-0.0313,Normal,Isolation Forest,48.77,27.14,LOW,No significant risk indicator detected,LOW
,Dharwad,,Ria Ratta,W12184,,Drinking Water Supply,State Housing Board,8.82,,,,,,,,,Ongoing,12.712093671270091,synthetic,Synthetic Test Data,,,False,,,False,,,,False,False,W12184,12.71,LOW,No rule-based risk condition triggered,False,-0.0311,Normal,Isolation Forest,49.75,27.53,LOW,No significant risk indicator detected,LOW
,Mysuru,,Harrison Kapur,W10339,,School Building Repair,State Housing Board,12.36,,,,,,,,,Completed,12.710360443909302,synthetic,Synthetic Test Data,,,False,,,False,,,,False,False,W10339,12.71,LOW,No rule-based risk condition triggered,False,-0.0396,Normal,Isolation Forest,17.62,14.67,LOW,No significant risk indicator detected,LOW
,Asansol,,Owen Bansal,W10264,,Public Toilet Complex,Municipal Corporation,7.38,,,,,,,,,Ongoing,12.69273774884942,synthetic,Synthetic Test Data,,,False,,,False,,,,False,False,W10264,12.69,LOW,No rule-based risk condition triggered,False,-0.0212,Normal,Isolation Forest,78.55,39.03,LOW,No significant risk indicator detected,LOW
,Nashik,,Lucky Prashad,W10043,,Road Construction,Zilla Panchayat,8.79,,,,,,,,,Ongoing,12.683740602716451,synthetic,Synthetic Test Data,,,False,,,False,,,,False,False,W10043,12.68,LOW,No rule-based risk condition triggered,False,-0.0399,Normal,Isolation Forest,16.53,14.22,LOW,No significant risk indicator detected,LOW
,Nashik,,Odika Naik,W10359,,School Building Repair,Public Works Department,10.99,,,,,,,,,Ongoing,12.678905586295503,synthetic,Synthetic Test Data,,,False,,,False,,,,False,False,W10359,12.68,LOW,No rule-based risk condition triggered,False,-0.0345,Normal,Isolation Forest,34.48,21.4,LOW,No significant risk indicator detected,LOW
,Kolkata,,Yamini Chand,W10192,,Drainage System,Public Works Department,4.86,,,,,,,,,Ongoing,12.67440372616042,synthetic,Synthetic Test Data,,,False,,,False,,,,False,False,W10192,12.67,LOW,No rule-based risk condition triggered,False,-0.0368,Normal,Isolation Forest,25.42,17.77,LOW,No significant risk indicator detected,LOW
,Belagavi,,Owen Bala,W10661,,Drainage System,Municipal Corporation,9.48,,,,,,,,,Ongoing,12.666211600219969,synthetic,Synthetic Test Data,,,False,,,False,,,,False,False,W10661,12.67,LOW,No rule-based risk condition triggered,False,-0.0324,Normal,Isolation Forest,43.83,25.13,LOW,No significant risk indicator detected,LOW
,Thane,,Lucky Prashad,W12639,,Public Toilet Complex,State Housing Board,5.45,,,,,,,,,Completed,12.663085485459645,synthetic,Synthetic Test Data,,,False,,,False,,,,False,False,W12639,12.66,LOW,No rule-based risk condition triggered,False,-0.0378,Normal,Isolation Forest,22.72,16.68,LOW,No significant risk indicator detected,LOW
,Madurai,,Widisha Yohannan,W10861,,Drinking Water Supply,District Rural Development Agency,8.7,,,,,,,,,Completed,12.660096796071056,synthetic,Synthetic Test Data,,,False,,,False,,,,False,False,W10861,12.66,LOW,No rule-based risk condition triggered,False,-0.032,Normal,Isolation Forest,45.6,25.84,LOW,No significant risk indicator detected,LOW
,Salem,,Jagat Mangat,W10983,,Drinking Water Supply,Municipal Corporation,9.93,,,,,,,,,Ongoing,12.656921538117288,synthetic,Synthetic Test Data,,,False,,,False,,,,False,False,W10983,12.66,LOW,No rule-based risk condition triggered,False,-0.0292,Normal,Isolation Forest,57.5,30.6,LOW,No significant risk indicator detected,LOW
,Howrah,,Ekansh Sami,W11887,,Drainage System,Municipal Corporation,10.17,,,,,,,,,Ongoing,12.633381115340624,synthetic,Synthetic Test Data,,,False,,,False,,,,False,False,W11887,12.63,LOW,No rule-based risk condition triggered,False,-0.0331,Normal,Isolation Forest,40.7,23.86,LOW,No significant risk indicator detected,LOW
,Howrah,,Christopher Kadakia,W11845,,Drinking Water Supply,District Rural Development Agency,4.31,,,,,,,,,Completed,12.628803640845945,synthetic,Synthetic Test Data,,,False,,,False,,,,False,False,W11845,12.63,LOW,No rule-based risk condition triggered,False,-0.0275,Normal,Isolation Forest,63.62,33.03,LOW,No significant risk indicator detected,LOW
,Varanasi,,Gabriel Thaman,W12217,,Public Toilet Complex,State Housing Board,6.87,,,,,,,,,Ongoing,12.628146498866489,synthetic,Synthetic Test Data,,,False,,,False,,,,False,False,W12217,12.63,LOW,No rule-based risk condition triggered,False,-0.0249,Normal,Isolation Forest,71.12,36.03,LOW,No significant risk indicator detected,LOW
,Lucknow,,Christopher Kadakia,W10836,,Drainage System,Zilla Panchayat,9.24,,,,,,,,,Ongoing,12.623358860565364,synthetic,Synthetic Test Data,,,False,,,False,,,,False,False,W10836,12.62,LOW,No rule-based risk condition triggered,False,-0.0457,Normal,Isolation Forest,6.15,10.03,LOW,No significant risk indicator detected,LOW
,Darjeeling,,Mugdha Varty,W11052,,School Building Repair,Public Works Department,10.8,,,,,,,,,Completed,12.615014338565228,synthetic,Synthetic Test Data,,,False,,,False,,,,False,False,W11052,12.62,LOW,No rule-based risk condition triggered,False,-0.0391,Normal,Isolation Forest,19.33,15.3,LOW,No significant risk indicator detected,LOW
,Darjeeling,,Victor Venkataraman,W12856,,Street Lighting,Public Works Department,5.59,,,,,,,,,Ongoing,12.614952252589395,synthetic,Synthetic Test Data,,,False,,,False,,,,False,False,W12856,12.61,LOW,No rule-based risk condition triggered,False,-0.0324,Normal,Isolation Forest,43.83,25.1,LOW,No significant risk indicator detected,LOW
,Kanpur,,Jagat Mangat,W10671,,Public Toilet Complex,District Rural Development Agency,5.84,,,,,,,,,Ongoing,12.612538591673903,synthetic,Synthetic Test Data,,,False,,,False,,,,False,False,W10671,12.61,LOW,No rule-based risk condition triggered,False,-0.0339,Normal,Isolation Forest,37.15,22.43,LOW,No significant risk indicator detected,LOW
,Lucknow,,Oliver Sarma,W10432,,Public Toilet Complex,State Housing Board,7.02,,,,,,,,,Completed,12.604385200767355,synthetic,Synthetic Test Data,,,False,,,False,,,,False,False,W10432,12.6,LOW,No rule-based risk condition triggered,False,-0.0361,Normal,Isolation Forest,28.13,18.81,LOW,No significant risk indicator detected,LOW
,Agra,,Yutika Rana,W11593,,School Building Repair,State Housing Board,5.22,,,,,,,,,Completed,12.602956193976608,synthetic,Synthetic Test Data,,,False,,,False,,,,False,False,W11593,12.6,LOW,No rule-based risk condition triggered,False,-0.0437,Normal,Isolation Forest,8.28,10.87,LOW,No significant risk indicator detected,LOW
,Mysuru,,Sanya Swamy,W11805,,Community Health Center,Zilla Panchayat,18.67,,,,,,,,,Completed,12.600027128961717,synthetic,Synthetic Test Data,,,False,,,False,,,,False,False,W11805,12.6,LOW,No rule-based risk condition triggered,False,-0.0296,Normal,Isolation Forest,55.85,29.9,LOW,No significant risk indicator detected,LOW
,Coimbatore,,Krishna Pant,W12126,,Drainage System,Public Works Department,8.99,,,,,,,,,Ongoing,12.597423586255037,synthetic,Synthetic Test Data,,,False,,,False,,,,False,False,W12126,12.6,LOW,No rule-based risk condition triggered,False,-0.0418,Normal,Isolation Forest,10.92,11.93,LOW,No significant risk indicator detected,LOW
,Darjeeling,,Rayaan Mand,W12149,,Drainage System,Public Works Department,9.04,,,,,,,,,Ongoing,12.595727190877827,synthetic,Synthetic Test Data,,,False,,,False,,,,False,False,W12149,12.6,LOW,No rule-based risk condition triggered,False,-0.0422,Normal,Isolation Forest,10.25,11.66,LOW,No significant risk indicator detected,LOW
,Kanpur,,Advaith Gole,W12608,,Drainage System,Municipal Corporation,5.52,,,,,,,,,Completed,12.592568493888049,synthetic,Synthetic Test Data,,,False,,,False,,,,False,False,W12608,12.59,LOW,No rule-based risk condition triggered,False,-0.0304,Normal,Isolation Forest,52.4,28.51,LOW,No significant risk indicator detected,LOW
,Agra,,Lucky Prashad,W12343,,Public Toilet Complex,District Rural Development Agency,5.92,,,,,,,,,Completed,12.592386967974504,synthetic,Synthetic Test Data,,,False,,,False,,,,False,False,W12343,12.59,LOW,No rule-based risk condition triggered,False,-0.0363,Normal,Isolation Forest,27.15,18.41,LOW,No significant risk indicator detected,LOW
,Bengaluru Urban,,Yadavi Deshmukh,W10427,,Drainage System,State Housing Board,12.06,,,,,,,,,Ongoing,12.592329701125456,synthetic,Synthetic Test Data,,,False,,,False,,,,False,False,W10427,12.59,LOW,No rule-based risk condition triggered,False,-0.0385,Normal,Isolation Forest,20.82,15.88,LOW,No significant risk indicator detected,LOW
,Howrah,,Tanish Iyer,W11569,,Street Lighting,Municipal Corporation,2.41,,,,,,,,,Completed,12.591522308977112,synthetic,Synthetic Test Data,,,False,,,False,,,,False,False,W11569,12.59,LOW,No rule-based risk condition triggered,False,-0.0138,Normal,Isolation Forest,88.2,42.83,MEDIUM,No significant risk indicator detected,MEDIUM
,Thane,,Azaan Gupta,W12939,,School Building Repair,State Housing Board,13.13,,,,,,,,,Ongoing,12.582645342115256,synthetic,Synthetic Test Data,,,False,,,False,,,,False,False,W12939,12.58,LOW,No rule-based risk condition triggered,False,-0.0265,Normal,Isolation Forest,66.75,34.25,LOW,No significant risk indicator detected,LOW
,Dharwad,,Harrison Kapur,W10081,,Street Lighting,State Housing Board,3.98,,,,,,,,,Completed,12.582608278107022,synthetic,Synthetic Test Data,,,False,,,False,,,,False,False,W10081,12.58,LOW,No rule-based risk condition triggered,False,-0.035,Normal,Isolation Forest,32.23,20.44,LOW,No significant risk indicator detected,LOW
,Howrah,,Mugdha Varty,W11975,,Drinking Water Supply,State Housing Board,12.55,,,,,,,,,Completed,12.576675489648393,synthetic,Synthetic Test Data,,,False,,,False,,,,False,False,W11975,12.58,LOW,No rule-based risk condition triggered,False,-0.0297,Normal,Isolation Forest,55.33,29.68,LOW,No significant risk indicator detected,LOW
,Varanasi,,Owen Bala,W11317,,Street Lighting,State Housing Board,1.97,,,,,,,,,Completed,12.575141113934396,synthetic,Synthetic Test Data,,,False,,,False,,,,False,False,W11317,12.58,LOW,No rule-based risk condition triggered,False,-0.0277,Normal,Isolation Forest,62.88,32.7,LOW,No significant risk indicator detected,LOW
,Kanpur,,Odika Naik,W11856,,Drainage System,Public Works Department,9.39,,,,,,,,,Completed,12.57400274951688,synthetic,Synthetic Test Data,,,False,,,False,,,,False,False,W11856,12.57,LOW,No rule-based risk condition triggered,False,-0.032,Normal,Isolation Forest,45.6,25.78,LOW,No significant risk indicator detected,LOW
,Nashik,,Widisha Yohannan,W11327,,Community Health Center,Public Works Department,13.25,,,,,,,,,Ongoing,12.570815025293674,synthetic,Synthetic Test Data,,,False,,,False,,,,False,False,W11327,12.57,LOW,No rule-based risk condition triggered,False,-0.0309,Normal,Isolation Forest,50.5,27.74,LOW,No significant risk indicator detected,LOW
,Salem,,Yutika Rana,W11316,,School Building Repair,Public Works Department,10.4,,,,,,,,,Ongoing,12.569537415066137,synthetic,Synthetic Test Data,,,False,,,False,,,,False,False,W11316,12.57,LOW,No rule-based risk condition triggered,False,-0.0358,Normal,Isolation Forest,29.37,19.29,LOW,No significant risk indicator detected,LOW
,Mysuru,,Gaurav Chandra,W12187,,Public Toilet Complex,District Rural Development Agency,7.25,,,,,,,,,Completed,12.569512486615814,synthetic,Synthetic Test Data,,,False,,,False,,,,False,False,W12187,12.57,LOW,No rule-based risk condition triggered,False,-0.0314,Normal,Isolation Forest,48.37,26.89,LOW,No significant risk indicator detected,LOW
,Darjeeling,,Owen Bala,W12647,,Road Construction,District Rural Development Agency,18.58,,,,,,,,,Completed,12.564177894541704,synthetic,Synthetic Test Data,,,False,,,False,,,,False,False,W12647,12.56,LOW,No rule-based risk condition triggered,False,-0.0167,Normal,Isolation Forest,85.35,41.68,MEDIUM,No significant risk indicator detected,MEDIUM
,Darjeeling,,Vanya Suresh,W10559,,Drainage System,Zilla Panchayat,8.58,,,,,,,,,Ongoing,12.558510113913442,synthetic,Synthetic Test Data,,,False,,,False,,,,False,False,W10559,12.56,LOW,No rule-based risk condition triggered,False,-0.0449,Normal,Isolation Forest,7.13,10.39,LOW,No significant risk indicator detected,LOW
,Lucknow,,Pallavi Krish,W11918,,Drainage System,State Housing Board,11.59,,,,,,,,,Completed,12.557807511350186,synthetic,Synthetic Test Data,,,False,,,False,,,,False,False,W11918,12.56,LOW,No rule-based risk condition triggered,False,-0.0436,Normal,Isolation Forest,8.47,10.92,LOW,No significant risk indicator detected,LOW
,Asansol,,Harrison Kapur,W10149,,Public Toilet Complex,State Housing Board,7.54,,,,,,,,,Ongoing,12.548704774975446,synthetic,Synthetic Test Data,,,False,,,False,,,,False,False,W10149,12.55,LOW,No rule-based risk condition triggered,False,-0.021,Normal,Isolation Forest,79.27,39.24,LOW,No significant risk indicator detected,LOW
,Mysuru,,Jagat Mangat,W11125,,Drainage System,District Rural Development Agency,10.04,,,,,,,,,Completed,12.545435422365715,synthetic,Synthetic Test Data,,,False,,,False,,,,False,False,W11125,12.55,LOW,No rule-based risk condition triggered,False,-0.0382,Normal,Isolation Forest,21.82,16.26,LOW,No significant risk indicator detected,LOW
,Nashik,,Yamini Chand,W12549,,School Building Repair,Public Works Department,7.51,,,,,,,,,Ongoing,12.545154187958516,synthetic,Synthetic Test Data,,,False,,,False,,,,False,False,W12549,12.55,LOW,No rule-based risk condition triggered,False,-0.0364,Normal,Isolation Forest,26.65,18.19,LOW,No significant risk indicator detected,LOW
,Lucknow,,Krishna Pant,W10319,,Street Lighting,District Rural Development Agency,5.44,,,,,,,,,Ongoing,12.5348659699052,synthetic,Synthetic Test Data,,,False,,,False,,,,False,False,W10319,12.53,LOW,No rule-based risk condition triggered,False,-0.0343,Normal,Isolation Forest,35.27,21.63,LOW,No significant risk indicator detected,LOW
,Bengaluru Urban,,Owen Bansal,W11123,,Street Lighting,District Rural Development Agency,5.66,,,,,,,,,Completed,12.519944011632788,synthetic,Synthetic Test Data,,,False,,,False,,,,False,False,W11123,12.52,LOW,No rule-based risk condition triggered,False,-0.026,Normal,Isolation Forest,68.0,34.71,LOW,No significant risk indicator detected,LOW
,Bengaluru Urban,,Rayaan Mand,W12795,,School Building Repair,District Rural Development Agency,7.16,,,,,,,,,Ongoing,12.51798623958318,synthetic,Synthetic Test Data,,,False,,,False,,,,False,False,W12795,12.52,LOW,No rule-based risk condition triggered,False,-0.0353,Normal,Isolation Forest,31.13,19.96,LOW,No significant risk indicator detected,LOW
,Madurai,,Yutika Rana,W10188,,Drainage System,Public Works Department,5.36,,,,,,,,,Ongoing,12.513109740808634,synthetic,Synthetic Test Data,,,False,,,False,,,,False,False,W10188,12.51,LOW,No rule-based risk condition triggered,False,-0.0366,Normal,Isolation Forest,26.03,17.92,LOW,No significant risk indicator detected,LOW
,Lucknow,,Deepa Gala,W12611,,School Building Repair,District Rural Development Agency,5.36,,,,,,,,,Ongoing,12.509887103326571,synthetic,Synthetic Test Data,,,False,,,False,,,,False,False,W12611,12.51,LOW,No rule-based risk condition triggered,False,-0.0338,Normal,Isolation Forest,37.63,22.56,LOW,No significant risk indicator detected,LOW
,Chennai,,Victor Venkataraman,W10369,,Community Health Center,State Housing Board,13.51,,,,,,,,,Completed,12.509544215820853,synthetic,Synthetic Test Data,,,False,,,False,,,,False,False,W10369,12.51,LOW,No rule-based risk condition triggered,False,-0.0312,Normal,Isolation Forest,49.25,27.21,LOW,No significant risk indicator detected,LOW
,Bengaluru Urban,,Hemang Bava,W12451,,Community Health Center,District Rural Development Agency,31.85,,,,,,,,,Completed,12.507317120550333,synthetic,Synthetic Test Data,,,False,,,False,,,,False,False,W12451,12.51,LOW,No rule-based risk condition triggered,False,-0.0292,Normal,Isolation Forest,57.5,30.51,LOW,No significant risk indicator detected,LOW
,Chennai,,Gaurav Chandra,W12040,,Street Lighting,State Housing Board,5.27,,,,,,,,,Ongoing,12.494504229388124,synthetic,Synthetic Test Data,,,False,,,False,,,,False,False,W12040,12.49,LOW,No rule-based risk condition triggered,False,-0.0341,Normal,Isolation Forest,36.23,21.99,LOW,No significant risk indicator detected,LOW
,Asansol,,Ekansh Sami,W11252,,Street Lighting,State Housing Board,4.67,,,,,,,,,Completed,12.490035481559037,synthetic,Synthetic Test Data,,,False,,,False,,,,False,False,W11252,12.49,LOW,No rule-based risk condition triggered,False,-0.0364,Normal,Isolation Forest,26.65,18.15,LOW,No significant risk indicator detected,LOW
,Agra,,Mugdha Varty,W11635,,School Building Repair,Zilla Panchayat,4.19,,,,,,,,,Completed,12.473711663982314,synthetic,Synthetic Test Data,,,False,,,False,,,,False,False,W11635,12.47,LOW,No rule-based risk condition triggered,False,-0.0489,Normal,Isolation Forest,3.7,8.96,LOW,No significant risk indicator detected,LOW
,Agra,,Mugdha Varty,W12552,,School Building Repair,Municipal Corporation,9.21,,,,,,,,,Ongoing,12.473078923437368,synthetic,Synthetic Test Data,,,False,,,False,,,,False,False,W12552,12.47,LOW,No rule-based risk condition triggered,False,-0.0376,Normal,Isolation Forest,23.17,16.75,LOW,No significant risk indicator detected,LOW
,Nagpur,,Krishna Pant,W10919,,School Building Repair,Public Works Department,8.42,,,,,,,,,Ongoing,12.472609731617206,synthetic,Synthetic Test Data,,,False,,,False,,,,False,False,W10919,12.47,LOW,No rule-based risk condition triggered,False,-0.0354,Normal,Isolation Forest,30.77,19.79,LOW,No significant risk indicator detected,LOW
,Nagpur,,Jagat Mangat,W11596,,Drainage System,Zilla Panchayat,8.01,,,,,,,,,Ongoing,12.466934591506856,synthetic,Synthetic Test Data,,,False,,,False,,,,False,False,W11596,12.47,LOW,No rule-based risk condition triggered,False,-0.0446,Normal,Isolation Forest,7.4,10.44,LOW,No significant risk indicator detected,LOW
,Salem,,Yadavi Deshmukh,W12188,,Drainage System,State Housing Board,8.34,,,,,,,,,Ongoing,12.456435542929398,synthetic,Synthetic Test Data,,,False,,,False,,,,False,False,W12188,12.46,LOW,No rule-based risk condition triggered,False,-0.037,Normal,Isolation Forest,24.75,17.38,LOW,No significant risk indicator detected,LOW
,Asansol,,Ekansh Sami,W10438,,Street Lighting,Zilla Panchayat,3.85,,,,,,,,,Completed,12.453283316446246,synthetic,Synthetic Test Data,,,False,,,False,,,,False,False,W10438,12.45,LOW,No rule-based risk condition triggered,False,-0.0418,Normal,Isolation Forest,10.92,11.84,LOW,No significant risk indicator detected,LOW
,Chennai,,Meera Banerjee,W11676,,Street Lighting,Zilla Panchayat,5.52,,,,,,,,,Ongoing,12.453109302615854,synthetic,Synthetic Test Data,,,False,,,False,,,,False,False,W11676,12.45,LOW,No rule-based risk condition triggered,False,-0.0446,Normal,Isolation Forest,7.4,10.43,LOW,No significant risk indicator detected,LOW
,Mysuru,,Ronith Zachariah,W10903,,Drinking Water Supply,State Housing Board,13.35,,,,,,,,,Ongoing,12.445866775261992,synthetic,Synthetic Test Data,,,False,,,False,,,,False,False,W10903,12.45,LOW,No rule-based risk condition triggered,False,-0.0307,Normal,Isolation Forest,51.0,27.87,LOW,No significant risk indicator detected,LOW
,Belagavi,,Lucky Prashad,W11702,,School Building Repair,State Housing Board,3.78,,,,,,,,,Completed,12.443170487133711,synthetic,Synthetic Test Data,,,False,,,False,,,,False,False,W11702,12.44,LOW,No rule-based risk condition triggered,False,-0.0338,Normal,Isolation Forest,37.63,22.52,LOW,No significant risk indicator detected,LOW
,Kanpur,,Yug Choudhry,W11423,,Public Toilet Complex,Public Works Department,3.98,,,,,,,,,Completed,12.440559229744595,synthetic,Synthetic Test Data,,,False,,,False,,,,False,False,W11423,12.44,LOW,No rule-based risk condition triggered,False,-0.0358,Normal,Isolation Forest,29.37,19.21,LOW,No significant risk indicator detected,LOW
,Kolkata,,Triya Khatri,W11851,,Public Toilet Complex,State Housing Board,7.77,,,,,,,,,Ongoing,12.438679051702646,synthetic,Synthetic Test Data,,,False,,,False,,,,False,False,W11851,12.44,LOW,No rule-based risk condition triggered,False,-0.0203,Normal,Isolation Forest,80.5,39.66,LOW,No significant risk indicator detected,LOW
,Asansol,,Azaan Gupta,W12142,,Drainage System,Public Works Department,6.69,,,,,,,,,Ongoing,12.438092754358504,synthetic,Synthetic Test Data,,,False,,,False,,,,False,False,W12142,12.44,LOW,No rule-based risk condition triggered,False,-0.0409,Normal,Isolation Forest,13.55,12.88,LOW,No significant risk indicator detected,LOW
,Asansol,,Advaith Gole,W11149,,Public Toilet Complex,Municipal Corporation,6.54,,,,,,,,,Ongoing,12.434682031485105,synthetic,Synthetic Test Data,,,False,,,False,,,,False,False,W11149,12.43,LOW,No rule-based risk condition triggered,False,-0.0237,Normal,Isolation Forest,74.17,37.13,LOW,No significant risk indicator detected,LOW
,Belagavi,,Varsha Morar,W10652,,Public Toilet Complex,Municipal Corporation,6.71,,,,,,,,,Completed,12.42518202655129,synthetic,Synthetic Test Data,,,False,,,False,,,,False,False,W10652,12.43,LOW,No rule-based risk condition triggered,False,-0.0415,Normal,Isolation Forest,11.75,12.16,LOW,No significant risk indicator detected,LOW
,Thane,,Krishna Pant,W10703,,School Building Repair,Municipal Corporation,12.48,,,,,,,,,Completed,12.42210789371204,synthetic,Synthetic Test Data,,,False,,,False,,,,False,False,W10703,12.42,LOW,No rule-based risk condition triggered,False,-0.0277,Normal,Isolation Forest,62.88,32.6,LOW,No significant risk indicator detected,LOW
,Coimbatore,,Krishna Pant,W11789,,Drinking Water Supply,District Rural Development Agency,9.91,,,,,,,,,Ongoing,12.421157531548069,synthetic,Synthetic Test Data,,,False,,,False,,,,False,False,W11789,12.42,LOW,No rule-based risk condition triggered,False,-0.0347,Normal,Isolation Forest,33.62,20.9,LOW,No significant risk indicator detected,LOW
,Kolkata,,Leena Butala,W11004,,Public Toilet Complex,Public Works Department,6.71,,,,,,,,,Ongoing,12.42007691,synthetic,Synthetic Test Data,,,False,,,False,,,,False,False,W11004,12.42,LOW,No rule-based risk condition triggered,False,-0.0321,Normal,Isolation Forest,45.2,25.53,LOW,No significant risk indicator detected,LOW
,Nagpur,,Hemang Bava,W12424,,Public Toilet Complex,State Housing Board,7.21,,,,,,,,,Ongoing,12.418911584426276,synthetic,Synthetic Test Data,,,False,,,False,,,,False,False,W12424,12.42,LOW,No rule-based risk condition triggered,False,-0.022,Normal,Isolation Forest,76.8,38.17,LOW,No significant risk indicator detected,LOW
,Bengaluru Urban,,Oliver Sarma,W12268,,School Building Repair,Municipal Corporation,3.55,,,,,,,,,Completed,12.41763996150923,synthetic,Synthetic Test Data,,,False,,,False,,,,False,False,W12268,12.42,LOW,No rule-based risk condition triggered,False,-0.0212,Normal,Isolation Forest,78.55,38.87,LOW,No significant risk indicator detected,LOW
,Kolkata,,Sanya Swamy,W12936,,Drinking Water Supply,Municipal Corporation,4.38,,,,,,,,,Completed,12.417387251338203,synthetic,Synthetic Test Data,,,False,,,False,,,,False,False,W12936,12.42,LOW,No rule-based risk condition triggered,False,-0.0249,Normal,Isolation Forest,71.12,35.9,LOW,No significant risk indicator detected,LOW
,Varanasi,,Leena Butala,W10268,,Drinking Water Supply,District Rural Development Agency,5.7,,,,,,,,,Ongoing,12.416983555420156,synthetic,Synthetic Test Data,,,False,,,False,,,,False,False,W10268,12.42,LOW,No rule-based risk condition triggered,False,-0.0318,Normal,Isolation Forest,46.62,26.1,LOW,No significant risk indicator detected,LOW
,Agra,,Vanya Suresh,W10254,,School Building Repair,Municipal Corporation,11.79,,,,,,,,,Completed,12.414676689683631,synthetic,Synthetic Test Data,,,False,,,False,,,,False,False,W10254,12.41,LOW,No rule-based risk condition triggered,False,-0.0297,Normal,Isolation Forest,55.33,29.58,LOW,No significant risk indicator detected,LOW
,Mysuru,,Yadavi Deshmukh,W12646,,School Building Repair,State Housing Board,5.46,,,,,,,,,Completed,12.412178198174098,synthetic,Synthetic Test Data,,,False,,,False,,,,False,False,W12646,12.41,LOW,No rule-based risk condition triggered,False,-0.0443,Normal,Isolation Forest,7.78,10.56,LOW,No significant risk indicator detected,LOW
,Varanasi,,Vanya Suresh,W10535,,Public Toilet Complex,Public Works Department,5.74,,,,,,,,,Ongoing,12.40936645549321,synthetic,Synthetic Test Data,,,False,,,False,,,,False,False,W10535,12.41,LOW,No rule-based risk condition triggered,False,-0.0342,Normal,Isolation Forest,35.78,21.76,LOW,No significant risk indicator detected,LOW
,Agra,,Owen Bansal,W12931,,Street Lighting,Zilla Panchayat,5.88,,,,,,,,,Ongoing,12.40661430411316,synthetic,Synthetic Test Data,,,False,,,False,,,,False,False,W12931,12.41,LOW,No rule-based risk condition triggered,False,-0.0436,Normal,Isolation Forest,8.47,10.83,LOW,No significant risk indicator detected,LOW
,Agra,,Lucky Prashad,W10646,,Street Lighting,Zilla Panchayat,5.1,,,,,,,,,Ongoing,12.406416401597728,synthetic,Synthetic Test Data,,,False,,,False,,,,False,False,W10646,12.41,LOW,No rule-based risk condition triggered,False,-0.0453,Normal,Isolation Forest,6.77,10.15,LOW,No significant risk indicator detected,LOW
,Nashik,,Jagat Mangat,W11192,,Drainage System,State Housing Board,6.64,,,,,,,,,Ongoing,12.404964725253537,synthetic,Synthetic Test Data,,,False,,,False,,,,False,False,W11192,12.4,LOW,No rule-based risk condition triggered,False,-0.0373,Normal,Isolation Forest,24.12,17.09,LOW,No significant risk indicator detected,LOW
,Darjeeling,,Vanya Suresh,W12803,,Drinking Water Supply,Municipal Corporation,18.64,,,,,,,,,Ongoing,12.404204682266233,synthetic,Synthetic Test Data,,,False,,,False,,,,False,False,W12803,12.4,LOW,No rule-based risk condition triggered,False,-0.0137,Normal,Isolation Forest,88.28,42.75,MEDIUM,No significant risk indicator detected,MEDIUM
,Chennai,,Ishwar Boase,W10771,,Public Toilet Complex,State Housing Board,6.94,,,,,,,,,Ongoing,12.401655687906182,synthetic,Synthetic Test Data,,,False,,,False,,,,False,False,W10771,12.4,LOW,No rule-based risk condition triggered,False,-0.0245,Normal,Isolation Forest,72.52,36.45,LOW,No significant risk indicator detected,LOW
,Nagpur,,Eesha Memon,W10574,,Public Toilet Complex,District Rural Development Agency,4.24,,,,,,,,,Completed,12.388498249360488,synthetic,Synthetic Test Data,,,False,,,False,,,,False,False,W10574,12.39,LOW,No rule-based risk condition triggered,False,-0.0316,Normal,Isolation Forest,47.67,26.5,LOW,No significant risk indicator detected,LOW
,Mysuru,,Yadavi Deshmukh,W12265,,Road Construction,State Housing Board,24.47,,,,,,,,,Ongoing,12.38029188388306,synthetic,Synthetic Test Data,,,False,,,False,,,,False,False,W12265,12.38,LOW,No rule-based risk condition triggered,False,-0.0218,Normal,Isolation Forest,77.27,38.34,LOW,No significant risk indicator detected,LOW
,Belagavi,,Sanya Swamy,W12986,,Drinking Water Supply,Zilla Panchayat,11.91,,,,,,,,,Completed,12.374452822104535,synthetic,Synthetic Test Data,,,False,,,False,,,,False,False,W12986,12.37,LOW,No rule-based risk condition triggered,False,-0.0456,Normal,Isolation Forest,6.32,9.95,LOW,No significant risk indicator detected,LOW
,Darjeeling,,Oliver Sarma,W11263,,Public Toilet Complex,Zilla Panchayat,5.9,,,,,,,,,Ongoing,12.367247759422549,synthetic,Synthetic Test Data,,,False,,,False,,,,False,False,W11263,12.37,LOW,No rule-based risk condition triggered,False,-0.0403,Normal,Isolation Forest,15.43,13.59,LOW,No significant risk indicator detected,LOW
,Dharwad,,Yug Choudhry,W10899,,School Building Repair,State Housing Board,13.37,,,,,,,,,Completed,12.36428046661002,synthetic,Synthetic Test Data,,,False,,,False,,,,False,False,W10899,12.36,LOW,No rule-based risk condition triggered,False,-0.0356,Normal,Isolation Forest,30.08,19.45,LOW,No significant risk indicator detected,LOW
,Dharwad,,Yug Choudhry,W11433,,Drainage System,District Rural Development Agency,9.3,,,,,,,,,Ongoing,12.34599120918408,synthetic,Synthetic Test Data,,,False,,,False,,,,False,False,W11433,12.35,LOW,No rule-based risk condition triggered,False,-0.0385,Normal,Isolation Forest,20.82,15.74,LOW,No significant risk indicator detected,LOW
,Mysuru,,Yadavi Deshmukh,W11476,,Road Construction,State Housing Board,8.17,,,,,,,,,Ongoing,12.34119742304559,synthetic,Synthetic Test Data,,,False,,,False,,,,False,False,W11476,12.34,LOW,No rule-based risk condition triggered,False,-0.0266,Normal,Isolation Forest,66.5,34.0,LOW,No significant risk indicator detected,LOW
,Kanpur,,Hemang Bava,W10791,,Drinking Water Supply,State Housing Board,6.78,,,,,,,,,Ongoing,12.331694411072476,synthetic,Synthetic Test Data,,,False,,,False,,,,False,False,W10791,12.33,LOW,No rule-based risk condition triggered,False,-0.0305,Normal,Isolation Forest,51.93,28.17,LOW,No significant risk indicator detected,LOW
,Asansol,,Owen Bansal,W12043,,School Building Repair,Public Works Department,8.23,,,,,,,,,Completed,12.327164742250687,synthetic,Synthetic Test Data,,,False,,,False,,,,False,False,W12043,12.33,LOW,No rule-based risk condition triggered,False,-0.0393,Normal,Isolation Forest,18.72,14.89,LOW,No significant risk indicator detected,LOW
,Darjeeling,,Owen Bansal,W11865,,Street Lighting,Public Works Department,5.85,,,,,,,,,Ongoing,12.316220434420364,synthetic,Synthetic Test Data,,,False,,,False,,,,False,False,W11865,12.32,LOW,No rule-based risk condition triggered,False,-0.0321,Normal,Isolation Forest,45.2,25.47,LOW,No significant risk indicator detected,LOW
,Kanpur,,Advaith Gole,W10755,,Public Toilet Complex,District Rural Development Agency,7.65,,,,,,,,,Completed,12.315265934517754,synthetic,Synthetic Test Data,,,False,,,False,,,,False,False,W10755,12.32,LOW,No rule-based risk condition triggered,False,-0.029,Normal,Isolation Forest,58.33,30.72,LOW,No significant risk indicator detected,LOW
,Chennai,,Christopher Kadakia,W10811,,Public Toilet Complex,Zilla Panchayat,5.73,,,,,,,,,Ongoing,12.31312296136458,synthetic,Synthetic Test Data,,,False,,,False,,,,False,False,W10811,12.31,LOW,No rule-based risk condition triggered,False,-0.0406,Normal,Isolation Forest,14.82,13.31,LOW,No significant risk indicator detected,LOW
,Belagavi,,Ishwar Boase,W11062,,Public Toilet Complex,Municipal Corporation,5.63,,,,,,,,,Ongoing,12.308023032039578,synthetic,Synthetic Test Data,,,False,,,False,,,,False,False,W11062,12.31,LOW,No rule-based risk condition triggered,False,-0.0248,Normal,Isolation Forest,71.5,35.99,LOW,No significant risk indicator detected,LOW
,Varanasi,,Ekansh Sami,W11230,,Drainage System,Municipal Corporation,6.3,,,,,,,,,Ongoing,12.305933420322026,synthetic,Synthetic Test Data,,,False,,,False,,,,False,False,W11230,12.31,LOW,No rule-based risk condition triggered,False,-0.0343,Normal,Isolation Forest,35.27,21.49,LOW,No significant risk indicator detected,LOW
,Salem,,Ria Ratta,W12252,,School Building Repair,District Rural Development Agency,11.81,,,,,,,,,Completed,12.304811354893246,synthetic,Synthetic Test Data,,,False,,,False,,,,False,False,W12252,12.3,LOW,No rule-based risk condition triggered,False,-0.0251,Normal,Isolation Forest,70.53,35.59,LOW,No significant risk indicator detected,LOW
,Agra,,Bachittar Choudhry,W12002,,Public Toilet Complex,State Housing Board,4.97,,,,,,,,,Completed,12.30381259346921,synthetic,Synthetic Test Data,,,False,,,False,,,,False,False,W12002,12.3,LOW,No rule-based risk condition triggered,False,-0.0368,Normal,Isolation Forest,25.42,17.55,LOW,No significant risk indicator detected,LOW
,Bengaluru Urban,,Christopher Kadakia,W12027,,Drainage System,Municipal Corporation,7.43,,,,,,,,,Completed,12.301443831725274,synthetic,Synthetic Test Data,,,False,,,False,,,,False,False,W12027,12.3,LOW,No rule-based risk condition triggered,False,-0.0313,Normal,Isolation Forest,48.77,26.89,LOW,No significant risk indicator detected,LOW
,Nashik,,Yug Choudhry,W10829,,Street Lighting,Zilla Panchayat,5.15,,,,,,,,,Completed,12.295763400128092,synthetic,Synthetic Test Data,,,False,,,False,,,,False,False,W10829,12.3,LOW,No rule-based risk condition triggered,False,-0.0398,Normal,Isolation Forest,16.93,14.15,LOW,No significant risk indicator detected,LOW
,Salem,,Meera Banerjee,W11474,,Drinking Water Supply,Zilla Panchayat,9.39,,,,,,,,,Ongoing,12.293800318830344,synthetic,Synthetic Test Data,,,False,,,False,,,,False,False,W11474,12.29,LOW,No rule-based risk condition triggered,False,-0.0347,Normal,Isolation Forest,33.62,20.82,LOW,No significant risk indicator detected,LOW
,Lucknow,,Onveer Kata,W10554,,Drinking Water Supply,Zilla Panchayat,12.93,,,,,,,,,Completed,12.292473094531834,synthetic,Synthetic Test Data,,,False,,,False,,,,False,False,W10554,12.29,LOW,No rule-based risk condition triggered,False,-0.0457,Normal,Isolation Forest,6.15,9.83,LOW,No significant risk indicator detected,LOW
,Salem,,Gabriel Thaman,W11809,,Public Toilet Complex,Municipal Corporation,6.22,,,,,,,,,Completed,12.28552182316182,synthetic,Synthetic Test Data,,,False,,,False,,,,False,False,W11809,12.29,LOW,No rule-based risk condition triggered,False,-0.0427,Normal,Isolation Forest,9.65,11.23,LOW,No significant risk indicator detected,LOW
,Nashik,,Ekansh Sami,W11022,,Road Construction,Public Works Department,8.43,,,,,,,,,Completed,12.281954870967075,synthetic,Synthetic Test Data,,,False,,,False,,,,False,False,W11022,12.28,LOW,No rule-based risk condition triggered,False,-0.0346,Normal,Isolation Forest,34.07,21.0,LOW,No significant risk indicator detected,LOW
,Nagpur,,Eesha Memon,W12337,,Drinking Water Supply,Public Works Department,9.94,,,,,,,,,Completed,12.27518570966892,synthetic,Synthetic Test Data,,,False,,,False,,,,False,False,W12337,12.28,LOW,No rule-based risk condition triggered,False,-0.0346,Normal,Isolation Forest,34.07,21.0,LOW,No significant risk indicator detected,LOW
,Coimbatore,,Bachittar Choudhry,W10994,,Public Toilet Complex,State Housing Board,7.65,,,,,,,,,Ongoing,12.273381207272845,synthetic,Synthetic Test Data,,,False,,,False,,,,False,False,W10994,12.27,LOW,No rule-based risk condition triggered,False,-0.0205,Normal,Isolation Forest,80.07,39.39,LOW,No significant risk indicator detected,LOW
,Agra,,Hemang Bava,W11313,,Drainage System,Zilla Panchayat,8.78,,,,,,,,,Ongoing,12.246961361073792,synthetic,Synthetic Test Data,,,False,,,False,,,,False,False,W11313,12.25,LOW,No rule-based risk condition triggered,False,-0.045,Normal,Isolation Forest,7.03,10.16,LOW,No significant risk indicator detected,LOW
,Coimbatore,,Owen Bala,W11953,,Public Toilet Complex,District Rural Development Agency,7.98,,,,,,,,,Ongoing,12.240772089298218,synthetic,Synthetic Test Data,,,False,,,False,,,,False,False,W11953,12.24,LOW,No rule-based risk condition triggered,False,-0.0264,Normal,Isolation Forest,66.95,34.12,LOW,No significant risk indicator detected,LOW
,Nagpur,,Lucky Prashad,W10914,,Drainage System,State Housing Board,5.84,,,,,,,,,Ongoing,12.236878139817938,synthetic,Synthetic Test Data,,,False,,,False,,,,False,False,W10914,12.24,LOW,No rule-based risk condition triggered,False,-0.0342,Normal,Isolation Forest,35.78,21.66,LOW,No significant risk indicator detected,LOW
,Madurai,,Gabriel Thaman,W10825,,Public Toilet Complex,Zilla Panchayat,6.04,,,,,,,,,Ongoing,12.220683661247088,synthetic,Synthetic Test Data,,,False,,,False,,,,False,False,W10825,12.22,LOW,No rule-based risk condition triggered,False,-0.0402,Normal,Isolation Forest,15.63,13.58,LOW,No significant risk indicator detected,LOW
,Howrah,,Gaurav Chandra,W11607,,Drinking Water Supply,Municipal Corporation,15.76,,,,,,,,,Completed,12.213088177705092,synthetic,Synthetic Test Data,,,False,,,False,,,,False,False,W11607,12.21,LOW,No rule-based risk condition triggered,False,-0.0298,Normal,Isolation Forest,54.83,29.26,LOW,No significant risk indicator detected,LOW
,Lucknow,,Ria Ratta,W11931,,School Building Repair,Zilla Panchayat,6.31,,,,,,,,,Ongoing,12.206695183334125,synthetic,Synthetic Test Data,,,False,,,False,,,,False,False,W11931,12.21,LOW,No rule-based risk condition triggered,False,-0.0416,Normal,Isolation Forest,11.55,11.95,LOW,No significant risk indicator detected,LOW
,Lucknow,,Gaurav Chandra,W10674,,Public Toilet Complex,District Rural Development Agency,7.98,,,,,,,,,Ongoing,12.205190613835104,synthetic,Synthetic Test Data,,,False,,,False,,,,False,False,W10674,12.21,LOW,No rule-based risk condition triggered,False,-0.0264,Normal,Isolation Forest,66.95,34.11,LOW,No significant risk indicator detected,LOW
,Coimbatore,,Ronith Zachariah,W12743,,Public Toilet Complex,State Housing Board,2.33,,,,,,,,,Completed,12.203980463921257,synthetic,Synthetic Test Data,,,False,,,False,,,,False,False,W12743,12.2,LOW,No rule-based risk condition triggered,False,-0.0211,Normal,Isolation Forest,78.95,38.9,LOW,No significant risk indicator detected,LOW
,Pune,,Pallavi Krish,W10269,,School Building Repair,State Housing Board,8.17,,,,,,,,,Completed,12.198995818425832,synthetic,Synthetic Test Data,,,False,,,False,,,,False,False,W10269,12.2,LOW,No rule-based risk condition triggered,False,-0.0509,Normal,Isolation Forest,2.28,8.23,LOW,No significant risk indicator detected,LOW
,Pune,,Harrison Kapur,W11558,,Road Construction,Municipal Corporation,7.2,,,,,,,,,Completed,12.194272325751106,synthetic,Synthetic Test Data,,,False,,,False,,,,False,False,W11558,12.19,LOW,No rule-based risk condition triggered,False,-0.0179,Normal,Isolation Forest,83.97,40.9,MEDIUM,No significant risk indicator detected,MEDIUM
,Darjeeling,,Yutika Rana,W12210,,Public Toilet Complex,State Housing Board,3.53,,,,,,,,,Completed,12.190524820627584,synthetic,Synthetic Test Data,,,False,,,False,,,,False,False,W12210,12.19,LOW,No rule-based risk condition triggered,False,-0.0273,Normal,Isolation Forest,64.32,33.04,LOW,No significant risk indicator detected,LOW
,Howrah,,Gaurav Chandra,W11915,,School Building Repair,District Rural Development Agency,3.45,,,,,,,,,Completed,12.182181353225332,synthetic,Synthetic Test Data,,,False,,,False,,,,False,False,W11915,12.18,LOW,No rule-based risk condition triggered,False,-0.015,Normal,Isolation Forest,86.88,42.06,MEDIUM,No significant risk indicator detected,MEDIUM
,Madurai,,Ekansh Sami,W11449,,Drainage System,State Housing Board,16.08,,,,,,,,,Completed,12.16508735155304,synthetic,Synthetic Test Data,,,False,,,False,,,,False,False,W11449,12.17,LOW,No rule-based risk condition triggered,False,-0.0275,Normal,Isolation Forest,63.62,32.75,LOW,No significant risk indicator detected,LOW
,Nagpur,,Vrinda Biswas,W12349,,Road Construction,Municipal Corporation,5.87,,,,,,,,,Ongoing,12.164906620463572,synthetic,Synthetic Test Data,,,False,,,False,,,,False,False,W12349,12.16,LOW,No rule-based risk condition triggered,False,-0.0083,Normal,Isolation Forest,91.95,44.08,MEDIUM,No significant risk indicator detected,MEDIUM
,Lucknow,,Hemang Bava,W10932,,Street Lighting,Zilla Panchayat,2.93,,,,,,,,,Completed,12.164128974846554,synthetic,Synthetic Test Data,,,False,,,False,,,,False,False,W10932,12.16,LOW,No rule-based risk condition triggered,False,-0.0384,Normal,Isolation Forest,21.18,15.77,LOW,No significant risk indicator detected,LOW
,Chennai,,Onveer Kata,W11109,,Drinking Water Supply,State Housing Board,9.48,,,,,,,,,Completed,12.160519695314674,synthetic,Synthetic Test Data,,,False,,,False,,,,False,False,W11109,12.16,LOW,No rule-based risk condition triggered,False,-0.0304,Normal,Isolation Forest,52.4,28.26,LOW,No significant risk indicator detected,LOW
,Agra,,Yug Choudhry,W10759,,Road Construction,State Housing Board,6.15,,,,,,,,,Ongoing,12.15794739109752,synthetic,Synthetic Test Data,,,False,,,False,,,,False,False,W10759,12.16,LOW,No rule-based risk condition triggered,False,-0.024,Normal,Isolation Forest,73.6,36.74,LOW,No significant risk indicator detected,LOW
,Mysuru,,Ria Ratta,W10683,,Drinking Water Supply,Municipal Corporation,5.01,,,,,,,,,Completed,12.157207349053644,synthetic,Synthetic Test Data,,,False,,,False,,,,False,False,W10683,12.16,LOW,No rule-based risk condition triggered,False,-0.0256,Normal,Isolation Forest,69.17,34.96,LOW,No significant risk indicator detected,LOW
,Lucknow,,Gabriel Thaman,W10091,,Community Health Center,Municipal Corporation,13.52,,,,,,,,,Completed,12.149592192364338,synthetic,Synthetic Test Data,,,False,,,False,,,,False,False,W10091,12.15,LOW,No rule-based risk condition triggered,False,-0.0289,Normal,Isolation Forest,58.82,30.82,LOW,No significant risk indicator detected,LOW
,Thane,,Deepa Gala,W12235,,Drainage System,District Rural Development Agency,5.17,,,,,,,,,Completed,12.130603367194858,synthetic,Synthetic Test Data,,,False,,,False,,,,False,False,W12235,12.13,LOW,No rule-based risk condition triggered,False,-0.0311,Normal,Isolation Forest,49.75,27.18,LOW,No significant risk indicator detected,LOW
,Thane,,Meera Banerjee,W10558,,Street Lighting,Public Works Department,2.69,,,,,,,,,Completed,12.119080649535476,synthetic,Synthetic Test Data,,,False,,,False,,,,False,False,W10558,12.12,LOW,No rule-based risk condition triggered,False,-0.0205,Normal,Isolation Forest,80.07,39.3,LOW,No significant risk indicator detected,LOW
,Coimbatore,,Azaan Gupta,W10464,,Street Lighting,Municipal Corporation,3.83,,,,,,,,,Completed,12.116087978528434,synthetic,Synthetic Test Data,,,False,,,False,,,,False,False,W10464,12.12,LOW,No rule-based risk condition triggered,False,-0.0161,Normal,Isolation Forest,85.93,41.64,MEDIUM,No significant risk indicator detected,MEDIUM
,Dharwad,,Pallavi Krish,W11963,,Drinking Water Supply,Public Works Department,8.87,,,,,,,,,Completed,12.10858215367951,synthetic,Synthetic Test Data,,,False,,,False,,,,False,False,W11963,12.11,LOW,No rule-based risk condition triggered,False,-0.0341,Normal,Isolation Forest,36.23,21.76,LOW,No significant risk indicator detected,LOW
,Bengaluru Urban,,Ekansh Sami,W11165,,School Building Repair,Zilla Panchayat,3.2,,,,,,,,,Completed,12.096508106988896,synthetic,Synthetic Test Data,,,False,,,False,,,,False,False,W11165,12.1,LOW,No rule-based risk condition triggered,False,-0.0374,Normal,Isolation Forest,23.92,16.83,LOW,No significant risk indicator detected,LOW
,Nashik,,Advaith Gole,W11909,,Street Lighting,Municipal Corporation,5.7,,,,,,,,,Completed,12.08655954385486,synthetic,Synthetic Test Data,,,False,,,False,,,,False,False,W11909,12.09,LOW,No rule-based risk condition triggered,False,-0.0151,Normal,Isolation Forest,86.73,41.95,MEDIUM,No significant risk indicator detected,MEDIUM
,Kanpur,,Jagat Mangat,W11362,,Drainage System,Municipal Corporation,17.03,,,,,,,,,Completed,12.080529803407492,synthetic,Synthetic Test Data,,,False,,,False,,,,False,False,W11362,12.08,LOW,No rule-based risk condition triggered,False,-0.0149,Normal,Isolation Forest,87.03,42.06,MEDIUM,No significant risk indicator detected,MEDIUM
,Lucknow,,Victor Venkataraman,W11366,,Drinking Water Supply,Municipal Corporation,9.45,,,,,,,,,Completed,12.070897549445176,synthetic,Synthetic Test Data,,,False,,,False,,,,False,False,W11366,12.07,LOW,No rule-based risk condition triggered,False,-0.0297,Normal,Isolation Forest,55.33,29.37,LOW,No significant risk indicator detected,LOW
,Bengaluru Urban,,Ronith Zachariah,W10982,,School Building Repair,District Rural Development Agency,9.27,,,,,,,,,Ongoing,12.058119365017644,synthetic,Synthetic Test Data,,,False,,,False,,,,False,False,W10982,12.06,LOW,No rule-based risk condition triggered,False,-0.0344,Normal,Isolation Forest,34.82,21.16,LOW,No significant risk indicator detected,LOW
,Lucknow,,Widisha Yohannan,W10594,,Street Lighting,District Rural Development Agency,2.94,,,,,,,,,Completed,12.051955052473682,synthetic,Synthetic Test Data,,,False,,,False,,,,False,False,W10594,12.05,LOW,No rule-based risk condition triggered,False,-0.0294,Normal,Isolation Forest,56.62,29.88,LOW,No significant risk indicator detected,LOW
,Varanasi,,Meera Banerjee,W10087,,Street Lighting,Zilla Panchayat,3.7,,,,,,,,,Completed,12.051289250919275,synthetic,Synthetic Test Data,,,False,,,False,,,,False,False,W10087,12.05,LOW,No rule-based risk condition triggered,False,-0.041,Normal,Isolation Forest,13.22,12.52,LOW,No significant risk indicator detected,LOW
,Lucknow,,Varsha Morar,W10557,,Drainage System,Municipal Corporation,12.58,,,,,,,,,Completed,12.050478576751392,synthetic,Synthetic Test Data,,,False,,,False,,,,False,False,W10557,12.05,LOW,No rule-based risk condition triggered,False,-0.0316,Normal,Isolation Forest,47.67,26.3,LOW,No significant risk indicator detected,LOW
,Mysuru,,Ishwar Boase,W10711,,Community Health Center,Public Works Department,16.02,,,,,,,,,Completed,12.045411689728976,synthetic,Synthetic Test Data,,,False,,,False,,,,False,False,W10711,12.05,LOW,No rule-based risk condition triggered,False,-0.029,Normal,Isolation Forest,58.33,30.56,LOW,No significant risk indicator detected,LOW
,Nashik,,Oliver Sarma,W11764,,Road Construction,District Rural Development Agency,6.28,,,,,,,,,Completed,12.03867578208001,synthetic,Synthetic Test Data,,,False,,,False,,,,False,False,W11764,12.04,LOW,No rule-based risk condition triggered,False,-0.0103,Normal,Isolation Forest,90.77,43.53,MEDIUM,No significant risk indicator detected,MEDIUM
,Coimbatore,,Owen Bansal,W12123,,Community Health Center,Zilla Panchayat,24.83,,,,,,,,,Completed,12.037292070076717,synthetic,Synthetic Test Data,,,False,,,False,,,,False,False,W12123,12.04,LOW,No rule-based risk condition triggered,False,-0.0247,Normal,Isolation Forest,71.85,35.96,LOW,No significant risk indicator detected,LOW
,Nagpur,,Ishwar Boase,W12697,,Public Toilet Complex,Municipal Corporation,7.84,,,,,,,,,Ongoing,12.013494700664303,synthetic,Synthetic Test Data,,,False,,,False,,,,False,False,W12697,12.01,LOW,No rule-based risk condition triggered,False,-0.0186,Normal,Isolation Forest,82.93,40.38,MEDIUM,No significant risk indicator detected,MEDIUM
,Nagpur,,Rayaan Mand,W11572,,Community Health Center,District Rural Development Agency,32.53,,,,,,,,,Completed,12.006654720299064,synthetic,Synthetic Test Data,,,False,,,False,,,,False,False,W11572,12.01,LOW,No rule-based risk condition triggered,False,-0.0282,Normal,Isolation Forest,60.85,31.55,LOW,No significant risk indicator detected,LOW
,Chennai,,Yug Choudhry,W11934,,School Building Repair,District Rural Development Agency,10.19,,,,,,,,,Completed,12.004362306379925,synthetic,Synthetic Test Data,,,False,,,False,,,,False,False,W11934,12.0,LOW,No rule-based risk condition triggered,False,-0.0306,Normal,Isolation Forest,51.43,27.77,LOW,No significant risk indicator detected,LOW
,Nashik,,Onveer Kata,W11133,,School Building Repair,Public Works Department,9.43,,,,,,,,,Ongoing,12.0,synthetic,Synthetic Test Data,,,False,,,False,,,,False,False,W11133,12.0,LOW,No rule-based risk condition triggered,False,-0.0355,Normal,Isolation Forest,30.42,19.37,LOW,No significant risk indicator detected,LOW
,Kolkata,,Ria Ratta,W10292,,Public Toilet Complex,District Rural Development Agency,2.8,,,,,,,,,Completed,11.994859620899256,synthetic,Synthetic Test Data,,,False,,,False,,,,False,False,W10292,11.99,LOW,No rule-based risk condition triggered,False,-0.0184,Normal,Isolation Forest,83.18,40.47,MEDIUM,No significant risk indicator detected,MEDIUM
,Lucknow,,Sanya Swamy,W10364,,Drainage System,State Housing Board,10.19,,,,,,,,,Completed,11.99215898864383,synthetic,Synthetic Test Data,,,False,,,False,,,,False,False,W10364,11.99,LOW,No rule-based risk condition triggered,False,-0.0434,Normal,Isolation Forest,8.77,10.7,LOW,No significant risk indicator detected,LOW
,Madurai,,Vanya Suresh,W12016,,Drinking Water Supply,Municipal Corporation,18.67,,,,,,,,,Completed,11.988726428128668,synthetic,Synthetic Test Data,,,False,,,False,,,,False,False,W12016,11.99,LOW,No rule-based risk condition triggered,False,-0.0193,Normal,Isolation Forest,81.95,39.97,LOW,No significant risk indicator detected,LOW
,Pune,,Krishna Pant,W11365,,Street Lighting,State Housing Board,2.44,,,,,,,,,Ongoing,11.940919160431294,synthetic,Synthetic Test Data,,,False,,,False,,,,False,False,W11365,11.94,LOW,No rule-based risk condition triggered,False,-0.0307,Normal,Isolation Forest,51.0,27.56,LOW,No significant risk indicator detected,LOW
,Nashik,,Jagat Mangat,W10722,,School Building Repair,State Housing Board,3.27,,,,,,,,,Completed,11.939305101638194,synthetic,Synthetic Test Data,,,False,,,False,,,,False,False,W10722,11.94,LOW,No rule-based risk condition triggered,False,-0.0308,Normal,Isolation Forest,50.73,27.46,LOW,No significant risk indicator detected,LOW
,Kanpur,,Yadavi Deshmukh,W10102,,Road Construction,Municipal Corporation,21.43,,,,,,,,,Completed,11.93818316150469,synthetic,Synthetic Test Data,,,False,,,False,,,,False,False,W10102,11.94,LOW,No rule-based risk condition triggered,False,-0.0204,Normal,Isolation Forest,80.32,39.29,LOW,No significant risk indicator detected,LOW
,Kolkata,,Owen Bansal,W12685,,School Building Repair,State Housing Board,14.14,,,,,,,,,Completed,11.92526649414288,synthetic,Synthetic Test Data,,,False,,,False,,,,False,False,W12685,11.93,LOW,No rule-based risk condition triggered,False,-0.0336,Normal,Isolation Forest,38.32,22.49,LOW,No significant risk indicator detected,LOW
,Madurai,,Nicholas Gour,W12435,,Drainage System,State Housing Board,14.28,,,,,,,,,Completed,11.903365417603354,synthetic,Synthetic Test Data,,,False,,,False,,,,False,False,W12435,11.9,LOW,No rule-based risk condition triggered,False,-0.0355,Normal,Isolation Forest,30.42,19.31,LOW,No significant risk indicator detected,LOW
,Dharwad,,Yamini Chand,W12118,,School Building Repair,Municipal Corporation,10.67,,,,,,,,,Completed,11.900509789285078,synthetic,Synthetic Test Data,,,False,,,False,,,,False,False,W12118,11.9,LOW,No rule-based risk condition triggered,False,-0.0326,Normal,Isolation Forest,42.97,24.33,LOW,No significant risk indicator detected,LOW
,Agra,,Tanish Iyer,W12761,,Public Toilet Complex,Zilla Panchayat,3.75,,,,,,,,,Completed,11.89314615978302,synthetic,Synthetic Test Data,,,False,,,False,,,,False,False,W12761,11.89,LOW,No rule-based risk condition triggered,False,-0.0479,Normal,Isolation Forest,4.4,8.89,LOW,No significant risk indicator detected,LOW
,Asansol,,Mugdha Varty,W12038,,Community Health Center,State Housing Board,10.93,,,,,,,,,Completed,11.89086398996544,synthetic,Synthetic Test Data,,,False,,,False,,,,False,False,W12038,11.89,LOW,No rule-based risk condition triggered,False,-0.0301,Normal,Isolation Forest,53.48,28.53,LOW,No significant risk indicator detected,LOW
,Nagpur,,Eesha Memon,W10979,,School Building Repair,Public Works Department,3.71,,,,,,,,,Completed,11.881801383815526,synthetic,Synthetic Test Data,,,False,,,False,,,,False,False,W10979,11.88,LOW,No rule-based risk condition triggered,False,-0.0287,Normal,Isolation Forest,59.43,30.9,LOW,No significant risk indicator detected,LOW
,Bengaluru Urban,,Gaurav Chandra,W11762,,Road Construction,Public Works Department,24.78,,,,,,,,,Completed,11.879443112698532,synthetic,Synthetic Test Data,,,False,,,False,,,,False,False,W11762,11.88,LOW,No rule-based risk condition triggered,False,-0.0305,Normal,Isolation Forest,51.93,27.9,LOW,No significant risk indicator detected,LOW
,Mysuru,,Oliver Sarma,W11024,,Drinking Water Supply,Zilla Panchayat,19.14,,,,,,,,,Completed,11.873233475235352,synthetic,Synthetic Test Data,,,False,,,False,,,,False,False,W11024,11.87,LOW,No rule-based risk condition triggered,False,-0.0273,Normal,Isolation Forest,64.32,32.85,LOW,No significant risk indicator detected,LOW
,Dharwad,,Ronith Zachariah,W11988,,Drinking Water Supply,Zilla Panchayat,7.94,,,,,,,,,Completed,11.871773498226268,synthetic,Synthetic Test Data,,,False,,,False,,,,False,False,W11988,11.87,LOW,No rule-based risk condition triggered,False,-0.0406,Normal,Isolation Forest,14.82,13.05,LOW,No significant risk indicator detected,LOW
,Kolkata,,Azaan Gupta,W12863,,Drinking Water Supply,District Rural Development Agency,8.08,,,,,,,,,Completed,11.856957062285996,synthetic,Synthetic Test Data,,,False,,,False,,,,False,False,W12863,11.86,LOW,No rule-based risk condition triggered,False,-0.0321,Normal,Isolation Forest,45.2,25.2,LOW,No significant risk indicator detected,LOW
,Howrah,,Azaan Gupta,W10854,,Drinking Water Supply,State Housing Board,8.79,,,,,,,,,Completed,11.855492138545031,synthetic,Synthetic Test Data,,,False,,,False,,,,False,False,W10854,11.86,LOW,No rule-based risk condition triggered,False,-0.03,Normal,Isolation Forest,53.93,28.69,LOW,No significant risk indicator detected,LOW
,Howrah,,Advaith Gole,W10505,,Community Health Center,Public Works Department,22.55,,,,,,,,,Ongoing,11.850387248240857,synthetic,Synthetic Test Data,,,False,,,False,,,,False,False,W10505,11.85,LOW,No rule-based risk condition triggered,False,-0.028,Normal,Isolation Forest,61.57,31.74,LOW,No significant risk indicator detected,LOW
,Lucknow,,Meera Banerjee,W10358,,Drinking Water Supply,Public Works Department,8.83,,,,,,,,,Completed,11.850061211643098,synthetic,Synthetic Test Data,,,False,,,False,,,,False,False,W10358,11.85,LOW,No rule-based risk condition triggered,False,-0.034,Normal,Isolation Forest,36.65,21.77,LOW,No significant risk indicator detected,LOW
,Kolkata,,Yamini Chand,W10525,,Road Construction,Public Works Department,14.19,,,,,,,,,Completed,11.847040225372847,synthetic,Synthetic Test Data,,,False,,,False,,,,False,False,W10525,11.85,LOW,No rule-based risk condition triggered,False,-0.0398,Normal,Isolation Forest,16.93,13.88,LOW,No significant risk indicator detected,LOW
,Coimbatore,,Ria Ratta,W11679,,Community Health Center,District Rural Development Agency,15.22,,,,,,,,,Completed,11.796464255876634,synthetic,Synthetic Test Data,,,False,,,False,,,,False,False,W11679,11.8,LOW,No rule-based risk condition triggered,False,-0.0364,Normal,Isolation Forest,26.65,17.74,LOW,No significant risk indicator detected,LOW
,Kanpur,,Owen Bansal,W12951,,Drainage System,District Rural Development Agency,9.38,,,,,,,,,Completed,11.76664783494298,synthetic,Synthetic Test Data,,,False,,,False,,,,False,False,W12951,11.77,LOW,No rule-based risk condition triggered,False,-0.0379,Normal,Isolation Forest,22.53,16.07,LOW,No significant risk indicator detected,LOW
,Nashik,,Ekansh Sami,W10326,,Public Toilet Complex,District Rural Development Agency,7.32,,,,,,,,,Completed,11.756613052263695,synthetic,Synthetic Test Data,,,False,,,False,,,,False,False,W10326,11.76,LOW,No rule-based risk condition triggered,False,-0.0314,Normal,Isolation Forest,48.37,26.4,LOW,No significant risk indicator detected,LOW
,Chennai,,Varsha Morar,W11088,,School Building Repair,District Rural Development Agency,3.72,,,,,,,,,Ongoing,11.746515092285732,synthetic,Synthetic Test Data,,,False,,,False,,,,False,False,W11088,11.75,LOW,No rule-based risk condition triggered,False,-0.0242,Normal,Isolation Forest,73.2,36.33,LOW,No significant risk indicator detected,LOW
,Salem,,Oliver Sarma,W12448,,Street Lighting,District Rural Development Agency,3.77,,,,,,,,,Completed,11.745048906965527,synthetic,Synthetic Test Data,,,False,,,False,,,,False,False,W12448,11.75,LOW,No rule-based risk condition triggered,False,-0.0297,Normal,Isolation Forest,55.33,29.18,LOW,No significant risk indicator detected,LOW
,Thane,,Owen Bansal,W10407,,Road Construction,Public Works Department,12.99,,,,,,,,,Completed,11.743738186084869,synthetic,Synthetic Test Data,,,False,,,False,,,,False,False,W10407,11.74,LOW,No rule-based risk condition triggered,False,-0.0401,Normal,Isolation Forest,15.92,13.41,LOW,No significant risk indicator detected,LOW
,Belagavi,,Owen Bala,W12324,,School Building Repair,Public Works Department,8.84,,,,,,,,,Completed,11.717817889538717,synthetic,Synthetic Test Data,,,False,,,False,,,,False,False,W12324,11.72,LOW,No rule-based risk condition triggered,False,-0.0398,Normal,Isolation Forest,16.93,13.8,LOW,No significant risk indicator detected,LOW
,Chennai,,Oliver Sarma,W11236,,Street Lighting,District Rural Development Agency,4.81,,,,,,,,,Ongoing,11.709599235276432,synthetic,Synthetic Test Data,,,False,,,False,,,,False,False,W11236,11.71,LOW,No rule-based risk condition triggered,False,-0.0354,Normal,Isolation Forest,30.77,19.33,LOW,No significant risk indicator detected,LOW
,Agra,,Jagat Mangat,W10568,,Drainage System,State Housing Board,11.93,,,,,,,,,Completed,11.70689472652244,synthetic,Synthetic Test Data,,,False,,,False,,,,False,False,W10568,11.71,LOW,No rule-based risk condition triggered,False,-0.0436,Normal,Isolation Forest,8.47,10.41,LOW,No significant risk indicator detected,LOW
,Coimbatore,,Ronith Zachariah,W12883,,School Building Repair,Municipal Corporation,6.54,,,,,,,,,Completed,11.70267157055605,synthetic,Synthetic Test Data,,,False,,,False,,,,False,False,W12883,11.7,LOW,No rule-based risk condition triggered,False,-0.0356,Normal,Isolation Forest,30.08,19.05,LOW,No significant risk indicator detected,LOW
,Kolkata,,Sanya Swamy,W11222,,Street Lighting,Public Works Department,3.39,,,,,,,,,Completed,11.701360726329924,synthetic,Synthetic Test Data,,,False,,,False,,,,False,False,W11222,11.7,LOW,No rule-based risk condition triggered,False,-0.0233,Normal,Isolation Forest,75.0,37.02,LOW,No significant risk indicator detected,LOW
,Chennai,,Odika Naik,W11257,,Road Construction,State Housing Board,19.3,,,,,,,,,Completed,11.69178369551651,synthetic,Synthetic Test Data,,,False,,,False,,,,False,False,W11257,11.69,LOW,No rule-based risk condition triggered,False,-0.0224,Normal,Isolation Forest,76.3,37.53,LOW,No significant risk indicator detected,LOW
,Agra,,Yutika Rana,W12742,,Drainage System,Municipal Corporation,3.07,,,,,,,,,Completed,11.660201796539488,synthetic,Synthetic Test Data,,,False,,,False,,,,False,False,W12742,11.66,LOW,No rule-based risk condition triggered,False,-0.0175,Normal,Isolation Forest,84.55,40.82,MEDIUM,No significant risk indicator detected,MEDIUM
,Agra,,Jagat Mangat,W11108,,Road Construction,District Rural Development Agency,8.0,,,,,,,,,Completed,11.655789063216451,synthetic,Synthetic Test Data,,,False,,,False,,,,False,False,W11108,11.66,LOW,No rule-based risk condition triggered,False,-0.012,Normal,Isolation Forest,89.42,42.76,MEDIUM,No significant risk indicator detected,MEDIUM
,Howrah,,Rayaan Mand,W10550,,Drinking Water Supply,State Housing Board,15.54,,,,,,,,,Completed,11.635448389846951,synthetic,Synthetic Test Data,,,False,,,False,,,,False,False,W10550,11.64,LOW,No rule-based risk condition triggered,False,-0.0253,Normal,Isolation Forest,69.92,34.95,LOW,No significant risk indicator detected,LOW
,Nashik,,Eesha Memon,W10834,,Public Toilet Complex,Zilla Panchayat,6.27,,,,,,,,,Completed,11.631252317541689,synthetic,Synthetic Test Data,,,False,,,False,,,,False,False,W10834,11.63,LOW,No rule-based risk condition triggered,False,-0.0533,Normal,Isolation Forest,1.07,7.41,LOW,No significant risk indicator detected,LOW
,Agra,,Advaith Gole,W12206,,Drainage System,State Housing Board,6.88,,,,,,,,,Completed,11.621664088832867,synthetic,Synthetic Test Data,,,False,,,False,,,,False,False,W12206,11.62,LOW,No rule-based risk condition triggered,False,-0.04,Normal,Isolation Forest,16.25,13.47,LOW,No significant risk indicator detected,LOW
,Asansol,,Ekansh Sami,W10648,,Public Toilet Complex,State Housing Board,4.21,,,,,,,,,Completed,11.616376421967423,synthetic,Synthetic Test Data,,,False,,,False,,,,False,False,W10648,11.62,LOW,No rule-based risk condition triggered,False,-0.0336,Normal,Isolation Forest,38.32,22.3,LOW,No significant risk indicator detected,LOW
,Mysuru,,Vrinda Biswas,W11551,,Street Lighting,Zilla Panchayat,4.13,,,,,,,,,Completed,11.575568126248434,synthetic,Synthetic Test Data,,,False,,,False,,,,False,False,W11551,11.58,LOW,No rule-based risk condition triggered,False,-0.0435,Normal,Isolation Forest,8.62,10.4,LOW,No significant risk indicator detected,LOW
,Chennai,,Tanish Iyer,W10265,,Road Construction,District Rural Development Agency,20.3,,,,,,,,,Completed,11.573559010082844,synthetic,Synthetic Test Data,,,False,,,False,,,,False,False,W10265,11.57,LOW,No rule-based risk condition triggered,False,-0.014,Normal,Isolation Forest,87.9,42.1,MEDIUM,No significant risk indicator detected,MEDIUM
,Thane,,Nicholas Gour,W10492,,Drainage System,Public Works Department,13.49,,,,,,,,,Completed,11.565489125866748,synthetic,Synthetic Test Data,,,False,,,False,,,,False,False,W10492,11.57,LOW,No rule-based risk condition triggered,False,-0.0305,Normal,Isolation Forest,51.93,27.71,LOW,No significant risk indicator detected,LOW
,Varanasi,,Hemang Bava,W11663,,Drinking Water Supply,Zilla Panchayat,10.1,,,,,,,,,Completed,11.560894655247772,synthetic,Synthetic Test Data,,,False,,,False,,,,False,False,W11663,11.56,LOW,No rule-based risk condition triggered,False,-0.0445,Normal,Isolation Forest,7.6,9.98,LOW,No significant risk indicator detected,LOW
,Chennai,,Meera Banerjee,W11147,,Road Construction,District Rural Development Agency,16.15,,,,,,,,,Completed,11.549713311370873,synthetic,Synthetic Test Data,,,False,,,False,,,,False,False,W11147,11.55,LOW,No rule-based risk condition triggered,False,-0.0173,Normal,Isolation Forest,84.83,40.86,MEDIUM,No significant risk indicator detected,MEDIUM
,Darjeeling,,Vanya Suresh,W10768,,School Building Repair,Municipal Corporation,10.38,,,,,,,,,Completed,11.547619414621993,synthetic,Synthetic Test Data,,,False,,,False,,,,False,False,W10768,11.55,LOW,No rule-based risk condition triggered,False,-0.0328,Normal,Isolation Forest,42.08,23.76,LOW,No significant risk indicator detected,LOW
,Dharwad,,Triya Khatri,W11794,,Drinking Water Supply,District Rural Development Agency,7.88,,,,,,,,,Completed,11.545049037704564,synthetic,Synthetic Test Data,,,False,,,False,,,,False,False,W11794,11.55,LOW,No rule-based risk condition triggered,False,-0.0322,Normal,Isolation Forest,44.8,24.85,LOW,No significant risk indicator detected,LOW
,Kolkata,,Yadavi Deshmukh,W10565,,Street Lighting,District Rural Development Agency,4.21,,,,,,,,,Completed,11.544013540428717,synthetic,Synthetic Test Data,,,False,,,False,,,,False,False,W10565,11.54,LOW,No rule-based risk condition triggered,False,-0.0318,Normal,Isolation Forest,46.62,25.57,LOW,No significant risk indicator detected,LOW
,Bengaluru Urban,,Krishna Pant,W12881,,Drainage System,Public Works Department,10.52,,,,,,,,,Completed,11.536997292128085,synthetic,Synthetic Test Data,,,False,,,False,,,,False,False,W12881,11.54,LOW,No rule-based risk condition triggered,False,-0.0341,Normal,Isolation Forest,36.23,21.42,LOW,No significant risk indicator detected,LOW
,Darjeeling,,Rayaan Mand,W11788,,Street Lighting,Zilla Panchayat,1.75,,,,,,,,,Ongoing,11.509969250255056,synthetic,Synthetic Test Data,,,False,,,False,,,,False,False,W11788,11.51,LOW,No rule-based risk condition triggered,False,-0.0391,Normal,Isolation Forest,19.33,14.64,LOW,No significant risk indicator detected,LOW
,Madurai,,Lucky Prashad,W12440,,Drainage System,District Rural Development Agency,6.53,,,,,,,,,Completed,11.471122883910496,synthetic,Synthetic Test Data,,,False,,,False,,,,False,False,W12440,11.47,LOW,No rule-based risk condition triggered,False,-0.036,Normal,Isolation Forest,28.68,18.35,LOW,No significant risk indicator detected,LOW
,Asansol,,Yadavi Deshmukh,W11379,,School Building Repair,Zilla Panchayat,12.56,,,,,,,,,Completed,11.446812696124269,synthetic,Synthetic Test Data,,,False,,,False,,,,False,False,W11379,11.45,LOW,No rule-based risk condition triggered,False,-0.0467,Normal,Isolation Forest,5.02,8.88,LOW,No significant risk indicator detected,LOW
,Kanpur,,Pallavi Krish,W10349,,Community Health Center,State Housing Board,17.98,,,,,,,,,Completed,11.40880672947748,synthetic,Synthetic Test Data,,,False,,,False,,,,False,False,W10349,11.41,LOW,No rule-based risk condition triggered,False,-0.0318,Normal,Isolation Forest,46.62,25.49,LOW,No significant risk indicator detected,LOW
,Varanasi,,Deepa Gala,W11651,,Road Construction,District Rural Development Agency,9.89,,,,,,,,,Completed,11.40055649609005,synthetic,Synthetic Test Data,,,False,,,False,,,,False,False,W11651,11.4,LOW,No rule-based risk condition triggered,False,-0.0146,Normal,Isolation Forest,87.27,41.75,MEDIUM,No significant risk indicator detected,MEDIUM
,Agra,,Yutika Rana,W11613,,School Building Repair,Zilla Panchayat,9.92,,,,,,,,,Completed,11.393356213200631,synthetic,Synthetic Test Data,,,False,,,False,,,,False,False,W11613,11.39,LOW,No rule-based risk condition triggered,False,-0.054,Normal,Isolation Forest,0.7,7.11,LOW,No significant risk indicator detected,LOW
,Salem,,Yutika Rana,W11768,,Street Lighting,District Rural Development Agency,4.48,,,,,,,,,Completed,11.39057446601504,synthetic,Synthetic Test Data,,,False,,,False,,,,False,False,W11768,11.39,LOW,No rule-based risk condition triggered,False,-0.0309,Normal,Isolation Forest,50.5,27.03,LOW,No significant risk indicator detected,LOW
,Nagpur,,Azaan Gupta,W11538,,Community Health Center,State Housing Board,14.74,,,,,,,,,Completed,11.386442367511854,synthetic,Synthetic Test Data,,,False,,,False,,,,False,False,W11538,11.39,LOW,No rule-based risk condition triggered,False,-0.0312,Normal,Isolation Forest,49.25,26.53,LOW,No significant risk indicator detected,LOW
,Salem,,Gabriel Thaman,W12332,,Community Health Center,Municipal Corporation,10.56,,,,,,,,,Completed,11.380168292197627,synthetic,Synthetic Test Data,,,False,,,False,,,,False,False,W12332,11.38,LOW,No rule-based risk condition triggered,False,-0.0285,Normal,Isolation Forest,60.0,30.83,LOW,No significant risk indicator detected,LOW
,Dharwad,,Ishwar Boase,W11989,,Public Toilet Complex,Public Works Department,6.37,,,,,,,,,Completed,11.377030787034668,synthetic,Synthetic Test Data,,,False,,,False,,,,False,False,W11989,11.38,LOW,No rule-based risk condition triggered,False,-0.0417,Normal,Isolation Forest,11.27,11.34,LOW,No significant risk indicator detected,LOW
,Nagpur,,Gabriel Thaman,W10448,,Public Toilet Complex,Municipal Corporation,3.99,,,,,,,,,Completed,11.362943495309135,synthetic,Synthetic Test Data,,,False,,,False,,,,False,False,W10448,11.36,LOW,No rule-based risk condition triggered,False,-0.0341,Normal,Isolation Forest,36.23,21.31,LOW,No significant risk indicator detected,LOW
,Madurai,,Advaith Gole,W11231,,Public Toilet Complex,District Rural Development Agency,5.25,,,,,,,,,Completed,11.356446574708276,synthetic,Synthetic Test Data,,,False,,,False,,,,False,False,W11231,11.36,LOW,No rule-based risk condition triggered,False,-0.0349,Normal,Isolation Forest,32.65,19.88,LOW,No significant risk indicator detected,LOW
,Kanpur,,Lucky Prashad,W10483,,Road Construction,State Housing Board,5.58,,,,,,,,,Completed,11.354662017478184,synthetic,Synthetic Test Data,,,False,,,False,,,,False,False,W10483,11.35,LOW,No rule-based risk condition triggered,False,-0.0216,Normal,Isolation Forest,77.68,37.88,LOW,No significant risk indicator detected,LOW
,Lucknow,,Mugdha Varty,W11001,,Street Lighting,Municipal Corporation,4.63,,,,,,,,,Completed,11.34151038962733,synthetic,Synthetic Test Data,,,False,,,False,,,,False,False,W11001,11.34,LOW,No rule-based risk condition triggered,False,-0.0188,Normal,Isolation Forest,82.55,39.82,LOW,No significant risk indicator detected,LOW
,Lucknow,,Jagat Mangat,W10494,,Road Construction,Municipal Corporation,14.21,,,,,,,,,Completed,11.311702016075309,synthetic,Synthetic Test Data,,,False,,,False,,,,False,False,W10494,11.31,LOW,No rule-based risk condition triggered,False,-0.0216,Normal,Isolation Forest,77.68,37.86,LOW,No significant risk indicator detected,LOW
,Pune,,Yamini Chand,W12089,,School Building Repair,State Housing Board,10.12,,,,,,,,,Completed,11.310720356585524,synthetic,Synthetic Test Data,,,False,,,False,,,,False,False,W12089,11.31,LOW,No rule-based risk condition triggered,False,-0.0499,Normal,Isolation Forest,2.87,7.93,LOW,No significant risk indicator detected,LOW
,Kanpur,,Bachittar Choudhry,W10221,,Drainage System,Municipal Corporation,17.46,,,,,,,,,Completed,11.278412871451454,synthetic,Synthetic Test Data,,,False,,,False,,,,False,False,W10221,11.28,LOW,No rule-based risk condition triggered,False,-0.0143,Normal,Isolation Forest,87.6,41.81,MEDIUM,No significant risk indicator detected,MEDIUM
,Thane,,Gaurav Chandra,W12035,,Street Lighting,State Housing Board,4.63,,,,,,,,,Completed,11.273323210792682,synthetic,Synthetic Test Data,,,False,,,False,,,,False,False,W12035,11.27,LOW,No rule-based risk condition triggered,False,-0.0359,Normal,Isolation Forest,29.0,18.36,LOW,No significant risk indicator detected,LOW
,Kolkata,,Harrison Kapur,W11866,,Public Toilet Complex,Municipal Corporation,2.5,,,,,,,,,Completed,11.263420884021764,synthetic,Synthetic Test Data,,,False,,,False,,,,False,False,W11866,11.26,LOW,No rule-based risk condition triggered,False,-0.0258,Normal,Isolation Forest,68.57,34.18,LOW,No significant risk indicator detected,LOW
,Nagpur,,Oliver Sarma,W10218,,Drainage System,State Housing Board,11.08,,,,,,,,,Completed,11.251064386368732,synthetic,Synthetic Test Data,,,False,,,False,,,,False,False,W10218,11.25,LOW,No rule-based risk condition triggered,False,-0.0435,Normal,Isolation Forest,8.62,10.2,LOW,No significant risk indicator detected,LOW
,Madurai,,Jagat Mangat,W10812,,Drainage System,District Rural Development Agency,3.83,,,,,,,,,Completed,11.229297813458327,synthetic,Synthetic Test Data,,,False,,,False,,,,False,False,W10812,11.23,LOW,No rule-based risk condition triggered,False,-0.0246,Normal,Isolation Forest,72.25,35.64,LOW,No significant risk indicator detected,LOW
,Asansol,,Mugdha Varty,W11913,,Drainage System,Zilla Panchayat,10.91,,,,,,,,,Completed,11.216149275514196,synthetic,Synthetic Test Data,,,False,,,False,,,,False,False,W11913,11.22,LOW,No rule-based risk condition triggered,False,-0.0498,Normal,Isolation Forest,2.98,7.92,LOW,No significant risk indicator detected,LOW
,Dharwad,,Harrison Kapur,W12788,,Street Lighting,Zilla Panchayat,4.24,,,,,,,,,Completed,11.215030299552854,synthetic,Synthetic Test Data,,,False,,,False,,,,False,False,W12788,11.22,LOW,No rule-based risk condition triggered,False,-0.0429,Normal,Isolation Forest,9.4,10.49,LOW,No significant risk indicator detected,LOW
,Dharwad,,Advaith Gole,W10564,,Street Lighting,District Rural Development Agency,5.59,,,,,,,,,Completed,11.206064315474965,synthetic,Synthetic Test Data,,,False,,,False,,,,False,False,W10564,11.21,LOW,No rule-based risk condition triggered,False,-0.0266,Normal,Isolation Forest,66.5,33.33,LOW,No significant risk indicator detected,LOW
,Mysuru,,Lucky Prashad,W12775,,Drainage System,Municipal Corporation,11.0,,,,,,,,,Completed,11.195773905966684,synthetic,Synthetic Test Data,,,False,,,False,,,,False,False,W12775,11.2,LOW,No rule-based risk condition triggered,False,-0.0325,Normal,Isolation Forest,43.38,24.07,LOW,No significant risk indicator detected,LOW
,Belagavi,,Onveer Kata,W12705,,Public Toilet Complex,Municipal Corporation,5.79,,,,,,,,,Completed,11.182328384168356,synthetic,Synthetic Test Data,,,False,,,False,,,,False,False,W12705,11.18,LOW,No rule-based risk condition triggered,False,-0.0431,Normal,Isolation Forest,9.08,10.34,LOW,No significant risk indicator detected,LOW
,Nagpur,,Krishna Pant,W11284,,Drainage System,State Housing Board,12.38,,,,,,,,,Completed,11.178370111271036,synthetic,Synthetic Test Data,,,False,,,False,,,,False,False,W11284,11.18,LOW,No rule-based risk condition triggered,False,-0.0425,Normal,Isolation Forest,9.82,10.64,LOW,No significant risk indicator detected,LOW
,Darjeeling,,Ishwar Boase,W11738,,Street Lighting,District Rural Development Agency,4.29,,,,,,,,,Completed,11.136430485339028,synthetic,Synthetic Test Data,,,False,,,False,,,,False,False,W11738,11.14,LOW,No rule-based risk condition triggered,False,-0.0314,Normal,Isolation Forest,48.37,26.03,LOW,No significant risk indicator detected,LOW
,Chennai,,Krishna Pant,W10155,,Drainage System,Municipal Corporation,12.46,,,,,,,,,Completed,11.131009636252736,synthetic,Synthetic Test Data,,,False,,,False,,,,False,False,W10155,11.13,LOW,No rule-based risk condition triggered,False,-0.0317,Normal,Isolation Forest,47.08,25.51,LOW,No significant risk indicator detected,LOW
,Belagavi,,Yug Choudhry,W12113,,Street Lighting,Municipal Corporation,2.43,,,,,,,,,Completed,11.122030264603197,synthetic,Synthetic Test Data,,,False,,,False,,,,False,False,W12113,11.12,LOW,No rule-based risk condition triggered,False,-0.0138,Normal,Isolation Forest,88.2,41.95,MEDIUM,No significant risk indicator detected,MEDIUM
,Asansol,,Gabriel Thaman,W11058,,Street Lighting,Zilla Panchayat,4.9,,,,,,,,,Ongoing,11.117824651907078,synthetic,Synthetic Test Data,,,False,,,False,,,,False,False,W11058,11.12,LOW,No rule-based risk condition triggered,False,-0.0455,Normal,Isolation Forest,6.45,9.25,LOW,No significant risk indicator detected,LOW
,Kolkata,,Vanya Suresh,W10935,,School Building Repair,Zilla Panchayat,6.92,,,,,,,,,Completed,11.11574123713903,synthetic,Synthetic Test Data,,,False,,,False,,,,False,False,W10935,11.12,LOW,No rule-based risk condition triggered,False,-0.0562,Normal,Isolation Forest,0.12,6.72,LOW,No significant risk indicator detected,LOW
,Mysuru,,Hemang Bava,W12009,,School Building Repair,Zilla Panchayat,4.85,,,,,,,,,Completed,11.102457246906331,synthetic,Synthetic Test Data,,,False,,,False,,,,False,False,W12009,11.1,LOW,No rule-based risk condition triggered,False,-0.0518,Normal,Isolation Forest,1.97,7.45,LOW,No significant risk indicator detected,LOW
,Asansol,,Krishna Pant,W11660,,Drainage System,Public Works Department,9.63,,,,,,,,,Completed,11.092623079834985,synthetic,Synthetic Test Data,,,False,,,False,,,,False,False,W11660,11.09,LOW,No rule-based risk condition triggered,False,-0.0326,Normal,Isolation Forest,42.97,23.84,LOW,No significant risk indicator detected,LOW
,Pune,,Ria Ratta,W10541,,Public Toilet Complex,Zilla Panchayat,7.62,,,,,,,,,Ongoing,11.072413817951409,synthetic,Synthetic Test Data,,,False,,,False,,,,False,False,W10541,11.07,LOW,No rule-based risk condition triggered,False,-0.0331,Normal,Isolation Forest,40.7,22.92,LOW,No significant risk indicator detected,LOW
,Kanpur,,Widisha Yohannan,W11202,,Road Construction,District Rural Development Agency,14.92,,,,,,,,,Completed,11.068985350254316,synthetic,Synthetic Test Data,,,False,,,False,,,,False,False,W11202,11.07,LOW,No rule-based risk condition triggered,False,-0.0166,Normal,Isolation Forest,85.48,40.83,MEDIUM,No significant risk indicator detected,MEDIUM
,Kanpur,,Triya Khatri,W12817,,Public Toilet Complex,District Rural Development Agency,5.7,,,,,,,,,Completed,11.056654296412976,synthetic,Synthetic Test Data,,,False,,,False,,,,False,False,W12817,11.06,LOW,No rule-based risk condition triggered,False,-0.0358,Normal,Isolation Forest,29.37,18.38,LOW,No significant risk indicator detected,LOW
,Mysuru,,Christopher Kadakia,W11518,,Drinking Water Supply,Municipal Corporation,17.75,,,,,,,,,Completed,11.05396284,synthetic,Synthetic Test Data,,,False,,,False,,,,False,False,W11518,11.05,LOW,No rule-based risk condition triggered,False,-0.0233,Normal,Isolation Forest,75.0,36.63,LOW,No significant risk indicator detected,LOW
,Salem,,Owen Bala,W10667,,Public Toilet Complex,Zilla Panchayat,7.62,,,,,,,,,Completed,11.0530007401172,synthetic,Synthetic Test Data,,,False,,,False,,,,False,False,W10667,11.05,LOW,No rule-based risk condition triggered,False,-0.0462,Normal,Isolation Forest,5.42,8.8,LOW,No significant risk indicator detected,LOW
,Chennai,,Eesha Memon,W12952,,Street Lighting,Zilla Panchayat,5.88,,,,,,,,,Completed,11.038900378688457,synthetic,Synthetic Test Data,,,False,,,False,,,,False,False,W12952,11.04,LOW,No rule-based risk condition triggered,False,-0.0353,Normal,Isolation Forest,31.13,19.08,LOW,No significant risk indicator detected,LOW
,Kanpur,,Gaurav Chandra,W11903,,Drainage System,District Rural Development Agency,11.57,,,,,,,,,Completed,11.033380699750644,synthetic,Synthetic Test Data,,,False,,,False,,,,False,False,W11903,11.03,LOW,No rule-based risk condition triggered,False,-0.0378,Normal,Isolation Forest,22.72,15.71,LOW,No significant risk indicator detected,LOW
,Agra,,Meera Banerjee,W12174,,Road Construction,State Housing Board,8.85,,,,,,,,,Completed,11.030906271446431,synthetic,Synthetic Test Data,,,False,,,False,,,,False,False,W12174,11.03,LOW,No rule-based risk condition triggered,False,-0.0276,Normal,Isolation Forest,63.3,31.94,LOW,No significant risk indicator detected,LOW
,Coimbatore,,Vanya Suresh,W10172,,Street Lighting,District Rural Development Agency,3.08,,,,,,,,,Completed,11.028459210793809,synthetic,Synthetic Test Data,,,False,,,False,,,,False,False,W10172,11.03,LOW,No rule-based risk condition triggered,False,-0.0301,Normal,Isolation Forest,53.48,28.01,LOW,No significant risk indicator detected,LOW
,Mysuru,,Varsha Morar,W12961,,Public Toilet Complex,Zilla Panchayat,3.79,,,,,,,,,Completed,11.02197581074008,synthetic,Synthetic Test Data,,,False,,,False,,,,False,False,W12961,11.02,LOW,No rule-based risk condition triggered,False,-0.0483,Normal,Isolation Forest,3.95,8.19,LOW,No significant risk indicator detected,LOW
,Kanpur,,Yamini Chand,W10923,,Drinking Water Supply,Municipal Corporation,14.33,,,,,,,,,Completed,11.02042712977594,synthetic,Synthetic Test Data,,,False,,,False,,,,False,False,W10923,11.02,LOW,No rule-based risk condition triggered,False,-0.033,Normal,Isolation Forest,41.18,23.08,LOW,No significant risk indicator detected,LOW
,Asansol,,Christopher Kadakia,W10026,,School Building Repair,Public Works Department,5.28,,,,,,,,,Completed,11.017208094460663,synthetic,Synthetic Test Data,,,False,,,False,,,,False,False,W10026,11.02,LOW,No rule-based risk condition triggered,False,-0.0382,Normal,Isolation Forest,21.82,15.34,LOW,No significant risk indicator detected,LOW
,Dharwad,,Krishna Pant,W11620,,Drinking Water Supply,District Rural Development Agency,12.7,,,,,,,,,Completed,11.014561872341398,synthetic,Synthetic Test Data,,,False,,,False,,,,False,False,W11620,11.01,LOW,No rule-based risk condition triggered,False,-0.0337,Normal,Isolation Forest,37.93,21.78,LOW,No significant risk indicator detected,LOW
,Chennai,,Gaurav Chandra,W11730,,Public Toilet Complex,Municipal Corporation,7.6,,,,,,,,,Completed,11.003145172199469,synthetic,Synthetic Test Data,,,False,,,False,,,,False,False,W11730,11.0,LOW,No rule-based risk condition triggered,False,-0.0366,Normal,Isolation Forest,26.03,17.01,LOW,No significant risk indicator detected,LOW
,Varanasi,,Yug Choudhry,W10035,,Road Construction,Public Works Department,5.12,,,,,,,,,Completed,10.99426090945794,synthetic,Synthetic Test Data,,,False,,,False,,,,False,False,W10035,10.99,LOW,No rule-based risk condition triggered,False,-0.0329,Normal,Isolation Forest,41.65,23.25,LOW,No significant risk indicator detected,LOW
,Lucknow,,Widisha Yohannan,W12251,,Drinking Water Supply,Zilla Panchayat,19.52,,,,,,,,,Ongoing,10.993321593733544,synthetic,Synthetic Test Data,,,False,,,False,,,,False,False,W12251,10.99,LOW,No rule-based risk condition triggered,False,-0.028,Normal,Isolation Forest,61.57,31.22,LOW,No significant risk indicator detected,LOW
,Mysuru,,Tanish Iyer,W10980,,Road Construction,Zilla Panchayat,15.26,,,,,,,,,Completed,10.983913740740322,synthetic,Synthetic Test Data,,,False,,,False,,,,False,False,W10980,10.98,LOW,No rule-based risk condition triggered,False,-0.0397,Normal,Isolation Forest,17.3,13.51,LOW,No significant risk indicator detected,LOW
,Varanasi,,Ria Ratta,W10158,,Drainage System,State Housing Board,4.92,,,,,,,,,Completed,10.98241620513507,synthetic,Synthetic Test Data,,,False,,,False,,,,False,False,W10158,10.98,LOW,No rule-based risk condition triggered,False,-0.0334,Normal,Isolation Forest,39.33,22.32,LOW,No significant risk indicator detected,LOW
,Agra,,Eesha Memon,W11545,,Drinking Water Supply,Zilla Panchayat,4.65,,,,,,,,,Completed,10.978451919727007,synthetic,Synthetic Test Data,,,False,,,False,,,,False,False,W11545,10.98,LOW,No rule-based risk condition triggered,False,-0.035,Normal,Isolation Forest,32.23,19.48,LOW,No significant risk indicator detected,LOW
,Asansol,,Pallavi Krish,W10746,,Drinking Water Supply,Public Works Department,15.17,,,,,,,,,Completed,10.973979892386788,synthetic,Synthetic Test Data,,,False,,,False,,,,False,False,W10746,10.97,LOW,No rule-based risk condition triggered,False,-0.031,Normal,Isolation Forest,50.17,26.65,LOW,No significant risk indicator detected,LOW
,Dharwad,,Lucky Prashad,W10964,,Public Toilet Complex,Public Works Department,4.8,,,,,,,,,Completed,10.969806053140006,synthetic,Synthetic Test Data,,,False,,,False,,,,False,False,W10964,10.97,LOW,No rule-based risk condition triggered,False,-0.0418,Normal,Isolation Forest,10.92,10.95,LOW,No significant risk indicator detected,LOW
,Kolkata,,Krishna Pant,W12585,,School Building Repair,Public Works Department,7.7,,,,,,,,,Ongoing,10.968868272954744,synthetic,Synthetic Test Data,,,False,,,False,,,,False,False,W12585,10.97,LOW,No rule-based risk condition triggered,False,-0.0366,Normal,Isolation Forest,26.03,16.99,LOW,No significant risk indicator detected,LOW
,Madurai,,Vrinda Biswas,W11325,,Road Construction,State Housing Board,16.95,,,,,,,,,Completed,10.940145094293952,synthetic,Synthetic Test Data,,,False,,,False,,,,False,False,W11325,10.94,LOW,No rule-based risk condition triggered,False,-0.0248,Normal,Isolation Forest,71.5,35.16,LOW,No significant risk indicator detected,LOW
,Kolkata,,Krishna Pant,W10758,,Drainage System,Zilla Panchayat,3.47,,,,,,,,,Completed,10.93371846138981,synthetic,Synthetic Test Data,,,False,,,False,,,,False,False,W10758,10.93,LOW,No rule-based risk condition triggered,False,-0.0403,Normal,Isolation Forest,15.43,12.73,LOW,No significant risk indicator detected,LOW
,Asansol,,Varsha Morar,W12490,,School Building Repair,Municipal Corporation,10.07,,,,,,,,,Completed,10.92808743253046,synthetic,Synthetic Test Data,,,False,,,False,,,,False,False,W12490,10.93,LOW,No rule-based risk condition triggered,False,-0.0332,Normal,Isolation Forest,40.32,22.69,LOW,No significant risk indicator detected,LOW
,Belagavi,,Ekansh Sami,W12638,,Street Lighting,Municipal Corporation,3.24,,,,,,,,,Ongoing,10.915947050460865,synthetic,Synthetic Test Data,,,False,,,False,,,,False,False,W12638,10.92,LOW,No rule-based risk condition triggered,False,-0.0214,Normal,Isolation Forest,78.1,37.79,LOW,No significant risk indicator detected,LOW
,Asansol,,Odika Naik,W10636,,Road Construction,Zilla Panchayat,25.73,,,,,,,,,Completed,10.914135133458794,synthetic,Synthetic Test Data,,,False,,,False,,,,False,False,W10636,10.91,LOW,No rule-based risk condition triggered,False,-0.0357,Normal,Isolation Forest,29.8,18.47,LOW,No significant risk indicator detected,LOW
,Darjeeling,,Yutika Rana,W12887,,School Building Repair,Municipal Corporation,4.94,,,,,,,,,Completed,10.905243813197806,synthetic,Synthetic Test Data,,,False,,,False,,,,False,False,W12887,10.91,LOW,No rule-based risk condition triggered,False,-0.0304,Normal,Isolation Forest,52.4,27.51,LOW,No significant risk indicator detected,LOW
,Agra,,Ishwar Boase,W10590,,School Building Repair,Public Works Department,4.97,,,,,,,,,Completed,10.861801151670353,synthetic,Synthetic Test Data,,,False,,,False,,,,False,False,W10590,10.86,LOW,No rule-based risk condition triggered,False,-0.0363,Normal,Isolation Forest,27.15,17.38,LOW,No significant risk indicator detected,LOW
,Mysuru,,Eesha Memon,W12161,,Road Construction,Zilla Panchayat,13.88,,,,,,,,,Completed,10.837238792217631,synthetic,Synthetic Test Data,,,False,,,False,,,,False,False,W12161,10.84,LOW,No rule-based risk condition triggered,False,-0.0398,Normal,Isolation Forest,16.93,13.28,LOW,No significant risk indicator detected,LOW
,Thane,,Gaurav Chandra,W11107,,Drainage System,Zilla Panchayat,4.09,,,,,,,,,Completed,10.833381403310836,synthetic,Synthetic Test Data,,,False,,,False,,,,False,False,W11107,10.83,LOW,No rule-based risk condition triggered,False,-0.0451,Normal,Isolation Forest,6.97,9.29,LOW,No significant risk indicator detected,LOW
,Dharwad,,Lucky Prashad,W12924,,Drainage System,Zilla Panchayat,12.38,,,,,,,,,Completed,10.81415124547227,synthetic,Synthetic Test Data,,,False,,,False,,,,False,False,W12924,10.81,LOW,No rule-based risk condition triggered,False,-0.0488,Normal,Isolation Forest,3.82,8.01,LOW,No significant risk indicator detected,LOW
,Nagpur,,Gaurav Chandra,W10011,,Drainage System,State Housing Board,13.21,,,,,,,,,Completed,10.811301691020011,synthetic,Synthetic Test Data,,,False,,,False,,,,False,False,W10011,10.81,LOW,No rule-based risk condition triggered,False,-0.0395,Normal,Isolation Forest,18.02,13.69,LOW,No significant risk indicator detected,LOW
,Asansol,,Ronith Zachariah,W12019,,Street Lighting,Public Works Department,3.64,,,,,,,,,Ongoing,10.810016933990047,synthetic,Synthetic Test Data,,,False,,,False,,,,False,False,W12019,10.81,LOW,No rule-based risk condition triggered,False,-0.0375,Normal,Isolation Forest,23.62,15.93,LOW,No significant risk indicator detected,LOW
,Nashik,,Onveer Kata,W12028,,Drinking Water Supply,District Rural Development Agency,14.4,,,,,,,,,Completed,10.802761130612597,synthetic,Synthetic Test Data,,,False,,,False,,,,False,False,W12028,10.8,LOW,No rule-based risk condition triggered,False,-0.0333,Normal,Isolation Forest,39.88,22.43,LOW,No significant risk indicator detected,LOW
,Chennai,,Meera Banerjee,W11264,,School Building Repair,Municipal Corporation,6.57,,,,,,,,,Completed,10.794045811846344,synthetic,Synthetic Test Data,,,False,,,False,,,,False,False,W11264,10.79,LOW,No rule-based risk condition triggered,False,-0.0356,Normal,Isolation Forest,30.08,18.51,LOW,No significant risk indicator detected,LOW
,Mysuru,,Lucky Prashad,W11668,,Drinking Water Supply,Zilla Panchayat,12.77,,,,,,,,,Completed,10.791559740576618,synthetic,Synthetic Test Data,,,False,,,False,,,,False,False,W11668,10.79,LOW,No rule-based risk condition triggered,False,-0.0455,Normal,Isolation Forest,6.45,9.05,LOW,No significant risk indicator detected,LOW
,Darjeeling,,Triya Khatri,W10048,,Community Health Center,Public Works Department,27.67,,,,,,,,,Ongoing,10.77790458161224,synthetic,Synthetic Test Data,,,False,,,False,,,,False,False,W10048,10.78,LOW,No rule-based risk condition triggered,False,-0.0246,Normal,Isolation Forest,72.25,35.37,LOW,No significant risk indicator detected,LOW
,Pune,,Yutika Rana,W10933,,Public Toilet Complex,District Rural Development Agency,5.32,,,,,,,,,Completed,10.76961996880442,synthetic,Synthetic Test Data,,,False,,,False,,,,False,False,W10933,10.77,LOW,No rule-based risk condition triggered,False,-0.0349,Normal,Isolation Forest,32.65,19.52,LOW,No significant risk indicator detected,LOW
,Belagavi,,Advaith Gole,W10008,,Community Health Center,Public Works Department,20.71,,,,,,,,,Ongoing,10.753446130150085,synthetic,Synthetic Test Data,,,False,,,False,,,,False,False,W10008,10.75,LOW,No rule-based risk condition triggered,False,-0.0312,Normal,Isolation Forest,49.25,26.15,LOW,No significant risk indicator detected,LOW
,Bengaluru Urban,,Eesha Memon,W11790,,Public Toilet Complex,Zilla Panchayat,4.82,,,,,,,,,Completed,10.74674157656357,synthetic,Synthetic Test Data,,,False,,,False,,,,False,False,W11790,10.75,LOW,No rule-based risk condition triggered,False,-0.0531,Normal,Isolation Forest,1.2,6.93,LOW,No significant risk indicator detected,LOW
,Coimbatore,,Owen Bansal,W10391,,Community Health Center,State Housing Board,22.09,,,,,,,,,Completed,10.73257891459163,synthetic,Synthetic Test Data,,,False,,,False,,,,False,False,W10391,10.73,LOW,No rule-based risk condition triggered,False,-0.0253,Normal,Isolation Forest,69.92,34.41,LOW,No significant risk indicator detected,LOW
,Nashik,,Azaan Gupta,W11638,,Community Health Center,Public Works Department,27.99,,,,,,,,,Completed,10.732475438965109,synthetic,Synthetic Test Data,,,False,,,False,,,,False,False,W11638,10.73,LOW,No rule-based risk condition triggered,False,-0.0211,Normal,Isolation Forest,78.95,38.02,LOW,No significant risk indicator detected,LOW
,Kanpur,,Owen Bansal,W12824,,School Building Repair,Zilla Panchayat,13.1,,,,,,,,,Completed,10.727113186071191,synthetic,Synthetic Test Data,,,False,,,False,,,,False,False,W12824,10.73,LOW,No rule-based risk condition triggered,False,-0.0453,Normal,Isolation Forest,6.77,9.15,LOW,No significant risk indicator detected,LOW
,Coimbatore,,Bachittar Choudhry,W12311,,Public Toilet Complex,Municipal Corporation,7.2,,,,,,,,,Completed,10.719557128285343,synthetic,Synthetic Test Data,,,False,,,False,,,,False,False,W12311,10.72,LOW,No rule-based risk condition triggered,False,-0.0394,Normal,Isolation Forest,18.43,13.8,LOW,No significant risk indicator detected,LOW
,Agra,,Christopher Kadakia,W11235,,Community Health Center,Public Works Department,11.78,,,,,,,,,Completed,10.712015686005545,synthetic,Synthetic Test Data,,,False,,,False,,,,False,False,W11235,10.71,LOW,No rule-based risk condition triggered,False,-0.027,Normal,Isolation Forest,65.32,32.55,LOW,No significant risk indicator detected,LOW
,Agra,,Christopher Kadakia,W12497,,Public Toilet Complex,Zilla Panchayat,2.22,,,,,,,,,Completed,10.700323171292128,synthetic,Synthetic Test Data,,,False,,,False,,,,False,False,W12497,10.7,LOW,No rule-based risk condition triggered,False,-0.0391,Normal,Isolation Forest,19.33,14.15,LOW,No significant risk indicator detected,LOW
,Bengaluru Urban,,Yutika Rana,W12092,,Drainage System,Public Works Department,8.16,,,,,,,,,Completed,10.681221631654344,synthetic,Synthetic Test Data,,,False,,,False,,,,False,False,W12092,10.68,LOW,No rule-based risk condition triggered,False,-0.0298,Normal,Isolation Forest,54.83,28.34,LOW,No significant risk indicator detected,LOW
,Lucknow,,Nicholas Gour,W11611,,Street Lighting,State Housing Board,3.72,,,,,,,,,Completed,10.68092092831455,synthetic,Synthetic Test Data,,,False,,,False,,,,False,False,W11611,10.68,LOW,No rule-based risk condition triggered,False,-0.0352,Normal,Isolation Forest,31.5,19.01,LOW,No significant risk indicator detected,LOW
,Belagavi,,Jagat Mangat,W10497,,School Building Repair,Public Works Department,10.86,,,,,,,,,Completed,10.674454964095302,synthetic,Synthetic Test Data,,,False,,,False,,,,False,False,W10497,10.67,LOW,No rule-based risk condition triggered,False,-0.0389,Normal,Isolation Forest,19.63,14.25,LOW,No significant risk indicator detected,LOW
,Howrah,,Yug Choudhry,W10571,,Street Lighting,State Housing Board,4.08,,,,,,,,,Completed,10.668248956678122,synthetic,Synthetic Test Data,,,False,,,False,,,,False,False,W10571,10.67,LOW,No rule-based risk condition triggered,False,-0.0362,Normal,Isolation Forest,27.6,17.44,LOW,No significant risk indicator detected,LOW
,Darjeeling,,Leena Butala,W12214,,Public Toilet Complex,State Housing Board,4.13,,,,,,,,,Completed,10.665189923923098,synthetic,Synthetic Test Data,,,False,,,False,,,,False,False,W12214,10.67,LOW,No rule-based risk condition triggered,False,-0.0333,Normal,Isolation Forest,39.88,22.35,LOW,No significant risk indicator detected,LOW
,Asansol,,Yug Choudhry,W10257,,Road Construction,Municipal Corporation,5.59,,,,,,,,,Completed,10.659317196234475,synthetic,Synthetic Test Data,,,False,,,False,,,,False,False,W10257,10.66,LOW,No rule-based risk condition triggered,False,-0.0156,Normal,Isolation Forest,86.37,40.94,MEDIUM,No significant risk indicator detected,MEDIUM
,Dharwad,,Sanya Swamy,W12503,,Drainage System,Municipal Corporation,13.39,,,,,,,,,Ongoing,10.650591776656787,synthetic,Synthetic Test Data,,,False,,,False,,,,False,False,W12503,10.65,LOW,No rule-based risk condition triggered,False,-0.0323,Normal,Isolation Forest,44.33,24.12,LOW,No significant risk indicator detected,LOW
,Nashik,,Krishna Pant,W12356,,Drinking Water Supply,Municipal Corporation,17.23,,,,,,,,,Ongoing,10.640999824223403,synthetic,Synthetic Test Data,,,False,,,False,,,,False,False,W12356,10.64,LOW,No rule-based risk condition triggered,False,-0.018,Normal,Isolation Forest,83.83,39.92,LOW,No significant risk indicator detected,LOW
,Chennai,,Owen Bansal,W11246,,Street Lighting,District Rural Development Agency,2.17,,,,,,,,,Completed,10.617444310923318,synthetic,Synthetic Test Data,,,False,,,False,,,,False,False,W11246,10.62,LOW,No rule-based risk condition triggered,False,-0.0274,Normal,Isolation Forest,63.97,31.96,LOW,No significant risk indicator detected,LOW
,Salem,,Ekansh Sami,W10383,,Street Lighting,Public Works Department,4.23,,,,,,,,,Completed,10.61190319889126,synthetic,Synthetic Test Data,,,False,,,False,,,,False,False,W10383,10.61,LOW,No rule-based risk condition triggered,False,-0.026,Normal,Isolation Forest,68.0,33.57,LOW,No significant risk indicator detected,LOW
,Salem,,Ishwar Boase,W10796,,Community Health Center,Public Works Department,15.21,,,,,,,,,Ongoing,10.594055407431252,synthetic,Synthetic Test Data,,,False,,,False,,,,False,False,W10796,10.59,LOW,No rule-based risk condition triggered,False,-0.0309,Normal,Isolation Forest,50.5,26.55,LOW,No significant risk indicator detected,LOW
,Howrah,,Jagat Mangat,W11443,,School Building Repair,Public Works Department,5.63,,,,,,,,,Completed,10.557291883859651,synthetic,Synthetic Test Data,,,False,,,False,,,,False,False,W11443,10.56,LOW,No rule-based risk condition triggered,False,-0.0393,Normal,Isolation Forest,18.72,13.82,LOW,No significant risk indicator detected,LOW
,Kanpur,,Christopher Kadakia,W11842,,Drainage System,Public Works Department,12.44,,,,,,,,,Completed,10.550736100247384,synthetic,Synthetic Test Data,,,False,,,False,,,,False,False,W11842,10.55,LOW,No rule-based risk condition triggered,False,-0.0335,Normal,Isolation Forest,38.83,21.86,LOW,No significant risk indicator detected,LOW
,Belagavi,,Ishwar Boase,W11567,,Public Toilet Complex,Municipal Corporation,4.86,,,,,,,,,Completed,10.528399283370316,synthetic,Synthetic Test Data,,,False,,,False,,,,False,False,W11567,10.53,LOW,No rule-based risk condition triggered,False,-0.0407,Normal,Isolation Forest,14.47,12.11,LOW,No significant risk indicator detected,LOW
,Dharwad,,Ishwar Boase,W11201,,Drinking Water Supply,Zilla Panchayat,14.68,,,,,,,,,Completed,10.52297746089963,synthetic,Synthetic Test Data,,,False,,,False,,,,False,False,W11201,10.52,LOW,No rule-based risk condition triggered,False,-0.0417,Normal,Isolation Forest,11.27,10.82,LOW,No significant risk indicator detected,LOW
,Mysuru,,Yadavi Deshmukh,W10938,,Community Health Center,Zilla Panchayat,12.56,,,,,,,,,Ongoing,10.515747287177383,synthetic,Synthetic Test Data,,,False,,,False,,,,False,False,W10938,10.52,LOW,No rule-based risk condition triggered,False,-0.0279,Normal,Isolation Forest,61.97,31.1,LOW,No significant risk indicator detected,LOW
,Nashik,,Nicholas Gour,W10077,,School Building Repair,State Housing Board,6.63,,,,,,,,,Completed,10.514163844524097,synthetic,Synthetic Test Data,,,False,,,False,,,,False,False,W10077,10.51,LOW,No rule-based risk condition triggered,False,-0.0493,Normal,Isolation Forest,3.47,7.69,LOW,No significant risk indicator detected,LOW
,Asansol,,Varsha Morar,W12461,,Drinking Water Supply,Zilla Panchayat,17.06,,,,,,,,,Completed,10.506376042527585,synthetic,Synthetic Test Data,,,False,,,False,,,,False,False,W12461,10.51,LOW,No rule-based risk condition triggered,False,-0.0348,Normal,Isolation Forest,33.15,19.57,LOW,No significant risk indicator detected,LOW
,Bengaluru Urban,,Yadavi Deshmukh,W12012,,Drainage System,State Housing Board,15.7,,,,,,,,,Completed,10.503653481429744,synthetic,Synthetic Test Data,,,False,,,False,,,,False,False,W12012,10.5,LOW,No rule-based risk condition triggered,False,-0.0291,Normal,Isolation Forest,57.93,29.47,LOW,No significant risk indicator detected,LOW
,Chennai,,Christopher Kadakia,W10604,,School Building Repair,State Housing Board,13.25,,,,,,,,,Ongoing,10.490950065854504,synthetic,Synthetic Test Data,,,False,,,False,,,,False,False,W10604,10.49,LOW,No rule-based risk condition triggered,False,-0.0262,Normal,Isolation Forest,67.45,33.27,LOW,No significant risk indicator detected,LOW
,Dharwad,,Eesha Memon,W10664,,Drinking Water Supply,Municipal Corporation,7.51,,,,,,,,,Completed,10.489186088002985,synthetic,Synthetic Test Data,,,False,,,False,,,,False,False,W10664,10.49,LOW,No rule-based risk condition triggered,False,-0.0295,Normal,Isolation Forest,56.2,28.77,LOW,No significant risk indicator detected,LOW
,Kanpur,,Ria Ratta,W12112,,Public Toilet Complex,Public Works Department,4.36,,,,,,,,,Completed,10.486264280299432,synthetic,Synthetic Test Data,,,False,,,False,,,,False,False,W12112,10.49,LOW,No rule-based risk condition triggered,False,-0.0408,Normal,Isolation Forest,14.02,11.9,LOW,No significant risk indicator detected,LOW
,Madurai,,Gabriel Thaman,W11226,,School Building Repair,District Rural Development Agency,7.12,,,,,,,,,Completed,10.486116777812107,synthetic,Synthetic Test Data,,,False,,,False,,,,False,False,W11226,10.49,LOW,No rule-based risk condition triggered,False,-0.0294,Normal,Isolation Forest,56.62,28.94,LOW,No significant risk indicator detected,LOW
,Bengaluru Urban,,Yamini Chand,W12360,,Street Lighting,Municipal Corporation,3.63,,,,,,,,,Completed,10.476561346987696,synthetic,Synthetic Test Data,,,False,,,False,,,,False,False,W12360,10.48,LOW,No rule-based risk condition triggered,False,-0.0155,Normal,Isolation Forest,86.47,40.88,MEDIUM,No significant risk indicator detected,MEDIUM
,Thane,,Yadavi Deshmukh,W10927,,School Building Repair,Public Works Department,5.72,,,,,,,,,Completed,10.46613992838954,synthetic,Synthetic Test Data,,,False,,,False,,,,False,False,W10927,10.47,LOW,No rule-based risk condition triggered,False,-0.0414,Normal,Isolation Forest,12.02,11.09,LOW,No significant risk indicator detected,LOW
,Bengaluru Urban,,Rayaan Mand,W10341,,School Building Repair,Municipal Corporation,12.69,,,,,,,,,Ongoing,10.46055813705842,synthetic,Synthetic Test Data,,,False,,,False,,,,False,False,W10341,10.46,LOW,No rule-based risk condition triggered,False,-0.0285,Normal,Isolation Forest,60.0,30.28,LOW,No significant risk indicator detected,LOW
,Howrah,,Widisha Yohannan,W10622,,School Building Repair,Zilla Panchayat,11.69,,,,,,,,,Completed,10.458980635947626,synthetic,Synthetic Test Data,,,False,,,False,,,,False,False,W10622,10.46,LOW,No rule-based risk condition triggered,False,-0.0497,Normal,Isolation Forest,3.12,7.52,LOW,No significant risk indicator detected,LOW
,Chennai,,Gaurav Chandra,W12615,,Public Toilet Complex,Municipal Corporation,4.25,,,,,,,,,Completed,10.446616761610166,synthetic,Synthetic Test Data,,,False,,,False,,,,False,False,W12615,10.45,LOW,No rule-based risk condition triggered,False,-0.037,Normal,Isolation Forest,24.75,16.17,LOW,No significant risk indicator detected,LOW
,Darjeeling,,Bachittar Choudhry,W11361,,Drinking Water Supply,State Housing Board,13.85,,,,,,,,,Completed,10.446359591028546,synthetic,Synthetic Test Data,,,False,,,False,,,,False,False,W11361,10.45,LOW,No rule-based risk condition triggered,False,-0.0302,Normal,Isolation Forest,53.15,27.53,LOW,No significant risk indicator detected,LOW
,Salem,,Christopher Kadakia,W10516,,Drinking Water Supply,State Housing Board,8.02,,,,,,,,,Completed,10.446302143431826,synthetic,Synthetic Test Data,,,False,,,False,,,,False,False,W10516,10.45,LOW,No rule-based risk condition triggered,False,-0.029,Normal,Isolation Forest,58.33,29.6,LOW,No significant risk indicator detected,LOW
,Belagavi,,Leena Butala,W12240,,School Building Repair,State Housing Board,11.98,,,,,,,,,Completed,10.410861234125669,synthetic,Synthetic Test Data,,,False,,,False,,,,False,False,W12240,10.41,LOW,No rule-based risk condition triggered,False,-0.0412,Normal,Isolation Forest,12.82,11.37,LOW,No significant risk indicator detected,LOW
,Dharwad,,Onveer Kata,W10095,,Road Construction,Public Works Department,27.67,,,,,,,,,Ongoing,10.41004937269364,synthetic,Synthetic Test Data,,,False,,,False,,,,False,False,W10095,10.41,LOW,No rule-based risk condition triggered,False,-0.0279,Normal,Isolation Forest,61.97,31.03,LOW,No significant risk indicator detected,LOW
,Lucknow,,Pallavi Krish,W11589,,Road Construction,District Rural Development Agency,12.0,,,,,,,,,Completed,10.403570590141172,synthetic,Synthetic Test Data,,,False,,,False,,,,False,False,W11589,10.4,LOW,No rule-based risk condition triggered,False,-0.0175,Normal,Isolation Forest,84.55,40.06,MEDIUM,No significant risk indicator detected,MEDIUM
,Belagavi,,Bachittar Choudhry,W12088,,Public Toilet Complex,Zilla Panchayat,4.01,,,,,,,,,Completed,10.393673810757596,synthetic,Synthetic Test Data,,,False,,,False,,,,False,False,W12088,10.39,LOW,No rule-based risk condition triggered,False,-0.0502,Normal,Isolation Forest,2.78,7.35,LOW,No significant risk indicator detected,LOW
,Nashik,,Ronith Zachariah,W11798,,Drinking Water Supply,Public Works Department,12.7,,,,,,,,,Completed,10.392912734245058,synthetic,Synthetic Test Data,,,False,,,False,,,,False,False,W11798,10.39,LOW,No rule-based risk condition triggered,False,-0.0358,Normal,Isolation Forest,29.37,17.98,LOW,No significant risk indicator detected,LOW
,Chennai,,Christopher Kadakia,W11218,,Street Lighting,State Housing Board,3.88,,,,,,,,,Completed,10.38404981125687,synthetic,Synthetic Test Data,,,False,,,False,,,,False,False,W11218,10.38,LOW,No rule-based risk condition triggered,False,-0.0354,Normal,Isolation Forest,30.77,18.54,LOW,No significant risk indicator detected,LOW
,Coimbatore,,Vanya Suresh,W11426,,School Building Repair,Public Works Department,12.28,,,,,,,,,Completed,10.3770771,synthetic,Synthetic Test Data,,,False,,,False,,,,False,False,W11426,10.38,LOW,No rule-based risk condition triggered,False,-0.0365,Normal,Isolation Forest,26.27,16.74,LOW,No significant risk indicator detected,LOW
,Chennai,,Ria Ratta,W10972,,Public Toilet Complex,Zilla Panchayat,4.31,,,,,,,,,Completed,10.353513259760222,synthetic,Synthetic Test Data,,,False,,,False,,,,False,False,W10972,10.35,LOW,No rule-based risk condition triggered,False,-0.0532,Normal,Isolation Forest,1.15,6.67,LOW,No significant risk indicator detected,LOW
,Varanasi,,Yadavi Deshmukh,W10881,,School Building Repair,Municipal Corporation,10.95,,,,,,,,,Completed,10.341731541864872,synthetic,Synthetic Test Data,,,False,,,False,,,,False,False,W10881,10.34,LOW,No rule-based risk condition triggered,False,-0.0312,Normal,Isolation Forest,49.25,25.9,LOW,No significant risk indicator detected,LOW
,Darjeeling,,Ria Ratta,W10731,,Street Lighting,Zilla Panchayat,3.4,,,,,,,,,Completed,10.33984224,synthetic,Synthetic Test Data,,,False,,,False,,,,False,False,W10731,10.34,LOW,No rule-based risk condition triggered,False,-0.0408,Normal,Isolation Forest,14.02,11.81,LOW,No significant risk indicator detected,LOW
,Varanasi,,Sanya Swamy,W11015,,Street Lighting,Municipal Corporation,5.55,,,,,,,,,Ongoing,10.336669515831057,synthetic,Synthetic Test Data,,,False,,,False,,,,False,False,W11015,10.34,LOW,No rule-based risk condition triggered,False,-0.0205,Normal,Isolation Forest,80.07,38.23,LOW,No significant risk indicator detected,LOW
,Pune,,Yadavi Deshmukh,W12941,,Drinking Water Supply,District Rural Development Agency,19.88,,,,,,,,,Ongoing,10.329809131102955,synthetic,Synthetic Test Data,,,False,,,False,,,,False,False,W12941,10.33,LOW,No rule-based risk condition triggered,False,-0.0155,Normal,Isolation Forest,86.47,40.79,MEDIUM,No significant risk indicator detected,MEDIUM
,Varanasi,,Widisha Yohannan,W10814,,Public Toilet Complex,Public Works Department,6.52,,,,,,,,,Completed,10.323871751881873,synthetic,Synthetic Test Data,,,False,,,False,,,,False,False,W10814,10.32,LOW,No rule-based risk condition triggered,False,-0.0413,Normal,Isolation Forest,12.42,11.16,LOW,No significant risk indicator detected,LOW
,Asansol,,Varsha Morar,W10224,,School Building Repair,Zilla Panchayat,13.21,,,,,,,,,Completed,10.30728215968842,synthetic,Synthetic Test Data,,,False,,,False,,,,False,False,W10224,10.31,LOW,No rule-based risk condition triggered,False,-0.0446,Normal,Isolation Forest,7.4,9.15,LOW,No significant risk indicator detected,LOW
,Agra,,Yadavi Deshmukh,W12874,,Public Toilet Complex,Zilla Panchayat,2.85,,,,,,,,,Completed,10.304249045747865,synthetic,Synthetic Test Data,,,False,,,False,,,,False,False,W12874,10.3,LOW,No rule-based risk condition triggered,False,-0.0405,Normal,Isolation Forest,15.08,12.21,LOW,No significant risk indicator detected,LOW
,Lucknow,,Hemang Bava,W12619,,Drinking Water Supply,District Rural Development Agency,14.99,,,,,,,,,Completed,10.30407289148292,synthetic,Synthetic Test Data,,,False,,,False,,,,False,False,W12619,10.3,LOW,No rule-based risk condition triggered,False,-0.0317,Normal,Isolation Forest,47.08,25.01,LOW,No significant risk indicator detected,LOW
,Salem,,Ronith Zachariah,W12692,,Public Toilet Complex,Municipal Corporation,7.43,,,,,,,,,Completed,10.29460456781983,synthetic,Synthetic Test Data,,,False,,,False,,,,False,False,W12692,10.29,LOW,No rule-based risk condition triggered,False,-0.0369,Normal,Isolation Forest,25.1,16.21,LOW,No significant risk indicator detected,LOW
,Kanpur,,Azaan Gupta,W12276,,School Building Repair,Public Works Department,14.27,,,,,,,,,Completed,10.29204195599172,synthetic,Synthetic Test Data,,,False,,,False,,,,False,False,W12276,10.29,LOW,No rule-based risk condition triggered,False,-0.031,Normal,Isolation Forest,50.17,26.24,LOW,No significant risk indicator detected,LOW
,Thane,,Jagat Mangat,W10402,,Drainage System,District Rural Development Agency,14.45,,,,,,,,,Completed,10.291793019102794,synthetic,Synthetic Test Data,,,False,,,False,,,,False,False,W10402,10.29,LOW,No rule-based risk condition triggered,False,-0.0299,Normal,Isolation Forest,54.43,27.95,LOW,No significant risk indicator detected,LOW
,Belagavi,,Yamini Chand,W10159,,Drinking Water Supply,Public Works Department,6.88,,,,,,,,,Completed,10.281667951715496,synthetic,Synthetic Test Data,,,False,,,False,,,,False,False,W10159,10.28,LOW,No rule-based risk condition triggered,False,-0.0324,Normal,Isolation Forest,43.83,23.7,LOW,No significant risk indicator detected,LOW
,Thane,,Yadavi Deshmukh,W12802,,Drinking Water Supply,Public Works Department,18.9,,,,,,,,,Completed,10.266640003954937,synthetic,Synthetic Test Data,,,False,,,False,,,,False,False,W12802,10.27,LOW,No rule-based risk condition triggered,False,-0.0183,Normal,Isolation Forest,83.43,39.53,LOW,No significant risk indicator detected,LOW
,Dharwad,,Ekansh Sami,W12862,,Drinking Water Supply,State Housing Board,16.59,,,,,,,,,Completed,10.261021598865115,synthetic,Synthetic Test Data,,,False,,,False,,,,False,False,W12862,10.26,LOW,No rule-based risk condition triggered,False,-0.0214,Normal,Isolation Forest,78.1,37.4,LOW,No significant risk indicator detected,LOW
,Kolkata,,Onveer Kata,W11318,,Street Lighting,Municipal Corporation,2.37,,,,,,,,,Completed,10.25445778703422,synthetic,Synthetic Test Data,,,False,,,False,,,,False,False,W11318,10.25,LOW,No rule-based risk condition triggered,False,-0.0134,Normal,Isolation Forest,88.53,41.56,MEDIUM,No significant risk indicator detected,MEDIUM
,Nashik,,Triya Khatri,W12128,,Drainage System,District Rural Development Agency,13.76,,,,,,,,,Completed,10.252436225243745,synthetic,Synthetic Test Data,,,False,,,False,,,,False,False,W12128,10.25,LOW,No rule-based risk condition triggered,False,-0.0315,Normal,Isolation Forest,48.08,25.38,LOW,No significant risk indicator detected,LOW
,Nagpur,,Rayaan Mand,W12852,,Public Toilet Complex,Public Works Department,5.67,,,,,,,,,Completed,10.220988718073905,synthetic,Synthetic Test Data,,,False,,,False,,,,False,False,W12852,10.22,LOW,No rule-based risk condition triggered,False,-0.0432,Normal,Isolation Forest,8.97,9.72,LOW,No significant risk indicator detected,LOW
,Varanasi,,Owen Bala,W12653,,Drinking Water Supply,Municipal Corporation,16.03,,,,,,,,,Completed,10.209922347990414,synthetic,Synthetic Test Data,,,False,,,False,,,,False,False,W12653,10.21,LOW,No rule-based risk condition triggered,False,-0.0292,Normal,Isolation Forest,57.5,29.13,LOW,No significant risk indicator detected,LOW
,Dharwad,,Oliver Sarma,W12213,,Drinking Water Supply,Public Works Department,15.1,,,,,,,,,Ongoing,10.206796526509564,synthetic,Synthetic Test Data,,,False,,,False,,,,False,False,W12213,10.21,LOW,No rule-based risk condition triggered,False,-0.0303,Normal,Isolation Forest,52.8,27.25,LOW,No significant risk indicator detected,LOW
,Kolkata,,Yamini Chand,W12575,,Drainage System,Zilla Panchayat,7.06,,,,,,,,,Completed,10.186232017404558,synthetic,Synthetic Test Data,,,False,,,False,,,,False,False,W12575,10.19,LOW,No rule-based risk condition triggered,False,-0.0518,Normal,Isolation Forest,1.97,6.9,LOW,No significant risk indicator detected,LOW
,Dharwad,,Oliver Sarma,W11290,,Road Construction,State Housing Board,5.52,,,,,,,,,Ongoing,10.15498225321008,synthetic,Synthetic Test Data,,,False,,,False,,,,False,False,W11290,10.15,LOW,No rule-based risk condition triggered,False,-0.0227,Normal,Isolation Forest,75.73,36.38,LOW,No significant risk indicator detected,LOW
,Pune,,Pallavi Krish,W11016,,School Building Repair,Public Works Department,4.7,,,,,,,,,Ongoing,10.154284587245872,synthetic,Synthetic Test Data,,,False,,,False,,,,False,False,W11016,10.15,LOW,No rule-based risk condition triggered,False,-0.0292,Normal,Isolation Forest,57.5,29.09,LOW,No significant risk indicator detected,LOW
,Lucknow,,Varsha Morar,W11520,,Drainage System,Public Works Department,9.61,,,,,,,,,Ongoing,10.153704185665026,synthetic,Synthetic Test Data,,,False,,,False,,,,False,False,W11520,10.15,LOW,No rule-based risk condition triggered,False,-0.042,Normal,Isolation Forest,10.53,10.3,LOW,No significant risk indicator detected,LOW
,Nashik,,Gaurav Chandra,W10030,,Community Health Center,Municipal Corporation,15.24,,,,,,,,,Completed,10.151129650693145,synthetic,Synthetic Test Data,,,False,,,False,,,,False,False,W10030,10.15,LOW,No rule-based risk condition triggered,False,-0.0288,Normal,Isolation Forest,59.15,29.75,LOW,No significant risk indicator detected,LOW
,Belagavi,,Jagat Mangat,W10642,,Drainage System,Zilla Panchayat,3.47,,,,,,,,,Ongoing,10.138881418929728,synthetic,Synthetic Test Data,,,False,,,False,,,,False,False,W10642,10.14,LOW,No rule-based risk condition triggered,False,-0.0346,Normal,Isolation Forest,34.07,19.71,LOW,No significant risk indicator detected,LOW
,Coimbatore,,Tanish Iyer,W10740,,School Building Repair,District Rural Development Agency,4.56,,,,,,,,,Completed,10.12489080354335,synthetic,Synthetic Test Data,,,False,,,False,,,,False,False,W10740,10.12,LOW,No rule-based risk condition triggered,False,-0.0234,Normal,Isolation Forest,74.82,36.0,LOW,No significant risk indicator detected,LOW
,Lucknow,,Ishwar Boase,W12406,,School Building Repair,Zilla Panchayat,4.28,,,,,,,,,Completed,10.12439769,synthetic,Synthetic Test Data,,,False,,,False,,,,False,False,W12406,10.12,LOW,No rule-based risk condition triggered,False,-0.0496,Normal,Isolation Forest,3.23,7.36,LOW,No significant risk indicator detected,LOW
,Lucknow,,Odika Naik,W12813,,Drinking Water Supply,Municipal Corporation,12.55,,,,,,,,,Completed,10.123642203078562,synthetic,Synthetic Test Data,,,False,,,False,,,,False,False,W12813,10.12,LOW,No rule-based risk condition triggered,False,-0.0342,Normal,Isolation Forest,35.78,20.38,LOW,No significant risk indicator detected,LOW
,Nagpur,,Pallavi Krish,W11970,,Community Health Center,State Housing Board,21.36,,,,,,,,,Ongoing,10.109617360230168,synthetic,Synthetic Test Data,,,False,,,False,,,,False,False,W11970,10.11,LOW,No rule-based risk condition triggered,False,-0.0272,Normal,Isolation Forest,64.7,31.95,LOW,No significant risk indicator detected,LOW
,Salem,,Tanish Iyer,W11976,,Community Health Center,State Housing Board,16.05,,,,,,,,,Completed,10.101158845695544,synthetic,Synthetic Test Data,,,False,,,False,,,,False,False,W11976,10.1,LOW,No rule-based risk condition triggered,False,-0.0323,Normal,Isolation Forest,44.33,23.79,LOW,No significant risk indicator detected,LOW
,Salem,,Victor Venkataraman,W12899,,Drainage System,District Rural Development Agency,3.26,,,,,,,,,Ongoing,10.09776879,synthetic,Synthetic Test Data,,,False,,,False,,,,False,False,W12899,10.1,LOW,No rule-based risk condition triggered,False,-0.026,Normal,Isolation Forest,68.0,33.26,LOW,No significant risk indicator detected,LOW
,Kanpur,,Yug Choudhry,W12665,,Street Lighting,District Rural Development Agency,2.26,,,,,,,,,Completed,10.094453502236822,synthetic,Synthetic Test Data,,,False,,,False,,,,False,False,W12665,10.09,LOW,No rule-based risk condition triggered,False,-0.0284,Normal,Isolation Forest,60.32,30.18,LOW,No significant risk indicator detected,LOW
,Belagavi,,Yamini Chand,W12904,,Street Lighting,State Housing Board,5.4,,,,,,,,,Completed,10.093738720168083,synthetic,Synthetic Test Data,,,False,,,False,,,,False,False,W12904,10.09,LOW,No rule-based risk condition triggered,False,-0.0321,Normal,Isolation Forest,45.2,24.13,LOW,No significant risk indicator detected,LOW
,Lucknow,,Leena Butala,W12801,,Public Toilet Complex,Zilla Panchayat,7.97,,,,,,,,,Completed,10.090102421948473,synthetic,Synthetic Test Data,,,False,,,False,,,,False,False,W12801,10.09,LOW,No rule-based risk condition triggered,False,-0.045,Normal,Isolation Forest,7.03,8.87,LOW,No significant risk indicator detected,LOW
,Mysuru,,Leena Butala,W12192,,School Building Repair,Municipal Corporation,6.72,,,,,,,,,Completed,10.085902078490184,synthetic,Synthetic Test Data,,,False,,,False,,,,False,False,W12192,10.09,LOW,No rule-based risk condition triggered,False,-0.036,Normal,Isolation Forest,28.68,17.53,LOW,No significant risk indicator detected,LOW
,Madurai,,Ekansh Sami,W11735,,Community Health Center,Municipal Corporation,10.91,,,,,,,,,Completed,10.085551004371595,synthetic,Synthetic Test Data,,,False,,,False,,,,False,False,W11735,10.09,LOW,No rule-based risk condition triggered,False,-0.0278,Normal,Isolation Forest,62.37,31.0,LOW,No significant risk indicator detected,LOW
,Coimbatore,,Pallavi Krish,W10675,,School Building Repair,Zilla Panchayat,9.65,,,,,,,,,Completed,10.083653431866331,synthetic,Synthetic Test Data,,,False,,,False,,,,False,False,W10675,10.08,LOW,No rule-based risk condition triggered,False,-0.0545,Normal,Isolation Forest,0.5,6.25,LOW,No significant risk indicator detected,LOW
,Pune,,Victor Venkataraman,W11741,,Drinking Water Supply,State Housing Board,6.69,,,,,,,,,Completed,10.073632308200352,synthetic,Synthetic Test Data,,,False,,,False,,,,False,False,W11741,10.07,LOW,No rule-based risk condition triggered,False,-0.0282,Normal,Isolation Forest,60.85,30.38,LOW,No significant risk indicator detected,LOW
,Howrah,,Gabriel Thaman,W10908,,School Building Repair,Municipal Corporation,8.77,,,,,,,,,Completed,10.071689005278484,synthetic,Synthetic Test Data,,,False,,,False,,,,False,False,W10908,10.07,LOW,No rule-based risk condition triggered,False,-0.0336,Normal,Isolation Forest,38.32,21.37,LOW,No significant risk indicator detected,LOW
,Asansol,,Odika Naik,W11373,,School Building Repair,Zilla Panchayat,13.31,,,,,,,,,Completed,10.05216950692222,synthetic,Synthetic Test Data,,,False,,,False,,,,False,False,W11373,10.05,LOW,No rule-based risk condition triggered,False,-0.0448,Normal,Isolation Forest,7.22,8.92,LOW,No significant risk indicator detected,LOW
,Belagavi,,Bachittar Choudhry,W12052,,School Building Repair,District Rural Development Agency,8.13,,,,,,,,,Completed,10.044468343293213,synthetic,Synthetic Test Data,,,False,,,False,,,,False,False,W12052,10.04,LOW,No rule-based risk condition triggered,False,-0.0294,Normal,Isolation Forest,56.62,28.67,LOW,No significant risk indicator detected,LOW
,Salem,,Eesha Memon,W10534,,School Building Repair,Public Works Department,13.24,,,,,,,,,Completed,10.037000430687485,synthetic,Synthetic Test Data,,,False,,,False,,,,False,False,W10534,10.04,LOW,No rule-based risk condition triggered,False,-0.0332,Normal,Isolation Forest,40.32,22.15,LOW,No significant risk indicator detected,LOW
,Asansol,,Bachittar Choudhry,W11128,,School Building Repair,Zilla Panchayat,9.67,,,,,,,,,Completed,10.02521695154796,synthetic,Synthetic Test Data,,,False,,,False,,,,False,False,W11128,10.03,LOW,No rule-based risk condition triggered,False,-0.0545,Normal,Isolation Forest,0.5,6.22,LOW,No significant risk indicator detected,LOW
,Mysuru,,Advaith Gole,W12168,,Road Construction,State Housing Board,10.55,,,,,,,,,Completed,10.02186473853576,synthetic,Synthetic Test Data,,,False,,,False,,,,False,False,W12168,10.02,LOW,No rule-based risk condition triggered,False,-0.0277,Normal,Isolation Forest,62.88,31.16,LOW,No significant risk indicator detected,LOW
,Bengaluru Urban,,Victor Venkataraman,W11614,,Community Health Center,District Rural Development Agency,15.77,,,,,,,,,Completed,10.02018744991622,synthetic,Synthetic Test Data,,,False,,,False,,,,False,False,W11614,10.02,LOW,No rule-based risk condition triggered,False,-0.0361,Normal,Isolation Forest,28.13,17.26,LOW,No significant risk indicator detected,LOW
,Kolkata,,Victor Venkataraman,W12727,,Road Construction,State Housing Board,8.5,,,,,,,,,Completed,10.016933357907597,synthetic,Synthetic Test Data,,,False,,,False,,,,False,False,W12727,10.02,LOW,No rule-based risk condition triggered,False,-0.0271,Normal,Isolation Forest,65.03,32.02,LOW,No significant risk indicator detected,LOW
,Belagavi,,Harrison Kapur,W11026,,Public Toilet Complex,State Housing Board,6.67,,,,,,,,,Completed,10.009082203059062,synthetic,Synthetic Test Data,,,False,,,False,,,,False,False,W11026,10.01,LOW,No rule-based risk condition triggered,False,-0.0386,Normal,Isolation Forest,20.45,14.19,LOW,No significant risk indicator detected,LOW
,Agra,,Yug Choudhry,W12031,,Drainage System,District Rural Development Agency,4.12,,,,,,,,,Completed,10.003779840789656,synthetic,Synthetic Test Data,,,False,,,False,,,,False,False,W12031,10.0,LOW,No rule-based risk condition triggered,False,-0.0273,Normal,Isolation Forest,64.32,31.73,LOW,No significant risk indicator detected,LOW
,Coimbatore,,Tanish Iyer,W12400,,Public Toilet Complex,State Housing Board,2.39,,,,,,,,,Completed,10.00019252714322,synthetic,Synthetic Test Data,,,False,,,False,,,,False,False,W12400,10.0,LOW,No rule-based risk condition triggered,False,-0.0211,Normal,Isolation Forest,78.95,37.58,LOW,No significant risk indicator detected,LOW
,Lucknow,,Yug Choudhry,W12361,,Street Lighting,District Rural Development Agency,1.55,,,,,,,,,Ongoing,9.999940000684482,synthetic,Synthetic Test Data,,,False,,,False,,,,False,False,W12361,10.0,LOW,No rule-based risk condition triggered,False,-0.0228,Normal,Isolation Forest,75.62,36.25,LOW,No significant risk indicator detected,LOW
,Kanpur,,Gabriel Thaman,W12367,,Drainage System,Zilla Panchayat,7.38,,,,,,,,,Completed,9.99796509017732,synthetic,Synthetic Test Data,,,False,,,False,,,,False,False,W12367,10.0,LOW,No rule-based risk condition triggered,False,-0.0525,Normal,Isolation Forest,1.57,6.63,LOW,No significant risk indicator detected,LOW
,Chennai,,Ekansh Sami,W10384,,Street Lighting,District Rural Development Agency,4.96,,,,,,,,,Completed,9.986472708944897,synthetic,Synthetic Test Data,,,False,,,False,,,,False,False,W10384,9.99,LOW,No rule-based risk condition triggered,False,-0.0299,Normal,Isolation Forest,54.43,27.77,LOW,No significant risk indicator detected,LOW
,Pune,,Oliver Sarma,W11691,,Community Health Center,Municipal Corporation,29.34,,,,,,,,,Completed,9.981490225564082,synthetic,Synthetic Test Data,,,False,,,False,,,,False,False,W11691,9.98,LOW,No rule-based risk condition triggered,False,-0.018,Normal,Isolation Forest,83.83,39.52,LOW,No significant risk indicator detected,LOW
,Nagpur,,Hemang Bava,W10569,,Drinking Water Supply,State Housing Board,5.32,,,,,,,,,Completed,9.979414358122987,synthetic,Synthetic Test Data,,,False,,,False,,,,False,False,W10569,9.98,LOW,No rule-based risk condition triggered,False,-0.027,Normal,Isolation Forest,65.32,32.12,LOW,No significant risk indicator detected,LOW
,Kolkata,,Gabriel Thaman,W12977,,Public Toilet Complex,Zilla Panchayat,7.63,,,,,,,,,Completed,9.974217389746734,synthetic,Synthetic Test Data,,,False,,,False,,,,False,False,W12977,9.97,LOW,No rule-based risk condition triggered,False,-0.046,Normal,Isolation Forest,5.65,8.24,LOW,No significant risk indicator detected,LOW
,Dharwad,,Oliver Sarma,W12073,,Public Toilet Complex,Public Works Department,3.15,,,,,,,,,Completed,9.970197888,synthetic,Synthetic Test Data,,,False,,,False,,,,False,False,W12073,9.97,LOW,No rule-based risk condition triggered,False,-0.0321,Normal,Isolation Forest,45.2,24.06,LOW,No significant risk indicator detected,LOW
,Mysuru,,Hemang Bava,W12666,,Public Toilet Complex,Municipal Corporation,5.7,,,,,,,,,Completed,9.967392590018008,synthetic,Synthetic Test Data,,,False,,,False,,,,False,False,W12666,9.97,LOW,No rule-based risk condition triggered,False,-0.0431,Normal,Isolation Forest,9.08,9.61,LOW,No significant risk indicator detected,LOW
,Salem,,Yutika Rana,W12122,,Drinking Water Supply,Zilla Panchayat,16.74,,,,,,,,,Ongoing,9.964663819162617,synthetic,Synthetic Test Data,,,False,,,False,,,,False,False,W12122,9.96,LOW,No rule-based risk condition triggered,False,-0.0352,Normal,Isolation Forest,31.5,18.58,LOW,No significant risk indicator detected,LOW
,Varanasi,,Rayaan Mand,W11166,,Drinking Water Supply,State Housing Board,5.89,,,,,,,,,Completed,9.930100608455485,synthetic,Synthetic Test Data,,,False,,,False,,,,False,False,W11166,9.93,LOW,No rule-based risk condition triggered,False,-0.0272,Normal,Isolation Forest,64.7,31.84,LOW,No significant risk indicator detected,LOW
,Mysuru,,Eesha Memon,W12689,,Public Toilet Complex,Zilla Panchayat,3.9,,,,,,,,,Completed,9.929163535890288,synthetic,Synthetic Test Data,,,False,,,False,,,,False,False,W12689,9.93,LOW,No rule-based risk condition triggered,False,-0.0494,Normal,Isolation Forest,3.4,7.32,LOW,No significant risk indicator detected,LOW
,Varanasi,,Bachittar Choudhry,W11137,,Public Toilet Complex,Public Works Department,7.45,,,,,,,,,Completed,9.92674924,synthetic,Synthetic Test Data,,,False,,,False,,,,False,False,W11137,9.93,LOW,No rule-based risk condition triggered,False,-0.0363,Normal,Isolation Forest,27.15,16.82,LOW,No significant risk indicator detected,LOW
,Agra,,Krishna Pant,W11167,,Street Lighting,Zilla Panchayat,2.67,,,,,,,,,Completed,9.924128710068892,synthetic,Synthetic Test Data,,,False,,,False,,,,False,False,W11167,9.92,LOW,No rule-based risk condition triggered,False,-0.0382,Normal,Isolation Forest,21.82,14.68,LOW,No significant risk indicator detected,LOW
,Nashik,,Pallavi Krish,W12744,,Public Toilet Complex,Municipal Corporation,5.44,,,,,,,,,Completed,9.920487625,synthetic,Synthetic Test Data,,,False,,,False,,,,False,False,W12744,9.92,LOW,No rule-based risk condition triggered,False,-0.0423,Normal,Isolation Forest,10.07,9.98,LOW,No significant risk indicator detected,LOW
,Chennai,,Advaith Gole,W12330,,School Building Repair,Public Works Department,6.66,,,,,,,,,Completed,9.912505110536172,synthetic,Synthetic Test Data,,,False,,,False,,,,False,False,W12330,9.91,LOW,No rule-based risk condition triggered,False,-0.0413,Normal,Isolation Forest,12.42,10.91,LOW,No significant risk indicator detected,LOW
,Chennai,,Odika Naik,W11901,,Street Lighting,Zilla Panchayat,1.83,,,,,,,,,Completed,9.895538543,synthetic,Synthetic Test Data,,,False,,,False,,,,False,False,W11901,9.9,LOW,No rule-based risk condition triggered,False,-0.0339,Normal,Isolation Forest,37.15,20.8,LOW,No significant risk indicator detected,LOW
,Belagavi,,Lucky Prashad,W11786,,Community Health Center,State Housing Board,28.75,,,,,,,,,Completed,9.888429434042475,synthetic,Synthetic Test Data,,,False,,,False,,,,False,False,W11786,9.89,LOW,No rule-based risk condition triggered,False,-0.0183,Normal,Isolation Forest,83.43,39.31,LOW,No significant risk indicator detected,LOW
,Howrah,,Victor Venkataraman,W12955,,Drainage System,Zilla Panchayat,4.88,,,,,,,,,Completed,9.875379787526152,synthetic,Synthetic Test Data,,,False,,,False,,,,False,False,W12955,9.88,LOW,No rule-based risk condition triggered,False,-0.0471,Normal,Isolation Forest,4.78,7.84,LOW,No significant risk indicator detected,LOW
,Nagpur,,Jagat Mangat,W11490,,Drainage System,Zilla Panchayat,5.72,,,,,,,,,Completed,9.870790577,synthetic,Synthetic Test Data,,,False,,,False,,,,False,False,W11490,9.87,LOW,No rule-based risk condition triggered,False,-0.0506,Normal,Isolation Forest,2.47,6.91,LOW,No significant risk indicator detected,LOW
,Kolkata,,Widisha Yohannan,W10456,,Drainage System,District Rural Development Agency,14.19,,,,,,,,,Completed,9.864474179153197,synthetic,Synthetic Test Data,,,False,,,False,,,,False,False,W10456,9.86,LOW,No rule-based risk condition triggered,False,-0.0306,Normal,Isolation Forest,51.43,26.49,LOW,No significant risk indicator detected,LOW
,Salem,,Yadavi Deshmukh,W10968,,Community Health Center,Municipal Corporation,22.23,,,,,,,,,Completed,9.85653540293888,synthetic,Synthetic Test Data,,,False,,,False,,,,False,False,W10968,9.86,LOW,No rule-based risk condition triggered,False,-0.0232,Normal,Isolation Forest,75.13,35.97,LOW,No significant risk indicator detected,LOW
,Darjeeling,,Owen Bala,W12269,,Public Toilet Complex,Municipal Corporation,3.22,,,,,,,,,Completed,9.835540804,synthetic,Synthetic Test Data,,,False,,,False,,,,False,False,W12269,9.84,LOW,No rule-based risk condition triggered,False,-0.0313,Normal,Isolation Forest,48.77,25.41,LOW,No significant risk indicator detected,LOW
,Agra,,Azaan Gupta,W11732,,Street Lighting,Municipal Corporation,5.98,,,,,,,,,Completed,9.829270944,synthetic,Synthetic Test Data,,,False,,,False,,,,False,False,W11732,9.83,LOW,No rule-based risk condition triggered,False,-0.0136,Normal,Isolation Forest,88.37,41.25,MEDIUM,No significant risk indicator detected,MEDIUM
,Kolkata,,Vanya Suresh,W12728,,Drinking Water Supply,District Rural Development Agency,5.47,,,,,,,,,Completed,9.81192529,synthetic,Synthetic Test Data,,,False,,,False,,,,False,False,W12728,9.81,LOW,No rule-based risk condition triggered,False,-0.0292,Normal,Isolation Forest,57.5,28.89,LOW,No significant risk indicator detected,LOW
,Darjeeling,,Gabriel Thaman,W10495,,Public Toilet Complex,District Rural Development Agency,7.78,,,,,,,,,Completed,9.810685322294,synthetic,Synthetic Test Data,,,False,,,False,,,,False,False,W10495,9.81,LOW,No rule-based risk condition triggered,False,-0.0281,Normal,Isolation Forest,61.17,30.35,LOW,No significant risk indicator detected,LOW
,Lucknow,,Vrinda Biswas,W11568,,Drinking Water Supply,Municipal Corporation,14.1,,,,,,,,,Completed,9.78578207795912,synthetic,Synthetic Test Data,,,False,,,False,,,,False,False,W11568,9.79,LOW,No rule-based risk condition triggered,False,-0.0328,Normal,Isolation Forest,42.08,22.71,LOW,No significant risk indicator detected,LOW
,Madurai,,Gabriel Thaman,W12825,,Street Lighting,Zilla Panchayat,2.55,,,,,,,,,Ongoing,9.778104587,synthetic,Synthetic Test Data,,,False,,,False,,,,False,False,W12825,9.78,LOW,No rule-based risk condition triggered,False,-0.0417,Normal,Isolation Forest,11.27,10.38,LOW,No significant risk indicator detected,LOW
,Kolkata,,Rayaan Mand,W12769,,Public Toilet Complex,State Housing Board,7.79,,,,,,,,,Ongoing,9.763529343,synthetic,Synthetic Test Data,,,False,,,False,,,,False,False,W12769,9.76,LOW,No rule-based risk condition triggered,False,-0.0202,Normal,Isolation Forest,80.68,38.13,LOW,No significant risk indicator detected,LOW
,Agra,,Vrinda Biswas,W10741,,Road Construction,District Rural Development Agency,11.87,,,,,,,,,Completed,9.754678702,synthetic,Synthetic Test Data,,,False,,,False,,,,False,False,W10741,9.75,LOW,No rule-based risk condition triggered,False,-0.0175,Normal,Isolation Forest,84.55,39.67,LOW,No significant risk indicator detected,LOW
,Thane,,Ria Ratta,W10797,,Drainage System,Municipal Corporation,5.19,,,,,,,,,Completed,9.727813643,synthetic,Synthetic Test Data,,,False,,,False,,,,False,False,W10797,9.73,LOW,No rule-based risk condition triggered,False,-0.028,Normal,Isolation Forest,61.57,30.47,LOW,No significant risk indicator detected,LOW
,Varanasi,,Bachittar Choudhry,W11880,,Drainage System,District Rural Development Agency,6.93,,,,,,,,,Completed,9.707077447,synthetic,Synthetic Test Data,,,False,,,False,,,,False,False,W11880,9.71,LOW,No rule-based risk condition triggered,False,-0.0362,Normal,Isolation Forest,27.6,16.87,LOW,No significant risk indicator detected,LOW
,Darjeeling,,Mugdha Varty,W12473,,Public Toilet Complex,Public Works Department,2.56,,,,,,,,,Completed,9.694313921336509,synthetic,Synthetic Test Data,,,False,,,False,,,,False,False,W12473,9.69,LOW,No rule-based risk condition triggered,False,-0.0264,Normal,Isolation Forest,66.95,32.59,LOW,No significant risk indicator detected,LOW
,Kolkata,,Mugdha Varty,W10801,,Street Lighting,Public Works Department,1.9,,,,,,,,,Ongoing,9.675166531654336,synthetic,Synthetic Test Data,,,False,,,False,,,,False,False,W10801,9.68,LOW,No rule-based risk condition triggered,False,-0.0265,Normal,Isolation Forest,66.75,32.51,LOW,No significant risk indicator detected,LOW
,Dharwad,,Harrison Kapur,W11031,,Public Toilet Complex,Municipal Corporation,5.21,,,,,,,,,Completed,9.667296625976489,synthetic,Synthetic Test Data,,,False,,,False,,,,False,False,W11031,9.67,LOW,No rule-based risk condition triggered,False,-0.0418,Normal,Isolation Forest,10.92,10.17,LOW,No significant risk indicator detected,LOW
,Dharwad,,Ishwar Boase,W11971,,Street Lighting,Zilla Panchayat,4.99,,,,,,,,,Completed,9.666401475200129,synthetic,Synthetic Test Data,,,False,,,False,,,,False,False,W11971,9.67,LOW,No rule-based risk condition triggered,False,-0.0407,Normal,Isolation Forest,14.47,11.59,LOW,No significant risk indicator detected,LOW
,Lucknow,,Triya Khatri,W12293,,Road Construction,District Rural Development Agency,22.92,,,,,,,,,Completed,9.664445333107215,synthetic,Synthetic Test Data,,,False,,,False,,,,False,False,W12293,9.66,LOW,No rule-based risk condition triggered,False,-0.0108,Normal,Isolation Forest,90.35,41.94,MEDIUM,No significant risk indicator detected,MEDIUM
,Asansol,,Jagat Mangat,W10380,,Road Construction,Zilla Panchayat,11.03,,,,,,,,,Completed,9.654136412956468,synthetic,Synthetic Test Data,,,False,,,False,,,,False,False,W10380,9.65,LOW,No rule-based risk condition triggered,False,-0.0376,Normal,Isolation Forest,23.17,15.06,LOW,No significant risk indicator detected,LOW
,Coimbatore,,Ekansh Sami,W12724,,School Building Repair,District Rural Development Agency,7.29,,,,,,,,,Completed,9.648407845556848,synthetic,Synthetic Test Data,,,False,,,False,,,,False,False,W12724,9.65,LOW,No rule-based risk condition triggered,False,-0.0294,Normal,Isolation Forest,56.62,28.44,LOW,No significant risk indicator detected,LOW
,Salem,,Krishna Pant,W11179,,Road Construction,Zilla Panchayat,13.55,,,,,,,,,Completed,9.641725014868149,synthetic,Synthetic Test Data,,,False,,,False,,,,False,False,W11179,9.64,LOW,No rule-based risk condition triggered,False,-0.0398,Normal,Isolation Forest,16.93,12.56,LOW,No significant risk indicator detected,LOW
,Mysuru,,Meera Banerjee,W10734,,Drainage System,District Rural Development Agency,12.42,,,,,,,,,Ongoing,9.624883574965503,synthetic,Synthetic Test Data,,,False,,,False,,,,False,False,W10734,9.62,LOW,No rule-based risk condition triggered,False,-0.0403,Normal,Isolation Forest,15.43,11.94,LOW,No significant risk indicator detected,LOW
,Darjeeling,,Gaurav Chandra,W11594,,Drainage System,Public Works Department,13.35,,,,,,,,,Ongoing,9.619098640328968,synthetic,Synthetic Test Data,,,False,,,False,,,,False,False,W11594,9.62,LOW,No rule-based risk condition triggered,False,-0.0413,Normal,Isolation Forest,12.42,10.74,LOW,No significant risk indicator detected,LOW
,Agra,,Christopher Kadakia,W12877,,Street Lighting,Public Works Department,3.8,,,,,,,,,Completed,9.614924668087552,synthetic,Synthetic Test Data,,,False,,,False,,,,False,False,W12877,9.61,LOW,No rule-based risk condition triggered,False,-0.0226,Normal,Isolation Forest,75.92,36.13,LOW,No significant risk indicator detected,LOW
,Coimbatore,,Bachittar Choudhry,W11309,,Drinking Water Supply,Public Works Department,13.02,,,,,,,,,Completed,9.604427879177347,synthetic,Synthetic Test Data,,,False,,,False,,,,False,False,W11309,9.6,LOW,No rule-based risk condition triggered,False,-0.0358,Normal,Isolation Forest,29.37,17.51,LOW,No significant risk indicator detected,LOW
,Nashik,,Yamini Chand,W10338,,Drinking Water Supply,Zilla Panchayat,17.61,,,,,,,,,Completed,9.596422243,synthetic,Synthetic Test Data,,,False,,,False,,,,False,False,W10338,9.6,LOW,No rule-based risk condition triggered,False,-0.032,Normal,Isolation Forest,45.6,24.0,LOW,No significant risk indicator detected,LOW
,Belagavi,,Jagat Mangat,W12560,,School Building Repair,Public Works Department,10.24,,,,,,,,,Ongoing,9.564049106369456,synthetic,Synthetic Test Data,,,False,,,False,,,,False,False,W12560,9.56,LOW,No rule-based risk condition triggered,False,-0.0361,Normal,Isolation Forest,28.13,16.99,LOW,No significant risk indicator detected,LOW
,Darjeeling,,Deepa Gala,W12578,,Road Construction,Zilla Panchayat,14.38,,,,,,,,,Completed,9.494279438,synthetic,Synthetic Test Data,,,False,,,False,,,,False,False,W12578,9.49,LOW,No rule-based risk condition triggered,False,-0.0396,Normal,Isolation Forest,17.62,12.74,LOW,No significant risk indicator detected,LOW
,Nashik,,Hemang Bava,W11329,,School Building Repair,Municipal Corporation,5.13,,,,,,,,,Completed,9.490630161299263,synthetic,Synthetic Test Data,,,False,,,False,,,,False,False,W11329,9.49,LOW,No rule-based risk condition triggered,False,-0.0321,Normal,Isolation Forest,45.2,23.77,LOW,No significant risk indicator detected,LOW
,Dharwad,,Meera Banerjee,W12664,,School Building Repair,Zilla Panchayat,7.25,,,,,,,,,Completed,9.472223019637545,synthetic,Synthetic Test Data,,,False,,,False,,,,False,False,W12664,9.47,LOW,No rule-based risk condition triggered,False,-0.0558,Normal,Isolation Forest,0.27,5.79,LOW,No significant risk indicator detected,LOW
,Belagavi,,Pallavi Krish,W11392,,School Building Repair,Public Works Department,6.71,,,,,,,,,Completed,9.462562562280889,synthetic,Synthetic Test Data,,,False,,,False,,,,False,False,W11392,9.46,LOW,No rule-based risk condition triggered,False,-0.0413,Normal,Isolation Forest,12.42,10.64,LOW,No significant risk indicator detected,LOW
,Madurai,,Harrison Kapur,W11387,,Drinking Water Supply,Public Works Department,19.12,,,,,,,,,Ongoing,9.453577127,synthetic,Synthetic Test Data,,,False,,,False,,,,False,False,W11387,9.45,LOW,No rule-based risk condition triggered,False,-0.0202,Normal,Isolation Forest,80.68,37.94,LOW,No significant risk indicator detected,LOW
,Coimbatore,,Azaan Gupta,W10211,,Public Toilet Complex,Zilla Panchayat,2.31,,,,,,,,,Completed,9.447981283474784,synthetic,Synthetic Test Data,,,False,,,False,,,,False,False,W10211,9.45,LOW,No rule-based risk condition triggered,False,-0.0391,Normal,Isolation Forest,19.33,13.4,LOW,No significant risk indicator detected,LOW
,Darjeeling,,Bachittar Choudhry,W10501,,Street Lighting,State Housing Board,5.07,,,,,,,,,Completed,9.443645222617944,synthetic,Synthetic Test Data,,,False,,,False,,,,False,False,W10501,9.44,LOW,No rule-based risk condition triggered,False,-0.0349,Normal,Isolation Forest,32.65,18.72,LOW,No significant risk indicator detected,LOW
,Pune,,Christopher Kadakia,W12686,,Public Toilet Complex,District Rural Development Agency,6.97,,,,,,,,,Completed,9.371453693032638,synthetic,Synthetic Test Data,,,False,,,False,,,,False,False,W12686,9.37,LOW,No rule-based risk condition triggered,False,-0.0333,Normal,Isolation Forest,39.88,21.57,LOW,No significant risk indicator detected,LOW
,Agra,,Ronith Zachariah,W10966,,School Building Repair,Zilla Panchayat,8.65,,,,,,,,,Completed,9.367188032632797,synthetic,Synthetic Test Data,,,False,,,False,,,,False,False,W10966,9.37,LOW,No rule-based risk condition triggered,False,-0.0566,Normal,Isolation Forest,0.03,5.63,LOW,No significant risk indicator detected,LOW
,Lucknow,,Bachittar Choudhry,W12162,,School Building Repair,District Rural Development Agency,11.75,,,,,,,,,Completed,9.338616001884546,synthetic,Synthetic Test Data,,,False,,,False,,,,False,False,W12162,9.34,LOW,No rule-based risk condition triggered,False,-0.0251,Normal,Isolation Forest,70.53,33.82,LOW,No significant risk indicator detected,LOW
,Belagavi,,Eesha Memon,W11536,,Drinking Water Supply,Public Works Department,7.25,,,,,,,,,Completed,9.335397199,synthetic,Synthetic Test Data,,,False,,,False,,,,False,False,W11536,9.34,LOW,No rule-based risk condition triggered,False,-0.0318,Normal,Isolation Forest,46.62,24.25,LOW,No significant risk indicator detected,LOW
,Salem,,Owen Bansal,W10640,,Public Toilet Complex,Municipal Corporation,7.9,,,,,,,,,Completed,9.279831034774489,synthetic,Synthetic Test Data,,,False,,,False,,,,False,False,W10640,9.28,LOW,No rule-based risk condition triggered,False,-0.0356,Normal,Isolation Forest,30.08,17.6,LOW,No significant risk indicator detected,LOW
,Chennai,,Azaan Gupta,W12479,,Drinking Water Supply,Public Works Department,7.36,,,,,,,,,Completed,9.275908130146409,synthetic,Synthetic Test Data,,,False,,,False,,,,False,False,W12479,9.28,LOW,No rule-based risk condition triggered,False,-0.0319,Normal,Isolation Forest,46.1,24.01,LOW,No significant risk indicator detected,LOW
,Thane,,Hemang Bava,W10089,,Street Lighting,Municipal Corporation,4.26,,,,,,,,,Completed,9.274848730561503,synthetic,Synthetic Test Data,,,False,,,False,,,,False,False,W10089,9.27,LOW,No rule-based risk condition triggered,False,-0.0186,Normal,Isolation Forest,82.93,38.73,LOW,No significant risk indicator detected,LOW
,Kolkata,,Eesha Memon,W10171,,Public Toilet Complex,Public Works Department,5.09,,,,,,,,,Completed,9.273080489,synthetic,Synthetic Test Data,,,False,,,False,,,,False,False,W10171,9.27,LOW,No rule-based risk condition triggered,False,-0.0421,Normal,Isolation Forest,10.43,9.73,LOW,No significant risk indicator detected,LOW
,Belagavi,,Harrison Kapur,W11943,,Public Toilet Complex,District Rural Development Agency,2.36,,,,,,,,,Completed,9.271046768570963,synthetic,Synthetic Test Data,,,False,,,False,,,,False,False,W11943,9.27,LOW,No rule-based risk condition triggered,False,-0.0173,Normal,Isolation Forest,84.83,39.49,LOW,No significant risk indicator detected,LOW
,Kolkata,,Pallavi Krish,W12865,,Drinking Water Supply,Public Works Department,12.24,,,,,,,,,Completed,9.270384030121669,synthetic,Synthetic Test Data,,,False,,,False,,,,False,False,W12865,9.27,LOW,No rule-based risk condition triggered,False,-0.0358,Normal,Isolation Forest,29.37,17.31,LOW,No significant risk indicator detected,LOW
,Howrah,,Onveer Kata,W11642,,Community Health Center,Zilla Panchayat,23.48,,,,,,,,,Completed,9.270332869468415,synthetic,Synthetic Test Data,,,False,,,False,,,,False,False,W11642,9.27,LOW,No rule-based risk condition triggered,False,-0.0247,Normal,Isolation Forest,71.85,34.3,LOW,No significant risk indicator detected,LOW
,Agra,,Victor Venkataraman,W12720,,Drainage System,District Rural Development Agency,16.21,,,,,,,,,Completed,9.25096953393462,synthetic,Synthetic Test Data,,,False,,,False,,,,False,False,W12720,9.25,LOW,No rule-based risk condition triggered,False,-0.0247,Normal,Isolation Forest,71.85,34.29,LOW,No significant risk indicator detected,LOW
,Kolkata,,Harrison Kapur,W12832,,School Building Repair,District Rural Development Agency,4.58,,,,,,,,,Completed,9.242913228293686,synthetic,Synthetic Test Data,,,False,,,False,,,,False,False,W12832,9.24,LOW,No rule-based risk condition triggered,False,-0.0236,Normal,Isolation Forest,74.4,35.3,LOW,No significant risk indicator detected,LOW
,Nagpur,,Advaith Gole,W11032,,School Building Repair,Public Works Department,3.9,,,,,,,,,Completed,9.241408216295383,synthetic,Synthetic Test Data,,,False,,,False,,,,False,False,W11032,9.24,LOW,No rule-based risk condition triggered,False,-0.0305,Normal,Isolation Forest,51.93,26.32,LOW,No significant risk indicator detected,LOW
,Bengaluru Urban,,Odika Naik,W11965,,Drinking Water Supply,Zilla Panchayat,12.64,,,,,,,,,Completed,9.238213096183156,synthetic,Synthetic Test Data,,,False,,,False,,,,False,False,W11965,9.24,LOW,No rule-based risk condition triggered,False,-0.0462,Normal,Isolation Forest,5.42,7.71,LOW,No significant risk indicator detected,LOW
,Salem,,Eesha Memon,W10119,,Street Lighting,Public Works Department,4.71,,,,,,,,,Completed,9.214121271377424,synthetic,Synthetic Test Data,,,False,,,False,,,,False,False,W10119,9.21,LOW,No rule-based risk condition triggered,False,-0.0268,Normal,Isolation Forest,65.85,31.87,LOW,No significant risk indicator detected,LOW
,Coimbatore,,Gaurav Chandra,W10833,,Community Health Center,Public Works Department,23.75,,,,,,,,,Ongoing,9.203832551633464,synthetic,Synthetic Test Data,,,False,,,False,,,,False,False,W10833,9.2,LOW,No rule-based risk condition triggered,False,-0.0266,Normal,Isolation Forest,66.5,32.12,LOW,No significant risk indicator detected,LOW
,Thane,,Vanya Suresh,W10585,,Drainage System,State Housing Board,5.18,,,,,,,,,Completed,9.198772925490545,synthetic,Synthetic Test Data,,,False,,,False,,,,False,False,W10585,9.2,LOW,No rule-based risk condition triggered,False,-0.0349,Normal,Isolation Forest,32.65,18.58,LOW,No significant risk indicator detected,LOW
,Howrah,,Hemang Bava,W11159,,Street Lighting,Zilla Panchayat,3.39,,,,,,,,,Completed,9.190524129315374,synthetic,Synthetic Test Data,,,False,,,False,,,,False,False,W11159,9.19,LOW,No rule-based risk condition triggered,False,-0.0408,Normal,Isolation Forest,14.02,11.12,LOW,No significant risk indicator detected,LOW
,Agra,,Sanya Swamy,W10970,,Public Toilet Complex,Zilla Panchayat,4.24,,,,,,,,,Completed,9.172170211964165,synthetic,Synthetic Test Data,,,False,,,False,,,,False,False,W10970,9.17,LOW,No rule-based risk condition triggered,False,-0.0524,Normal,Isolation Forest,1.7,6.18,LOW,No significant risk indicator detected,LOW
,Thane,,Ishwar Boase,W11407,,Drainage System,Public Works Department,5.58,,,,,,,,,Completed,9.16430513,synthetic,Synthetic Test Data,,,False,,,False,,,,False,False,W11407,9.16,LOW,No rule-based risk condition triggered,False,-0.0258,Normal,Isolation Forest,68.57,32.92,LOW,No significant risk indicator detected,LOW
,Varanasi,,Ria Ratta,W10332,,Drainage System,Municipal Corporation,15.67,,,,,,,,,Completed,9.162102062213073,synthetic,Synthetic Test Data,,,False,,,False,,,,False,False,W10332,9.16,LOW,No rule-based risk condition triggered,False,-0.0214,Normal,Isolation Forest,78.1,36.74,LOW,No significant risk indicator detected,LOW
,Belagavi,,Krishna Pant,W10992,,Drainage System,State Housing Board,6.36,,,,,,,,,Ongoing,9.161423867856293,synthetic,Synthetic Test Data,,,False,,,False,,,,False,False,W10992,9.16,LOW,No rule-based risk condition triggered,False,-0.0369,Normal,Isolation Forest,25.1,15.54,LOW,No significant risk indicator detected,LOW
,Kanpur,,Christopher Kadakia,W10056,,Public Toilet Complex,Zilla Panchayat,3.28,,,,,,,,,Completed,9.139924308640415,synthetic,Synthetic Test Data,,,False,,,False,,,,False,False,W10056,9.14,LOW,No rule-based risk condition triggered,False,-0.0454,Normal,Isolation Forest,6.58,8.12,LOW,No significant risk indicator detected,LOW
,Thane,,Owen Bansal,W10279,,Drainage System,Zilla Panchayat,8.65,,,,,,,,,Completed,9.1377303916751,synthetic,Synthetic Test Data,,,False,,,False,,,,False,False,W10279,9.14,LOW,No rule-based risk condition triggered,False,-0.0525,Normal,Isolation Forest,1.57,6.11,LOW,No significant risk indicator detected,LOW
,Kolkata,,Meera Banerjee,W12261,,Community Health Center,State Housing Board,21.72,,,,,,,,,Ongoing,9.134096195688556,synthetic,Synthetic Test Data,,,False,,,False,,,,False,False,W12261,9.13,LOW,No rule-based risk condition triggered,False,-0.0271,Normal,Isolation Forest,65.03,31.49,LOW,No significant risk indicator detected,LOW
,Pune,,Yamini Chand,W10140,,Drinking Water Supply,Municipal Corporation,10.88,,,,,,,,,Ongoing,9.11813193,synthetic,Synthetic Test Data,,,False,,,False,,,,False,False,W10140,9.12,LOW,No rule-based risk condition triggered,False,-0.03,Normal,Isolation Forest,53.93,27.04,LOW,No significant risk indicator detected,LOW
,Nagpur,,Azaan Gupta,W12022,,Drainage System,Public Works Department,11.35,,,,,,,,,Ongoing,9.098401166372184,synthetic,Synthetic Test Data,,,False,,,False,,,,False,False,W12022,9.1,LOW,No rule-based risk condition triggered,False,-0.0422,Normal,Isolation Forest,10.25,9.56,LOW,No significant risk indicator detected,LOW
,Darjeeling,,Onveer Kata,W11647,,School Building Repair,Zilla Panchayat,13.65,,,,,,,,,Completed,9.080281849,synthetic,Synthetic Test Data,,,False,,,False,,,,False,False,W11647,9.08,LOW,No rule-based risk condition triggered,False,-0.0434,Normal,Isolation Forest,8.77,8.96,LOW,No significant risk indicator detected,LOW
,Coimbatore,,Hemang Bava,W11254,,Community Health Center,District Rural Development Agency,22.59,,,,,,,,,Completed,9.076592958422385,synthetic,Synthetic Test Data,,,False,,,False,,,,False,False,W11254,9.08,LOW,No rule-based risk condition triggered,False,-0.0345,Normal,Isolation Forest,34.48,19.24,LOW,No significant risk indicator detected,LOW
,Howrah,,Owen Bansal,W10045,,Drinking Water Supply,Municipal Corporation,10.9,,,,,,,,,Completed,9.063496770170827,synthetic,Synthetic Test Data,,,False,,,False,,,,False,False,W10045,9.06,LOW,No rule-based risk condition triggered,False,-0.0323,Normal,Isolation Forest,44.33,23.17,LOW,No significant risk indicator detected,LOW
,Madurai,,Harrison Kapur,W11103,,Drinking Water Supply,Public Works Department,5.43,,,,,,,,,Completed,9.03389294492814,synthetic,Synthetic Test Data,,,False,,,False,,,,False,False,W11103,9.03,LOW,No rule-based risk condition triggered,False,-0.031,Normal,Isolation Forest,50.17,25.49,LOW,No significant risk indicator detected,LOW
,Agra,,Sanya Swamy,W11707,,Community Health Center,State Housing Board,14.9,,,,,,,,,Ongoing,9.029955294975627,synthetic,Synthetic Test Data,,,False,,,False,,,,False,False,W11707,9.03,LOW,No rule-based risk condition triggered,False,-0.0297,Normal,Isolation Forest,55.33,27.55,LOW,No significant risk indicator detected,LOW
,Agra,,Sanya Swamy,W10099,,Drinking Water Supply,Public Works Department,17.91,,,,,,,,,Ongoing,9.028389196880845,synthetic,Synthetic Test Data,,,False,,,False,,,,False,False,W10099,9.03,LOW,No rule-based risk condition triggered,False,-0.0244,Normal,Isolation Forest,72.75,34.52,LOW,No significant risk indicator detected,LOW
,Agra,,Owen Bansal,W10481,,School Building Repair,Zilla Panchayat,5.63,,,,,,,,,Ongoing,9.015086710235192,synthetic,Synthetic Test Data,,,False,,,False,,,,False,False,W10481,9.02,LOW,No rule-based risk condition triggered,False,-0.0406,Normal,Isolation Forest,14.82,11.34,LOW,No significant risk indicator detected,LOW
,Dharwad,,Sanya Swamy,W12108,,Public Toilet Complex,District Rural Development Agency,7.3,,,,,,,,,Completed,9.013114449458122,synthetic,Synthetic Test Data,,,False,,,False,,,,False,False,W12108,9.01,LOW,No rule-based risk condition triggered,False,-0.0317,Normal,Isolation Forest,47.08,24.24,LOW,No significant risk indicator detected,LOW
,Dharwad,,Owen Bala,W12990,,Street Lighting,Public Works Department,4.69,,,,,,,,,Completed,9.008303349060798,synthetic,Synthetic Test Data,,,False,,,False,,,,False,False,W12990,9.01,LOW,No rule-based risk condition triggered,False,-0.0268,Normal,Isolation Forest,65.85,31.75,LOW,No significant risk indicator detected,LOW
,Madurai,,Mugdha Varty,W10779,,Drainage System,Zilla Panchayat,3.95,,,,,,,,,Completed,9.007828157,synthetic,Synthetic Test Data,,,False,,,False,,,,False,False,W10779,9.01,LOW,No rule-based risk condition triggered,False,-0.0428,Normal,Isolation Forest,9.55,9.23,LOW,No significant risk indicator detected,LOW
,Nagpur,,Vrinda Biswas,W12412,,School Building Repair,State Housing Board,11.12,,,,,,,,,Completed,8.999934235282877,synthetic,Synthetic Test Data,,,False,,,False,,,,False,False,W12412,9.0,LOW,No rule-based risk condition triggered,False,-0.0455,Normal,Isolation Forest,6.45,7.98,LOW,No significant risk indicator detected,LOW
,Madurai,,Widisha Yohannan,W11153,,Community Health Center,Municipal Corporation,13.19,,,,,,,,,Completed,8.980298534787556,synthetic,Synthetic Test Data,,,False,,,False,,,,False,False,W11153,8.98,LOW,No rule-based risk condition triggered,False,-0.029,Normal,Isolation Forest,58.33,28.72,LOW,No significant risk indicator detected,LOW
,Howrah,,Hemang Bava,W11610,,Street Lighting,Public Works Department,2.71,,,,,,,,,Ongoing,8.976206792515981,synthetic,Synthetic Test Data,,,False,,,False,,,,False,False,W11610,8.98,LOW,No rule-based risk condition triggered,False,-0.0333,Normal,Isolation Forest,39.88,21.34,LOW,No significant risk indicator detected,LOW
,Salem,,Lucky Prashad,W10959,,Drinking Water Supply,Zilla Panchayat,7.23,,,,,,,,,Completed,8.929889082926257,synthetic,Synthetic Test Data,,,False,,,False,,,,False,False,W10959,8.93,LOW,No rule-based risk condition triggered,False,-0.0394,Normal,Isolation Forest,18.43,12.73,LOW,No significant risk indicator detected,LOW
,Chennai,,Ria Ratta,W10489,,School Building Repair,State Housing Board,8.11,,,,,,,,,Completed,8.924640394931274,synthetic,Synthetic Test Data,,,False,,,False,,,,False,False,W10489,8.92,LOW,No rule-based risk condition triggered,False,-0.0507,Normal,Isolation Forest,2.42,6.32,LOW,No significant risk indicator detected,LOW
,Lucknow,,Oliver Sarma,W12681,,Drinking Water Supply,Municipal Corporation,13.33,,,,,,,,,Completed,8.916827156729584,synthetic,Synthetic Test Data,,,False,,,False,,,,False,False,W12681,8.92,LOW,No rule-based risk condition triggered,False,-0.0329,Normal,Isolation Forest,41.65,22.01,LOW,No significant risk indicator detected,LOW
,Belagavi,,Bachittar Choudhry,W10379,,Drainage System,Municipal Corporation,11.03,,,,,,,,,Completed,8.915229626538927,synthetic,Synthetic Test Data,,,False,,,False,,,,False,False,W10379,8.92,LOW,No rule-based risk condition triggered,False,-0.0325,Normal,Isolation Forest,43.38,22.7,LOW,No significant risk indicator detected,LOW
,Asansol,,Krishna Pant,W10798,,Road Construction,Public Works Department,5.36,,,,,,,,,Completed,8.903114170834248,synthetic,Synthetic Test Data,,,False,,,False,,,,False,False,W10798,8.9,LOW,No rule-based risk condition triggered,False,-0.0327,Normal,Isolation Forest,42.53,22.35,LOW,No significant risk indicator detected,LOW
,Coimbatore,,Sanya Swamy,W10507,,Drainage System,District Rural Development Agency,4.6,,,,,,,,,Completed,8.889691501185599,synthetic,Synthetic Test Data,,,False,,,False,,,,False,False,W10507,8.89,LOW,No rule-based risk condition triggered,False,-0.0294,Normal,Isolation Forest,56.62,27.98,LOW,No significant risk indicator detected,LOW
,Lucknow,,Hemang Bava,W10582,,Street Lighting,Public Works Department,5.75,,,,,,,,,Completed,8.885931478030015,synthetic,Synthetic Test Data,,,False,,,False,,,,False,False,W10582,8.89,LOW,No rule-based risk condition triggered,False,-0.0202,Normal,Isolation Forest,80.68,37.61,LOW,No significant risk indicator detected,LOW
,Darjeeling,,Ronith Zachariah,W10053,,Drainage System,State Housing Board,16.37,,,,,,,,,Completed,8.883763520846975,synthetic,Synthetic Test Data,,,False,,,False,,,,False,False,W10053,8.88,LOW,No rule-based risk condition triggered,False,-0.026,Normal,Isolation Forest,68.0,32.53,LOW,No significant risk indicator detected,LOW
,Kanpur,,Eesha Memon,W12888,,Public Toilet Complex,District Rural Development Agency,3.09,,,,,,,,,Ongoing,8.876308244699041,synthetic,Synthetic Test Data,,,False,,,False,,,,False,False,W12888,8.88,LOW,No rule-based risk condition triggered,False,-0.0236,Normal,Isolation Forest,74.4,35.09,LOW,No significant risk indicator detected,LOW
,Coimbatore,,Ekansh Sami,W10245,,Drainage System,District Rural Development Agency,9.95,,,,,,,,,Completed,8.857912267120573,synthetic,Synthetic Test Data,,,False,,,False,,,,False,False,W10245,8.86,LOW,No rule-based risk condition triggered,False,-0.0382,Normal,Isolation Forest,21.82,14.04,LOW,No significant risk indicator detected,LOW
,Madurai,,Rayaan Mand,W10156,,Public Toilet Complex,State Housing Board,7.11,,,,,,,,,Completed,8.856491665961789,synthetic,Synthetic Test Data,,,False,,,False,,,,False,False,W10156,8.86,LOW,No rule-based risk condition triggered,False,-0.0362,Normal,Isolation Forest,27.6,16.36,LOW,No significant risk indicator detected,LOW
,Nashik,,Onveer Kata,W12133,,Drainage System,Municipal Corporation,17.54,,,,,,,,,Completed,8.831599364453874,synthetic,Synthetic Test Data,,,False,,,False,,,,False,False,W12133,8.83,LOW,No rule-based risk condition triggered,False,-0.014,Normal,Isolation Forest,87.9,40.46,MEDIUM,No significant risk indicator detected,MEDIUM
,Nashik,,Deepa Gala,W11204,,Street Lighting,State Housing Board,5.28,,,,,,,,,Completed,8.810585185494457,synthetic,Synthetic Test Data,,,False,,,False,,,,False,False,W11204,8.81,LOW,No rule-based risk condition triggered,False,-0.0335,Normal,Isolation Forest,38.83,20.82,LOW,No significant risk indicator detected,LOW
,Madurai,,Nicholas Gour,W10157,,Public Toilet Complex,Zilla Panchayat,6.19,,,,,,,,,Completed,8.804241067992457,synthetic,Synthetic Test Data,,,False,,,False,,,,False,False,W10157,8.8,LOW,No rule-based risk condition triggered,False,-0.0538,Normal,Isolation Forest,0.73,5.57,LOW,No significant risk indicator detected,LOW
,Kanpur,,Yadavi Deshmukh,W12935,,Public Toilet Complex,Municipal Corporation,6.97,,,,,,,,,Completed,8.783623528746878,synthetic,Synthetic Test Data,,,False,,,False,,,,False,False,W12935,8.78,LOW,No rule-based risk condition triggered,False,-0.0405,Normal,Isolation Forest,15.08,11.3,LOW,No significant risk indicator detected,LOW
,Chennai,,Gaurav Chandra,W10377,,Road Construction,Zilla Panchayat,18.58,,,,,,,,,Ongoing,8.760028303111767,synthetic,Synthetic Test Data,,,False,,,False,,,,False,False,W10377,8.76,LOW,No rule-based risk condition triggered,False,-0.0478,Normal,Isolation Forest,4.48,7.05,LOW,No significant risk indicator detected,LOW
,Mysuru,,Owen Bansal,W10963,,School Building Repair,Public Works Department,4.51,,,,,,,,,Ongoing,8.753905295986316,synthetic,Synthetic Test Data,,,False,,,False,,,,False,False,W10963,8.75,LOW,No rule-based risk condition triggered,False,-0.0279,Normal,Isolation Forest,61.97,30.04,LOW,No significant risk indicator detected,LOW
,Kanpur,,Tanish Iyer,W12851,,Drinking Water Supply,State Housing Board,5.86,,,,,,,,,Completed,8.736236268767035,synthetic,Synthetic Test Data,,,False,,,False,,,,False,False,W12851,8.74,LOW,No rule-based risk condition triggered,False,-0.0272,Normal,Isolation Forest,64.7,31.12,LOW,No significant risk indicator detected,LOW
,Kanpur,,Owen Bala,W12655,,Drinking Water Supply,Municipal Corporation,14.93,,,,,,,,,Completed,8.729321412580575,synthetic,Synthetic Test Data,,,False,,,False,,,,False,False,W12655,8.73,LOW,No rule-based risk condition triggered,False,-0.0334,Normal,Isolation Forest,39.33,20.97,LOW,No significant risk indicator detected,LOW
,Pune,,Lucky Prashad,W10608,,Road Construction,State Housing Board,25.0,,,,,,,,,Ongoing,8.728146571042863,synthetic,Synthetic Test Data,,,False,,,False,,,,False,False,W10608,8.73,LOW,No rule-based risk condition triggered,False,-0.0217,Normal,Isolation Forest,77.45,36.22,LOW,No significant risk indicator detected,LOW
,Dharwad,,Oliver Sarma,W10605,,School Building Repair,Municipal Corporation,4.94,,,,,,,,,Ongoing,8.677937251276752,synthetic,Synthetic Test Data,,,False,,,False,,,,False,False,W10605,8.68,LOW,No rule-based risk condition triggered,False,-0.0286,Normal,Isolation Forest,59.68,29.08,LOW,No significant risk indicator detected,LOW
,Kanpur,,Gabriel Thaman,W12114,,Public Toilet Complex,Public Works Department,3.84,,,,,,,,,Completed,8.668665586,synthetic,Synthetic Test Data,,,False,,,False,,,,False,False,W12114,8.67,LOW,No rule-based risk condition triggered,False,-0.036,Normal,Isolation Forest,28.68,16.67,LOW,No significant risk indicator detected,LOW
,Howrah,,Widisha Yohannan,W11307,,Drinking Water Supply,Public Works Department,14.06,,,,,,,,,Completed,8.666533979780764,synthetic,Synthetic Test Data,,,False,,,False,,,,False,False,W11307,8.67,LOW,No rule-based risk condition triggered,False,-0.0348,Normal,Isolation Forest,33.15,18.46,LOW,No significant risk indicator detected,LOW
,Lucknow,,Tanish Iyer,W10874,,Drinking Water Supply,Zilla Panchayat,4.97,,,,,,,,,Completed,8.662344823349718,synthetic,Synthetic Test Data,,,False,,,False,,,,False,False,W10874,8.66,LOW,No rule-based risk condition triggered,False,-0.0356,Normal,Isolation Forest,30.08,17.23,LOW,No significant risk indicator detected,LOW
,Kanpur,,Leena Butala,W12753,,Drinking Water Supply,State Housing Board,13.05,,,,,,,,,Completed,8.594120225547204,synthetic,Synthetic Test Data,,,False,,,False,,,,False,False,W12753,8.59,LOW,No rule-based risk condition triggered,False,-0.03,Normal,Isolation Forest,53.93,26.73,LOW,No significant risk indicator detected,LOW
,Kanpur,,Ria Ratta,W10272,,Road Construction,Municipal Corporation,10.85,,,,,,,,,Completed,8.575902959,synthetic,Synthetic Test Data,,,False,,,False,,,,False,False,W10272,8.58,LOW,No rule-based risk condition triggered,False,-0.0201,Normal,Isolation Forest,80.9,37.51,LOW,No significant risk indicator detected,LOW
,Asansol,,Azaan Gupta,W11288,,Drainage System,Public Works Department,10.27,,,,,,,,,Completed,8.574247254096015,synthetic,Synthetic Test Data,,,False,,,False,,,,False,False,W11288,8.57,LOW,No rule-based risk condition triggered,False,-0.0333,Normal,Isolation Forest,39.88,21.09,LOW,No significant risk indicator detected,LOW
,Varanasi,,Triya Khatri,W12843,,Drainage System,Zilla Panchayat,8.79,,,,,,,,,Completed,8.558084419,synthetic,Synthetic Test Data,,,False,,,False,,,,False,False,W12843,8.56,LOW,No rule-based risk condition triggered,False,-0.0526,Normal,Isolation Forest,1.43,5.71,LOW,No significant risk indicator detected,LOW
,Mysuru,,Rayaan Mand,W12364,,Street Lighting,Zilla Panchayat,5.83,,,,,,,,,Completed,8.557738409016677,synthetic,Synthetic Test Data,,,False,,,False,,,,False,False,W12364,8.56,LOW,No rule-based risk condition triggered,False,-0.0355,Normal,Isolation Forest,30.42,17.3,LOW,No significant risk indicator detected,LOW
,Nagpur,,Meera Banerjee,W10289,,Drinking Water Supply,District Rural Development Agency,16.04,,,,,,,,,Ongoing,8.549193418186622,synthetic,Synthetic Test Data,,,False,,,False,,,,False,False,W10289,8.55,LOW,No rule-based risk condition triggered,False,-0.0275,Normal,Isolation Forest,63.62,30.58,LOW,No significant risk indicator detected,LOW
,Kolkata,,Yamini Chand,W11653,,Road Construction,State Housing Board,8.9,,,,,,,,,Completed,8.539522320143769,synthetic,Synthetic Test Data,,,False,,,False,,,,False,False,W11653,8.54,LOW,No rule-based risk condition triggered,False,-0.0276,Normal,Isolation Forest,63.3,30.44,LOW,No significant risk indicator detected,LOW
,Chennai,,Oliver Sarma,W12656,,School Building Repair,Municipal Corporation,5.1,,,,,,,,,Completed,8.501605644,synthetic,Synthetic Test Data,,,False,,,False,,,,False,False,W12656,8.5,LOW,No rule-based risk condition triggered,False,-0.0316,Normal,Isolation Forest,47.67,24.17,LOW,No significant risk indicator detected,LOW
,Asansol,,Yadavi Deshmukh,W12096,,Public Toilet Complex,Public Works Department,7.84,,,,,,,,,Completed,8.492613992171057,synthetic,Synthetic Test Data,,,False,,,False,,,,False,False,W12096,8.49,LOW,No rule-based risk condition triggered,False,-0.0345,Normal,Isolation Forest,34.48,18.89,LOW,No significant risk indicator detected,LOW
,Pune,,Oliver Sarma,W11776,,School Building Repair,State Housing Board,11.84,,,,,,,,,Completed,8.468770574742793,synthetic,Synthetic Test Data,,,False,,,False,,,,False,False,W11776,8.47,LOW,No rule-based risk condition triggered,False,-0.0416,Normal,Isolation Forest,11.55,9.7,LOW,No significant risk indicator detected,LOW
,Agra,,Leena Butala,W10283,,Drainage System,State Housing Board,13.19,,,,,,,,,Completed,8.445401591196942,synthetic,Synthetic Test Data,,,False,,,False,,,,False,False,W10283,8.45,LOW,No rule-based risk condition triggered,False,-0.0395,Normal,Isolation Forest,18.02,12.28,LOW,No significant risk indicator detected,LOW
,Mysuru,,Yutika Rana,W10538,,Road Construction,Zilla Panchayat,14.33,,,,,,,,,Completed,8.374180185611966,synthetic,Synthetic Test Data,,,False,,,False,,,,False,False,W10538,8.37,LOW,No rule-based risk condition triggered,False,-0.0402,Normal,Isolation Forest,15.63,11.27,LOW,No significant risk indicator detected,LOW
,Darjeeling,,Ria Ratta,W11878,,Road Construction,State Housing Board,12.82,,,,,,,,,Completed,8.373800445666605,synthetic,Synthetic Test Data,,,False,,,False,,,,False,False,W11878,8.37,LOW,No rule-based risk condition triggered,False,-0.0285,Normal,Isolation Forest,60.0,29.02,LOW,No significant risk indicator detected,LOW
,Kolkata,,Nicholas Gour,W12547,,School Building Repair,Zilla Panchayat,14.48,,,,,,,,,Completed,8.372310770542722,synthetic,Synthetic Test Data,,,False,,,False,,,,False,False,W12547,8.37,LOW,No rule-based risk condition triggered,False,-0.0415,Normal,Isolation Forest,11.75,9.72,LOW,No significant risk indicator detected,LOW
,Nashik,,Ishwar Boase,W12932,,Street Lighting,Public Works Department,4.71,,,,,,,,,Completed,8.371546276,synthetic,Synthetic Test Data,,,False,,,False,,,,False,False,W12932,8.37,LOW,No rule-based risk condition triggered,False,-0.0268,Normal,Isolation Forest,65.85,31.36,LOW,No significant risk indicator detected,LOW
,Bengaluru Urban,,Gabriel Thaman,W10530,,Street Lighting,Public Works Department,5.08,,,,,,,,,Completed,8.365540531857787,synthetic,Synthetic Test Data,,,False,,,False,,,,False,False,W10530,8.37,LOW,No rule-based risk condition triggered,False,-0.0246,Normal,Isolation Forest,72.25,33.92,LOW,No significant risk indicator detected,LOW
,Belagavi,,Yadavi Deshmukh,W12798,,Drainage System,State Housing Board,13.68,,,,,,,,,Completed,8.345889667774392,synthetic,Synthetic Test Data,,,False,,,False,,,,False,False,W12798,8.35,LOW,No rule-based risk condition triggered,False,-0.0384,Normal,Isolation Forest,21.18,13.48,LOW,No significant risk indicator detected,LOW
,Coimbatore,,Lucky Prashad,W12223,,Road Construction,Zilla Panchayat,19.64,,,,,,,,,Completed,8.321065165659423,synthetic,Synthetic Test Data,,,False,,,False,,,,False,False,W12223,8.32,LOW,No rule-based risk condition triggered,False,-0.0411,Normal,Isolation Forest,13.02,10.2,LOW,No significant risk indicator detected,LOW
,Salem,,Jagat Mangat,W11370,,School Building Repair,State Housing Board,7.5,,,,,,,,,Completed,8.316955011770908,synthetic,Synthetic Test Data,,,False,,,False,,,,False,False,W11370,8.32,LOW,No rule-based risk condition triggered,False,-0.0494,Normal,Isolation Forest,3.4,6.35,LOW,No significant risk indicator detected,LOW
,Belagavi,,Christopher Kadakia,W12993,,Street Lighting,Public Works Department,5.88,,,,,,,,,Ongoing,8.316836509654186,synthetic,Synthetic Test Data,,,False,,,False,,,,False,False,W12993,8.32,LOW,No rule-based risk condition triggered,False,-0.0321,Normal,Isolation Forest,45.2,23.07,LOW,No significant risk indicator detected,LOW
,Lucknow,,Azaan Gupta,W11801,,Public Toilet Complex,District Rural Development Agency,6.13,,,,,,,,,Completed,8.311948516,synthetic,Synthetic Test Data,,,False,,,False,,,,False,False,W11801,8.31,LOW,No rule-based risk condition triggered,False,-0.0355,Normal,Isolation Forest,30.42,17.15,LOW,No significant risk indicator detected,LOW
,Asansol,,Harrison Kapur,W10857,,Street Lighting,Zilla Panchayat,3.79,,,,,,,,,Completed,8.280169363263623,synthetic,Synthetic Test Data,,,False,,,False,,,,False,False,W10857,8.28,LOW,No rule-based risk condition triggered,False,-0.0417,Normal,Isolation Forest,11.27,9.48,LOW,No significant risk indicator detected,LOW
,Madurai,,Pallavi Krish,W12464,,Street Lighting,District Rural Development Agency,3.86,,,,,,,,,Ongoing,8.277390163813179,synthetic,Synthetic Test Data,,,False,,,False,,,,False,False,W12464,8.28,LOW,No rule-based risk condition triggered,False,-0.0355,Normal,Isolation Forest,30.42,17.14,LOW,No significant risk indicator detected,LOW
,Kanpur,,Yug Choudhry,W11650,,Drinking Water Supply,Zilla Panchayat,4.82,,,,,,,,,Completed,8.272851343,synthetic,Synthetic Test Data,,,False,,,False,,,,False,False,W11650,8.27,LOW,No rule-based risk condition triggered,False,-0.0353,Normal,Isolation Forest,31.13,17.41,LOW,No significant risk indicator detected,LOW
,Lucknow,,Gabriel Thaman,W11007,,Drainage System,Zilla Panchayat,9.96,,,,,,,,,Completed,8.268546157043867,synthetic,Synthetic Test Data,,,False,,,False,,,,False,False,W11007,8.27,LOW,No rule-based risk condition triggered,False,-0.0505,Normal,Isolation Forest,2.57,5.99,LOW,No significant risk indicator detected,LOW
,Lucknow,,Leena Butala,W11413,,Drainage System,Zilla Panchayat,12.89,,,,,,,,,Completed,8.253048010524353,synthetic,Synthetic Test Data,,,False,,,False,,,,False,False,W11413,8.25,LOW,No rule-based risk condition triggered,False,-0.0469,Normal,Isolation Forest,4.93,6.92,LOW,No significant risk indicator detected,LOW
,Bengaluru Urban,,Harrison Kapur,W10596,,School Building Repair,State Housing Board,12.34,,,,,,,,,Completed,8.222185856542088,synthetic,Synthetic Test Data,,,False,,,False,,,,False,False,W10596,8.22,LOW,No rule-based risk condition triggered,False,-0.0396,Normal,Isolation Forest,17.62,11.98,LOW,No significant risk indicator detected,LOW
,Thane,,Tanish Iyer,W10344,,Drinking Water Supply,District Rural Development Agency,14.98,,,,,,,,,Ongoing,8.214487075663731,synthetic,Synthetic Test Data,,,False,,,False,,,,False,False,W10344,8.21,LOW,No rule-based risk condition triggered,False,-0.0312,Normal,Isolation Forest,49.25,24.63,LOW,No significant risk indicator detected,LOW
,Belagavi,,Eesha Memon,W10463,,Street Lighting,Public Works Department,1.35,,,,,,,,,Completed,8.201234368097461,synthetic,Synthetic Test Data,,,False,,,False,,,,False,False,W10463,8.2,LOW,No rule-based risk condition triggered,False,-0.0097,Normal,Isolation Forest,91.2,41.4,MEDIUM,No significant risk indicator detected,MEDIUM
,Madurai,,Meera Banerjee,W11470,,Drainage System,Municipal Corporation,13.25,,,,,,,,,Completed,8.189967113,synthetic,Synthetic Test Data,,,False,,,False,,,,False,False,W11470,8.19,LOW,No rule-based risk condition triggered,False,-0.0296,Normal,Isolation Forest,55.85,27.25,LOW,No significant risk indicator detected,LOW
,Salem,,Yutika Rana,W12586,,Public Toilet Complex,Public Works Department,5.6,,,,,,,,,Completed,8.175269792837932,synthetic,Synthetic Test Data,,,False,,,False,,,,False,False,W12586,8.18,LOW,No rule-based risk condition triggered,False,-0.0434,Normal,Isolation Forest,8.77,8.42,LOW,No significant risk indicator detected,LOW
,Nashik,,Vanya Suresh,W10533,,Road Construction,Public Works Department,19.78,,,,,,,,,Ongoing,8.170332084257177,synthetic,Synthetic Test Data,,,False,,,False,,,,False,False,W10533,8.17,LOW,No rule-based risk condition triggered,False,-0.0394,Normal,Isolation Forest,18.43,12.27,LOW,No significant risk indicator detected,LOW
,Chennai,,Ronith Zachariah,W11342,,Community Health Center,District Rural Development Agency,16.37,,,,,,,,,Completed,8.152126619,synthetic,Synthetic Test Data,,,False,,,False,,,,False,False,W11342,8.15,LOW,No rule-based risk condition triggered,False,-0.0366,Normal,Isolation Forest,26.03,15.3,LOW,No significant risk indicator detected,LOW
,Bengaluru Urban,,Owen Bala,W12407,,Public Toilet Complex,Public Works Department,6.55,,,,,,,,,Completed,8.148198524078989,synthetic,Synthetic Test Data,,,False,,,False,,,,False,False,W12407,8.15,LOW,No rule-based risk condition triggered,False,-0.0414,Normal,Isolation Forest,12.02,9.7,LOW,No significant risk indicator detected,LOW
,Agra,,Bachittar Choudhry,W10766,,Drinking Water Supply,Zilla Panchayat,4.33,,,,,,,,,Ongoing,8.146274741610402,synthetic,Synthetic Test Data,,,False,,,False,,,,False,False,W10766,8.15,LOW,No rule-based risk condition triggered,False,-0.0296,Normal,Isolation Forest,55.85,27.23,LOW,No significant risk indicator detected,LOW
,Agra,,Owen Bala,W12858,,Public Toilet Complex,District Rural Development Agency,6.44,,,,,,,,,Completed,8.130790669903737,synthetic,Synthetic Test Data,,,False,,,False,,,,False,False,W12858,8.13,LOW,No rule-based risk condition triggered,False,-0.0353,Normal,Isolation Forest,31.13,17.33,LOW,No significant risk indicator detected,LOW
,Thane,,Bachittar Choudhry,W10513,,Public Toilet Complex,Municipal Corporation,6.51,,,,,,,,,Completed,8.129415819236195,synthetic,Synthetic Test Data,,,False,,,False,,,,False,False,W10513,8.13,LOW,No rule-based risk condition triggered,False,-0.0414,Normal,Isolation Forest,12.02,9.69,LOW,No significant risk indicator detected,LOW
,Kolkata,,Mugdha Varty,W10958,,Drinking Water Supply,Zilla Panchayat,7.78,,,,,,,,,Completed,8.098593446112174,synthetic,Synthetic Test Data,,,False,,,False,,,,False,False,W10958,8.1,LOW,No rule-based risk condition triggered,False,-0.0408,Normal,Isolation Forest,14.02,10.47,LOW,No significant risk indicator detected,LOW
,Darjeeling,,Advaith Gole,W10886,,Drainage System,Public Works Department,13.77,,,,,,,,,Completed,8.097765717777806,synthetic,Synthetic Test Data,,,False,,,False,,,,False,False,W10886,8.1,LOW,No rule-based risk condition triggered,False,-0.03,Normal,Isolation Forest,53.93,26.43,LOW,No significant risk indicator detected,LOW
,Nashik,,Bachittar Choudhry,W12614,,Drinking Water Supply,Public Works Department,5.2,,,,,,,,,Ongoing,8.081701923249128,synthetic,Synthetic Test Data,,,False,,,False,,,,False,False,W12614,8.08,LOW,No rule-based risk condition triggered,False,-0.0284,Normal,Isolation Forest,60.32,28.98,LOW,No significant risk indicator detected,LOW
,Thane,,Odika Naik,W12173,,School Building Repair,Zilla Panchayat,3.45,,,,,,,,,Completed,8.071366353703521,synthetic,Synthetic Test Data,,,False,,,False,,,,False,False,W12173,8.07,LOW,No rule-based risk condition triggered,False,-0.0403,Normal,Isolation Forest,15.43,11.01,LOW,No significant risk indicator detected,LOW
,Madurai,,Rayaan Mand,W10136,,Drinking Water Supply,Public Works Department,9.62,,,,,,,,,Completed,8.053323344683884,synthetic,Synthetic Test Data,,,False,,,False,,,,False,False,W10136,8.05,LOW,No rule-based risk condition triggered,False,-0.0341,Normal,Isolation Forest,36.23,19.32,LOW,No significant risk indicator detected,LOW
,Agra,,Eesha Memon,W10214,,Drinking Water Supply,Zilla Panchayat,19.31,,,,,,,,,Ongoing,8.052234221597494,synthetic,Synthetic Test Data,,,False,,,False,,,,False,False,W10214,8.05,LOW,No rule-based risk condition triggered,False,-0.0281,Normal,Isolation Forest,61.17,29.3,LOW,No significant risk indicator detected,LOW
,Varanasi,,Leena Butala,W12266,,Public Toilet Complex,State Housing Board,6.89,,,,,,,,,Completed,8.009285582,synthetic,Synthetic Test Data,,,False,,,False,,,,False,False,W12266,8.01,LOW,No rule-based risk condition triggered,False,-0.038,Normal,Isolation Forest,22.35,13.75,LOW,No significant risk indicator detected,LOW
,Kolkata,,Sanya Swamy,W10846,,Road Construction,Zilla Panchayat,16.84,,,,,,,,,Completed,8.008475608047743,synthetic,Synthetic Test Data,,,False,,,False,,,,False,False,W10846,8.01,LOW,No rule-based risk condition triggered,False,-0.0403,Normal,Isolation Forest,15.43,10.98,LOW,No significant risk indicator detected,LOW
,Kolkata,,Meera Banerjee,W11935,,Community Health Center,Public Works Department,19.13,,,,,,,,,Completed,8.000500531448994,synthetic,Synthetic Test Data,,,False,,,False,,,,False,False,W11935,8.0,LOW,No rule-based risk condition triggered,False,-0.0277,Normal,Isolation Forest,62.88,29.95,LOW,No significant risk indicator detected,LOW
,Kanpur,,Nicholas Gour,W12687,,School Building Repair,Public Works Department,8.77,,,,,,,,,Ongoing,7.990564487510563,synthetic,Synthetic Test Data,,,False,,,False,,,,False,False,W12687,7.99,LOW,No rule-based risk condition triggered,False,-0.0364,Normal,Isolation Forest,26.65,15.45,LOW,No significant risk indicator detected,LOW
,Nashik,,Harrison Kapur,W12938,,School Building Repair,State Housing Board,14.01,,,,,,,,,Completed,7.971511300682724,synthetic,Synthetic Test Data,,,False,,,False,,,,False,False,W12938,7.97,LOW,No rule-based risk condition triggered,False,-0.0343,Normal,Isolation Forest,35.27,18.89,LOW,No significant risk indicator detected,LOW
,Chennai,,Advaith Gole,W10295,,Community Health Center,Zilla Panchayat,15.46,,,,,,,,,Completed,7.949775879831765,synthetic,Synthetic Test Data,,,False,,,False,,,,False,False,W10295,7.95,LOW,No rule-based risk condition triggered,False,-0.0297,Normal,Isolation Forest,55.33,26.9,LOW,No significant risk indicator detected,LOW
,Chennai,,Azaan Gupta,W11938,,Drinking Water Supply,Municipal Corporation,11.08,,,,,,,,,Completed,7.933117800411164,synthetic,Synthetic Test Data,,,False,,,False,,,,False,False,W11938,7.93,LOW,No rule-based risk condition triggered,False,-0.0327,Normal,Isolation Forest,42.53,21.77,LOW,No significant risk indicator detected,LOW
,Salem,,Onveer Kata,W11092,,Drainage System,District Rural Development Agency,8.71,,,,,,,,,Completed,7.929562773711803,synthetic,Synthetic Test Data,,,False,,,False,,,,False,False,W11092,7.93,LOW,No rule-based risk condition triggered,False,-0.0385,Normal,Isolation Forest,20.82,13.09,LOW,No significant risk indicator detected,LOW
,Nashik,,Varsha Morar,W12363,,Street Lighting,Zilla Panchayat,2.35,,,,,,,,,Completed,7.904820727491579,synthetic,Synthetic Test Data,,,False,,,False,,,,False,False,W12363,7.9,LOW,No rule-based risk condition triggered,False,-0.0361,Normal,Isolation Forest,28.13,15.99,LOW,No significant risk indicator detected,LOW
,Nagpur,,Bachittar Choudhry,W11958,,Public Toilet Complex,State Housing Board,6.13,,,,,,,,,Ongoing,7.904663449691863,synthetic,Synthetic Test Data,,,False,,,False,,,,False,False,W11958,7.9,LOW,No rule-based risk condition triggered,False,-0.0252,Normal,Isolation Forest,70.22,32.83,LOW,No significant risk indicator detected,LOW
,Salem,,Hemang Bava,W11415,,Drainage System,Public Works Department,5.28,,,,,,,,,Ongoing,7.872853495788914,synthetic,Synthetic Test Data,,,False,,,False,,,,False,False,W11415,7.87,LOW,No rule-based risk condition triggered,False,-0.0367,Normal,Isolation Forest,25.68,14.99,LOW,No significant risk indicator detected,LOW
,Agra,,Varsha Morar,W12082,,Drainage System,Public Works Department,15.72,,,,,,,,,Completed,7.863283929836989,synthetic,Synthetic Test Data,,,False,,,False,,,,False,False,W12082,7.86,LOW,No rule-based risk condition triggered,False,-0.0241,Normal,Isolation Forest,73.38,34.07,LOW,No significant risk indicator detected,LOW
,Madurai,,Owen Bala,W12180,,Street Lighting,Public Works Department,3.25,,,,,,,,,Ongoing,7.861873929056201,synthetic,Synthetic Test Data,,,False,,,False,,,,False,False,W12180,7.86,LOW,No rule-based risk condition triggered,False,-0.0362,Normal,Isolation Forest,27.6,15.76,LOW,No significant risk indicator detected,LOW
,Kanpur,,Jagat Mangat,W12233,,Drainage System,Municipal Corporation,7.71,,,,,,,,,Completed,7.855247246829383,synthetic,Synthetic Test Data,,,False,,,False,,,,False,False,W12233,7.86,LOW,No rule-based risk condition triggered,False,-0.0319,Normal,Isolation Forest,46.1,23.16,LOW,No significant risk indicator detected,LOW
,Nashik,,Christopher Kadakia,W11582,,Street Lighting,District Rural Development Agency,5.18,,,,,,,,,Completed,7.838176620267494,synthetic,Synthetic Test Data,,,False,,,False,,,,False,False,W11582,7.84,LOW,No rule-based risk condition triggered,False,-0.0286,Normal,Isolation Forest,59.68,28.58,LOW,No significant risk indicator detected,LOW
,Bengaluru Urban,,Ria Ratta,W12794,,Public Toilet Complex,Municipal Corporation,6.51,,,,,,,,,Completed,7.802670348960962,synthetic,Synthetic Test Data,,,False,,,False,,,,False,False,W12794,7.8,LOW,No rule-based risk condition triggered,False,-0.0414,Normal,Isolation Forest,12.02,9.49,LOW,No significant risk indicator detected,LOW
,Varanasi,,Vrinda Biswas,W11418,,Drinking Water Supply,Municipal Corporation,7.18,,,,,,,,,Completed,7.802296340599476,synthetic,Synthetic Test Data,,,False,,,False,,,,False,False,W11418,7.8,LOW,No rule-based risk condition triggered,False,-0.0292,Normal,Isolation Forest,57.5,27.68,LOW,No significant risk indicator detected,LOW
,Nagpur,,Harrison Kapur,W12965,,School Building Repair,State Housing Board,4.18,,,,,,,,,Completed,7.795107464093634,synthetic,Synthetic Test Data,,,False,,,False,,,,False,False,W12965,7.8,LOW,No rule-based risk condition triggered,False,-0.0382,Normal,Isolation Forest,21.82,13.41,LOW,No significant risk indicator detected,LOW
,Asansol,,Meera Banerjee,W12095,,School Building Repair,Municipal Corporation,9.43,,,,,,,,,Completed,7.794887703591151,synthetic,Synthetic Test Data,,,False,,,False,,,,False,False,W12095,7.79,LOW,No rule-based risk condition triggered,False,-0.0343,Normal,Isolation Forest,35.27,18.78,LOW,No significant risk indicator detected,LOW
,Nagpur,,Odika Naik,W12818,,Drainage System,Municipal Corporation,4.97,,,,,,,,,Completed,7.790676733758662,synthetic,Synthetic Test Data,,,False,,,False,,,,False,False,W12818,7.79,LOW,No rule-based risk condition triggered,False,-0.0264,Normal,Isolation Forest,66.95,31.45,LOW,No significant risk indicator detected,LOW
,Howrah,,Yamini Chand,W12922,,Street Lighting,State Housing Board,5.74,,,,,,,,,Completed,7.779744776371451,synthetic,Synthetic Test Data,,,False,,,False,,,,False,False,W12922,7.78,LOW,No rule-based risk condition triggered,False,-0.0299,Normal,Isolation Forest,54.43,26.44,LOW,No significant risk indicator detected,LOW
,Salem,,Vrinda Biswas,W10276,,Street Lighting,Municipal Corporation,4.91,,,,,,,,,Completed,7.775764597156644,synthetic,Synthetic Test Data,,,False,,,False,,,,False,False,W10276,7.78,LOW,No rule-based risk condition triggered,False,-0.0176,Normal,Isolation Forest,84.32,38.4,LOW,No significant risk indicator detected,LOW
,Bengaluru Urban,,Nicholas Gour,W11451,,Street Lighting,Public Works Department,4.56,,,,,,,,,Completed,7.768784430085143,synthetic,Synthetic Test Data,,,False,,,False,,,,False,False,W11451,7.77,LOW,No rule-based risk condition triggered,False,-0.0264,Normal,Isolation Forest,66.95,31.44,LOW,No significant risk indicator detected,LOW
,Madurai,,Widisha Yohannan,W10032,,School Building Repair,State Housing Board,8.26,,,,,,,,,Completed,7.765876754429705,synthetic,Synthetic Test Data,,,False,,,False,,,,False,False,W10032,7.77,LOW,No rule-based risk condition triggered,False,-0.0502,Normal,Isolation Forest,2.78,5.77,LOW,No significant risk indicator detected,LOW
,Kolkata,,Mugdha Varty,W10800,,Road Construction,State Housing Board,13.88,,,,,,,,,Completed,7.760352356,synthetic,Synthetic Test Data,,,False,,,False,,,,False,False,W10800,7.76,LOW,No rule-based risk condition triggered,False,-0.028,Normal,Isolation Forest,61.57,29.28,LOW,No significant risk indicator detected,LOW
,Nashik,,Advaith Gole,W12427,,Drinking Water Supply,District Rural Development Agency,15.91,,,,,,,,,Completed,7.7451472683692835,synthetic,Synthetic Test Data,,,False,,,False,,,,False,False,W12427,7.75,LOW,No rule-based risk condition triggered,False,-0.0294,Normal,Isolation Forest,56.62,27.3,LOW,No significant risk indicator detected,LOW
,Madurai,,Vrinda Biswas,W12606,,Drinking Water Supply,District Rural Development Agency,7.6,,,,,,,,,Completed,7.728822244201886,synthetic,Synthetic Test Data,,,False,,,False,,,,False,False,W12606,7.73,LOW,No rule-based risk condition triggered,False,-0.0317,Normal,Isolation Forest,47.08,23.47,LOW,No significant risk indicator detected,LOW
,Mysuru,,Ishwar Boase,W12637,,Public Toilet Complex,State Housing Board,4.43,,,,,,,,,Completed,7.728619202318298,synthetic,Synthetic Test Data,,,False,,,False,,,,False,False,W12637,7.73,LOW,No rule-based risk condition triggered,False,-0.0347,Normal,Isolation Forest,33.62,18.09,LOW,No significant risk indicator detected,LOW
,Howrah,,Rayaan Mand,W12971,,Drinking Water Supply,Zilla Panchayat,10.53,,,,,,,,,Completed,7.722228973015056,synthetic,Synthetic Test Data,,,False,,,False,,,,False,False,W12971,7.72,LOW,No rule-based risk condition triggered,False,-0.0441,Normal,Isolation Forest,7.92,7.8,LOW,No significant risk indicator detected,LOW
,Chennai,,Vanya Suresh,W11351,,Street Lighting,Zilla Panchayat,5.04,,,,,,,,,Completed,7.691971617685408,synthetic,Synthetic Test Data,,,False,,,False,,,,False,False,W11351,7.69,LOW,No rule-based risk condition triggered,False,-0.0402,Normal,Isolation Forest,15.63,10.87,LOW,No significant risk indicator detected,LOW
,Nagpur,,Rayaan Mand,W12465,,School Building Repair,Public Works Department,5.08,,,,,,,,,Completed,7.677564719648193,synthetic,Synthetic Test Data,,,False,,,False,,,,False,False,W12465,7.68,LOW,No rule-based risk condition triggered,False,-0.0366,Normal,Isolation Forest,26.03,15.02,LOW,No significant risk indicator detected,LOW
,Bengaluru Urban,,Gaurav Chandra,W11900,,Street Lighting,Municipal Corporation,2.22,,,,,,,,,Ongoing,7.676172117640248,synthetic,Synthetic Test Data,,,False,,,False,,,,False,False,W11900,7.68,LOW,No rule-based risk condition triggered,False,-0.0161,Normal,Isolation Forest,85.93,38.98,LOW,No significant risk indicator detected,LOW
,Chennai,,Yadavi Deshmukh,W11334,,Public Toilet Complex,District Rural Development Agency,4.15,,,,,,,,,Completed,7.663763131244188,synthetic,Synthetic Test Data,,,False,,,False,,,,False,False,W11334,7.66,LOW,No rule-based risk condition triggered,False,-0.0297,Normal,Isolation Forest,55.33,26.73,LOW,No significant risk indicator detected,LOW
,Kanpur,,Bachittar Choudhry,W10940,,Community Health Center,State Housing Board,19.97,,,,,,,,,Completed,7.6405458119507905,synthetic,Synthetic Test Data,,,False,,,False,,,,False,False,W10940,7.64,LOW,No rule-based risk condition triggered,False,-0.0288,Normal,Isolation Forest,59.15,28.24,LOW,No significant risk indicator detected,LOW
,Lucknow,,Mugdha Varty,W12773,,School Building Repair,District Rural Development Agency,13.52,,,,,,,,,Ongoing,7.624700044669099,synthetic,Synthetic Test Data,,,False,,,False,,,,False,False,W12773,7.62,LOW,No rule-based risk condition triggered,False,-0.0292,Normal,Isolation Forest,57.5,27.57,LOW,No significant risk indicator detected,LOW
,Nagpur,,Meera Banerjee,W12695,,Public Toilet Complex,District Rural Development Agency,6.76,,,,,,,,,Completed,7.620693737804361,synthetic,Synthetic Test Data,,,False,,,False,,,,False,False,W12695,7.62,LOW,No rule-based risk condition triggered,False,-0.0347,Normal,Isolation Forest,33.62,18.02,LOW,No significant risk indicator detected,LOW
,Madurai,,Deepa Gala,W10616,,Street Lighting,Public Works Department,3.68,,,,,,,,,Ongoing,7.596996695256056,synthetic,Synthetic Test Data,,,False,,,False,,,,False,False,W10616,7.6,LOW,No rule-based risk condition triggered,False,-0.0386,Normal,Isolation Forest,20.45,12.74,LOW,No significant risk indicator detected,LOW
,Madurai,,Leena Butala,W11464,,Public Toilet Complex,Zilla Panchayat,5.05,,,,,,,,,Completed,7.575454190950168,synthetic,Synthetic Test Data,,,False,,,False,,,,False,False,W11464,7.58,LOW,No rule-based risk condition triggered,False,-0.0536,Normal,Isolation Forest,0.83,4.88,LOW,No significant risk indicator detected,LOW
,Belagavi,,Varsha Morar,W12297,,Community Health Center,District Rural Development Agency,19.12,,,,,,,,,Ongoing,7.573636184141461,synthetic,Synthetic Test Data,,,False,,,False,,,,False,False,W12297,7.57,LOW,No rule-based risk condition triggered,False,-0.0279,Normal,Isolation Forest,61.97,29.33,LOW,No significant risk indicator detected,LOW
,Asansol,,Triya Khatri,W10443,,Drainage System,Municipal Corporation,6.38,,,,,,,,,Ongoing,7.559617793752783,synthetic,Synthetic Test Data,,,False,,,False,,,,False,False,W10443,7.56,LOW,No rule-based risk condition triggered,False,-0.0343,Normal,Isolation Forest,35.27,18.64,LOW,No significant risk indicator detected,LOW
,Darjeeling,,Ronith Zachariah,W12353,,Drainage System,District Rural Development Agency,4.23,,,,,,,,,Ongoing,7.559220791815419,synthetic,Synthetic Test Data,,,False,,,False,,,,False,False,W12353,7.56,LOW,No rule-based risk condition triggered,False,-0.0322,Normal,Isolation Forest,44.8,22.46,LOW,No significant risk indicator detected,LOW
,Varanasi,,Ria Ratta,W12299,,Public Toilet Complex,State Housing Board,7.63,,,,,,,,,Completed,7.554461946195463,synthetic,Synthetic Test Data,,,False,,,False,,,,False,False,W12299,7.55,LOW,No rule-based risk condition triggered,False,-0.0329,Normal,Isolation Forest,41.65,21.19,LOW,No significant risk indicator detected,LOW
,Belagavi,,Mugdha Varty,W12613,,Community Health Center,State Housing Board,12.16,,,,,,,,,Completed,7.553915823596309,synthetic,Synthetic Test Data,,,False,,,False,,,,False,False,W12613,7.55,LOW,No rule-based risk condition triggered,False,-0.0292,Normal,Isolation Forest,57.5,27.53,LOW,No significant risk indicator detected,LOW
,Asansol,,Yug Choudhry,W12657,,Drinking Water Supply,Public Works Department,4.08,,,,,,,,,Completed,7.531391011767193,synthetic,Synthetic Test Data,,,False,,,False,,,,False,False,W12657,7.53,LOW,No rule-based risk condition triggered,False,-0.026,Normal,Isolation Forest,68.0,31.72,LOW,No significant risk indicator detected,LOW
,Chennai,,Victor Venkataraman,W11657,,Road Construction,Municipal Corporation,13.36,,,,,,,,,Completed,7.490816586935138,synthetic,Synthetic Test Data,,,False,,,False,,,,False,False,W11657,7.49,LOW,No rule-based risk condition triggered,False,-0.0214,Normal,Isolation Forest,78.1,35.73,LOW,No significant risk indicator detected,LOW
,Chennai,,Yamini Chand,W12032,,Road Construction,Zilla Panchayat,5.46,,,,,,,,,Completed,7.490042321045386,synthetic,Synthetic Test Data,,,False,,,False,,,,False,False,W12032,7.49,LOW,No rule-based risk condition triggered,False,-0.0334,Normal,Isolation Forest,39.33,20.23,LOW,No significant risk indicator detected,LOW
,Asansol,,Onveer Kata,W10177,,Drinking Water Supply,Public Works Department,4.59,,,,,,,,,Completed,7.482915772197423,synthetic,Synthetic Test Data,,,False,,,False,,,,False,False,W10177,7.48,LOW,No rule-based risk condition triggered,False,-0.0287,Normal,Isolation Forest,59.43,28.26,LOW,No significant risk indicator detected,LOW
,Asansol,,Vrinda Biswas,W10883,,Drainage System,District Rural Development Agency,8.89,,,,,,,,,Completed,7.481215688492798,synthetic,Synthetic Test Data,,,False,,,False,,,,False,False,W10883,7.48,LOW,No rule-based risk condition triggered,False,-0.0386,Normal,Isolation Forest,20.45,12.67,LOW,No significant risk indicator detected,LOW
,Kolkata,,Varsha Morar,W10457,,Drinking Water Supply,Zilla Panchayat,16.24,,,,,,,,,Completed,7.440501340026386,synthetic,Synthetic Test Data,,,False,,,False,,,,False,False,W10457,7.44,LOW,No rule-based risk condition triggered,False,-0.038,Normal,Isolation Forest,22.35,13.4,LOW,No significant risk indicator detected,LOW
,Lucknow,,Hemang Bava,W12947,,Drainage System,District Rural Development Agency,12.05,,,,,,,,,Ongoing,7.426904338479557,synthetic,Synthetic Test Data,,,False,,,False,,,,False,False,W12947,7.43,LOW,No rule-based risk condition triggered,False,-0.0397,Normal,Isolation Forest,17.3,11.38,LOW,No significant risk indicator detected,LOW
,Asansol,,Christopher Kadakia,W10092,,Community Health Center,State Housing Board,12.17,,,,,,,,,Completed,7.416626958367344,synthetic,Synthetic Test Data,,,False,,,False,,,,False,False,W10092,7.42,LOW,No rule-based risk condition triggered,False,-0.0292,Normal,Isolation Forest,57.5,27.45,LOW,No significant risk indicator detected,LOW
,Salem,,Owen Bala,W10659,,Public Toilet Complex,State Housing Board,7.69,,,,,,,,,Completed,7.400947253194456,synthetic,Synthetic Test Data,,,False,,,False,,,,False,False,W10659,7.4,LOW,No rule-based risk condition triggered,False,-0.0326,Normal,Isolation Forest,42.97,21.63,LOW,No significant risk indicator detected,LOW
,Kolkata,,Victor Venkataraman,W10607,,Drinking Water Supply,District Rural Development Agency,11.53,,,,,,,,,Completed,7.398150415601996,synthetic,Synthetic Test Data,,,False,,,False,,,,False,False,W10607,7.4,LOW,No rule-based risk condition triggered,False,-0.0328,Normal,Isolation Forest,42.08,21.27,LOW,No significant risk indicator detected,LOW
,Belagavi,,Odika Naik,W12317,,Drainage System,Zilla Panchayat,8.79,,,,,,,,,Completed,7.395957268679841,synthetic,Synthetic Test Data,,,False,,,False,,,,False,False,W12317,7.4,LOW,No rule-based risk condition triggered,False,-0.0526,Normal,Isolation Forest,1.43,5.01,LOW,No significant risk indicator detected,LOW
,Belagavi,,Ishwar Boase,W10132,,Drainage System,District Rural Development Agency,4.95,,,,,,,,,Ongoing,7.386558045111101,synthetic,Synthetic Test Data,,,False,,,False,,,,False,False,W10132,7.39,LOW,No rule-based risk condition triggered,False,-0.0339,Normal,Isolation Forest,37.15,19.29,LOW,No significant risk indicator detected,LOW
,Coimbatore,,Azaan Gupta,W10386,,Drinking Water Supply,Zilla Panchayat,9.89,,,,,,,,,Completed,7.369793610842506,synthetic,Synthetic Test Data,,,False,,,False,,,,False,False,W10386,7.37,LOW,No rule-based risk condition triggered,False,-0.0449,Normal,Isolation Forest,7.13,7.27,LOW,No significant risk indicator detected,LOW
,Nagpur,,Ronith Zachariah,W11440,,Road Construction,Public Works Department,5.52,,,,,,,,,Completed,7.3547067488655005,synthetic,Synthetic Test Data,,,False,,,False,,,,False,False,W11440,7.35,LOW,No rule-based risk condition triggered,False,-0.0327,Normal,Isolation Forest,42.53,21.42,LOW,No significant risk indicator detected,LOW
,Chennai,,Ekansh Sami,W12313,,School Building Repair,Zilla Panchayat,6.59,,,,,,,,,Completed,7.352883172425094,synthetic,Synthetic Test Data,,,False,,,False,,,,False,False,W12313,7.35,LOW,No rule-based risk condition triggered,False,-0.0557,Normal,Isolation Forest,0.3,4.53,LOW,No significant risk indicator detected,LOW
,Darjeeling,,Yutika Rana,W12571,,Drainage System,District Rural Development Agency,9.07,,,,,,,,,Completed,7.341918472856516,synthetic,Synthetic Test Data,,,False,,,False,,,,False,False,W12571,7.34,LOW,No rule-based risk condition triggered,False,-0.0385,Normal,Isolation Forest,20.82,12.73,LOW,No significant risk indicator detected,LOW
,Thane,,Owen Bala,W12441,,School Building Repair,District Rural Development Agency,9.93,,,,,,,,,Completed,7.328850459070839,synthetic,Synthetic Test Data,,,False,,,False,,,,False,False,W12441,7.33,LOW,No rule-based risk condition triggered,False,-0.0306,Normal,Isolation Forest,51.43,24.97,LOW,No significant risk indicator detected,LOW
,Nashik,,Hemang Bava,W12545,,Drainage System,Public Works Department,11.92,,,,,,,,,Completed,7.319001220298706,synthetic,Synthetic Test Data,,,False,,,False,,,,False,False,W12545,7.32,LOW,No rule-based risk condition triggered,False,-0.034,Normal,Isolation Forest,36.65,19.05,LOW,No significant risk indicator detected,LOW
,Darjeeling,,Christopher Kadakia,W11888,,Community Health Center,Public Works Department,16.51,,,,,,,,,Completed,7.311525874062821,synthetic,Synthetic Test Data,,,False,,,False,,,,False,False,W11888,7.31,LOW,No rule-based risk condition triggered,False,-0.0296,Normal,Isolation Forest,55.85,26.73,LOW,No significant risk indicator detected,LOW
,Kanpur,,Varsha Morar,W10314,,Public Toilet Complex,Public Works Department,7.96,,,,,,,,,Completed,7.270633507298796,synthetic,Synthetic Test Data,,,False,,,False,,,,False,False,W10314,7.27,LOW,No rule-based risk condition triggered,False,-0.0342,Normal,Isolation Forest,35.78,18.67,LOW,No significant risk indicator detected,LOW
,Coimbatore,,Eesha Memon,W11621,,Street Lighting,District Rural Development Agency,5.92,,,,,,,,,Completed,7.265342772456941,synthetic,Synthetic Test Data,,,False,,,False,,,,False,False,W11621,7.27,LOW,No rule-based risk condition triggered,False,-0.0251,Normal,Isolation Forest,70.53,32.57,LOW,No significant risk indicator detected,LOW
,Thane,,Tanish Iyer,W11293,,Street Lighting,Municipal Corporation,2.39,,,,,,,,,Ongoing,7.262939858704583,synthetic,Synthetic Test Data,,,False,,,False,,,,False,False,W11293,7.26,LOW,No rule-based risk condition triggered,False,-0.0169,Normal,Isolation Forest,85.15,38.42,LOW,No significant risk indicator detected,LOW
,Kanpur,,Vrinda Biswas,W11904,,Public Toilet Complex,District Rural Development Agency,2.61,,,,,,,,,Ongoing,7.2600831285923535,synthetic,Synthetic Test Data,,,False,,,False,,,,False,False,W11904,7.26,LOW,No rule-based risk condition triggered,False,-0.0213,Normal,Isolation Forest,78.35,35.7,LOW,No significant risk indicator detected,LOW
,Mysuru,,Ishwar Boase,W11436,,Drainage System,Municipal Corporation,14.1,,,,,,,,,Completed,7.260043769,synthetic,Synthetic Test Data,,,False,,,False,,,,False,False,W11436,7.26,LOW,No rule-based risk condition triggered,False,-0.0285,Normal,Isolation Forest,60.0,28.36,LOW,No significant risk indicator detected,LOW
,Coimbatore,,Yug Choudhry,W11299,,Drinking Water Supply,Zilla Panchayat,11.38,,,,,,,,,Completed,7.257692779329907,synthetic,Synthetic Test Data,,,False,,,False,,,,False,False,W11299,7.26,LOW,No rule-based risk condition triggered,False,-0.045,Normal,Isolation Forest,7.03,7.17,LOW,No significant risk indicator detected,LOW
,Belagavi,,Ronith Zachariah,W11079,,School Building Repair,Zilla Panchayat,5.18,,,,,,,,,Completed,7.250372159115132,synthetic,Synthetic Test Data,,,False,,,False,,,,False,False,W11079,7.25,LOW,No rule-based risk condition triggered,False,-0.053,Normal,Isolation Forest,1.25,4.85,LOW,No significant risk indicator detected,LOW
,Kanpur,,Bachittar Choudhry,W11385,,Drainage System,Municipal Corporation,6.9,,,,,,,,,Completed,7.245239810495376,synthetic,Synthetic Test Data,,,False,,,False,,,,False,False,W11385,7.25,LOW,No rule-based risk condition triggered,False,-0.0315,Normal,Isolation Forest,48.08,23.58,LOW,No significant risk indicator detected,LOW
,Varanasi,,Advaith Gole,W11442,,School Building Repair,State Housing Board,6.87,,,,,,,,,Completed,7.239933496084198,synthetic,Synthetic Test Data,,,False,,,False,,,,False,False,W11442,7.24,LOW,No rule-based risk condition triggered,False,-0.0491,Normal,Isolation Forest,3.55,5.76,LOW,No significant risk indicator detected,LOW
,Coimbatore,,Owen Bansal,W11659,,Public Toilet Complex,State Housing Board,4.95,,,,,,,,,Completed,7.237174429493677,synthetic,Synthetic Test Data,,,False,,,False,,,,False,False,W11659,7.24,LOW,No rule-based risk condition triggered,False,-0.0368,Normal,Isolation Forest,25.42,14.51,LOW,No significant risk indicator detected,LOW
,Madurai,,Nicholas Gour,W11641,,Drinking Water Supply,Zilla Panchayat,17.69,,,,,,,,,Completed,7.205036998873872,synthetic,Synthetic Test Data,,,False,,,False,,,,False,False,W11641,7.21,LOW,No rule-based risk condition triggered,False,-0.032,Normal,Isolation Forest,45.6,22.57,LOW,No significant risk indicator detected,LOW
,Salem,,Ria Ratta,W11771,,School Building Repair,Public Works Department,11.26,,,,,,,,,Completed,7.201569948971901,synthetic,Synthetic Test Data,,,False,,,False,,,,False,False,W11771,7.2,LOW,No rule-based risk condition triggered,False,-0.0389,Normal,Isolation Forest,19.63,12.17,LOW,No significant risk indicator detected,LOW
,Thane,,Christopher Kadakia,W12145,,Community Health Center,Municipal Corporation,13.48,,,,,,,,,Completed,7.178058098105217,synthetic,Synthetic Test Data,,,False,,,False,,,,False,False,W12145,7.18,LOW,No rule-based risk condition triggered,False,-0.0289,Normal,Isolation Forest,58.82,27.84,LOW,No significant risk indicator detected,LOW
,Agra,,Harrison Kapur,W12827,,Drainage System,District Rural Development Agency,11.02,,,,,,,,,Completed,7.158155661237619,synthetic,Synthetic Test Data,,,False,,,False,,,,False,False,W12827,7.16,LOW,No rule-based risk condition triggered,False,-0.0378,Normal,Isolation Forest,22.72,13.38,LOW,No significant risk indicator detected,LOW
,Darjeeling,,Sanya Swamy,W10088,,Road Construction,State Housing Board,8.2,,,,,,,,,Ongoing,7.154355440546652,synthetic,Synthetic Test Data,,,False,,,False,,,,False,False,W10088,7.15,LOW,No rule-based risk condition triggered,False,-0.0267,Normal,Isolation Forest,66.17,30.76,LOW,No significant risk indicator detected,LOW
,Agra,,Azaan Gupta,W12912,,Drainage System,State Housing Board,16.47,,,,,,,,,Ongoing,7.144348154272471,synthetic,Synthetic Test Data,,,False,,,False,,,,False,False,W12912,7.14,LOW,No rule-based risk condition triggered,False,-0.028,Normal,Isolation Forest,61.57,28.91,LOW,No significant risk indicator detected,LOW
,Agra,,Sanya Swamy,W10930,,Public Toilet Complex,State Housing Board,6.52,,,,,,,,,Completed,7.12346892,synthetic,Synthetic Test Data,,,False,,,False,,,,False,False,W10930,7.12,LOW,No rule-based risk condition triggered,False,-0.0394,Normal,Isolation Forest,18.43,11.64,LOW,No significant risk indicator detected,LOW
,Kanpur,,Ekansh Sami,W11749,,School Building Repair,District Rural Development Agency,11.69,,,,,,,,,Completed,7.087760745456248,synthetic,Synthetic Test Data,,,False,,,False,,,,False,False,W11749,7.09,LOW,No rule-based risk condition triggered,False,-0.0257,Normal,Isolation Forest,68.93,31.83,LOW,No significant risk indicator detected,LOW
,Bengaluru Urban,,Lucky Prashad,W11616,,Drinking Water Supply,District Rural Development Agency,11.24,,,,,,,,,Completed,7.070900095961196,synthetic,Synthetic Test Data,,,False,,,False,,,,False,False,W11616,7.07,LOW,No rule-based risk condition triggered,False,-0.0323,Normal,Isolation Forest,44.33,21.97,LOW,No significant risk indicator detected,LOW
,Pune,,Azaan Gupta,W12225,,School Building Repair,Municipal Corporation,10.1,,,,,,,,,Ongoing,7.069279006831778,synthetic,Synthetic Test Data,,,False,,,False,,,,False,False,W12225,7.07,LOW,No rule-based risk condition triggered,False,-0.0373,Normal,Isolation Forest,24.12,13.89,LOW,No significant risk indicator detected,LOW
,Asansol,,Lucky Prashad,W10547,,School Building Repair,State Housing Board,9.8,,,,,,,,,Completed,7.049495205673958,synthetic,Synthetic Test Data,,,False,,,False,,,,False,False,W10547,7.05,LOW,No rule-based risk condition triggered,False,-0.05,Normal,Isolation Forest,2.83,5.36,LOW,No significant risk indicator detected,LOW
,Nashik,,Rayaan Mand,W10101,,Drainage System,Zilla Panchayat,4.51,,,,,,,,,Completed,7.043260101099266,synthetic,Synthetic Test Data,,,False,,,False,,,,False,False,W10101,7.04,LOW,No rule-based risk condition triggered,False,-0.0467,Normal,Isolation Forest,5.02,6.23,LOW,No significant risk indicator detected,LOW
,Belagavi,,Leena Butala,W10690,,Drinking Water Supply,Municipal Corporation,7.35,,,,,,,,,Completed,7.038000421324249,synthetic,Synthetic Test Data,,,False,,,False,,,,False,False,W10690,7.04,LOW,No rule-based risk condition triggered,False,-0.0295,Normal,Isolation Forest,56.2,26.7,LOW,No significant risk indicator detected,LOW
,Bengaluru Urban,,Ronith Zachariah,W11712,,Public Toilet Complex,Municipal Corporation,4.16,,,,,,,,,Completed,7.0373794825210645,synthetic,Synthetic Test Data,,,False,,,False,,,,False,False,W11712,7.04,LOW,No rule-based risk condition triggered,False,-0.036,Normal,Isolation Forest,28.68,15.7,LOW,No significant risk indicator detected,LOW
,Mysuru,,Harrison Kapur,W12584,,Street Lighting,State Housing Board,2.86,,,,,,,,,Ongoing,7.022391091606983,synthetic,Synthetic Test Data,,,False,,,False,,,,False,False,W12584,7.02,LOW,No rule-based risk condition triggered,False,-0.033,Normal,Isolation Forest,41.18,20.68,LOW,No significant risk indicator detected,LOW
,Belagavi,,Sanya Swamy,W10174,,School Building Repair,District Rural Development Agency,11.8,,,,,,,,,Ongoing,6.994503236778908,synthetic,Synthetic Test Data,,,False,,,False,,,,False,False,W10174,6.99,LOW,No rule-based risk condition triggered,False,-0.0323,Normal,Isolation Forest,44.33,21.93,LOW,No significant risk indicator detected,LOW
,Nagpur,,Yutika Rana,W10514,,Drainage System,Municipal Corporation,4.5,,,,,,,,,Completed,6.991839796701836,synthetic,Synthetic Test Data,,,False,,,False,,,,False,False,W10514,6.99,LOW,No rule-based risk condition triggered,False,-0.0249,Normal,Isolation Forest,71.12,32.64,LOW,No significant risk indicator detected,LOW
,Varanasi,,Yug Choudhry,W11890,,Street Lighting,Municipal Corporation,2.69,,,,,,,,,Ongoing,6.984208449674064,synthetic,Synthetic Test Data,,,False,,,False,,,,False,False,W11890,6.98,LOW,No rule-based risk condition triggered,False,-0.0185,Normal,Isolation Forest,83.07,37.42,LOW,No significant risk indicator detected,LOW
,Thane,,Jagat Mangat,W12153,,Drainage System,District Rural Development Agency,14.98,,,,,,,,,Completed,6.980990145755499,synthetic,Synthetic Test Data,,,False,,,False,,,,False,False,W12153,6.98,LOW,No rule-based risk condition triggered,False,-0.0279,Normal,Isolation Forest,61.97,28.98,LOW,No significant risk indicator detected,LOW
,Salem,,Yutika Rana,W10487,,Drainage System,District Rural Development Agency,6.49,,,,,,,,,Completed,6.970588109600965,synthetic,Synthetic Test Data,,,False,,,False,,,,False,False,W10487,6.97,LOW,No rule-based risk condition triggered,False,-0.0362,Normal,Isolation Forest,27.6,15.22,LOW,No significant risk indicator detected,LOW
,Thane,,Jagat Mangat,W12170,,Street Lighting,Municipal Corporation,3.32,,,,,,,,,Completed,6.968979917,synthetic,Synthetic Test Data,,,False,,,False,,,,False,False,W12170,6.97,LOW,No rule-based risk condition triggered,False,-0.0153,Normal,Isolation Forest,86.6,38.82,LOW,No significant risk indicator detected,LOW
,Asansol,,Eesha Memon,W12306,,Drainage System,Municipal Corporation,11.08,,,,,,,,,Completed,6.952702116652901,synthetic,Synthetic Test Data,,,False,,,False,,,,False,False,W12306,6.95,LOW,No rule-based risk condition triggered,False,-0.0325,Normal,Isolation Forest,43.38,21.52,LOW,No significant risk indicator detected,LOW
,Salem,,Sanya Swamy,W10918,,Public Toilet Complex,Zilla Panchayat,7.73,,,,,,,,,Completed,6.934171149671741,synthetic,Synthetic Test Data,,,False,,,False,,,,False,False,W10918,6.93,LOW,No rule-based risk condition triggered,False,-0.0458,Normal,Isolation Forest,5.97,6.55,LOW,No significant risk indicator detected,LOW
,Kolkata,,Bachittar Choudhry,W11736,,Drinking Water Supply,Municipal Corporation,5.81,,,,,,,,,Completed,6.928774537458307,synthetic,Synthetic Test Data,,,False,,,False,,,,False,False,W11736,6.93,LOW,No rule-based risk condition triggered,False,-0.027,Normal,Isolation Forest,65.32,30.29,LOW,No significant risk indicator detected,LOW
,Coimbatore,,Vanya Suresh,W10625,,School Building Repair,District Rural Development Agency,6.28,,,,,,,,,Completed,6.924456311508253,synthetic,Synthetic Test Data,,,False,,,False,,,,False,False,W10625,6.92,LOW,No rule-based risk condition triggered,False,-0.0278,Normal,Isolation Forest,62.37,29.1,LOW,No significant risk indicator detected,LOW
,Kanpur,,Bachittar Choudhry,W11425,,Drinking Water Supply,Public Works Department,17.69,,,,,,,,,Completed,6.906444408916025,synthetic,Synthetic Test Data,,,False,,,False,,,,False,False,W11425,6.91,LOW,No rule-based risk condition triggered,False,-0.0235,Normal,Isolation Forest,74.58,33.98,LOW,No significant risk indicator detected,LOW
,Howrah,,Yug Choudhry,W10323,,Drainage System,Municipal Corporation,5.33,,,,,,,,,Completed,6.878530516,synthetic,Synthetic Test Data,,,False,,,False,,,,False,False,W10323,6.88,LOW,No rule-based risk condition triggered,False,-0.0284,Normal,Isolation Forest,60.32,28.26,LOW,No significant risk indicator detected,LOW
,Salem,,Hemang Bava,W11027,,Street Lighting,Zilla Panchayat,2.43,,,,,,,,,Ongoing,6.876912639609917,synthetic,Synthetic Test Data,,,False,,,False,,,,False,False,W11027,6.88,LOW,No rule-based risk condition triggered,False,-0.0409,Normal,Isolation Forest,13.55,9.55,LOW,No significant risk indicator detected,LOW
,Belagavi,,Vrinda Biswas,W12408,,Drainage System,Zilla Panchayat,17.67,,,,,,,,,Ongoing,6.875217754402351,synthetic,Synthetic Test Data,,,False,,,False,,,,False,False,W12408,6.88,LOW,No rule-based risk condition triggered,False,-0.0351,Normal,Isolation Forest,31.87,16.88,LOW,No significant risk indicator detected,LOW
,Salem,,Hemang Bava,W12774,,Public Toilet Complex,Public Works Department,7.2,,,,,,,,,Completed,6.866551499297838,synthetic,Synthetic Test Data,,,False,,,False,,,,False,False,W12774,6.87,LOW,No rule-based risk condition triggered,False,-0.0375,Normal,Isolation Forest,23.62,13.57,LOW,No significant risk indicator detected,LOW
,Varanasi,,Widisha Yohannan,W10563,,School Building Repair,Municipal Corporation,4.66,,,,,,,,,Ongoing,6.858486249658565,synthetic,Synthetic Test Data,,,False,,,False,,,,False,False,W10563,6.86,LOW,No rule-based risk condition triggered,False,-0.0272,Normal,Isolation Forest,64.7,30.0,LOW,No significant risk indicator detected,LOW
,Kolkata,,Lucky Prashad,W10194,,Street Lighting,State Housing Board,4.2,,,,,,,,,Ongoing,6.839847624,synthetic,Synthetic Test Data,,,False,,,False,,,,False,False,W10194,6.84,LOW,No rule-based risk condition triggered,False,-0.0385,Normal,Isolation Forest,20.82,12.43,LOW,No significant risk indicator detected,LOW
,Chennai,,Ekansh Sami,W11444,,School Building Repair,Public Works Department,5.71,,,,,,,,,Completed,6.829354046,synthetic,Synthetic Test Data,,,False,,,False,,,,False,False,W11444,6.83,LOW,No rule-based risk condition triggered,False,-0.0414,Normal,Isolation Forest,12.02,8.91,LOW,No significant risk indicator detected,LOW
,Nashik,,Oliver Sarma,W12771,,School Building Repair,District Rural Development Agency,3.9,,,,,,,,,Completed,6.820704209532302,synthetic,Synthetic Test Data,,,False,,,False,,,,False,False,W12771,6.82,LOW,No rule-based risk condition triggered,False,-0.0187,Normal,Isolation Forest,82.72,37.18,LOW,No significant risk indicator detected,LOW
,Mysuru,,Sanya Swamy,W11333,,Community Health Center,State Housing Board,15.59,,,,,,,,,Completed,6.804208665049487,synthetic,Synthetic Test Data,,,False,,,False,,,,False,False,W11333,6.8,LOW,No rule-based risk condition triggered,False,-0.0319,Normal,Isolation Forest,46.1,22.52,LOW,No significant risk indicator detected,LOW
,Belagavi,,Harrison Kapur,W12679,,Drainage System,Zilla Panchayat,9.99,,,,,,,,,Ongoing,6.800912569013213,synthetic,Synthetic Test Data,,,False,,,False,,,,False,False,W12679,6.8,LOW,No rule-based risk condition triggered,False,-0.0466,Normal,Isolation Forest,5.1,6.12,LOW,No significant risk indicator detected,LOW
,Thane,,Yug Choudhry,W10145,,Drainage System,Municipal Corporation,13.34,,,,,,,,,Completed,6.770640075817679,synthetic,Synthetic Test Data,,,False,,,False,,,,False,False,W10145,6.77,LOW,No rule-based risk condition triggered,False,-0.0296,Normal,Isolation Forest,55.85,26.4,LOW,No significant risk indicator detected,LOW
,Howrah,,Pallavi Krish,W10447,,School Building Repair,State Housing Board,9.25,,,,,,,,,Completed,6.717513532177143,synthetic,Synthetic Test Data,,,False,,,False,,,,False,False,W10447,6.72,LOW,No rule-based risk condition triggered,False,-0.0509,Normal,Isolation Forest,2.28,4.94,LOW,No significant risk indicator detected,LOW
,Nagpur,,Jagat Mangat,W10524,,Community Health Center,District Rural Development Agency,14.12,,,,,,,,,Completed,6.714168272428154,synthetic,Synthetic Test Data,,,False,,,False,,,,False,False,W10524,6.71,LOW,No rule-based risk condition triggered,False,-0.0364,Normal,Isolation Forest,26.65,14.69,LOW,No significant risk indicator detected,LOW
,Nagpur,,Owen Bala,W11493,,Drinking Water Supply,District Rural Development Agency,19.77,,,,,,,,,Completed,6.704299285675697,synthetic,Synthetic Test Data,,,False,,,False,,,,False,False,W11493,6.7,LOW,No rule-based risk condition triggered,False,-0.0211,Normal,Isolation Forest,78.95,35.6,LOW,No significant risk indicator detected,LOW
,Mysuru,,Nicholas Gour,W10687,,Public Toilet Complex,District Rural Development Agency,5.0,,,,,,,,,Completed,6.702989560994293,synthetic,Synthetic Test Data,,,False,,,False,,,,False,False,W10687,6.7,LOW,No rule-based risk condition triggered,False,-0.0333,Normal,Isolation Forest,39.88,19.97,LOW,No significant risk indicator detected,LOW
,Lucknow,,Triya Khatri,W10169,,Road Construction,Public Works Department,5.67,,,,,,,,,Completed,6.678611833185416,synthetic,Synthetic Test Data,,,False,,,False,,,,False,False,W10169,6.68,LOW,No rule-based risk condition triggered,False,-0.0333,Normal,Isolation Forest,39.88,19.96,LOW,No significant risk indicator detected,LOW
,Chennai,,Azaan Gupta,W12709,,Public Toilet Complex,State Housing Board,7.98,,,,,,,,,Completed,6.674826436954146,synthetic,Synthetic Test Data,,,False,,,False,,,,False,False,W12709,6.67,LOW,No rule-based risk condition triggered,False,-0.0313,Normal,Isolation Forest,48.77,23.51,LOW,No significant risk indicator detected,LOW
,Varanasi,,Ria Ratta,W11354,,Road Construction,Zilla Panchayat,9.25,,,,,,,,,Completed,6.666261019323658,synthetic,Synthetic Test Data,,,False,,,False,,,,False,False,W11354,6.67,LOW,No rule-based risk condition triggered,False,-0.0358,Normal,Isolation Forest,29.37,15.75,LOW,No significant risk indicator detected,LOW
,Coimbatore,,Triya Khatri,W11843,,Public Toilet Complex,District Rural Development Agency,3.68,,,,,,,,,Completed,6.643649521307179,synthetic,Synthetic Test Data,,,False,,,False,,,,False,False,W11843,6.64,LOW,No rule-based risk condition triggered,False,-0.0231,Normal,Isolation Forest,75.23,34.08,LOW,No significant risk indicator detected,LOW
,Kolkata,,Yutika Rana,W12289,,School Building Repair,State Housing Board,5.34,,,,,,,,,Completed,6.557519062404819,synthetic,Synthetic Test Data,,,False,,,False,,,,False,False,W12289,6.56,LOW,No rule-based risk condition triggered,False,-0.0444,Normal,Isolation Forest,7.73,7.03,LOW,No significant risk indicator detected,LOW
,Thane,,Vanya Suresh,W10023,,School Building Repair,Public Works Department,6.34,,,,,,,,,Completed,6.556194342839003,synthetic,Synthetic Test Data,,,False,,,False,,,,False,False,W10023,6.56,LOW,No rule-based risk condition triggered,False,-0.0417,Normal,Isolation Forest,11.27,8.44,LOW,No significant risk indicator detected,LOW
,Agra,,Gabriel Thaman,W12393,,Drainage System,Public Works Department,4.21,,,,,,,,,Ongoing,6.551877652311799,synthetic,Synthetic Test Data,,,False,,,False,,,,False,False,W12393,6.55,LOW,No rule-based risk condition triggered,False,-0.035,Normal,Isolation Forest,32.23,16.82,LOW,No significant risk indicator detected,LOW
,Darjeeling,,Jagat Mangat,W11875,,Drainage System,Public Works Department,8.87,,,,,,,,,Completed,6.541573769413211,synthetic,Synthetic Test Data,,,False,,,False,,,,False,False,W11875,6.54,LOW,No rule-based risk condition triggered,False,-0.0307,Normal,Isolation Forest,51.0,24.32,LOW,No significant risk indicator detected,LOW
,Agra,,Gaurav Chandra,W10943,,School Building Repair,State Housing Board,6.03,,,,,,,,,Completed,6.539508645103405,synthetic,Synthetic Test Data,,,False,,,False,,,,False,False,W10943,6.54,LOW,No rule-based risk condition triggered,False,-0.0471,Normal,Isolation Forest,4.78,5.84,LOW,No significant risk indicator detected,LOW
,Kolkata,,Vanya Suresh,W12976,,Public Toilet Complex,Zilla Panchayat,6.68,,,,,,,,,Completed,6.5212761452498045,synthetic,Synthetic Test Data,,,False,,,False,,,,False,False,W12976,6.52,LOW,No rule-based risk condition triggered,False,-0.0516,Normal,Isolation Forest,2.08,4.74,LOW,No significant risk indicator detected,LOW
,Nashik,,Krishna Pant,W11250,,Street Lighting,State Housing Board,4.58,,,,,,,,,Ongoing,6.5155134867599855,synthetic,Synthetic Test Data,,,False,,,False,,,,False,False,W11250,6.52,LOW,No rule-based risk condition triggered,False,-0.0392,Normal,Isolation Forest,19.02,11.52,LOW,No significant risk indicator detected,LOW
,Nagpur,,Ronith Zachariah,W12723,,Road Construction,Municipal Corporation,13.84,,,,,,,,,Completed,6.475186098272804,synthetic,Synthetic Test Data,,,False,,,False,,,,False,False,W12723,6.48,LOW,No rule-based risk condition triggered,False,-0.0213,Normal,Isolation Forest,78.35,35.23,LOW,No significant risk indicator detected,LOW
,Darjeeling,,Mugdha Varty,W11188,,School Building Repair,Municipal Corporation,9.77,,,,,,,,,Ongoing,6.434205443154919,synthetic,Synthetic Test Data,,,False,,,False,,,,False,False,W11188,6.43,LOW,No rule-based risk condition triggered,False,-0.0378,Normal,Isolation Forest,22.72,12.95,LOW,No significant risk indicator detected,LOW
,Belagavi,,Harrison Kapur,W11241,,Street Lighting,Municipal Corporation,4.3,,,,,,,,,Completed,6.420071524708167,synthetic,Synthetic Test Data,,,False,,,False,,,,False,False,W11241,6.42,LOW,No rule-based risk condition triggered,False,-0.0188,Normal,Isolation Forest,82.55,36.87,LOW,No significant risk indicator detected,LOW
,Nashik,,Vrinda Biswas,W12920,,Drainage System,District Rural Development Agency,8.95,,,,,,,,,Completed,6.417792642115977,synthetic,Synthetic Test Data,,,False,,,False,,,,False,False,W12920,6.42,LOW,No rule-based risk condition triggered,False,-0.0382,Normal,Isolation Forest,21.82,12.58,LOW,No significant risk indicator detected,LOW
,Madurai,,Gaurav Chandra,W12130,,Drinking Water Supply,District Rural Development Agency,7.42,,,,,,,,,Completed,6.415900110330125,synthetic,Synthetic Test Data,,,False,,,False,,,,False,False,W12130,6.42,LOW,No rule-based risk condition triggered,False,-0.0314,Normal,Isolation Forest,48.37,23.2,LOW,No significant risk indicator detected,LOW
,Dharwad,,Hemang Bava,W12418,,Street Lighting,Public Works Department,4.45,,,,,,,,,Ongoing,6.387732681867052,synthetic,Synthetic Test Data,,,False,,,False,,,,False,False,W12418,6.39,LOW,No rule-based risk condition triggered,False,-0.0399,Normal,Isolation Forest,16.53,10.45,LOW,No significant risk indicator detected,LOW
,Kolkata,,Deepa Gala,W12831,,Drainage System,Municipal Corporation,13.5,,,,,,,,,Completed,6.372595047256119,synthetic,Synthetic Test Data,,,False,,,False,,,,False,False,W12831,6.37,LOW,No rule-based risk condition triggered,False,-0.0298,Normal,Isolation Forest,54.83,25.75,LOW,No significant risk indicator detected,LOW
,Kanpur,,Gaurav Chandra,W11455,,Drinking Water Supply,Zilla Panchayat,4.78,,,,,,,,,Completed,6.369601716244651,synthetic,Synthetic Test Data,,,False,,,False,,,,False,False,W11455,6.37,LOW,No rule-based risk condition triggered,False,-0.0353,Normal,Isolation Forest,31.13,16.27,LOW,No significant risk indicator detected,LOW
,Pune,,Hemang Bava,W10780,,Street Lighting,District Rural Development Agency,4.67,,,,,,,,,Ongoing,6.364129637929475,synthetic,Synthetic Test Data,,,False,,,False,,,,False,False,W10780,6.36,LOW,No rule-based risk condition triggered,False,-0.0355,Normal,Isolation Forest,30.42,15.98,LOW,No significant risk indicator detected,LOW
,Thane,,Yutika Rana,W11046,,Road Construction,Public Works Department,14.59,,,,,,,,,Completed,6.359714444598399,synthetic,Synthetic Test Data,,,False,,,False,,,,False,False,W11046,6.36,LOW,No rule-based risk condition triggered,False,-0.0393,Normal,Isolation Forest,18.72,11.3,LOW,No significant risk indicator detected,LOW
,Darjeeling,,Tanish Iyer,W10209,,Street Lighting,State Housing Board,2.68,,,,,,,,,Ongoing,6.342195038173403,synthetic,Synthetic Test Data,,,False,,,False,,,,False,False,W10209,6.34,LOW,No rule-based risk condition triggered,False,-0.0322,Normal,Isolation Forest,44.8,21.72,LOW,No significant risk indicator detected,LOW
,Bengaluru Urban,,Hemang Bava,W11698,,Road Construction,District Rural Development Agency,7.88,,,,,,,,,Completed,6.329023331616966,synthetic,Synthetic Test Data,,,False,,,False,,,,False,False,W11698,6.33,LOW,No rule-based risk condition triggered,False,-0.0124,Normal,Isolation Forest,89.23,39.49,LOW,No significant risk indicator detected,LOW
,Nagpur,,Onveer Kata,W11742,,Public Toilet Complex,State Housing Board,7.74,,,,,,,,,Completed,6.316203076981961,synthetic,Synthetic Test Data,,,False,,,False,,,,False,False,W11742,6.32,LOW,No rule-based risk condition triggered,False,-0.0319,Normal,Isolation Forest,46.1,22.23,LOW,No significant risk indicator detected,LOW
,Dharwad,,Vanya Suresh,W11394,,Public Toilet Complex,Municipal Corporation,2.59,,,,,,,,,Ongoing,6.315501766212688,synthetic,Synthetic Test Data,,,False,,,False,,,,False,False,W11394,6.32,LOW,No rule-based risk condition triggered,False,-0.013,Normal,Isolation Forest,88.83,39.32,LOW,No significant risk indicator detected,LOW
,Agra,,Krishna Pant,W12786,,School Building Repair,Municipal Corporation,12.13,,,,,,,,,Completed,6.313018085200017,synthetic,Synthetic Test Data,,,False,,,False,,,,False,False,W12786,6.31,LOW,No rule-based risk condition triggered,False,-0.0284,Normal,Isolation Forest,60.32,27.91,LOW,No significant risk indicator detected,LOW
,Belagavi,,Ishwar Boase,W12905,,Public Toilet Complex,Zilla Panchayat,3.32,,,,,,,,,Completed,6.3085773327071895,synthetic,Synthetic Test Data,,,False,,,False,,,,False,False,W12905,6.31,LOW,No rule-based risk condition triggered,False,-0.0458,Normal,Isolation Forest,5.97,6.17,LOW,No significant risk indicator detected,LOW
,Bengaluru Urban,,Rayaan Mand,W12398,,Public Toilet Complex,Zilla Panchayat,6.26,,,,,,,,,Completed,6.232656565869648,synthetic,Synthetic Test Data,,,False,,,False,,,,False,False,W12398,6.23,LOW,No rule-based risk condition triggered,False,-0.0533,Normal,Isolation Forest,1.07,4.17,LOW,No significant risk indicator detected,LOW
,Howrah,,Meera Banerjee,W10990,,School Building Repair,District Rural Development Agency,5.54,,,,,,,,,Completed,6.221383341471197,synthetic,Synthetic Test Data,,,False,,,False,,,,False,False,W10990,6.22,LOW,No rule-based risk condition triggered,False,-0.0278,Normal,Isolation Forest,62.37,28.68,LOW,No significant risk indicator detected,LOW
,Dharwad,,Odika Naik,W12339,,School Building Repair,Municipal Corporation,11.93,,,,,,,,,Ongoing,6.192935976797863,synthetic,Synthetic Test Data,,,False,,,False,,,,False,False,W12339,6.19,LOW,No rule-based risk condition triggered,False,-0.0307,Normal,Isolation Forest,51.0,24.11,LOW,No significant risk indicator detected,LOW
,Darjeeling,,Jagat Mangat,W12177,,Street Lighting,State Housing Board,4.1,,,,,,,,,Ongoing,6.182201392045923,synthetic,Synthetic Test Data,,,False,,,False,,,,False,False,W12177,6.18,LOW,No rule-based risk condition triggered,False,-0.038,Normal,Isolation Forest,22.35,12.65,LOW,No significant risk indicator detected,LOW
,Mysuru,,Varsha Morar,W11780,,Street Lighting,Zilla Panchayat,3.21,,,,,,,,,Ongoing,6.179246943416151,synthetic,Synthetic Test Data,,,False,,,False,,,,False,False,W11780,6.18,LOW,No rule-based risk condition triggered,False,-0.0439,Normal,Isolation Forest,8.03,6.92,LOW,No significant risk indicator detected,LOW
,Agra,,Vrinda Biswas,W11181,,Drinking Water Supply,District Rural Development Agency,8.95,,,,,,,,,Ongoing,6.176578147934354,synthetic,Synthetic Test Data,,,False,,,False,,,,False,False,W11181,6.18,LOW,No rule-based risk condition triggered,False,-0.0334,Normal,Isolation Forest,39.33,19.44,LOW,No significant risk indicator detected,LOW
,Howrah,,Rayaan Mand,W12307,,Drainage System,Zilla Panchayat,4.58,,,,,,,,,Ongoing,6.164339350104482,synthetic,Synthetic Test Data,,,False,,,False,,,,False,False,W12307,6.16,LOW,No rule-based risk condition triggered,False,-0.0396,Normal,Isolation Forest,17.62,10.74,LOW,No significant risk indicator detected,LOW
,Agra,,Hemang Bava,W10304,,School Building Repair,Municipal Corporation,9.93,,,,,,,,,Completed,6.097948365812395,synthetic,Synthetic Test Data,,,False,,,False,,,,False,False,W10304,6.1,LOW,No rule-based risk condition triggered,False,-0.0334,Normal,Isolation Forest,39.33,19.39,LOW,No significant risk indicator detected,LOW
,Bengaluru Urban,,Nicholas Gour,W11673,,Community Health Center,Municipal Corporation,15.44,,,,,,,,,Completed,6.085997922151957,synthetic,Synthetic Test Data,,,False,,,False,,,,False,False,W11673,6.09,LOW,No rule-based risk condition triggered,False,-0.0281,Normal,Isolation Forest,61.17,28.12,LOW,No significant risk indicator detected,LOW
,Lucknow,,Varsha Morar,W10580,,Road Construction,State Housing Board,13.66,,,,,,,,,Completed,6.08421018671454,synthetic,Synthetic Test Data,,,False,,,False,,,,False,False,W10580,6.08,LOW,No rule-based risk condition triggered,False,-0.028,Normal,Isolation Forest,61.57,28.28,LOW,No significant risk indicator detected,LOW
,Belagavi,,Lucky Prashad,W11715,,Drinking Water Supply,State Housing Board,4.29,,,,,,,,,Completed,6.0764331769573925,synthetic,Synthetic Test Data,,,False,,,False,,,,False,False,W11715,6.08,LOW,No rule-based risk condition triggered,False,-0.0237,Normal,Isolation Forest,74.17,33.32,LOW,No significant risk indicator detected,LOW
,Chennai,,Sanya Swamy,W10562,,Drainage System,Municipal Corporation,15.33,,,,,,,,,Ongoing,6.022149685607967,synthetic,Synthetic Test Data,,,False,,,False,,,,False,False,W10562,6.02,LOW,No rule-based risk condition triggered,False,-0.0274,Normal,Isolation Forest,63.97,29.2,LOW,No significant risk indicator detected,LOW
,Howrah,,Victor Venkataraman,W12839,,Drainage System,Zilla Panchayat,13.25,,,,,,,,,Completed,5.981257117922378,synthetic,Synthetic Test Data,,,False,,,False,,,,False,False,W12839,5.98,LOW,No rule-based risk condition triggered,False,-0.046,Normal,Isolation Forest,5.65,5.85,LOW,No significant risk indicator detected,LOW
,Howrah,,Bachittar Choudhry,W10352,,School Building Repair,Public Works Department,4.2,,,,,,,,,Completed,5.951026560681779,synthetic,Synthetic Test Data,,,False,,,False,,,,False,False,W10352,5.95,LOW,No rule-based risk condition triggered,False,-0.0341,Normal,Isolation Forest,36.23,18.06,LOW,No significant risk indicator detected,LOW
,Chennai,,Ria Ratta,W12428,,School Building Repair,Municipal Corporation,5.81,,,,,,,,,Completed,5.948054143377849,synthetic,Synthetic Test Data,,,False,,,False,,,,False,False,W12428,5.95,LOW,No rule-based risk condition triggered,False,-0.0343,Normal,Isolation Forest,35.27,17.68,LOW,No significant risk indicator detected,LOW
,Lucknow,,Onveer Kata,W12595,,Drinking Water Supply,District Rural Development Agency,10.25,,,,,,,,,Ongoing,5.922729360447658,synthetic,Synthetic Test Data,,,False,,,False,,,,False,False,W12595,5.92,LOW,No rule-based risk condition triggered,False,-0.0352,Normal,Isolation Forest,31.5,16.15,LOW,No significant risk indicator detected,LOW
,Chennai,,Hemang Bava,W12125,,Street Lighting,District Rural Development Agency,4.49,,,,,,,,,Ongoing,5.903555028816808,synthetic,Synthetic Test Data,,,False,,,False,,,,False,False,W12125,5.9,LOW,No rule-based risk condition triggered,False,-0.0365,Normal,Isolation Forest,26.27,14.05,LOW,No significant risk indicator detected,LOW
,Lucknow,,Deepa Gala,W12509,,Drinking Water Supply,Public Works Department,15.01,,,,,,,,,Completed,5.893087591142566,synthetic,Synthetic Test Data,,,False,,,False,,,,False,False,W12509,5.89,LOW,No rule-based risk condition triggered,False,-0.0319,Normal,Isolation Forest,46.1,21.97,LOW,No significant risk indicator detected,LOW
,Asansol,,Christopher Kadakia,W12432,,Road Construction,Municipal Corporation,17.66,,,,,,,,,Ongoing,5.866637324934953,synthetic,Synthetic Test Data,,,False,,,False,,,,False,False,W12432,5.87,LOW,No rule-based risk condition triggered,False,-0.0104,Normal,Isolation Forest,90.62,39.77,LOW,No significant risk indicator detected,LOW
,Belagavi,,Rayaan Mand,W10809,,Public Toilet Complex,District Rural Development Agency,7.89,,,,,,,,,Completed,5.859801332879605,synthetic,Synthetic Test Data,,,False,,,False,,,,False,False,W10809,5.86,LOW,No rule-based risk condition triggered,False,-0.0274,Normal,Isolation Forest,63.97,29.1,LOW,No significant risk indicator detected,LOW
,Madurai,,Hemang Bava,W12041,,Street Lighting,District Rural Development Agency,2.57,,,,,,,,,Completed,5.842897051990223,synthetic,Synthetic Test Data,,,False,,,False,,,,False,False,W12041,5.84,LOW,No rule-based risk condition triggered,False,-0.0294,Normal,Isolation Forest,56.62,26.15,LOW,No significant risk indicator detected,LOW
,Belagavi,,Tanish Iyer,W10928,,Drainage System,Zilla Panchayat,5.82,,,,,,,,,Completed,5.827014291836061,synthetic,Synthetic Test Data,,,False,,,False,,,,False,False,W10928,5.83,LOW,No rule-based risk condition triggered,False,-0.051,Normal,Isolation Forest,2.2,4.38,LOW,No significant risk indicator detected,LOW
,Kanpur,,Meera Banerjee,W10070,,Drainage System,State Housing Board,9.97,,,,,,,,,Completed,5.8206119314057485,synthetic,Synthetic Test Data,,,False,,,False,,,,False,False,W10070,5.82,LOW,No rule-based risk condition triggered,False,-0.0432,Normal,Isolation Forest,8.97,7.08,LOW,No significant risk indicator detected,LOW
,Madurai,,Christopher Kadakia,W10368,,Drinking Water Supply,District Rural Development Agency,7.8,,,,,,,,,Completed,5.815187584949821,synthetic,Synthetic Test Data,,,False,,,False,,,,False,False,W10368,5.82,LOW,No rule-based risk condition triggered,False,-0.0321,Normal,Isolation Forest,45.2,21.57,LOW,No significant risk indicator detected,LOW
,Lucknow,,Gabriel Thaman,W11625,,Public Toilet Complex,District Rural Development Agency,2.93,,,,,,,,,Completed,5.790230534,synthetic,Synthetic Test Data,,,False,,,False,,,,False,False,W11625,5.79,LOW,No rule-based risk condition triggered,False,-0.0183,Normal,Isolation Forest,83.43,36.85,LOW,No significant risk indicator detected,LOW
,Asansol,,Christopher Kadakia,W11791,,Street Lighting,District Rural Development Agency,2.78,,,,,,,,,Ongoing,5.756834562547535,synthetic,Synthetic Test Data,,,False,,,False,,,,False,False,W11791,5.76,LOW,No rule-based risk condition triggered,False,-0.0304,Normal,Isolation Forest,52.4,24.42,LOW,No significant risk indicator detected,LOW
,Lucknow,,Jagat Mangat,W10109,,School Building Repair,Municipal Corporation,7.58,,,,,,,,,Ongoing,5.750780161,synthetic,Synthetic Test Data,,,False,,,False,,,,False,False,W10109,5.75,LOW,No rule-based risk condition triggered,False,-0.0367,Normal,Isolation Forest,25.68,13.72,LOW,No significant risk indicator detected,LOW
,Howrah,,Onveer Kata,W10348,,Public Toilet Complex,Zilla Panchayat,3.77,,,,,,,,,Completed,5.743143898877391,synthetic,Synthetic Test Data,,,False,,,False,,,,False,False,W10348,5.74,LOW,No rule-based risk condition triggered,False,-0.048,Normal,Isolation Forest,4.32,5.17,LOW,No significant risk indicator detected,LOW
,Asansol,,Triya Khatri,W11796,,School Building Repair,Municipal Corporation,4.25,,,,,,,,,Completed,5.739767388434991,synthetic,Synthetic Test Data,,,False,,,False,,,,False,False,W11796,5.74,LOW,No rule-based risk condition triggered,False,-0.0272,Normal,Isolation Forest,64.7,29.32,LOW,No significant risk indicator detected,LOW
,Varanasi,,Pallavi Krish,W11471,,Drainage System,Public Works Department,14.9,,,,,,,,,Ongoing,5.734805090120551,synthetic,Synthetic Test Data,,,False,,,False,,,,False,False,W11471,5.73,LOW,No rule-based risk condition triggered,False,-0.0399,Normal,Isolation Forest,16.53,10.05,LOW,No significant risk indicator detected,LOW
,Varanasi,,Gaurav Chandra,W10197,,Community Health Center,District Rural Development Agency,12.92,,,,,,,,,Completed,5.721069492747714,synthetic,Synthetic Test Data,,,False,,,False,,,,False,False,W10197,5.72,LOW,No rule-based risk condition triggered,False,-0.0367,Normal,Isolation Forest,25.68,13.7,LOW,No significant risk indicator detected,LOW
,Mysuru,,Yadavi Deshmukh,W12590,,Public Toilet Complex,Public Works Department,7.14,,,,,,,,,Completed,5.711575380613415,synthetic,Synthetic Test Data,,,False,,,False,,,,False,False,W12590,5.71,LOW,No rule-based risk condition triggered,False,-0.0375,Normal,Isolation Forest,23.62,12.87,LOW,No significant risk indicator detected,LOW
,Darjeeling,,Mugdha Varty,W11054,,Drinking Water Supply,Public Works Department,15.61,,,,,,,,,Ongoing,5.6891704756283294,synthetic,Synthetic Test Data,,,False,,,False,,,,False,False,W11054,5.69,LOW,No rule-based risk condition triggered,False,-0.0298,Normal,Isolation Forest,54.83,25.35,LOW,No significant risk indicator detected,LOW
,Darjeeling,,Ria Ratta,W10490,,Public Toilet Complex,Public Works Department,4.38,,,,,,,,,Completed,5.660772854723209,synthetic,Synthetic Test Data,,,False,,,False,,,,False,False,W10490,5.66,LOW,No rule-based risk condition triggered,False,-0.0408,Normal,Isolation Forest,14.02,9.0,LOW,No significant risk indicator detected,LOW
,Howrah,,Rayaan Mand,W10476,,Community Health Center,District Rural Development Agency,16.62,,,,,,,,,Ongoing,5.652345281084976,synthetic,Synthetic Test Data,,,False,,,False,,,,False,False,W10476,5.65,LOW,No rule-based risk condition triggered,False,-0.032,Normal,Isolation Forest,45.6,21.63,LOW,No significant risk indicator detected,LOW
,Salem,,Advaith Gole,W12645,,Drinking Water Supply,Public Works Department,6.76,,,,,,,,,Completed,5.632294752377605,synthetic,Synthetic Test Data,,,False,,,False,,,,False,False,W12645,5.63,LOW,No rule-based risk condition triggered,False,-0.033,Normal,Isolation Forest,41.18,19.85,LOW,No significant risk indicator detected,LOW
,Dharwad,,Widisha Yohannan,W11187,,Drinking Water Supply,Zilla Panchayat,7.98,,,,,,,,,Completed,5.605872645110167,synthetic,Synthetic Test Data,,,False,,,False,,,,False,False,W11187,5.61,LOW,No rule-based risk condition triggered,False,-0.041,Normal,Isolation Forest,13.22,8.65,LOW,No significant risk indicator detected,LOW
,Madurai,,Vanya Suresh,W10527,,Drainage System,State Housing Board,10.14,,,,,,,,,Completed,5.587118022576747,synthetic,Synthetic Test Data,,,False,,,False,,,,False,False,W10527,5.59,LOW,No rule-based risk condition triggered,False,-0.0435,Normal,Isolation Forest,8.62,6.8,LOW,No significant risk indicator detected,LOW
,Kolkata,,Vanya Suresh,W10672,,Street Lighting,Zilla Panchayat,4.54,,,,,,,,,Completed,5.575735500526752,synthetic,Synthetic Test Data,,,False,,,False,,,,False,False,W10672,5.58,LOW,No rule-based risk condition triggered,False,-0.0424,Normal,Isolation Forest,9.95,7.33,LOW,No significant risk indicator detected,LOW
,Madurai,,Christopher Kadakia,W11584,,Drinking Water Supply,Municipal Corporation,5.3,,,,,,,,,Completed,5.538953725,synthetic,Synthetic Test Data,,,False,,,False,,,,False,False,W11584,5.54,LOW,No rule-based risk condition triggered,False,-0.0272,Normal,Isolation Forest,64.7,29.2,LOW,No significant risk indicator detected,LOW
,Lucknow,,Vrinda Biswas,W10806,,Community Health Center,Municipal Corporation,11.63,,,,,,,,,Completed,5.503015010153269,synthetic,Synthetic Test Data,,,False,,,False,,,,False,False,W10806,5.5,LOW,No rule-based risk condition triggered,False,-0.0277,Normal,Isolation Forest,62.88,28.45,LOW,No significant risk indicator detected,LOW
,Asansol,,Nicholas Gour,W10556,,School Building Repair,Public Works Department,5.32,,,,,,,,,Ongoing,5.485384839718381,synthetic,Synthetic Test Data,,,False,,,False,,,,False,False,W10556,5.49,LOW,No rule-based risk condition triggered,False,-0.0313,Normal,Isolation Forest,48.77,22.8,LOW,No significant risk indicator detected,LOW
,Kanpur,,Meera Banerjee,W12254,,Drinking Water Supply,State Housing Board,13.87,,,,,,,,,Ongoing,5.471845097156318,synthetic,Synthetic Test Data,,,False,,,False,,,,False,False,W12254,5.47,LOW,No rule-based risk condition triggered,False,-0.0301,Normal,Isolation Forest,53.48,24.67,LOW,No significant risk indicator detected,LOW
,Chennai,,Vrinda Biswas,W11082,,School Building Repair,District Rural Development Agency,14.93,,,,,,,,,Completed,5.471520705548322,synthetic,Synthetic Test Data,,,False,,,False,,,,False,False,W11082,5.47,LOW,No rule-based risk condition triggered,False,-0.016,Normal,Isolation Forest,86.03,37.69,LOW,No significant risk indicator detected,LOW
,Kolkata,,Onveer Kata,W10139,,Public Toilet Complex,Zilla Panchayat,2.49,,,,,,,,,Completed,5.469382467735076,synthetic,Synthetic Test Data,,,False,,,False,,,,False,False,W10139,5.47,LOW,No rule-based risk condition triggered,False,-0.0401,Normal,Isolation Forest,15.92,9.65,LOW,No significant risk indicator detected,LOW
,Madurai,,Widisha Yohannan,W10626,,Drinking Water Supply,Municipal Corporation,6.26,,,,,,,,,Ongoing,5.465039454033338,synthetic,Synthetic Test Data,,,False,,,False,,,,False,False,W10626,5.47,LOW,No rule-based risk condition triggered,False,-0.0262,Normal,Isolation Forest,67.45,30.26,LOW,No significant risk indicator detected,LOW
,Nashik,,Gabriel Thaman,W12048,,Drainage System,Public Works Department,15.97,,,,,,,,,Ongoing,5.460464293612994,synthetic,Synthetic Test Data,,,False,,,False,,,,False,False,W12048,5.46,LOW,No rule-based risk condition triggered,False,-0.0367,Normal,Isolation Forest,25.68,13.55,LOW,No significant risk indicator detected,LOW
,Darjeeling,,Onveer Kata,W11463,,School Building Repair,Zilla Panchayat,13.43,,,,,,,,,Completed,5.450952069083812,synthetic,Synthetic Test Data,,,False,,,False,,,,False,False,W11463,5.45,LOW,No rule-based risk condition triggered,False,-0.044,Normal,Isolation Forest,7.97,6.46,LOW,No significant risk indicator detected,LOW
,Howrah,,Ronith Zachariah,W12160,,Street Lighting,State Housing Board,2.61,,,,,,,,,Ongoing,5.395277103673488,synthetic,Synthetic Test Data,,,False,,,False,,,,False,False,W12160,5.4,LOW,No rule-based risk condition triggered,False,-0.0316,Normal,Isolation Forest,47.67,22.31,LOW,No significant risk indicator detected,LOW
,Asansol,,Odika Naik,W11145,,Drinking Water Supply,State Housing Board,13.66,,,,,,,,,Completed,5.37146128,synthetic,Synthetic Test Data,,,False,,,False,,,,False,False,W11145,5.37,LOW,No rule-based risk condition triggered,False,-0.0304,Normal,Isolation Forest,52.4,24.18,LOW,No significant risk indicator detected,LOW
,Salem,,Pallavi Krish,W11355,,Drinking Water Supply,District Rural Development Agency,14.8,,,,,,,,,Ongoing,5.366104059355303,synthetic,Synthetic Test Data,,,False,,,False,,,,False,False,W11355,5.37,LOW,No rule-based risk condition triggered,False,-0.0313,Normal,Isolation Forest,48.77,22.73,LOW,No significant risk indicator detected,LOW
,Lucknow,,Tanish Iyer,W11369,,School Building Repair,Public Works Department,10.5,,,,,,,,,Completed,5.361072697630039,synthetic,Synthetic Test Data,,,False,,,False,,,,False,False,W11369,5.36,LOW,No rule-based risk condition triggered,False,-0.0398,Normal,Isolation Forest,16.93,9.99,LOW,No significant risk indicator detected,LOW
,Darjeeling,,Lucky Prashad,W12620,,School Building Repair,District Rural Development Agency,13.27,,,,,,,,,Ongoing,5.359022380434226,synthetic,Synthetic Test Data,,,False,,,False,,,,False,False,W12620,5.36,LOW,No rule-based risk condition triggered,False,-0.0297,Normal,Isolation Forest,55.33,25.35,LOW,No significant risk indicator detected,LOW
,Varanasi,,Odika Naik,W11448,,Street Lighting,Municipal Corporation,3.2,,,,,,,,,Ongoing,5.340220736334956,synthetic,Synthetic Test Data,,,False,,,False,,,,False,False,W11448,5.34,LOW,No rule-based risk condition triggered,False,-0.0205,Normal,Isolation Forest,80.07,35.23,LOW,No significant risk indicator detected,LOW
,Belagavi,,Oliver Sarma,W12194,,Public Toilet Complex,Public Works Department,6.25,,,,,,,,,Ongoing,5.327077687918283,synthetic,Synthetic Test Data,,,False,,,False,,,,False,False,W12194,5.33,LOW,No rule-based risk condition triggered,False,-0.033,Normal,Isolation Forest,41.18,19.67,LOW,No significant risk indicator detected,LOW
,Thane,,Bachittar Choudhry,W11533,,Street Lighting,Municipal Corporation,4.33,,,,,,,,,Ongoing,5.312898105385491,synthetic,Synthetic Test Data,,,False,,,False,,,,False,False,W11533,5.31,LOW,No rule-based risk condition triggered,False,-0.0223,Normal,Isolation Forest,76.4,33.75,LOW,No significant risk indicator detected,LOW
,Chennai,,Vrinda Biswas,W11194,,Drinking Water Supply,Municipal Corporation,13.51,,,,,,,,,Ongoing,5.298907413069627,synthetic,Synthetic Test Data,,,False,,,False,,,,False,False,W11194,5.3,LOW,No rule-based risk condition triggered,False,-0.0301,Normal,Isolation Forest,53.48,24.57,LOW,No significant risk indicator detected,LOW
,Dharwad,,Azaan Gupta,W11198,,Community Health Center,District Rural Development Agency,12.23,,,,,,,,,Completed,5.284826039908141,synthetic,Synthetic Test Data,,,False,,,False,,,,False,False,W11198,5.28,LOW,No rule-based risk condition triggered,False,-0.0348,Normal,Isolation Forest,33.15,16.43,LOW,No significant risk indicator detected,LOW
,Salem,,Sanya Swamy,W11939,,Drainage System,Municipal Corporation,4.6,,,,,,,,,Completed,5.262861720445298,synthetic,Synthetic Test Data,,,False,,,False,,,,False,False,W11939,5.26,LOW,No rule-based risk condition triggered,False,-0.0255,Normal,Isolation Forest,69.38,30.91,LOW,No significant risk indicator detected,LOW
,Chennai,,Harrison Kapur,W10180,,Road Construction,Municipal Corporation,16.48,,,,,,,,,Completed,5.253075014,synthetic,Synthetic Test Data,,,False,,,False,,,,False,False,W10180,5.25,LOW,No rule-based risk condition triggered,False,-0.02,Normal,Isolation Forest,81.02,35.56,LOW,No significant risk indicator detected,LOW
,Agra,,Yadavi Deshmukh,W10906,,Street Lighting,State Housing Board,4.46,,,,,,,,,Ongoing,5.246157564018602,synthetic,Synthetic Test Data,,,False,,,False,,,,False,False,W10906,5.25,LOW,No rule-based risk condition triggered,False,-0.0397,Normal,Isolation Forest,17.3,10.07,LOW,No significant risk indicator detected,LOW
,Howrah,,Victor Venkataraman,W12199,,Road Construction,Public Works Department,9.77,,,,,,,,,Completed,5.232899521461362,synthetic,Synthetic Test Data,,,False,,,False,,,,False,False,W12199,5.23,LOW,No rule-based risk condition triggered,False,-0.0365,Normal,Isolation Forest,26.27,13.65,LOW,No significant risk indicator detected,LOW
,Nashik,,Vanya Suresh,W12563,,Road Construction,State Housing Board,5.58,,,,,,,,,Ongoing,5.228958525260566,synthetic,Synthetic Test Data,,,False,,,False,,,,False,False,W12563,5.23,LOW,No rule-based risk condition triggered,False,-0.0227,Normal,Isolation Forest,75.73,33.43,LOW,No significant risk indicator detected,LOW
,Madurai,,Rayaan Mand,W12785,,Drainage System,Public Works Department,10.57,,,,,,,,,Completed,5.220141568175254,synthetic,Synthetic Test Data,,,False,,,False,,,,False,False,W12785,5.22,LOW,No rule-based risk condition triggered,False,-0.0341,Normal,Isolation Forest,36.23,17.62,LOW,No significant risk indicator detected,LOW
,Nashik,,Lucky Prashad,W10617,,Drainage System,Zilla Panchayat,3.47,,,,,,,,,Ongoing,5.214052013098327,synthetic,Synthetic Test Data,,,False,,,False,,,,False,False,W10617,5.21,LOW,No rule-based risk condition triggered,False,-0.0346,Normal,Isolation Forest,34.07,16.75,LOW,No significant risk indicator detected,LOW
,Bengaluru Urban,,Harrison Kapur,W11057,,Drainage System,Public Works Department,17.59,,,,,,,,,Completed,5.198575929232807,synthetic,Synthetic Test Data,,,False,,,False,,,,False,False,W11057,5.2,LOW,No rule-based risk condition triggered,False,-0.0136,Normal,Isolation Forest,88.37,38.47,LOW,No significant risk indicator detected,LOW
,Howrah,,Meera Banerjee,W11561,,School Building Repair,District Rural Development Agency,10.05,,,,,,,,,Completed,5.1927327863967605,synthetic,Synthetic Test Data,,,False,,,False,,,,False,False,W11561,5.19,LOW,No rule-based risk condition triggered,False,-0.0307,Normal,Isolation Forest,51.0,23.51,LOW,No significant risk indicator detected,LOW
,Chennai,,Owen Bala,W10278,,Drainage System,Zilla Panchayat,15.72,,,,,,,,,Ongoing,5.150000407310107,synthetic,Synthetic Test Data,,,False,,,False,,,,False,False,W10278,5.15,LOW,No rule-based risk condition triggered,False,-0.0408,Normal,Isolation Forest,14.02,8.7,LOW,No significant risk indicator detected,LOW
,Chennai,,Harrison Kapur,W10428,,Drainage System,Zilla Panchayat,6.34,,,,,,,,,Completed,5.128286637232752,synthetic,Synthetic Test Data,,,False,,,False,,,,False,False,W10428,5.13,LOW,No rule-based risk condition triggered,False,-0.0524,Normal,Isolation Forest,1.7,3.76,LOW,No significant risk indicator detected,LOW
,Asansol,,Yadavi Deshmukh,W12518,,Road Construction,Public Works Department,15.15,,,,,,,,,Completed,5.113464480381828,synthetic,Synthetic Test Data,,,False,,,False,,,,False,False,W12518,5.11,LOW,No rule-based risk condition triggered,False,-0.0382,Normal,Isolation Forest,21.82,11.79,LOW,No significant risk indicator detected,LOW
,Belagavi,,Vrinda Biswas,W11382,,Drainage System,District Rural Development Agency,8.98,,,,,,,,,Completed,5.109484128529932,synthetic,Synthetic Test Data,,,False,,,False,,,,False,False,W11382,5.11,LOW,No rule-based risk condition triggered,False,-0.0382,Normal,Isolation Forest,21.82,11.79,LOW,No significant risk indicator detected,LOW
,Bengaluru Urban,,Varsha Morar,W12203,,School Building Repair,State Housing Board,13.92,,,,,,,,,Ongoing,5.086576532506138,synthetic,Synthetic Test Data,,,False,,,False,,,,False,False,W12203,5.09,LOW,No rule-based risk condition triggered,False,-0.0253,Normal,Isolation Forest,69.92,31.02,LOW,No significant risk indicator detected,LOW
,Bengaluru Urban,,Advaith Gole,W10824,,Community Health Center,Public Works Department,14.67,,,,,,,,,Completed,5.051206909412816,synthetic,Synthetic Test Data,,,False,,,False,,,,False,False,W10824,5.05,LOW,No rule-based risk condition triggered,False,-0.0278,Normal,Isolation Forest,62.37,27.98,LOW,No significant risk indicator detected,LOW
,Nashik,,Widisha Yohannan,W10086,,Street Lighting,State Housing Board,4.74,,,,,,,,,Completed,5.039381292596536,synthetic,Synthetic Test Data,,,False,,,False,,,,False,False,W10086,5.04,LOW,No rule-based risk condition triggered,False,-0.0361,Normal,Isolation Forest,28.13,14.28,LOW,No significant risk indicator detected,LOW
,Belagavi,,Odika Naik,W10105,,Drinking Water Supply,Public Works Department,10.0,,,,,,,,,Completed,5.033542411860863,synthetic,Synthetic Test Data,,,False,,,False,,,,False,False,W10105,5.03,LOW,No rule-based risk condition triggered,False,-0.0348,Normal,Isolation Forest,33.15,16.28,LOW,No significant risk indicator detected,LOW
,Lucknow,,Owen Bansal,W11718,,Community Health Center,District Rural Development Agency,11.91,,,,,,,,,Completed,5.022185387072003,synthetic,Synthetic Test Data,,,False,,,False,,,,False,False,W11718,5.02,LOW,No rule-based risk condition triggered,False,-0.0347,Normal,Isolation Forest,33.62,16.46,LOW,No significant risk indicator detected,LOW
,Nashik,,Yadavi Deshmukh,W10575,,Road Construction,District Rural Development Agency,17.01,,,,,,,,,Completed,5.007975950484084,synthetic,Synthetic Test Data,,,False,,,False,,,,False,False,W10575,5.01,LOW,No rule-based risk condition triggered,False,-0.0183,Normal,Isolation Forest,83.43,36.38,LOW,No significant risk indicator detected,LOW
,Madurai,,Christopher Kadakia,W11282,,Public Toilet Complex,Zilla Panchayat,3.91,,,,,,,,,Completed,5.000016338000338,synthetic,Synthetic Test Data,,,False,,,False,,,,False,False,W11282,5.0,LOW,No rule-based risk condition triggered,False,-0.0494,Normal,Isolation Forest,3.4,4.36,LOW,No significant risk indicator detected,LOW
,Chennai,,Bachittar Choudhry,W11255,,Drinking Water Supply,State Housing Board,14.45,,,,,,,,,Completed,4.983680010827939,synthetic,Synthetic Test Data,,,False,,,False,,,,False,False,W11255,4.98,LOW,No rule-based risk condition triggered,False,-0.0288,Normal,Isolation Forest,59.15,26.65,LOW,No significant risk indicator detected,LOW
,Bengaluru Urban,,Krishna Pant,W11546,,Drinking Water Supply,Zilla Panchayat,10.09,,,,,,,,,Completed,4.972393002668784,synthetic,Synthetic Test Data,,,False,,,False,,,,False,False,W11546,4.97,LOW,No rule-based risk condition triggered,False,-0.0445,Normal,Isolation Forest,7.6,6.02,LOW,No significant risk indicator detected,LOW
,Darjeeling,,Victor Venkataraman,W10436,,Drainage System,Municipal Corporation,13.52,,,,,,,,,Ongoing,4.938973088,synthetic,Synthetic Test Data,,,False,,,False,,,,False,False,W10436,4.94,LOW,No rule-based risk condition triggered,False,-0.0323,Normal,Isolation Forest,44.33,20.7,LOW,No significant risk indicator detected,LOW
,Nashik,,Jagat Mangat,W10879,,Road Construction,State Housing Board,10.65,,,,,,,,,Ongoing,4.934755683261714,synthetic,Synthetic Test Data,,,False,,,False,,,,False,False,W10879,4.93,LOW,No rule-based risk condition triggered,False,-0.029,Normal,Isolation Forest,58.33,26.29,LOW,No significant risk indicator detected,LOW
,Nashik,,Azaan Gupta,W11220,,Drainage System,Public Works Department,3.89,,,,,,,,,Ongoing,4.910639966401472,synthetic,Synthetic Test Data,,,False,,,False,,,,False,False,W11220,4.91,LOW,No rule-based risk condition triggered,False,-0.0327,Normal,Isolation Forest,42.53,19.96,LOW,No significant risk indicator detected,LOW
,Dharwad,,Bachittar Choudhry,W10394,,Drinking Water Supply,Zilla Panchayat,8.15,,,,,,,,,Completed,4.9075355246078125,synthetic,Synthetic Test Data,,,False,,,False,,,,False,False,W10394,4.91,LOW,No rule-based risk condition triggered,False,-0.0409,Normal,Isolation Forest,13.55,8.37,LOW,No significant risk indicator detected,LOW
,Kanpur,,Mugdha Varty,W11416,,Drinking Water Supply,Municipal Corporation,13.16,,,,,,,,,Ongoing,4.903561584,synthetic,Synthetic Test Data,,,False,,,False,,,,False,False,W11416,4.9,LOW,No rule-based risk condition triggered,False,-0.0303,Normal,Isolation Forest,52.8,24.06,LOW,No significant risk indicator detected,LOW
,Darjeeling,,Yug Choudhry,W12499,,School Building Repair,Public Works Department,8.56,,,,,,,,,Completed,4.889907083361614,synthetic,Synthetic Test Data,,,False,,,False,,,,False,False,W12499,4.89,LOW,No rule-based risk condition triggered,False,-0.0393,Normal,Isolation Forest,18.72,10.42,LOW,No significant risk indicator detected,LOW
,Salem,,Yug Choudhry,W10203,,Street Lighting,Zilla Panchayat,5.41,,,,,,,,,Completed,4.8897122994383855,synthetic,Synthetic Test Data,,,False,,,False,,,,False,False,W10203,4.89,LOW,No rule-based risk condition triggered,False,-0.0381,Normal,Isolation Forest,22.15,11.79,LOW,No significant risk indicator detected,LOW
,Pune,,Varsha Morar,W11906,,Drinking Water Supply,Public Works Department,6.91,,,,,,,,,Ongoing,4.855099023744479,synthetic,Synthetic Test Data,,,False,,,False,,,,False,False,W11906,4.86,LOW,No rule-based risk condition triggered,False,-0.0292,Normal,Isolation Forest,57.5,25.92,LOW,No significant risk indicator detected,LOW
,Darjeeling,,Triya Khatri,W11557,,School Building Repair,Municipal Corporation,8.12,,,,,,,,,Completed,4.840443045814062,synthetic,Synthetic Test Data,,,False,,,False,,,,False,False,W11557,4.84,LOW,No rule-based risk condition triggered,False,-0.0336,Normal,Isolation Forest,38.32,18.23,LOW,No significant risk indicator detected,LOW
,Nashik,,Varsha Morar,W10496,,School Building Repair,State Housing Board,3.4,,,,,,,,,Ongoing,4.828510481455778,synthetic,Synthetic Test Data,,,False,,,False,,,,False,False,W10496,4.83,LOW,No rule-based risk condition triggered,False,-0.0174,Normal,Isolation Forest,84.7,36.78,LOW,No significant risk indicator detected,LOW
,Bengaluru Urban,,Eesha Memon,W11475,,School Building Repair,State Housing Board,9.98,,,,,,,,,Ongoing,4.827126233190967,synthetic,Synthetic Test Data,,,False,,,False,,,,False,False,W11475,4.83,LOW,No rule-based risk condition triggered,False,-0.0318,Normal,Isolation Forest,46.62,21.55,LOW,No significant risk indicator detected,LOW
,Nagpur,,Lucky Prashad,W10602,,Street Lighting,Zilla Panchayat,4.3,,,,,,,,,Completed,4.826892822074612,synthetic,Synthetic Test Data,,,False,,,False,,,,False,False,W10602,4.83,LOW,No rule-based risk condition triggered,False,-0.0429,Normal,Isolation Forest,9.4,6.66,LOW,No significant risk indicator detected,LOW
,Coimbatore,,Gabriel Thaman,W12230,,Drainage System,Zilla Panchayat,9.53,,,,,,,,,Completed,4.786008389480746,synthetic,Synthetic Test Data,,,False,,,False,,,,False,False,W12230,4.79,LOW,No rule-based risk condition triggered,False,-0.0517,Normal,Isolation Forest,2.03,3.69,LOW,No significant risk indicator detected,LOW
,Coimbatore,,Nicholas Gour,W12055,,Drainage System,State Housing Board,12.69,,,,,,,,,Completed,4.7848699911598205,synthetic,Synthetic Test Data,,,False,,,False,,,,False,False,W12055,4.78,LOW,No rule-based risk condition triggered,False,-0.0422,Normal,Isolation Forest,10.25,6.97,LOW,No significant risk indicator detected,LOW
,Chennai,,Pallavi Krish,W12488,,Drainage System,Public Works Department,11.78,,,,,,,,,Ongoing,4.770879386005592,synthetic,Synthetic Test Data,,,False,,,False,,,,False,False,W12488,4.77,LOW,No rule-based risk condition triggered,False,-0.0418,Normal,Isolation Forest,10.92,7.23,LOW,No significant risk indicator detected,LOW
,Mysuru,,Gabriel Thaman,W11595,,Street Lighting,Municipal Corporation,5.45,,,,,,,,,Completed,4.769540026726667,synthetic,Synthetic Test Data,,,False,,,False,,,,False,False,W11595,4.77,LOW,No rule-based risk condition triggered,False,-0.0157,Normal,Isolation Forest,86.27,37.37,LOW,No significant risk indicator detected,LOW
,Howrah,,Oliver Sarma,W11713,,School Building Repair,State Housing Board,4.77,,,,,,,,,Completed,4.767862346027868,synthetic,Synthetic Test Data,,,False,,,False,,,,False,False,W11713,4.77,LOW,No rule-based risk condition triggered,False,-0.0406,Normal,Isolation Forest,14.82,8.79,LOW,No significant risk indicator detected,LOW
,Agra,,Sanya Swamy,W12765,,Drainage System,Public Works Department,10.23,,,,,,,,,Completed,4.764089829,synthetic,Synthetic Test Data,,,False,,,False,,,,False,False,W12765,4.76,LOW,No rule-based risk condition triggered,False,-0.0333,Normal,Isolation Forest,39.88,18.81,LOW,No significant risk indicator detected,LOW
,Bengaluru Urban,,Sanya Swamy,W12462,,Public Toilet Complex,District Rural Development Agency,6.29,,,,,,,,,Ongoing,4.7309121258302325,synthetic,Synthetic Test Data,,,False,,,False,,,,False,False,W12462,4.73,LOW,No rule-based risk condition triggered,False,-0.0352,Normal,Isolation Forest,31.5,15.44,LOW,No significant risk indicator detected,LOW
,Mysuru,,Odika Naik,W12197,,School Building Repair,State Housing Board,12.78,,,,,,,,,Completed,4.697339096847474,synthetic,Synthetic Test Data,,,False,,,False,,,,False,False,W12197,4.7,LOW,No rule-based risk condition triggered,False,-0.0379,Normal,Isolation Forest,22.53,11.83,LOW,No significant risk indicator detected,LOW
,Mysuru,,Gaurav Chandra,W10390,,Drinking Water Supply,Municipal Corporation,13.73,,,,,,,,,Completed,4.687041875017936,synthetic,Synthetic Test Data,,,False,,,False,,,,False,False,W10390,4.69,LOW,No rule-based risk condition triggered,False,-0.0324,Normal,Isolation Forest,43.83,20.35,LOW,No significant risk indicator detected,LOW
,Thane,,Owen Bansal,W11755,,School Building Repair,Public Works Department,3.21,,,,,,,,,Ongoing,4.677651167986673,synthetic,Synthetic Test Data,,,False,,,False,,,,False,False,W11755,4.68,LOW,No rule-based risk condition triggered,False,-0.0176,Normal,Isolation Forest,84.32,36.54,LOW,No significant risk indicator detected,LOW
,Bengaluru Urban,,Christopher Kadakia,W12829,,Public Toilet Complex,Zilla Panchayat,4.71,,,,,,,,,Completed,4.661404538004604,synthetic,Synthetic Test Data,,,False,,,False,,,,False,False,W12829,4.66,LOW,No rule-based risk condition triggered,False,-0.0534,Normal,Isolation Forest,0.97,3.18,LOW,No significant risk indicator detected,LOW
,Lucknow,,Yug Choudhry,W12370,,Street Lighting,Municipal Corporation,4.98,,,,,,,,,Completed,4.6596961987640855,synthetic,Synthetic Test Data,,,False,,,False,,,,False,False,W12370,4.66,LOW,No rule-based risk condition triggered,False,-0.0173,Normal,Isolation Forest,84.83,36.73,LOW,No significant risk indicator detected,LOW
,Belagavi,,Onveer Kata,W12998,,School Building Repair,Public Works Department,14.16,,,,,,,,,Completed,4.651802438803082,synthetic,Synthetic Test Data,,,False,,,False,,,,False,False,W12998,4.65,LOW,No rule-based risk condition triggered,False,-0.0312,Normal,Isolation Forest,49.25,22.49,LOW,No significant risk indicator detected,LOW
,Agra,,Yug Choudhry,W10009,,School Building Repair,Public Works Department,6.18,,,,,,,,,Ongoing,4.634200905925604,synthetic,Synthetic Test Data,,,False,,,False,,,,False,False,W10009,4.63,LOW,No rule-based risk condition triggered,False,-0.0331,Normal,Isolation Forest,40.7,19.06,LOW,No significant risk indicator detected,LOW
,Varanasi,,Vanya Suresh,W11080,,School Building Repair,Public Works Department,12.63,,,,,,,,,Completed,4.613436882432814,synthetic,Synthetic Test Data,,,False,,,False,,,,False,False,W11080,4.61,LOW,No rule-based risk condition triggered,False,-0.0353,Normal,Isolation Forest,31.13,15.22,LOW,No significant risk indicator detected,LOW
,Nagpur,,Mugdha Varty,W11099,,Street Lighting,State Housing Board,3.58,,,,,,,,,Ongoing,4.580469084509062,synthetic,Synthetic Test Data,,,False,,,False,,,,False,False,W11099,4.58,LOW,No rule-based risk condition triggered,False,-0.0351,Normal,Isolation Forest,31.87,15.5,LOW,No significant risk indicator detected,LOW
,Varanasi,,Jagat Mangat,W11967,,Drainage System,Zilla Panchayat,5.48,,,,,,,,,Ongoing,4.573417007140385,synthetic,Synthetic Test Data,,,False,,,False,,,,False,False,W11967,4.57,LOW,No rule-based risk condition triggered,False,-0.0417,Normal,Isolation Forest,11.27,7.25,LOW,No significant risk indicator detected,LOW
,Coimbatore,,Pallavi Krish,W12956,,Drainage System,State Housing Board,14.63,,,,,,,,,Ongoing,4.537626511158776,synthetic,Synthetic Test Data,,,False,,,False,,,,False,False,W12956,4.54,LOW,No rule-based risk condition triggered,False,-0.0346,Normal,Isolation Forest,34.07,16.35,LOW,No significant risk indicator detected,LOW
,Madurai,,Hemang Bava,W11608,,School Building Repair,Zilla Panchayat,12.77,,,,,,,,,Ongoing,4.534182969792195,synthetic,Synthetic Test Data,,,False,,,False,,,,False,False,W11608,4.53,LOW,No rule-based risk condition triggered,False,-0.0339,Normal,Isolation Forest,37.15,17.58,LOW,No significant risk indicator detected,LOW
,Nashik,,Meera Banerjee,W12017,,Public Toilet Complex,State Housing Board,9.189205137611236,,,,,,,,,Completed,4.5153698729948655,synthetic,Synthetic Test Data,,,False,,,False,,,,False,False,W12017,4.52,LOW,No rule-based risk condition triggered,False,-0.032,Normal,Isolation Forest,45.6,20.95,LOW,No significant risk indicator detected,LOW
,Thane,,Yug Choudhry,W11350,,Public Toilet Complex,Zilla Panchayat,4.73,,,,,,,,,Completed,4.504980156984008,synthetic,Synthetic Test Data,,,False,,,False,,,,False,False,W11350,4.5,LOW,No rule-based risk condition triggered,False,-0.0534,Normal,Isolation Forest,0.97,3.09,LOW,No significant risk indicator detected,LOW
,Howrah,,Christopher Kadakia,W12270,,Drainage System,State Housing Board,9.57,,,,,,,,,Completed,4.450647219024708,synthetic,Synthetic Test Data,,,False,,,False,,,,False,False,W12270,4.45,LOW,No rule-based risk condition triggered,False,-0.043,Normal,Isolation Forest,9.22,6.36,LOW,No significant risk indicator detected,LOW
,Thane,,Azaan Gupta,W12622,,Drinking Water Supply,Public Works Department,8.15,,,,,,,,,Ongoing,4.444413419820392,synthetic,Synthetic Test Data,,,False,,,False,,,,False,False,W12622,4.44,LOW,No rule-based risk condition triggered,False,-0.0298,Normal,Isolation Forest,54.83,24.6,LOW,No significant risk indicator detected,LOW
,Madurai,,Ronith Zachariah,W10472,,School Building Repair,Public Works Department,3.51,,,,,,,,,Ongoing,4.440117791102061,synthetic,Synthetic Test Data,,,False,,,False,,,,False,False,W10472,4.44,LOW,No rule-based risk condition triggered,False,-0.0187,Normal,Isolation Forest,82.72,35.75,LOW,No significant risk indicator detected,LOW
,Nagpur,,Nicholas Gour,W10189,,Drainage System,Municipal Corporation,10.41,,,,,,,,,Ongoing,4.435064714542262,synthetic,Synthetic Test Data,,,False,,,False,,,,False,False,W10189,4.44,LOW,No rule-based risk condition triggered,False,-0.0331,Normal,Isolation Forest,40.7,18.94,LOW,No significant risk indicator detected,LOW
,Salem,,Krishna Pant,W10046,,Drinking Water Supply,Municipal Corporation,10.44,,,,,,,,,Ongoing,4.428955418240145,synthetic,Synthetic Test Data,,,False,,,False,,,,False,False,W10046,4.43,LOW,No rule-based risk condition triggered,False,-0.0292,Normal,Isolation Forest,57.5,25.66,LOW,No significant risk indicator detected,LOW
,Kolkata,,Mugdha Varty,W10399,,Drainage System,State Housing Board,13.21,,,,,,,,,Completed,4.428161370584066,synthetic,Synthetic Test Data,,,False,,,False,,,,False,False,W10399,4.43,LOW,No rule-based risk condition triggered,False,-0.0395,Normal,Isolation Forest,18.02,9.87,LOW,No significant risk indicator detected,LOW
,Agra,,Varsha Morar,W10451,,Road Construction,Public Works Department,15.38,,,,,,,,,Completed,4.418838500184613,synthetic,Synthetic Test Data,,,False,,,False,,,,False,False,W10451,4.42,LOW,No rule-based risk condition triggered,False,-0.0385,Normal,Isolation Forest,20.82,10.98,LOW,No significant risk indicator detected,LOW
,Dharwad,,Nicholas Gour,W10426,,Public Toilet Complex,District Rural Development Agency,5.92,,,,,,,,,Completed,4.399325575067143,synthetic,Synthetic Test Data,,,False,,,False,,,,False,False,W10426,4.4,LOW,No rule-based risk condition triggered,False,-0.0363,Normal,Isolation Forest,27.15,13.5,LOW,No significant risk indicator detected,LOW
,Agra,,Rayaan Mand,W12662,,Drainage System,State Housing Board,15.67,,,,,,,,,Ongoing,4.384678511880639,synthetic,Synthetic Test Data,,,False,,,False,,,,False,False,W12662,4.38,LOW,No rule-based risk condition triggered,False,-0.0301,Normal,Isolation Forest,53.48,24.02,LOW,No significant risk indicator detected,LOW
,Salem,,Harrison Kapur,W11994,,Drainage System,Zilla Panchayat,8.46,,,,,,,,,Completed,4.375857504993465,synthetic,Synthetic Test Data,,,False,,,False,,,,False,False,W11994,4.38,LOW,No rule-based risk condition triggered,False,-0.052,Normal,Isolation Forest,1.85,3.37,LOW,No significant risk indicator detected,LOW
,Asansol,,Vanya Suresh,W11916,,Drinking Water Supply,Municipal Corporation,14.94,,,,,,,,,Ongoing,4.363914319480165,synthetic,Synthetic Test Data,,,False,,,False,,,,False,False,W11916,4.36,LOW,No rule-based risk condition triggered,False,-0.0281,Normal,Isolation Forest,61.17,27.08,LOW,No significant risk indicator detected,LOW
,Kanpur,,Onveer Kata,W10410,,School Building Repair,District Rural Development Agency,11.34,,,,,,,,,Completed,4.350467730937112,synthetic,Synthetic Test Data,,,False,,,False,,,,False,False,W10410,4.35,LOW,No rule-based risk condition triggered,False,-0.027,Normal,Isolation Forest,65.32,28.74,LOW,No significant risk indicator detected,LOW
,Kanpur,,Widisha Yohannan,W12515,,Public Toilet Complex,Public Works Department,7.26,,,,,,,,,Completed,4.342496254456833,synthetic,Synthetic Test Data,,,False,,,False,,,,False,False,W12515,4.34,LOW,No rule-based risk condition triggered,False,-0.037,Normal,Isolation Forest,24.75,12.5,LOW,No significant risk indicator detected,LOW
,Agra,,Yug Choudhry,W10130,,School Building Repair,Zilla Panchayat,7.97,,,,,,,,,Completed,4.338773238163321,synthetic,Synthetic Test Data,,,False,,,False,,,,False,False,W10130,4.34,LOW,No rule-based risk condition triggered,False,-0.0555,Normal,Isolation Forest,0.33,2.74,LOW,No significant risk indicator detected,LOW
,Bengaluru Urban,,Ria Ratta,W10282,,Drinking Water Supply,State Housing Board,7.55,,,,,,,,,Ongoing,4.334785595357013,synthetic,Synthetic Test Data,,,False,,,False,,,,False,False,W10282,4.33,LOW,No rule-based risk condition triggered,False,-0.0303,Normal,Isolation Forest,52.8,23.72,LOW,No significant risk indicator detected,LOW
,Madurai,,Widisha Yohannan,W10925,,School Building Repair,Public Works Department,11.47,,,,,,,,,Ongoing,4.333582005220957,synthetic,Synthetic Test Data,,,False,,,False,,,,False,False,W10925,4.33,LOW,No rule-based risk condition triggered,False,-0.0335,Normal,Isolation Forest,38.83,18.13,LOW,No significant risk indicator detected,LOW
,Kanpur,,Advaith Gole,W11183,,Street Lighting,State Housing Board,5.83,,,,,,,,,Ongoing,4.280349292463638,synthetic,Synthetic Test Data,,,False,,,False,,,,False,False,W11183,4.28,LOW,No rule-based risk condition triggered,False,-0.0327,Normal,Isolation Forest,42.53,19.58,LOW,No significant risk indicator detected,LOW
,Kanpur,,Onveer Kata,W11291,,Drainage System,Municipal Corporation,12.09,,,,,,,,,Completed,4.265400633663742,synthetic,Synthetic Test Data,,,False,,,False,,,,False,False,W11291,4.27,LOW,No rule-based risk condition triggered,False,-0.0318,Normal,Isolation Forest,46.62,21.21,LOW,No significant risk indicator detected,LOW
,Agra,,Jagat Mangat,W11985,,Drinking Water Supply,State Housing Board,12.73,,,,,,,,,Ongoing,4.248426920644326,synthetic,Synthetic Test Data,,,False,,,False,,,,False,False,W11985,4.25,LOW,No rule-based risk condition triggered,False,-0.0319,Normal,Isolation Forest,46.1,20.99,LOW,No significant risk indicator detected,LOW
,Chennai,,Nicholas Gour,W11969,,Drainage System,District Rural Development Agency,11.71,,,,,,,,,Completed,4.2430305195015645,synthetic,Synthetic Test Data,,,False,,,False,,,,False,False,W11969,4.24,LOW,No rule-based risk condition triggered,False,-0.0378,Normal,Isolation Forest,22.72,11.63,LOW,No significant risk indicator detected,LOW
,Howrah,,Odika Naik,W10135,,Drainage System,State Housing Board,9.44,,,,,,,,,Ongoing,4.230430435889462,synthetic,Synthetic Test Data,,,False,,,False,,,,False,False,W10135,4.23,LOW,No rule-based risk condition triggered,False,-0.0367,Normal,Isolation Forest,25.68,12.81,LOW,No significant risk indicator detected,LOW
,Agra,,Ekansh Sami,W12654,,Drinking Water Supply,District Rural Development Agency,4.09,,,,,,,,,Completed,4.224021876,synthetic,Synthetic Test Data,,,False,,,False,,,,False,False,W12654,4.22,LOW,No rule-based risk condition triggered,False,-0.0262,Normal,Isolation Forest,67.45,29.51,LOW,No significant risk indicator detected,LOW
,Darjeeling,,Meera Banerjee,W12663,,Road Construction,Zilla Panchayat,12.34,,,,,,,,,Completed,4.223291403384366,synthetic,Synthetic Test Data,,,False,,,False,,,,False,False,W12663,4.22,LOW,No rule-based risk condition triggered,False,-0.0388,Normal,Isolation Forest,19.85,10.47,LOW,No significant risk indicator detected,LOW
,Thane,,Krishna Pant,W10290,,Road Construction,Zilla Panchayat,14.18,,,,,,,,,Ongoing,4.215135842797691,synthetic,Synthetic Test Data,,,False,,,False,,,,False,False,W10290,4.22,LOW,No rule-based risk condition triggered,False,-0.0461,Normal,Isolation Forest,5.53,4.74,LOW,No significant risk indicator detected,LOW
,Kanpur,,Christopher Kadakia,W10021,,Road Construction,Zilla Panchayat,8.39,,,,,,,,,Completed,4.203882401308798,synthetic,Synthetic Test Data,,,False,,,False,,,,False,False,W10021,4.2,LOW,No rule-based risk condition triggered,False,-0.0354,Normal,Isolation Forest,30.77,14.83,LOW,No significant risk indicator detected,LOW
,Howrah,,Azaan Gupta,W10318,,Public Toilet Complex,District Rural Development Agency,4.35,,,,,,,,,Completed,4.202442406464256,synthetic,Synthetic Test Data,,,False,,,False,,,,False,False,W10318,4.2,LOW,No rule-based risk condition triggered,False,-0.0319,Normal,Isolation Forest,46.1,20.96,LOW,No significant risk indicator detected,LOW
,Kanpur,,Odika Naik,W12980,,Drinking Water Supply,District Rural Development Agency,12.97,,,,,,,,,Ongoing,4.202353212,synthetic,Synthetic Test Data,,,False,,,False,,,,False,False,W12980,4.2,LOW,No rule-based risk condition triggered,False,-0.0343,Normal,Isolation Forest,35.27,16.63,LOW,No significant risk indicator detected,LOW
,Agra,,Leena Butala,W11278,,Drainage System,State Housing Board,12.45,,,,,,,,,Completed,4.193936866269369,synthetic,Synthetic Test Data,,,False,,,False,,,,False,False,W11278,4.19,LOW,No rule-based risk condition triggered,False,-0.0424,Normal,Isolation Forest,9.95,6.49,LOW,No significant risk indicator detected,LOW
,Chennai,,Ronith Zachariah,W10125,,School Building Repair,Public Works Department,6.18,,,,,,,,,Completed,4.192571023688396,synthetic,Synthetic Test Data,,,False,,,False,,,,False,False,W10125,4.19,LOW,No rule-based risk condition triggered,False,-0.0413,Normal,Isolation Forest,12.42,7.48,LOW,No significant risk indicator detected,LOW
,Kolkata,,Odika Naik,W11395,,Drainage System,State Housing Board,3.84,,,,,,,,,Ongoing,4.155955895357613,synthetic,Synthetic Test Data,,,False,,,False,,,,False,False,W11395,4.16,LOW,No rule-based risk condition triggered,False,-0.027,Normal,Isolation Forest,65.32,28.62,LOW,No significant risk indicator detected,LOW
,Thane,,Widisha Yohannan,W11324,,Road Construction,Public Works Department,14.64,,,,,,,,,Ongoing,4.153903048441689,synthetic,Synthetic Test Data,,,False,,,False,,,,False,False,W11324,4.15,LOW,No rule-based risk condition triggered,False,-0.0406,Normal,Isolation Forest,14.82,8.42,LOW,No significant risk indicator detected,LOW
,Asansol,,Jagat Mangat,W10898,,Road Construction,District Rural Development Agency,8.56,,,,,,,,,Ongoing,4.1336544029999365,synthetic,Synthetic Test Data,,,False,,,False,,,,False,False,W10898,4.13,LOW,No rule-based risk condition triggered,False,-0.0117,Normal,Isolation Forest,89.63,38.33,LOW,No significant risk indicator detected,LOW
,Kanpur,,Ria Ratta,W10469,,Drainage System,Municipal Corporation,11.84,,,,,,,,,Completed,4.118142240980707,synthetic,Synthetic Test Data,,,False,,,False,,,,False,False,W10469,4.12,LOW,No rule-based risk condition triggered,False,-0.033,Normal,Isolation Forest,41.18,18.94,LOW,No significant risk indicator detected,LOW
,Dharwad,,Owen Bansal,W11089,,Drainage System,Zilla Panchayat,9.35,,,,,,,,,Ongoing,4.111341753268091,synthetic,Synthetic Test Data,,,False,,,False,,,,False,False,W11089,4.11,LOW,No rule-based risk condition triggered,False,-0.0459,Normal,Isolation Forest,5.8,4.79,LOW,No significant risk indicator detected,LOW
,Madurai,,Gabriel Thaman,W10499,,Drainage System,State Housing Board,7.15,,,,,,,,,Completed,4.0990729764131375,synthetic,Synthetic Test Data,,,False,,,False,,,,False,False,W10499,4.1,LOW,No rule-based risk condition triggered,False,-0.0394,Normal,Isolation Forest,18.43,9.83,LOW,No significant risk indicator detected,LOW
,Kanpur,,Owen Bansal,W11141,,Road Construction,State Housing Board,17.2,,,,,,,,,Completed,4.096305975416321,synthetic,Synthetic Test Data,,,False,,,False,,,,False,False,W11141,4.1,LOW,No rule-based risk condition triggered,False,-0.0248,Normal,Isolation Forest,71.5,31.06,LOW,No significant risk indicator detected,LOW
,Lucknow,,Yutika Rana,W12227,,Drinking Water Supply,State Housing Board,14.61,,,,,,,,,Ongoing,4.090122808494486,synthetic,Synthetic Test Data,,,False,,,False,,,,False,False,W12227,4.09,LOW,No rule-based risk condition triggered,False,-0.0273,Normal,Isolation Forest,64.32,28.18,LOW,No significant risk indicator detected,LOW
,Salem,,Yug Choudhry,W11005,,School Building Repair,District Rural Development Agency,14.34,,,,,,,,,Ongoing,4.086384161509755,synthetic,Synthetic Test Data,,,False,,,False,,,,False,False,W11005,4.09,LOW,No rule-based risk condition triggered,False,-0.025,Normal,Isolation Forest,70.8,30.77,LOW,No significant risk indicator detected,LOW
,Asansol,,Vrinda Biswas,W10010,,Drinking Water Supply,Public Works Department,7.51,,,,,,,,,Completed,4.020200626737701,synthetic,Synthetic Test Data,,,False,,,False,,,,False,False,W10010,4.02,LOW,No rule-based risk condition triggered,False,-0.0327,Normal,Isolation Forest,42.53,19.42,LOW,No significant risk indicator detected,LOW
,Nagpur,,Owen Bala,W10113,,School Building Repair,Municipal Corporation,12.44,,,,,,,,,Ongoing,4.010696084968035,synthetic,Synthetic Test Data,,,False,,,False,,,,False,False,W10113,4.01,LOW,No rule-based risk condition triggered,False,-0.0294,Normal,Isolation Forest,56.62,25.05,LOW,No significant risk indicator detected,LOW
,Thane,,Widisha Yohannan,W11472,,Drainage System,Municipal Corporation,4.33,,,,,,,,,Ongoing,3.995921625473125,synthetic,Synthetic Test Data,,,False,,,False,,,,False,False,W11472,4.0,LOW,No rule-based risk condition triggered,False,-0.0268,Normal,Isolation Forest,65.85,28.74,LOW,No significant risk indicator detected,LOW
,Howrah,,Ishwar Boase,W11636,,Drainage System,Zilla Panchayat,14.41,,,,,,,,,Ongoing,3.9684113185717456,synthetic,Synthetic Test Data,,,False,,,False,,,,False,False,W11636,3.97,LOW,No rule-based risk condition triggered,False,-0.0459,Normal,Isolation Forest,5.8,4.7,LOW,No significant risk indicator detected,LOW
,Agra,,Owen Bansal,W10858,,Drainage System,State Housing Board,5.44,,,,,,,,,Completed,3.956539758179641,synthetic,Synthetic Test Data,,,False,,,False,,,,False,False,W10858,3.96,LOW,No rule-based risk condition triggered,False,-0.036,Normal,Isolation Forest,28.68,13.85,LOW,No significant risk indicator detected,LOW
,Agra,,Varsha Morar,W12934,,Drinking Water Supply,District Rural Development Agency,12.39,,,,,,,,,Ongoing,3.926462209908006,synthetic,Synthetic Test Data,,,False,,,False,,,,False,False,W12934,3.93,LOW,No rule-based risk condition triggered,False,-0.0357,Normal,Isolation Forest,29.8,14.28,LOW,No significant risk indicator detected,LOW
,Asansol,,Oliver Sarma,W11804,,Public Toilet Complex,District Rural Development Agency,7.27,,,,,,,,,Ongoing,3.905545415799945,synthetic,Synthetic Test Data,,,False,,,False,,,,False,False,W11804,3.91,LOW,No rule-based risk condition triggered,False,-0.0302,Normal,Isolation Forest,53.15,23.61,LOW,No significant risk indicator detected,LOW
,Darjeeling,,Odika Naik,W12760,,Road Construction,State Housing Board,12.53,,,,,,,,,Completed,3.8843927229888777,synthetic,Synthetic Test Data,,,False,,,False,,,,False,False,W12760,3.88,LOW,No rule-based risk condition triggered,False,-0.028,Normal,Isolation Forest,61.57,26.96,LOW,No significant risk indicator detected,LOW
,Nagpur,,Yamini Chand,W10007,,School Building Repair,Municipal Corporation,8.55,,,,,,,,,Ongoing,3.871232869708303,synthetic,Synthetic Test Data,,,False,,,False,,,,False,False,W10007,3.87,LOW,No rule-based risk condition triggered,False,-0.0373,Normal,Isolation Forest,24.12,11.97,LOW,No significant risk indicator detected,LOW
,Mysuru,,Lucky Prashad,W10033,,Drinking Water Supply,District Rural Development Agency,5.85,,,,,,,,,Ongoing,3.8580410480782215,synthetic,Synthetic Test Data,,,False,,,False,,,,False,False,W10033,3.86,LOW,No rule-based risk condition triggered,False,-0.0318,Normal,Isolation Forest,46.62,20.96,LOW,No significant risk indicator detected,LOW
,Mysuru,,Owen Bansal,W12414,,Drainage System,District Rural Development Agency,7.3,,,,,,,,,Ongoing,3.840443920421972,synthetic,Synthetic Test Data,,,False,,,False,,,,False,False,W12414,3.84,LOW,No rule-based risk condition triggered,False,-0.0384,Normal,Isolation Forest,21.18,10.78,LOW,No significant risk indicator detected,LOW
,Belagavi,,Vrinda Biswas,W12250,,School Building Repair,State Housing Board,12.24,,,,,,,,,Completed,3.839728298954089,synthetic,Synthetic Test Data,,,False,,,False,,,,False,False,W12250,3.84,LOW,No rule-based risk condition triggered,False,-0.0398,Normal,Isolation Forest,16.93,9.08,LOW,No significant risk indicator detected,LOW
,Belagavi,,Christopher Kadakia,W11113,,Drainage System,Zilla Panchayat,13.68,,,,,,,,,Ongoing,3.825031947577248,synthetic,Synthetic Test Data,,,False,,,False,,,,False,False,W11113,3.83,LOW,No rule-based risk condition triggered,False,-0.0464,Normal,Isolation Forest,5.27,4.41,LOW,No significant risk indicator detected,LOW
,Dharwad,,Yutika Rana,W12057,,Drainage System,State Housing Board,13.99,,,,,,,,,Ongoing,3.822482099023953,synthetic,Synthetic Test Data,,,False,,,False,,,,False,False,W12057,3.82,LOW,No rule-based risk condition triggered,False,-0.0362,Normal,Isolation Forest,27.6,13.33,LOW,No significant risk indicator detected,LOW
,Lucknow,,Owen Bansal,W10579,,Drinking Water Supply,State Housing Board,11.75,,,,,,,,,Ongoing,3.8141659073643694,synthetic,Synthetic Test Data,,,False,,,False,,,,False,False,W10579,3.81,LOW,No rule-based risk condition triggered,False,-0.0335,Normal,Isolation Forest,38.83,17.82,LOW,No significant risk indicator detected,LOW
,Pune,,Gabriel Thaman,W10413,,Street Lighting,Public Works Department,3.48,,,,,,,,,Ongoing,3.808258458752169,synthetic,Synthetic Test Data,,,False,,,False,,,,False,False,W10413,3.81,LOW,No rule-based risk condition triggered,False,-0.036,Normal,Isolation Forest,28.68,13.76,LOW,No significant risk indicator detected,LOW
,Kanpur,,Azaan Gupta,W11081,,Community Health Center,Zilla Panchayat,13.34,,,,,,,,,Ongoing,3.7860101090172735,synthetic,Synthetic Test Data,,,False,,,False,,,,False,False,W11081,3.79,LOW,No rule-based risk condition triggered,False,-0.0292,Normal,Isolation Forest,57.5,25.27,LOW,No significant risk indicator detected,LOW
,Chennai,,Eesha Memon,W12467,,School Building Repair,State Housing Board,13.26,,,,,,,,,Ongoing,3.7682879331867087,synthetic,Synthetic Test Data,,,False,,,False,,,,False,False,W12467,3.77,LOW,No rule-based risk condition triggered,False,-0.0262,Normal,Isolation Forest,67.45,29.24,LOW,No significant risk indicator detected,LOW
,Varanasi,,Victor Venkataraman,W12459,,Drainage System,Public Works Department,5.57,,,,,,,,,Ongoing,3.764755424,synthetic,Synthetic Test Data,,,False,,,False,,,,False,False,W12459,3.76,LOW,No rule-based risk condition triggered,False,-0.0373,Normal,Isolation Forest,24.12,11.9,LOW,No significant risk indicator detected,LOW
,Kolkata,,Nicholas Gour,W10036,,Road Construction,Public Works Department,7.63,,,,,,,,,Ongoing,3.763007873,synthetic,Synthetic Test Data,,,False,,,False,,,,False,False,W10036,3.76,LOW,No rule-based risk condition triggered,False,-0.0335,Normal,Isolation Forest,38.83,17.79,LOW,No significant risk indicator detected,LOW
,Chennai,,Triya Khatri,W12392,,Street Lighting,Zilla Panchayat,5.4,,,,,,,,,Ongoing,3.7604090911608967,synthetic,Synthetic Test Data,,,False,,,False,,,,False,False,W12392,3.76,LOW,No rule-based risk condition triggered,False,-0.0445,Normal,Isolation Forest,7.6,5.3,LOW,No significant risk indicator detected,LOW
,Salem,,Varsha Morar,W10832,,Community Health Center,State Housing Board,14.68,,,,,,,,,Completed,3.759748984300289,synthetic,Synthetic Test Data,,,False,,,False,,,,False,False,W10832,3.76,LOW,No rule-based risk condition triggered,False,-0.0319,Normal,Isolation Forest,46.1,20.7,LOW,No significant risk indicator detected,LOW
,Nashik,,Gabriel Thaman,W12878,,School Building Repair,Municipal Corporation,13.5,,,,,,,,,Completed,3.7338092390943616,synthetic,Synthetic Test Data,,,False,,,False,,,,False,False,W12878,3.73,LOW,No rule-based risk condition triggered,False,-0.0235,Normal,Isolation Forest,74.58,32.07,LOW,No significant risk indicator detected,LOW
,Coimbatore,,Oliver Sarma,W10744,,Drainage System,State Housing Board,10.51,,,,,,,,,Completed,3.727155383454852,synthetic,Synthetic Test Data,,,False,,,False,,,,False,False,W10744,3.73,LOW,No rule-based risk condition triggered,False,-0.0439,Normal,Isolation Forest,8.03,5.45,LOW,No significant risk indicator detected,LOW
,Bengaluru Urban,,Ekansh Sami,W12264,,Drainage System,Municipal Corporation,11.17,,,,,,,,,Ongoing,3.7217716487711474,synthetic,Synthetic Test Data,,,False,,,False,,,,False,False,W12264,3.72,LOW,No rule-based risk condition triggered,False,-0.0344,Normal,Isolation Forest,34.82,16.16,LOW,No significant risk indicator detected,LOW
,Asansol,,Yutika Rana,W10001,,Road Construction,Public Works Department,6.04,,,,,,,,,Completed,3.7205034767485454,synthetic,Synthetic Test Data,,,False,,,False,,,,False,False,W10001,3.72,LOW,No rule-based risk condition triggered,False,-0.0337,Normal,Isolation Forest,37.93,17.4,LOW,No significant risk indicator detected,LOW
,Dharwad,,Mugdha Varty,W12926,,School Building Repair,District Rural Development Agency,13.64,,,,,,,,,Ongoing,3.713646139115035,synthetic,Synthetic Test Data,,,False,,,False,,,,False,False,W12926,3.71,LOW,No rule-based risk condition triggered,False,-0.0289,Normal,Isolation Forest,58.82,25.75,LOW,No significant risk indicator detected,LOW
,Chennai,,Eesha Memon,W10704,,Drinking Water Supply,Municipal Corporation,10.81,,,,,,,,,Ongoing,3.697470319561155,synthetic,Synthetic Test Data,,,False,,,False,,,,False,False,W10704,3.7,LOW,No rule-based risk condition triggered,False,-0.0299,Normal,Isolation Forest,54.43,23.99,LOW,No significant risk indicator detected,LOW
,Kolkata,,Owen Bala,W11778,,School Building Repair,District Rural Development Agency,9.47,,,,,,,,,Completed,3.6695619548223135,synthetic,Synthetic Test Data,,,False,,,False,,,,False,False,W11778,3.67,LOW,No rule-based risk condition triggered,False,-0.031,Normal,Isolation Forest,50.17,22.27,LOW,No significant risk indicator detected,LOW
,Belagavi,,Gaurav Chandra,W11162,,School Building Repair,State Housing Board,12.77,,,,,,,,,Ongoing,3.6652812610635097,synthetic,Synthetic Test Data,,,False,,,False,,,,False,False,W11162,3.67,LOW,No rule-based risk condition triggered,False,-0.0282,Normal,Isolation Forest,60.85,26.54,LOW,No significant risk indicator detected,LOW
,Howrah,,Vrinda Biswas,W10827,,Road Construction,Zilla Panchayat,15.53,,,,,,,,,Completed,3.6493818282820905,synthetic,Synthetic Test Data,,,False,,,False,,,,False,False,W10827,3.65,LOW,No rule-based risk condition triggered,False,-0.0399,Normal,Isolation Forest,16.53,8.8,LOW,No significant risk indicator detected,LOW
,Howrah,,Odika Naik,W11964,,Street Lighting,State Housing Board,5.91,,,,,,,,,Completed,3.621689044238374,synthetic,Synthetic Test Data,,,False,,,False,,,,False,False,W11964,3.62,LOW,No rule-based risk condition triggered,False,-0.029,Normal,Isolation Forest,58.33,25.5,LOW,No significant risk indicator detected,LOW
,Belagavi,,Tanish Iyer,W12193,,School Building Repair,State Housing Board,10.96,,,,,,,,,Completed,3.619892051382009,synthetic,Synthetic Test Data,,,False,,,False,,,,False,False,W12193,3.62,LOW,No rule-based risk condition triggered,False,-0.0459,Normal,Isolation Forest,5.8,4.49,LOW,No significant risk indicator detected,LOW
,Asansol,,Ishwar Boase,W11896,,School Building Repair,Public Works Department,9.0,,,,,,,,,Completed,3.616191601809878,synthetic,Synthetic Test Data,,,False,,,False,,,,False,False,W11896,3.62,LOW,No rule-based risk condition triggered,False,-0.0398,Normal,Isolation Forest,16.93,8.94,LOW,No significant risk indicator detected,LOW
,Nashik,,Krishna Pant,W12975,,Drainage System,District Rural Development Agency,6.54,,,,,,,,,Ongoing,3.614002074140391,synthetic,Synthetic Test Data,,,False,,,False,,,,False,False,W12975,3.61,LOW,No rule-based risk condition triggered,False,-0.0376,Normal,Isolation Forest,23.17,11.43,LOW,No significant risk indicator detected,LOW
,Kanpur,,Azaan Gupta,W12182,,Street Lighting,State Housing Board,4.35,,,,,,,,,Ongoing,3.610844096654535,synthetic,Synthetic Test Data,,,False,,,False,,,,False,False,W12182,3.61,LOW,No rule-based risk condition triggered,False,-0.0392,Normal,Isolation Forest,19.02,9.77,LOW,No significant risk indicator detected,LOW
,Pune,,Mugdha Varty,W12469,,Drainage System,Municipal Corporation,11.06,,,,,,,,,Ongoing,3.5918582101865923,synthetic,Synthetic Test Data,,,False,,,False,,,,False,False,W12469,3.59,LOW,No rule-based risk condition triggered,False,-0.0343,Normal,Isolation Forest,35.27,16.26,LOW,No significant risk indicator detected,LOW
,Nagpur,,Krishna Pant,W10576,,School Building Repair,Municipal Corporation,9.56,,,,,,,,,Ongoing,3.569699049796185,synthetic,Synthetic Test Data,,,False,,,False,,,,False,False,W10576,3.57,LOW,No rule-based risk condition triggered,False,-0.0376,Normal,Isolation Forest,23.17,11.41,LOW,No significant risk indicator detected,LOW
,Howrah,,Onveer Kata,W10205,,Drinking Water Supply,District Rural Development Agency,12.85,,,,,,,,,Completed,3.569016508371744,synthetic,Synthetic Test Data,,,False,,,False,,,,False,False,W10205,3.57,LOW,No rule-based risk condition triggered,False,-0.0331,Normal,Isolation Forest,40.7,18.42,LOW,No significant risk indicator detected,LOW
,Belagavi,,Victor Venkataraman,W12323,,Road Construction,State Housing Board,6.31,,,,,,,,,Ongoing,3.567251652397495,synthetic,Synthetic Test Data,,,False,,,False,,,,False,False,W12323,3.57,LOW,No rule-based risk condition triggered,False,-0.0243,Normal,Isolation Forest,73.07,31.37,LOW,No significant risk indicator detected,LOW
,Howrah,,Owen Bansal,W12218,,School Building Repair,Municipal Corporation,14.71,,,,,,,,,Completed,3.5619275056295194,synthetic,Synthetic Test Data,,,False,,,False,,,,False,False,W12218,3.56,LOW,No rule-based risk condition triggered,False,-0.0217,Normal,Isolation Forest,77.45,33.12,LOW,No significant risk indicator detected,LOW
,Belagavi,,Yutika Rana,W11867,,School Building Repair,State Housing Board,5.82,,,,,,,,,Completed,3.538808068470966,synthetic,Synthetic Test Data,,,False,,,False,,,,False,False,W11867,3.54,LOW,No rule-based risk condition triggered,False,-0.0469,Normal,Isolation Forest,4.93,4.1,LOW,No significant risk indicator detected,LOW
,Kanpur,,Nicholas Gour,W12557,,Street Lighting,State Housing Board,5.57,,,,,,,,,Ongoing,3.532721759940632,synthetic,Synthetic Test Data,,,False,,,False,,,,False,False,W12557,3.53,LOW,No rule-based risk condition triggered,False,-0.0338,Normal,Isolation Forest,37.63,17.17,LOW,No significant risk indicator detected,LOW
,Coimbatore,,Varsha Morar,W11017,,Public Toilet Complex,District Rural Development Agency,5.73,,,,,,,,,Ongoing,3.5323216402553657,synthetic,Synthetic Test Data,,,False,,,False,,,,False,False,W11017,3.53,LOW,No rule-based risk condition triggered,False,-0.0342,Normal,Isolation Forest,35.78,16.43,LOW,No significant risk indicator detected,LOW
,Howrah,,Krishna Pant,W10519,,Drainage System,Municipal Corporation,7.27,,,,,,,,,Completed,3.5175002428294904,synthetic,Synthetic Test Data,,,False,,,False,,,,False,False,W10519,3.52,LOW,No rule-based risk condition triggered,False,-0.0316,Normal,Isolation Forest,47.67,21.18,LOW,No significant risk indicator detected,LOW
,Howrah,,Victor Venkataraman,W12626,,School Building Repair,Public Works Department,12.13,,,,,,,,,Ongoing,3.495800689,synthetic,Synthetic Test Data,,,False,,,False,,,,False,False,W12626,3.5,LOW,No rule-based risk condition triggered,False,-0.0307,Normal,Isolation Forest,51.0,22.5,LOW,No significant risk indicator detected,LOW
,Asansol,,Triya Khatri,W12672,,Public Toilet Complex,Municipal Corporation,5.74,,,,,,,,,Completed,3.489312619735115,synthetic,Synthetic Test Data,,,False,,,False,,,,False,False,W12672,3.49,LOW,No rule-based risk condition triggered,False,-0.0431,Normal,Isolation Forest,9.08,5.73,LOW,No significant risk indicator detected,LOW
,Mysuru,,Jagat Mangat,W11513,,Drainage System,Public Works Department,10.33,,,,,,,,,Ongoing,3.424143479837189,synthetic,Synthetic Test Data,,,False,,,False,,,,False,False,W11513,3.42,LOW,No rule-based risk condition triggered,False,-0.043,Normal,Isolation Forest,9.22,5.74,LOW,No significant risk indicator detected,LOW
,Chennai,,Owen Bansal,W10620,,Drainage System,District Rural Development Agency,6.03,,,,,,,,,Completed,3.3871601131443705,synthetic,Synthetic Test Data,,,False,,,False,,,,False,False,W10620,3.39,LOW,No rule-based risk condition triggered,False,-0.0361,Normal,Isolation Forest,28.13,13.29,LOW,No significant risk indicator detected,LOW
,Howrah,,Advaith Gole,W10072,,Road Construction,Zilla Panchayat,13.45,,,,,,,,,Ongoing,3.3745472153325906,synthetic,Synthetic Test Data,,,False,,,False,,,,False,False,W10072,3.37,LOW,No rule-based risk condition triggered,False,-0.046,Normal,Isolation Forest,5.65,4.28,LOW,No significant risk indicator detected,LOW
,Nagpur,,Yadavi Deshmukh,W11978,,Public Toilet Complex,Public Works Department,4.44,,,,,,,,,Completed,3.3714522496252357,synthetic,Synthetic Test Data,,,False,,,False,,,,False,False,W11978,3.37,LOW,No rule-based risk condition triggered,False,-0.041,Normal,Isolation Forest,13.22,7.31,LOW,No significant risk indicator detected,LOW
,Madurai,,Jagat Mangat,W11492,,School Building Repair,Municipal Corporation,11.49,,,,,,,,,Ongoing,3.363071123433566,synthetic,Synthetic Test Data,,,False,,,False,,,,False,False,W11492,3.36,LOW,No rule-based risk condition triggered,False,-0.0346,Normal,Isolation Forest,34.07,15.64,LOW,No significant risk indicator detected,LOW
,Lucknow,,Mugdha Varty,W12508,,School Building Repair,Municipal Corporation,7.31,,,,,,,,,Ongoing,3.356528934048428,synthetic,Synthetic Test Data,,,False,,,False,,,,False,False,W12508,3.36,LOW,No rule-based risk condition triggered,False,-0.0367,Normal,Isolation Forest,25.68,12.29,LOW,No significant risk indicator detected,LOW
,Varanasi,,Oliver Sarma,W12913,,Road Construction,Zilla Panchayat,8.07,,,,,,,,,Completed,3.3540576639879376,synthetic,Synthetic Test Data,,,False,,,False,,,,False,False,W12913,3.35,LOW,No rule-based risk condition triggered,False,-0.0348,Normal,Isolation Forest,33.15,15.27,LOW,No significant risk indicator detected,LOW
,Lucknow,,Yadavi Deshmukh,W11420,,Street Lighting,Municipal Corporation,5.37,,,,,,,,,Ongoing,3.334344037753085,synthetic,Synthetic Test Data,,,False,,,False,,,,False,False,W11420,3.33,LOW,No rule-based risk condition triggered,False,-0.0212,Normal,Isolation Forest,78.55,33.42,LOW,No significant risk indicator detected,LOW
,Kolkata,,Ishwar Boase,W11431,,School Building Repair,District Rural Development Agency,12.08,,,,,,,,,Ongoing,3.3226669960453443,synthetic,Synthetic Test Data,,,False,,,False,,,,False,False,W11431,3.32,LOW,No rule-based risk condition triggered,False,-0.0316,Normal,Isolation Forest,47.67,21.06,LOW,No significant risk indicator detected,LOW
,Salem,,Odika Naik,W10870,,Drinking Water Supply,District Rural Development Agency,5.46,,,,,,,,,Ongoing,3.311463918653786,synthetic,Synthetic Test Data,,,False,,,False,,,,False,False,W10870,3.31,LOW,No rule-based risk condition triggered,False,-0.0317,Normal,Isolation Forest,47.08,20.82,LOW,No significant risk indicator detected,LOW
,Nashik,,Hemang Bava,W10034,,School Building Repair,Municipal Corporation,11.25,,,,,,,,,Ongoing,3.3091782867854103,synthetic,Synthetic Test Data,,,False,,,False,,,,False,False,W10034,3.31,LOW,No rule-based risk condition triggered,False,-0.0369,Normal,Isolation Forest,25.1,12.03,LOW,No significant risk indicator detected,LOW
,Bengaluru Urban,,Jagat Mangat,W10024,,Drainage System,Public Works Department,15.73,,,,,,,,,Completed,3.300473713987788,synthetic,Synthetic Test Data,,,False,,,False,,,,False,False,W10024,3.3,LOW,No rule-based risk condition triggered,False,-0.0241,Normal,Isolation Forest,73.38,31.33,LOW,No significant risk indicator detected,LOW
,Belagavi,,Yamini Chand,W10055,,School Building Repair,Municipal Corporation,6.26,,,,,,,,,Ongoing,3.2621530792562647,synthetic,Synthetic Test Data,,,False,,,False,,,,False,False,W10055,3.26,LOW,No rule-based risk condition triggered,False,-0.034,Normal,Isolation Forest,36.65,16.62,LOW,No significant risk indicator detected,LOW
,Bengaluru Urban,,Leena Butala,W11806,,Drainage System,State Housing Board,12.18,,,,,,,,,Ongoing,3.2581565652694744,synthetic,Synthetic Test Data,,,False,,,False,,,,False,False,W11806,3.26,LOW,No rule-based risk condition triggered,False,-0.0385,Normal,Isolation Forest,20.82,10.28,LOW,No significant risk indicator detected,LOW
,Lucknow,,Yug Choudhry,W10346,,School Building Repair,Zilla Panchayat,14.09,,,,,,,,,Completed,3.255781751895599,synthetic,Synthetic Test Data,,,False,,,False,,,,False,False,W10346,3.26,LOW,No rule-based risk condition triggered,False,-0.0425,Normal,Isolation Forest,9.82,5.88,LOW,No significant risk indicator detected,LOW
,Howrah,,Widisha Yohannan,W12062,,Public Toilet Complex,Municipal Corporation,7.98,,,,,,,,,Ongoing,3.2373384462376573,synthetic,Synthetic Test Data,,,False,,,False,,,,False,False,W12062,3.24,LOW,No rule-based risk condition triggered,False,-0.0182,Normal,Isolation Forest,83.67,35.41,LOW,No significant risk indicator detected,LOW
,Dharwad,,Owen Bala,W12529,,Public Toilet Complex,District Rural Development Agency,7.49,,,,,,,,,Ongoing,3.224891700435734,synthetic,Synthetic Test Data,,,False,,,False,,,,False,False,W12529,3.22,LOW,No rule-based risk condition triggered,False,-0.0294,Normal,Isolation Forest,56.62,24.58,LOW,No significant risk indicator detected,LOW
,Dharwad,,Triya Khatri,W10412,,School Building Repair,Municipal Corporation,10.31,,,,,,,,,Ongoing,3.213895476971152,synthetic,Synthetic Test Data,,,False,,,False,,,,False,False,W10412,3.21,LOW,No rule-based risk condition triggered,False,-0.0375,Normal,Isolation Forest,23.62,11.37,LOW,No significant risk indicator detected,LOW
,Nashik,,Varsha Morar,W11521,,Road Construction,District Rural Development Agency,8.9,,,,,,,,,Completed,3.1597327009786698,synthetic,Synthetic Test Data,,,False,,,False,,,,False,False,W11521,3.16,LOW,No rule-based risk condition triggered,False,-0.0139,Normal,Isolation Forest,88.07,37.12,LOW,No significant risk indicator detected,LOW
,Asansol,,Lucky Prashad,W11946,,School Building Repair,State Housing Board,7.19,,,,,,,,,Completed,3.1501563679742457,synthetic,Synthetic Test Data,,,False,,,False,,,,False,False,W11946,3.15,LOW,No rule-based risk condition triggered,False,-0.0488,Normal,Isolation Forest,3.82,3.42,LOW,No significant risk indicator detected,LOW
,Madurai,,Widisha Yohannan,W11359,,Road Construction,District Rural Development Agency,10.14,,,,,,,,,Completed,3.132540862247822,synthetic,Synthetic Test Data,,,False,,,False,,,,False,False,W11359,3.13,LOW,No rule-based risk condition triggered,False,-0.015,Normal,Isolation Forest,86.88,36.63,LOW,No significant risk indicator detected,LOW
,Bengaluru Urban,,Owen Bansal,W12522,,Drainage System,State Housing Board,10.68,,,,,,,,,Ongoing,3.123663977540611,synthetic,Synthetic Test Data,,,False,,,False,,,,False,False,W12522,3.12,LOW,No rule-based risk condition triggered,False,-0.0386,Normal,Isolation Forest,20.45,10.05,LOW,No significant risk indicator detected,LOW
,Nashik,,Deepa Gala,W11196,,Public Toilet Complex,District Rural Development Agency,3.87,,,,,,,,,Ongoing,3.1178513637615723,synthetic,Synthetic Test Data,,,False,,,False,,,,False,False,W11196,3.12,LOW,No rule-based risk condition triggered,False,-0.0278,Normal,Isolation Forest,62.37,26.82,LOW,No significant risk indicator detected,LOW
,Varanasi,,Owen Bansal,W10450,,Street Lighting,District Rural Development Agency,4.62,,,,,,,,,Ongoing,3.113274070232194,synthetic,Synthetic Test Data,,,False,,,False,,,,False,False,W10450,3.11,LOW,No rule-based risk condition triggered,False,-0.0362,Normal,Isolation Forest,27.6,12.91,LOW,No significant risk indicator detected,LOW
,Mysuru,,Christopher Kadakia,W12554,,Drinking Water Supply,State Housing Board,13.3,,,,,,,,,Ongoing,3.1106863402206417,synthetic,Synthetic Test Data,,,False,,,False,,,,False,False,W12554,3.11,LOW,No rule-based risk condition triggered,False,-0.0305,Normal,Isolation Forest,51.93,22.64,LOW,No significant risk indicator detected,LOW
,Varanasi,,Harrison Kapur,W11038,,Drinking Water Supply,Public Works Department,9.83,,,,,,,,,Ongoing,3.0884705401525068,synthetic,Synthetic Test Data,,,False,,,False,,,,False,False,W11038,3.09,LOW,No rule-based risk condition triggered,False,-0.0313,Normal,Isolation Forest,48.77,21.36,LOW,No significant risk indicator detected,LOW
,Agra,,Jagat Mangat,W10570,,Drainage System,Public Works Department,13.47,,,,,,,,,Ongoing,3.085841859,synthetic,Synthetic Test Data,,,False,,,False,,,,False,False,W10570,3.09,LOW,No rule-based risk condition triggered,False,-0.0413,Normal,Isolation Forest,12.42,6.82,LOW,No significant risk indicator detected,LOW
,Asansol,,Sanya Swamy,W12271,,Public Toilet Complex,District Rural Development Agency,7.47,,,,,,,,,Ongoing,3.0074770463587104,synthetic,Synthetic Test Data,,,False,,,False,,,,False,False,W12271,3.01,LOW,No rule-based risk condition triggered,False,-0.0294,Normal,Isolation Forest,56.62,24.45,LOW,No significant risk indicator detected,LOW
,Salem,,Ekansh Sami,W10708,,Drinking Water Supply,Municipal Corporation,4.87,,,,,,,,,Completed,2.9972396301086204,synthetic,Synthetic Test Data,,,False,,,False,,,,False,False,W10708,3.0,LOW,No rule-based risk condition triggered,False,-0.0255,Normal,Isolation Forest,69.38,29.55,LOW,No significant risk indicator detected,LOW
,Dharwad,,Yamini Chand,W11515,,School Building Repair,District Rural Development Agency,4.53,,,,,,,,,Completed,2.980693653875536,synthetic,Synthetic Test Data,,,False,,,False,,,,False,False,W11515,2.98,LOW,No rule-based risk condition triggered,False,-0.0234,Normal,Isolation Forest,74.82,31.72,LOW,No significant risk indicator detected,LOW
,Lucknow,,Varsha Morar,W10977,,Road Construction,Zilla Panchayat,7.44,,,,,,,,,Ongoing,2.9497972566185364,synthetic,Synthetic Test Data,,,False,,,False,,,,False,False,W10977,2.95,LOW,No rule-based risk condition triggered,False,-0.0351,Normal,Isolation Forest,31.87,14.52,LOW,No significant risk indicator detected,LOW
,Bengaluru Urban,,Yutika Rana,W11473,,Public Toilet Complex,State Housing Board,4.44,,,,,,,,,Ongoing,2.9450616547725104,synthetic,Synthetic Test Data,,,False,,,False,,,,False,False,W11473,2.95,LOW,No rule-based risk condition triggered,False,-0.026,Normal,Isolation Forest,68.0,28.97,LOW,No significant risk indicator detected,LOW
,Asansol,,Eesha Memon,W12999,,Drainage System,Zilla Panchayat,8.04,,,,,,,,,Completed,2.932660906622182,synthetic,Synthetic Test Data,,,False,,,False,,,,False,False,W12999,2.93,LOW,No rule-based risk condition triggered,False,-0.0523,Normal,Isolation Forest,1.77,2.47,LOW,No significant risk indicator detected,LOW
,Nagpur,,Sanya Swamy,W11435,,School Building Repair,Public Works Department,9.77,,,,,,,,,Ongoing,2.91904886596423,synthetic,Synthetic Test Data,,,False,,,False,,,,False,False,W11435,2.92,LOW,No rule-based risk condition triggered,False,-0.036,Normal,Isolation Forest,28.68,13.22,LOW,No significant risk indicator detected,LOW
,Belagavi,,Ronith Zachariah,W11214,,School Building Repair,State Housing Board,11.19,,,,,,,,,Ongoing,2.909114985096471,synthetic,Synthetic Test Data,,,False,,,False,,,,False,False,W11214,2.91,LOW,No rule-based risk condition triggered,False,-0.0316,Normal,Isolation Forest,47.67,20.81,LOW,No significant risk indicator detected,LOW
,Varanasi,,Harrison Kapur,W10054,,Drainage System,Municipal Corporation,6.71,,,,,,,,,Ongoing,2.868598648835885,synthetic,Synthetic Test Data,,,False,,,False,,,,False,False,W10054,2.87,LOW,No rule-based risk condition triggered,False,-0.0339,Normal,Isolation Forest,37.15,16.58,LOW,No significant risk indicator detected,LOW
,Madurai,,Yamini Chand,W10058,,Drainage System,Zilla Panchayat,8.85,,,,,,,,,Ongoing,2.8654407421114017,synthetic,Synthetic Test Data,,,False,,,False,,,,False,False,W10058,2.87,LOW,No rule-based risk condition triggered,False,-0.0454,Normal,Isolation Forest,6.58,4.35,LOW,No significant risk indicator detected,LOW
,Agra,,Yadavi Deshmukh,W10634,,School Building Repair,State Housing Board,10.45,,,,,,,,,Completed,2.851261117548386,synthetic,Synthetic Test Data,,,False,,,False,,,,False,False,W10634,2.85,LOW,No rule-based risk condition triggered,False,-0.049,Normal,Isolation Forest,3.63,3.16,LOW,No significant risk indicator detected,LOW
,Belagavi,,Jagat Mangat,W12106,,Public Toilet Complex,Public Works Department,6.76,,,,,,,,,Completed,2.8177643878098357,synthetic,Synthetic Test Data,,,False,,,False,,,,False,False,W12106,2.82,LOW,No rule-based risk condition triggered,False,-0.0413,Normal,Isolation Forest,12.42,6.66,LOW,No significant risk indicator detected,LOW
,Howrah,,Pallavi Krish,W12327,,School Building Repair,Municipal Corporation,9.07,,,,,,,,,Ongoing,2.78585670899588,synthetic,Synthetic Test Data,,,False,,,False,,,,False,False,W12327,2.79,LOW,No rule-based risk condition triggered,False,-0.0376,Normal,Isolation Forest,23.17,10.94,LOW,No significant risk indicator detected,LOW
,Pune,,Tanish Iyer,W10889,,School Building Repair,State Housing Board,6.12,,,,,,,,,Ongoing,2.729499007643052,synthetic,Synthetic Test Data,,,False,,,False,,,,False,False,W10889,2.73,LOW,No rule-based risk condition triggered,False,-0.0273,Normal,Isolation Forest,64.32,27.37,LOW,No significant risk indicator detected,LOW
,Nashik,,Advaith Gole,W10253,,School Building Repair,Public Works Department,7.56,,,,,,,,,Ongoing,2.7270632191932487,synthetic,Synthetic Test Data,,,False,,,False,,,,False,False,W10253,2.73,LOW,No rule-based risk condition triggered,False,-0.0364,Normal,Isolation Forest,26.65,12.3,LOW,No significant risk indicator detected,LOW
,Varanasi,,Meera Banerjee,W12054,,Public Toilet Complex,District Rural Development Agency,6.98,,,,,,,,,Ongoing,2.7234567070708544,synthetic,Synthetic Test Data,,,False,,,False,,,,False,False,W12054,2.72,LOW,No rule-based risk condition triggered,False,-0.0328,Normal,Isolation Forest,42.08,18.46,LOW,No significant risk indicator detected,LOW
,Salem,,Hemang Bava,W12594,,Public Toilet Complex,District Rural Development Agency,6.19,,,,,,,,,Ongoing,2.7079880230323607,synthetic,Synthetic Test Data,,,False,,,False,,,,False,False,W12594,2.71,LOW,No rule-based risk condition triggered,False,-0.0348,Normal,Isolation Forest,33.15,14.89,LOW,No significant risk indicator detected,LOW
,Darjeeling,,Harrison Kapur,W10921,,School Building Repair,Zilla Panchayat,10.01,,,,,,,,,Ongoing,2.6949670649998057,synthetic,Synthetic Test Data,,,False,,,False,,,,False,False,W10921,2.69,LOW,No rule-based risk condition triggered,False,-0.04,Normal,Isolation Forest,16.25,8.11,LOW,No significant risk indicator detected,LOW
,Agra,,Ria Ratta,W11393,,Street Lighting,District Rural Development Agency,5.56,,,,,,,,,Ongoing,2.6921744334816253,synthetic,Synthetic Test Data,,,False,,,False,,,,False,False,W11393,2.69,LOW,No rule-based risk condition triggered,False,-0.0336,Normal,Isolation Forest,38.32,16.94,LOW,No significant risk indicator detected,LOW
,Darjeeling,,Eesha Memon,W11105,,Drinking Water Supply,Zilla Panchayat,5.34,,,,,,,,,Ongoing,2.657291193706971,synthetic,Synthetic Test Data,,,False,,,False,,,,False,False,W11105,2.66,LOW,No rule-based risk condition triggered,False,-0.0319,Normal,Isolation Forest,46.1,20.04,LOW,No significant risk indicator detected,LOW
,Madurai,,Meera Banerjee,W12481,,Drainage System,District Rural Development Agency,4.97,,,,,,,,,Ongoing,2.6547249921218388,synthetic,Synthetic Test Data,,,False,,,False,,,,False,False,W12481,2.65,LOW,No rule-based risk condition triggered,False,-0.0339,Normal,Isolation Forest,37.15,16.45,LOW,No significant risk indicator detected,LOW
,Pune,,Rayaan Mand,W12377,,Public Toilet Complex,Public Works Department,5.04,,,,,,,,,Ongoing,2.6539295235463527,synthetic,Synthetic Test Data,,,False,,,False,,,,False,False,W12377,2.65,LOW,No rule-based risk condition triggered,False,-0.0354,Normal,Isolation Forest,30.77,13.9,LOW,No significant risk indicator detected,LOW
,Thane,,Gabriel Thaman,W10560,,Drainage System,Municipal Corporation,11.25,,,,,,,,,Completed,2.641405493214023,synthetic,Synthetic Test Data,,,False,,,False,,,,False,False,W10560,2.64,LOW,No rule-based risk condition triggered,False,-0.0325,Normal,Isolation Forest,43.38,18.94,LOW,No significant risk indicator detected,LOW
,Kanpur,,Gaurav Chandra,W12517,,Street Lighting,District Rural Development Agency,5.22,,,,,,,,,Ongoing,2.6355658609961043,synthetic,Synthetic Test Data,,,False,,,False,,,,False,False,W12517,2.64,LOW,No rule-based risk condition triggered,False,-0.0338,Normal,Isolation Forest,37.63,16.64,LOW,No significant risk indicator detected,LOW
,Varanasi,,Yug Choudhry,W11275,,School Building Repair,District Rural Development Agency,5.38,,,,,,,,,Ongoing,2.6316188245444208,synthetic,Synthetic Test Data,,,False,,,False,,,,False,False,W11275,2.63,LOW,No rule-based risk condition triggered,False,-0.0338,Normal,Isolation Forest,37.63,16.63,LOW,No significant risk indicator detected,LOW
,Madurai,,Azaan Gupta,W10904,,Drinking Water Supply,District Rural Development Agency,9.9,,,,,,,,,Ongoing,2.583865290438096,synthetic,Synthetic Test Data,,,False,,,False,,,,False,False,W10904,2.58,LOW,No rule-based risk condition triggered,False,-0.0347,Normal,Isolation Forest,33.62,15.0,LOW,No significant risk indicator detected,LOW
,Belagavi,,Yadavi Deshmukh,W11180,,Public Toilet Complex,Zilla Panchayat,6.07,,,,,,,,,Ongoing,2.543688793266176,synthetic,Synthetic Test Data,,,False,,,False,,,,False,False,W11180,2.54,LOW,No rule-based risk condition triggered,False,-0.0399,Normal,Isolation Forest,16.53,8.14,LOW,No significant risk indicator detected,LOW
,Kanpur,,Advaith Gole,W12893,,School Building Repair,State Housing Board,6.82,,,,,,,,,Ongoing,2.537096974717618,synthetic,Synthetic Test Data,,,False,,,False,,,,False,False,W12893,2.54,LOW,No rule-based risk condition triggered,False,-0.0298,Normal,Isolation Forest,54.83,23.46,LOW,No significant risk indicator detected,LOW
,Thane,,Sanya Swamy,W10677,,Community Health Center,State Housing Board,12.52,,,,,,,,,Completed,2.517333920607811,synthetic,Synthetic Test Data,,,False,,,False,,,,False,False,W10677,2.52,LOW,No rule-based risk condition triggered,False,-0.0293,Normal,Isolation Forest,57.02,24.32,LOW,No significant risk indicator detected,LOW
,Nashik,,Tanish Iyer,W11532,,Street Lighting,Zilla Panchayat,5.45,,,,,,,,,Ongoing,2.514893261138613,synthetic,Synthetic Test Data,,,False,,,False,,,,False,False,W11532,2.51,LOW,No rule-based risk condition triggered,False,-0.0445,Normal,Isolation Forest,7.6,4.55,LOW,No significant risk indicator detected,LOW
,Nagpur,,Triya Khatri,W11200,,School Building Repair,State Housing Board,9.14,,,,,,,,,Completed,2.5086698393822857,synthetic,Synthetic Test Data,,,False,,,False,,,,False,False,W11200,2.51,LOW,No rule-based risk condition triggered,False,-0.0505,Normal,Isolation Forest,2.57,2.53,LOW,No significant risk indicator detected,LOW
,Coimbatore,,Eesha Memon,W11667,,School Building Repair,Public Works Department,7.91,,,,,,,,,Ongoing,2.471248533170732,synthetic,Synthetic Test Data,,,False,,,False,,,,False,False,W11667,2.47,LOW,No rule-based risk condition triggered,False,-0.0359,Normal,Isolation Forest,29.0,13.08,LOW,No significant risk indicator detected,LOW
,Kolkata,,Ishwar Boase,W10985,,Drainage System,Public Works Department,10.96,,,,,,,,,Completed,2.322508053110507,synthetic,Synthetic Test Data,,,False,,,False,,,,False,False,W10985,2.32,LOW,No rule-based risk condition triggered,False,-0.0344,Normal,Isolation Forest,34.82,15.32,LOW,No significant risk indicator detected,LOW
,Salem,,Varsha Morar,W12222,,School Building Repair,Zilla Panchayat,6.22,,,,,,,,,Ongoing,2.3018388578215787,synthetic,Synthetic Test Data,,,False,,,False,,,,False,False,W12222,2.3,LOW,No rule-based risk condition triggered,False,-0.0416,Normal,Isolation Forest,11.55,6.0,LOW,No significant risk indicator detected,LOW
,Madurai,,Eesha Memon,W12741,,School Building Repair,Public Works Department,5.6,,,,,,,,,Ongoing,2.289854441474588,synthetic,Synthetic Test Data,,,False,,,False,,,,False,False,W12741,2.29,LOW,No rule-based risk condition triggered,False,-0.0319,Normal,Isolation Forest,46.1,19.81,LOW,No significant risk indicator detected,LOW
,Mysuru,,Vrinda Biswas,W12200,,Road Construction,Municipal Corporation,12.68,,,,,,,,,Completed,2.2823927690378065,synthetic,Synthetic Test Data,,,False,,,False,,,,False,False,W12200,2.28,LOW,No rule-based risk condition triggered,False,-0.0217,Normal,Isolation Forest,77.45,32.35,LOW,No significant risk indicator detected,LOW
,Agra,,Victor Venkataraman,W12814,,Road Construction,Public Works Department,10.68,,,,,,,,,Completed,2.257963626451455,synthetic,Synthetic Test Data,,,False,,,False,,,,False,False,W12814,2.26,LOW,No rule-based risk condition triggered,False,-0.0373,Normal,Isolation Forest,24.12,11.0,LOW,No significant risk indicator detected,LOW
,Mysuru,,Lucky Prashad,W12181,,School Building Repair,State Housing Board,5.69,,,,,,,,,Completed,2.221442119311312,synthetic,Synthetic Test Data,,,False,,,False,,,,False,False,W12181,2.22,LOW,No rule-based risk condition triggered,False,-0.0465,Normal,Isolation Forest,5.18,3.4,LOW,No significant risk indicator detected,LOW
,Salem,,Leena Butala,W10013,,School Building Repair,Municipal Corporation,8.44,,,,,,,,,Ongoing,2.212022981302327,synthetic,Synthetic Test Data,,,False,,,False,,,,False,False,W10013,2.21,LOW,No rule-based risk condition triggered,False,-0.0369,Normal,Isolation Forest,25.1,11.37,LOW,No significant risk indicator detected,LOW
,Asansol,,Gabriel Thaman,W12326,,Street Lighting,Zilla Panchayat,4.99,,,,,,,,,Ongoing,2.1870673948259363,synthetic,Synthetic Test Data,,,False,,,False,,,,False,False,W12326,2.19,LOW,No rule-based risk condition triggered,False,-0.0452,Normal,Isolation Forest,6.92,4.08,LOW,No significant risk indicator detected,LOW
,Nagpur,,Widisha Yohannan,W10728,,Drainage System,State Housing Board,8.73,,,,,,,,,Ongoing,2.170085040237627,synthetic,Synthetic Test Data,,,False,,,False,,,,False,False,W10728,2.17,LOW,No rule-based risk condition triggered,False,-0.0369,Normal,Isolation Forest,25.1,11.34,LOW,No significant risk indicator detected,LOW
,Thane,,Meera Banerjee,W10540,,Public Toilet Complex,State Housing Board,6.63,,,,,,,,,Completed,2.1419540992632773,synthetic,Synthetic Test Data,,,False,,,False,,,,False,False,W10540,2.14,LOW,No rule-based risk condition triggered,False,-0.0387,Normal,Isolation Forest,20.17,9.35,LOW,No significant risk indicator detected,LOW
,Asansol,,Bachittar Choudhry,W11649,,Road Construction,Municipal Corporation,7.33,,,,,,,,,Ongoing,2.117346495532325,synthetic,Synthetic Test Data,,,False,,,False,,,,False,False,W11649,2.12,LOW,No rule-based risk condition triggered,False,-0.008,Normal,Isolation Forest,92.13,38.12,LOW,No significant risk indicator detected,LOW
,Coimbatore,,Ronith Zachariah,W12471,,Road Construction,Public Works Department,9.13,,,,,,,,,Ongoing,2.098804534698121,synthetic,Synthetic Test Data,,,False,,,False,,,,False,False,W12471,2.1,LOW,No rule-based risk condition triggered,False,-0.0347,Normal,Isolation Forest,33.62,14.71,LOW,No significant risk indicator detected,LOW
,Nagpur,,Nicholas Gour,W11612,,Public Toilet Complex,Municipal Corporation,6.26,,,,,,,,,Ongoing,2.079816575626701,synthetic,Synthetic Test Data,,,False,,,False,,,,False,False,W11612,2.08,LOW,No rule-based risk condition triggered,False,-0.0244,Normal,Isolation Forest,72.75,30.35,LOW,No significant risk indicator detected,LOW
,Asansol,,Vanya Suresh,W10098,,Drainage System,State Housing Board,5.23,,,,,,,,,Ongoing,2.0639776165884625,synthetic,Synthetic Test Data,,,False,,,False,,,,False,False,W10098,2.06,LOW,No rule-based risk condition triggered,False,-0.0311,Normal,Isolation Forest,49.75,21.14,LOW,No significant risk indicator detected,LOW
,Agra,,Yadavi Deshmukh,W10757,,School Building Repair,Zilla Panchayat,6.52,,,,,,,,,Ongoing,2.062753774613803,synthetic,Synthetic Test Data,,,False,,,False,,,,False,False,W10757,2.06,LOW,No rule-based risk condition triggered,False,-0.0417,Normal,Isolation Forest,11.27,5.74,LOW,No significant risk indicator detected,LOW
,Mysuru,,Pallavi Krish,W11171,,Public Toilet Complex,Municipal Corporation,6.94,,,,,,,,,Ongoing,2.016295004821635,synthetic,Synthetic Test Data,,,False,,,False,,,,False,False,W11171,2.02,LOW,No rule-based risk condition triggered,False,-0.0229,Normal,Isolation Forest,75.48,31.4,LOW,No significant risk indicator detected,LOW
,Belagavi,,Ronith Zachariah,W11634,,Drainage System,Public Works Department,5.06,,,,,,,,,Ongoing,2.0040312234154825,synthetic,Synthetic Test Data,,,False,,,False,,,,False,False,W11634,2.0,LOW,No rule-based risk condition triggered,False,-0.0369,Normal,Isolation Forest,25.1,11.24,LOW,No significant risk indicator detected,LOW
,Coimbatore,,Leena Butala,W12750,,Public Toilet Complex,Zilla Panchayat,6.53,,,,,,,,,Ongoing,1.923484070987498,synthetic,Synthetic Test Data,,,False,,,False,,,,False,False,W12750,1.92,LOW,No rule-based risk condition triggered,False,-0.0382,Normal,Isolation Forest,21.82,9.88,LOW,No significant risk indicator detected,LOW
,Kanpur,,Mugdha Varty,W12300,,Street Lighting,Municipal Corporation,5.55,,,,,,,,,Ongoing,1.918903827530282,synthetic,Synthetic Test Data,,,False,,,False,,,,False,False,W12300,1.92,LOW,No rule-based risk condition triggered,False,-0.0205,Normal,Isolation Forest,80.07,33.18,LOW,No significant risk indicator detected,LOW
,Coimbatore,,Yamini Chand,W11779,,Drainage System,Zilla Panchayat,5.67,,,,,,,,,Ongoing,1.900478678127348,synthetic,Synthetic Test Data,,,False,,,False,,,,False,False,W11779,1.9,LOW,No rule-based risk condition triggered,False,-0.0418,Normal,Isolation Forest,10.92,5.51,LOW,No significant risk indicator detected,LOW
,Kanpur,,Lucky Prashad,W10956,,Drinking Water Supply,Municipal Corporation,6.81,,,,,,,,,Ongoing,1.882780343251924,synthetic,Synthetic Test Data,,,False,,,False,,,,False,False,W10956,1.88,LOW,No rule-based risk condition triggered,False,-0.0267,Normal,Isolation Forest,66.17,27.6,LOW,No significant risk indicator detected,LOW
,Nagpur,,Vrinda Biswas,W12025,,Road Construction,State Housing Board,5.57,,,,,,,,,Completed,1.861040452752997,synthetic,Synthetic Test Data,,,False,,,False,,,,False,False,W12025,1.86,LOW,No rule-based risk condition triggered,False,-0.0216,Normal,Isolation Forest,77.68,32.19,LOW,No significant risk indicator detected,LOW
,Belagavi,,Lucky Prashad,W12066,,Drainage System,District Rural Development Agency,7.87,,,,,,,,,Ongoing,1.8485059856311112,synthetic,Synthetic Test Data,,,False,,,False,,,,False,False,W12066,1.85,LOW,No rule-based risk condition triggered,False,-0.0385,Normal,Isolation Forest,20.82,9.44,LOW,No significant risk indicator detected,LOW
,Mysuru,,Ekansh Sami,W10243,,Public Toilet Complex,State Housing Board,6.07,,,,,,,,,Ongoing,1.833555383995613,synthetic,Synthetic Test Data,,,False,,,False,,,,False,False,W10243,1.83,LOW,No rule-based risk condition triggered,False,-0.0252,Normal,Isolation Forest,70.22,29.19,LOW,No significant risk indicator detected,LOW
,Belagavi,,Advaith Gole,W10327,,Public Toilet Complex,District Rural Development Agency,7.85,,,,,,,,,Ongoing,1.814229288346881,synthetic,Synthetic Test Data,,,False,,,False,,,,False,False,W10327,1.81,LOW,No rule-based risk condition triggered,False,-0.0269,Normal,Isolation Forest,65.57,27.31,LOW,No significant risk indicator detected,LOW
,Chennai,,Azaan Gupta,W10462,,Drinking Water Supply,State Housing Board,5.57,,,,,,,,,Ongoing,1.758152914696439,synthetic,Synthetic Test Data,,,False,,,False,,,,False,False,W10462,1.76,LOW,No rule-based risk condition triggered,False,-0.0277,Normal,Isolation Forest,62.88,26.21,LOW,No significant risk indicator detected,LOW
,Madurai,,Victor Venkataraman,W11894,,Road Construction,Municipal Corporation,12.29,,,,,,,,,Completed,1.7528944839715614,synthetic,Synthetic Test Data,,,False,,,False,,,,False,False,W11894,1.75,LOW,No rule-based risk condition triggered,False,-0.0217,Normal,Isolation Forest,77.45,32.03,LOW,No significant risk indicator detected,LOW
,Lucknow,,Meera Banerjee,W10917,,School Building Repair,State Housing Board,9.1,,,,,,,,,Completed,1.654313474461536,synthetic,Synthetic Test Data,,,False,,,False,,,,False,False,W10917,1.65,LOW,No rule-based risk condition triggered,False,-0.0505,Normal,Isolation Forest,2.57,2.02,LOW,No significant risk indicator detected,LOW
,Chennai,,Gabriel Thaman,W12257,,Drainage System,State Housing Board,9.57,,,,,,,,,Completed,1.5646818342461288,synthetic,Synthetic Test Data,,,False,,,False,,,,False,False,W12257,1.56,LOW,No rule-based risk condition triggered,False,-0.043,Normal,Isolation Forest,9.22,4.62,LOW,No significant risk indicator detected,LOW
,Varanasi,,Gabriel Thaman,W12169,,Drinking Water Supply,Zilla Panchayat,13.01,,,,,,,,,Completed,1.3074635314963656,synthetic,Synthetic Test Data,,,False,,,False,,,,False,False,W12169,1.31,LOW,No rule-based risk condition triggered,False,-0.0453,Normal,Isolation Forest,6.77,3.49,LOW,No significant risk indicator detected,LOW
