work_id,mp_name,district,implementing_agency,work_category,cost_estimate_lakhs,general_risk,fund_risk,timeline_risk,duplicate_risk,base_risk,final_risk_score,risk_level,inspection_priority,risk_reasons
W10688,Victor Venkataraman,Nagpur,District Rural Development Agency,Road Construction,164.5050429768184,72.47,0.0,0.0,0.0,62.47,26.99,LOW,NORMAL,Project cost estimate is unusually high.
W12715,Onveer Kata,Chennai,Zilla Panchayat,Road Construction,106.05963132257617,72.07,0.0,0.0,0.0,62.07,26.83,LOW,NORMAL,Project cost estimate is unusually high.
W10996,Yamini Chand,Howrah,State Housing Board,Road Construction,78.14676526,65.63,0.0,0.0,0.0,60.63,25.25,LOW,NORMAL,Project has a relatively high cost estimate.
W10150,Deepa Gala,Dharwad,Municipal Corporation,Community Health Center,35.26,61.0,0.0,0.0,0.0,61.0,24.4,LOW,NORMAL,No major anomaly detected by the current risk layers.
W10819,Leena Butala,Thane,State Housing Board,Drinking Water Supply,57.37122685,62.56,0.0,0.0,0.0,57.56,24.02,LOW,NORMAL,Project has a relatively high cost estimate.
W10185,Victor Venkataraman,Mysuru,State Housing Board,Community Health Center,30.71,56.83,0.0,0.0,0.0,56.83,22.73,LOW,NORMAL,No major anomaly detected by the current risk layers.
W12823,Leena Butala,Lucknow,District Rural Development Agency,Street Lighting,1.31,56.61,0.0,0.0,0.0,56.61,22.64,LOW,NORMAL,No major anomaly detected by the current risk layers.
W11950,Vrinda Biswas,Belagavi,District Rural Development Agency,Community Health Center,26.59,56.38,0.0,0.0,0.0,56.38,22.55,LOW,NORMAL,No major anomaly detected by the current risk layers.
W12466,Triya Khatri,Madurai,District Rural Development Agency,Drinking Water Supply,17.66,54.55,0.0,0.0,0.0,54.55,21.82,LOW,NORMAL,No major anomaly detected by the current risk layers.
W10865,Onveer Kata,Asansol,Zilla Panchayat,Community Health Center,74.09449409651694,55.59,0.0,0.0,0.0,50.59,21.24,LOW,NORMAL,Project has a relatively high cost estimate.
W11096,Pallavi Krish,Chennai,Zilla Panchayat,Drinking Water Supply,16.03,52.26,0.0,0.0,0.0,52.26,20.9,LOW,NORMAL,No major anomaly detected by the current risk layers.
W10230,Ria Ratta,Kanpur,State Housing Board,Drainage System,6.71,52.23,0.0,0.0,0.0,52.23,20.89,LOW,NORMAL,No major anomaly detected by the current risk layers.
W12894,Krishna Pant,Mysuru,Zilla Panchayat,Road Construction,59.36178626483484,54.37,0.0,0.0,0.0,49.37,20.75,LOW,NORMAL,Project has a relatively high cost estimate.
W10993,Hemang Bava,Asansol,Municipal Corporation,Drainage System,6.5,51.59,0.0,0.0,0.0,51.59,20.64,LOW,NORMAL,No major anomaly detected by the current risk layers.
W11271,Deepa Gala,Mysuru,District Rural Development Agency,Drinking Water Supply,15.71,51.42,0.0,0.0,0.0,51.42,20.57,LOW,NORMAL,No major anomaly detected by the current risk layers.
W10669,Yug Choudhry,Dharwad,Public Works Department,School Building Repair,10.32,51.3,0.0,0.0,0.0,51.3,20.52,LOW,NORMAL,No major anomaly detected by the current risk layers.
W12754,Hemang Bava,Coimbatore,District Rural Development Agency,Public Toilet Complex,7.68,50.99,0.0,0.0,0.0,50.99,20.4,LOW,NORMAL,No major anomaly detected by the current risk layers.
W12369,Sanya Swamy,Nagpur,Public Works Department,School Building Repair,11.23,50.51,0.0,0.0,0.0,50.51,20.2,LOW,NORMAL,No major anomaly detected by the current risk layers.
W10038,Odika Naik,Belagavi,Zilla Panchayat,Drainage System,44.42879449315261,50.39,0.0,0.0,0.0,50.39,20.16,LOW,NORMAL,No major anomaly detected by the current risk layers.
W10907,Gaurav Chandra,Pune,Zilla Panchayat,Community Health Center,45.04,48.83,0.0,0.0,0.0,48.83,19.53,LOW,NORMAL,No major anomaly detected by the current risk layers.
W12030,Oliver Sarma,Pune,Zilla Panchayat,Community Health Center,43.41,47.88,0.0,0.0,0.0,47.88,19.15,LOW,NORMAL,No major anomaly detected by the current risk layers.
W12572,Rayaan Mand,Pune,Zilla Panchayat,Community Health Center,49.62,47.07,0.0,0.0,0.0,47.07,18.83,LOW,NORMAL,No major anomaly detected by the current risk layers.
W11670,Owen Bansal,Nagpur,Public Works Department,Street Lighting,22.92929084968078,45.74,0.0,0.0,0.0,45.74,18.29,LOW,NORMAL,No major anomaly detected by the current risk layers.
W11766,Ishwar Boase,Pune,Zilla Panchayat,Community Health Center,37.56,44.17,0.0,0.0,0.0,44.17,17.67,LOW,NORMAL,No major anomaly detected by the current risk layers.
W10104,Meera Banerjee,Pune,Zilla Panchayat,Community Health Center,49.13,44.05,0.0,0.0,0.0,44.05,17.62,LOW,NORMAL,No major anomaly detected by the current risk layers.
W12568,Leena Butala,Pune,Zilla Panchayat,Road Construction,21.59,43.85,0.0,0.0,0.0,43.85,17.54,LOW,NORMAL,No major anomaly detected by the current risk layers.
W12442,Owen Bansal,Belagavi,Municipal Corporation,School Building Repair,46.62613231508003,41.74,0.0,0.0,0.0,41.74,16.7,LOW,NORMAL,No major anomaly detected by the current risk layers.
W10633,Gaurav Chandra,Pune,Zilla Panchayat,Community Health Center,42.7,41.38,0.0,0.0,0.0,41.38,16.55,LOW,NORMAL,No major anomaly detected by the current risk layers.
W12429,Krishna Pant,Coimbatore,District Rural Development Agency,Community Health Center,44.16,41.21,0.0,0.0,0.0,41.21,16.48,LOW,NORMAL,No major anomaly detected by the current risk layers.
W12183,Ronith Zachariah,Pune,Zilla Panchayat,Road Construction,39.92,39.72,0.0,0.0,0.0,39.72,15.89,LOW,NORMAL,No major anomaly detected by the current risk layers.
W10239,Leena Butala,Pune,Zilla Panchayat,Road Construction,33.33,39.7,0.0,0.0,0.0,39.7,15.88,LOW,NORMAL,No major anomaly detected by the current risk layers.
W11191,Hemang Bava,Agra,Zilla Panchayat,Community Health Center,48.46,39.17,0.0,0.0,0.0,39.17,15.67,LOW,NORMAL,No major anomaly detected by the current risk layers.
W12140,Eesha Memon,Kolkata,District Rural Development Agency,Community Health Center,49.74,38.79,0.0,0.0,0.0,38.79,15.52,LOW,NORMAL,No major anomaly detected by the current risk layers.
W12632,Victor Venkataraman,Dharwad,Zilla Panchayat,Community Health Center,47.14,38.76,0.0,0.0,0.0,38.76,15.5,LOW,NORMAL,No major anomaly detected by the current risk layers.
W11990,Ria Ratta,Coimbatore,Public Works Department,Community Health Center,49.03,38.73,0.0,0.0,0.0,38.73,15.49,LOW,NORMAL,No major anomaly detected by the current risk layers.
W11772,Deepa Gala,Mysuru,Zilla Panchayat,Public Toilet Complex,23.69347963182055,38.66,0.0,0.0,0.0,38.66,15.46,LOW,NORMAL,No major anomaly detected by the current risk layers.
W10118,Gaurav Chandra,Pune,Zilla Panchayat,Road Construction,15.65,38.64,0.0,0.0,0.0,38.64,15.45,LOW,NORMAL,No major anomaly detected by the current risk layers.
W11840,Ekansh Sami,Pune,Zilla Panchayat,Road Construction,28.39,37.84,0.0,0.0,0.0,37.84,15.14,LOW,NORMAL,No major anomaly detected by the current risk layers.
W10400,Advaith Gole,Nashik,Zilla Panchayat,Community Health Center,49.49,37.58,0.0,0.0,0.0,37.58,15.03,LOW,NORMAL,No major anomaly detected by the current risk layers.
W10670,Tanish Iyer,Pune,Zilla Panchayat,Community Health Center,38.62,37.55,0.0,0.0,0.0,37.55,15.02,LOW,NORMAL,No major anomaly detected by the current risk layers.
W12267,Gabriel Thaman,Darjeeling,Public Works Department,Community Health Center,49.37,36.69,0.0,0.0,0.0,36.69,14.68,LOW,NORMAL,No major anomaly detected by the current risk layers.
W12617,Yadavi Deshmukh,Asansol,Municipal Corporation,Community Health Center,48.58,36.71,0.0,0.0,0.0,36.71,14.68,LOW,NORMAL,No major anomaly detected by the current risk layers.
W12871,Yutika Rana,Lucknow,Municipal Corporation,Community Health Center,44.79,36.56,0.0,0.0,0.0,36.56,14.62,LOW,NORMAL,No major anomaly detected by the current risk layers.
W12290,Deepa Gala,Nagpur,State Housing Board,Community Health Center,47.45,36.26,0.0,0.0,0.0,36.26,14.5,LOW,NORMAL,No major anomaly detected by the current risk layers.
W11664,Yamini Chand,Varanasi,Municipal Corporation,Drinking Water Supply,24.0681886,36.21,0.0,0.0,0.0,36.21,14.48,LOW,NORMAL,No major anomaly detected by the current risk layers.
W10057,Gabriel Thaman,Thane,State Housing Board,Community Health Center,46.19,36.08,0.0,0.0,0.0,36.08,14.43,LOW,NORMAL,No major anomaly detected by the current risk layers.
W10385,Christopher Kadakia,Kolkata,Public Works Department,School Building Repair,22.19556034002177,35.84,0.0,0.0,0.0,35.84,14.34,LOW,NORMAL,No major anomaly detected by the current risk layers.
W10466,Vanya Suresh,Madurai,Public Works Department,Community Health Center,32.07,35.76,0.0,0.0,0.0,35.76,14.31,LOW,NORMAL,No major anomaly detected by the current risk layers.
W10183,Ria Ratta,Madurai,District Rural Development Agency,Community Health Center,47.98,35.76,0.0,0.0,0.0,35.76,14.3,LOW,NORMAL,No major anomaly detected by the current risk layers.
W12909,Leena Butala,Asansol,State Housing Board,Community Health Center,47.19,35.56,0.0,0.0,0.0,35.56,14.22,LOW,NORMAL,No major anomaly detected by the current risk layers.
W11680,Owen Bansal,Belagavi,Zilla Panchayat,Community Health Center,46.38,35.42,0.0,0.0,0.0,35.42,14.17,LOW,NORMAL,No major anomaly detected by the current risk layers.
W10484,Ronith Zachariah,Mysuru,State Housing Board,Community Health Center,46.06,35.43,0.0,0.0,0.0,35.43,14.17,LOW,NORMAL,No major anomaly detected by the current risk layers.
W11793,Ekansh Sami,Thane,Public Works Department,Community Health Center,45.22,35.3,0.0,0.0,0.0,35.3,14.12,LOW,NORMAL,No major anomaly detected by the current risk layers.
W12003,Owen Bala,Darjeeling,District Rural Development Agency,Community Health Center,47.23,35.09,0.0,0.0,0.0,35.09,14.04,LOW,NORMAL,No major anomaly detected by the current risk layers.
W10373,Ekansh Sami,Pune,Zilla Panchayat,Road Construction,28.38,35.08,0.0,0.0,0.0,35.08,14.03,LOW,NORMAL,No major anomaly detected by the current risk layers.
W10673,Widisha Yohannan,Pune,Zilla Panchayat,Community Health Center,48.17,35.06,0.0,0.0,0.0,35.06,14.02,LOW,NORMAL,No major anomaly detected by the current risk layers.
W10730,Deepa Gala,Salem,Public Works Department,School Building Repair,8.9,34.97,0.0,0.0,0.0,34.97,13.99,LOW,NORMAL,No major anomaly detected by the current risk layers.
W11639,Nicholas Gour,Darjeeling,Zilla Panchayat,Community Health Center,40.92,34.88,0.0,0.0,0.0,34.88,13.95,LOW,NORMAL,No major anomaly detected by the current risk layers.
W12854,Yamini Chand,Agra,Zilla Panchayat,Community Health Center,40.64,34.88,0.0,0.0,0.0,34.88,13.95,LOW,NORMAL,No major anomaly detected by the current risk layers.
W12676,Ronith Zachariah,Lucknow,Public Works Department,Community Health Center,47.11,34.67,0.0,0.0,0.0,34.67,13.87,LOW,NORMAL,No major anomaly detected by the current risk layers.
W12511,Oliver Sarma,Pune,Zilla Panchayat,Community Health Center,39.04,34.56,0.0,0.0,0.0,34.56,13.82,LOW,NORMAL,No major anomaly detected by the current risk layers.
W12966,Owen Bansal,Thane,District Rural Development Agency,Community Health Center,41.12,33.93,0.0,0.0,0.0,33.93,13.57,LOW,NORMAL,No major anomaly detected by the current risk layers.
W11173,Gabriel Thaman,Nashik,Public Works Department,Public Toilet Complex,2.42,33.73,0.0,0.0,0.0,33.73,13.49,LOW,NORMAL,No major anomaly detected by the current risk layers.
W11696,Azaan Gupta,Thane,Zilla Panchayat,Community Health Center,47.11,33.67,0.0,0.0,0.0,33.67,13.47,LOW,NORMAL,No major anomaly detected by the current risk layers.
W10460,Eesha Memon,Coimbatore,State Housing Board,Community Health Center,46.23,33.54,0.0,0.0,0.0,33.54,13.41,LOW,NORMAL,No major anomaly detected by the current risk layers.
W12344,Ishwar Boase,Coimbatore,Zilla Panchayat,Community Health Center,45.73,33.24,0.0,0.0,0.0,33.24,13.29,LOW,NORMAL,No major anomaly detected by the current risk layers.
W11372,Meera Banerjee,Coimbatore,Municipal Corporation,Community Health Center,46.02,33.12,0.0,0.0,0.0,33.12,13.25,LOW,NORMAL,No major anomaly detected by the current risk layers.
W11175,Triya Khatri,Lucknow,Zilla Panchayat,Community Health Center,44.93,33.08,0.0,0.0,0.0,33.08,13.23,LOW,NORMAL,No major anomaly detected by the current risk layers.
W10845,Gabriel Thaman,Agra,State Housing Board,Community Health Center,45.92,32.94,0.0,0.0,0.0,32.94,13.18,LOW,NORMAL,No major anomaly detected by the current risk layers.
W10398,Yutika Rana,Darjeeling,Zilla Panchayat,Community Health Center,44.05,32.96,0.0,0.0,0.0,32.96,13.18,LOW,NORMAL,No major anomaly detected by the current risk layers.
W10143,Meera Banerjee,Chennai,District Rural Development Agency,Community Health Center,44.47,32.83,0.0,0.0,0.0,32.83,13.13,LOW,NORMAL,No major anomaly detected by the current risk layers.
W10044,Ekansh Sami,Kolkata,Public Works Department,Community Health Center,45.98,32.8,0.0,0.0,0.0,32.8,13.12,LOW,NORMAL,No major anomaly detected by the current risk layers.
W11982,Mugdha Varty,Asansol,Zilla Panchayat,Community Health Center,43.81,32.61,0.0,0.0,0.0,32.61,13.04,LOW,NORMAL,No major anomaly detected by the current risk layers.
W10300,Yug Choudhry,Chennai,District Rural Development Agency,Community Health Center,44.61,32.54,0.0,0.0,0.0,32.54,13.02,LOW,NORMAL,No major anomaly detected by the current risk layers.
W10406,Yutika Rana,Varanasi,Public Works Department,Community Health Center,45.52,32.53,0.0,0.0,0.0,32.53,13.01,LOW,NORMAL,No major anomaly detected by the current risk layers.
W10178,Advaith Gole,Belagavi,Zilla Panchayat,Community Health Center,45.58,32.45,0.0,0.0,0.0,32.45,12.98,LOW,NORMAL,No major anomaly detected by the current risk layers.
W10173,Pallavi Krish,Kolkata,District Rural Development Agency,Community Health Center,44.93,32.38,0.0,0.0,0.0,32.38,12.95,LOW,NORMAL,No major anomaly detected by the current risk layers.
W12070,Varsha Morar,Nagpur,State Housing Board,Community Health Center,46.04,32.33,0.0,0.0,0.0,32.33,12.93,LOW,NORMAL,No major anomaly detected by the current risk layers.
W12859,Onveer Kata,Darjeeling,State Housing Board,Community Health Center,45.07,32.17,0.0,0.0,0.0,32.17,12.87,LOW,NORMAL,No major anomaly detected by the current risk layers.
W10532,Krishna Pant,Coimbatore,Zilla Panchayat,Community Health Center,45.29,32.12,0.0,0.0,0.0,32.12,12.85,LOW,NORMAL,No major anomaly detected by the current risk layers.
W10196,Azaan Gupta,Lucknow,State Housing Board,Community Health Center,45.56,32.1,0.0,0.0,0.0,32.1,12.84,LOW,NORMAL,No major anomaly detected by the current risk layers.
W11701,Ekansh Sami,Nagpur,Zilla Panchayat,Community Health Center,42.97,31.97,0.0,0.0,0.0,31.97,12.79,LOW,NORMAL,No major anomaly detected by the current risk layers.
W11526,Widisha Yohannan,Coimbatore,Public Works Department,Community Health Center,49.97,31.93,0.0,0.0,0.0,31.93,12.77,LOW,NORMAL,No major anomaly detected by the current risk layers.
W12581,Oliver Sarma,Dharwad,Zilla Panchayat,Road Construction,27.63,31.9,0.0,0.0,0.0,31.9,12.76,LOW,NORMAL,No major anomaly detected by the current risk layers.
W10260,Advaith Gole,Agra,District Rural Development Agency,Community Health Center,32.11,31.86,0.0,0.0,0.0,31.86,12.74,LOW,NORMAL,No major anomaly detected by the current risk layers.
W11269,Ekansh Sami,Pune,Zilla Panchayat,Community Health Center,43.3,31.75,0.0,0.0,0.0,31.75,12.7,LOW,NORMAL,No major anomaly detected by the current risk layers.
W10200,Bachittar Choudhry,Belagavi,Zilla Panchayat,Community Health Center,44.57,31.75,0.0,0.0,0.0,31.75,12.7,LOW,NORMAL,No major anomaly detected by the current risk layers.
W10867,Onveer Kata,Pune,Zilla Panchayat,Street Lighting,3.61,31.58,0.0,0.0,0.0,31.58,12.63,LOW,NORMAL,No major anomaly detected by the current risk layers.
W11816,Mugdha Varty,Agra,District Rural Development Agency,Community Health Center,48.65,31.49,0.0,0.0,0.0,31.49,12.6,LOW,NORMAL,No major anomaly detected by the current risk layers.
W12857,Lucky Prashad,Nagpur,Zilla Panchayat,Community Health Center,43.96,31.31,0.0,0.0,0.0,31.31,12.53,LOW,NORMAL,No major anomaly detected by the current risk layers.
W10810,Gabriel Thaman,Bengaluru Urban,Zilla Panchayat,Community Health Center,43.23,31.3,0.0,0.0,0.0,31.3,12.52,LOW,NORMAL,No major anomaly detected by the current risk layers.
W12901,Sanya Swamy,Kanpur,Public Works Department,Community Health Center,33.93,31.26,0.0,0.0,0.0,31.26,12.5,LOW,NORMAL,No major anomaly detected by the current risk layers.
W10517,Ria Ratta,Nashik,District Rural Development Agency,Community Health Center,43.56,31.15,0.0,0.0,0.0,31.15,12.46,LOW,NORMAL,No major anomaly detected by the current risk layers.
W11452,Yutika Rana,Mysuru,State Housing Board,Community Health Center,42.8,31.12,0.0,0.0,0.0,31.12,12.45,LOW,NORMAL,No major anomaly detected by the current risk layers.
W10416,Yadavi Deshmukh,Madurai,District Rural Development Agency,Community Health Center,39.54,31.06,0.0,0.0,0.0,31.06,12.42,LOW,NORMAL,No major anomaly detected by the current risk layers.
W11684,Krishna Pant,Bengaluru Urban,Zilla Panchayat,Community Health Center,40.34,30.83,0.0,0.0,0.0,30.83,12.33,LOW,NORMAL,No major anomaly detected by the current risk layers.
W12321,Sanya Swamy,Kolkata,Municipal Corporation,Community Health Center,42.29,30.69,0.0,0.0,0.0,30.69,12.28,LOW,NORMAL,No major anomaly detected by the current risk layers.
W10610,Gabriel Thaman,Agra,State Housing Board,Community Health Center,42.32,30.68,0.0,0.0,0.0,30.68,12.27,LOW,NORMAL,No major anomaly detected by the current risk layers.
W11622,Owen Bansal,Lucknow,State Housing Board,Road Construction,28.93,30.54,0.0,0.0,0.0,30.54,12.22,LOW,NORMAL,No major anomaly detected by the current risk layers.
W10417,Vrinda Biswas,Salem,District Rural Development Agency,Street Lighting,10.917518242964356,30.53,0.0,0.0,0.0,30.53,12.21,LOW,NORMAL,No major anomaly detected by the current risk layers.
W11389,Ekansh Sami,Pune,Zilla Panchayat,Drainage System,6.17,30.47,0.0,0.0,0.0,30.47,12.19,LOW,NORMAL,No major anomaly detected by the current risk layers.
W12890,Leena Butala,Belagavi,State Housing Board,Community Health Center,41.54,30.46,0.0,0.0,0.0,30.46,12.18,LOW,NORMAL,No major anomaly detected by the current risk layers.
W10981,Oliver Sarma,Howrah,District Rural Development Agency,Community Health Center,29.41,30.45,0.0,0.0,0.0,30.45,12.18,LOW,NORMAL,No major anomaly detected by the current risk layers.
W11380,Ekansh Sami,Nagpur,District Rural Development Agency,Community Health Center,38.88,30.33,0.0,0.0,0.0,30.33,12.13,LOW,NORMAL,No major anomaly detected by the current risk layers.
W12804,Christopher Kadakia,Coimbatore,District Rural Development Agency,Street Lighting,20.901096748739697,30.2,0.0,0.0,0.0,30.2,12.08,LOW,NORMAL,No major anomaly detected by the current risk layers.
W11923,Vrinda Biswas,Agra,Public Works Department,Community Health Center,40.11,30.1,0.0,0.0,0.0,30.1,12.04,LOW,NORMAL,No major anomaly detected by the current risk layers.
W10515,Vanya Suresh,Nagpur,Public Works Department,Community Health Center,42.23,30.08,0.0,0.0,0.0,30.08,12.03,LOW,NORMAL,No major anomaly detected by the current risk layers.
W11429,Christopher Kadakia,Thane,Zilla Panchayat,Road Construction,34.2,30.02,0.0,0.0,0.0,30.02,12.01,LOW,NORMAL,No major anomaly detected by the current risk layers.
W11753,Widisha Yohannan,Coimbatore,Zilla Panchayat,Community Health Center,40.76,30.0,0.0,0.0,0.0,30.0,12.0,LOW,NORMAL,No major anomaly detected by the current risk layers.
W12445,Rayaan Mand,Kanpur,Public Works Department,Community Health Center,39.15,30.0,0.0,0.0,0.0,30.0,12.0,LOW,NORMAL,No major anomaly detected by the current risk layers.
W10566,Christopher Kadakia,Salem,District Rural Development Agency,Community Health Center,47.21,29.94,0.0,0.0,0.0,29.94,11.98,LOW,NORMAL,No major anomaly detected by the current risk layers.
W12249,Ekansh Sami,Bengaluru Urban,Municipal Corporation,Community Health Center,40.22,29.88,0.0,0.0,0.0,29.88,11.95,LOW,NORMAL,No major anomaly detected by the current risk layers.
W11783,Meera Banerjee,Varanasi,State Housing Board,Road Construction,32.56,29.88,0.0,0.0,0.0,29.88,11.95,LOW,NORMAL,No major anomaly detected by the current risk layers.
W10074,Widisha Yohannan,Darjeeling,State Housing Board,Community Health Center,49.87,29.86,0.0,0.0,0.0,29.86,11.94,LOW,NORMAL,No major anomaly detected by the current risk layers.
W10510,Gabriel Thaman,Belagavi,Public Works Department,Community Health Center,44.42,29.83,0.0,0.0,0.0,29.83,11.93,LOW,NORMAL,No major anomaly detected by the current risk layers.
W12167,Yamini Chand,Pune,Zilla Panchayat,Street Lighting,1.46,29.71,0.0,0.0,0.0,29.71,11.89,LOW,NORMAL,No major anomaly detected by the current risk layers.
W11687,Gabriel Thaman,Howrah,Public Works Department,Community Health Center,41.98,29.68,0.0,0.0,0.0,29.68,11.87,LOW,NORMAL,No major anomaly detected by the current risk layers.
W12507,Owen Bala,Madurai,Public Works Department,Community Health Center,41.24,29.63,0.0,0.0,0.0,29.63,11.85,LOW,NORMAL,No major anomaly detected by the current risk layers.
W12189,Owen Bala,Lucknow,District Rural Development Agency,Street Lighting,22.35538126069453,29.62,0.0,0.0,0.0,29.62,11.85,LOW,NORMAL,No major anomaly detected by the current risk layers.
W11566,Leena Butala,Agra,Public Works Department,Community Health Center,47.89,29.55,0.0,0.0,0.0,29.55,11.82,LOW,NORMAL,No major anomaly detected by the current risk layers.
W11563,Odika Naik,Nashik,Public Works Department,Community Health Center,49.59,29.56,0.0,0.0,0.0,29.56,11.82,LOW,NORMAL,No major anomaly detected by the current risk layers.
W12437,Ishwar Boase,Nagpur,Public Works Department,Community Health Center,47.82,29.5,0.0,0.0,0.0,29.5,11.8,LOW,NORMAL,No major anomaly detected by the current risk layers.
W12950,Ria Ratta,Salem,Public Works Department,Road Construction,39.92,29.44,0.0,0.0,0.0,29.44,11.78,LOW,NORMAL,No major anomaly detected by the current risk layers.
W12891,Sanya Swamy,Bengaluru Urban,Public Works Department,Community Health Center,38.35,29.41,0.0,0.0,0.0,29.41,11.76,LOW,NORMAL,No major anomaly detected by the current risk layers.
W11410,Ria Ratta,Coimbatore,District Rural Development Agency,Community Health Center,40.68,29.35,0.0,0.0,0.0,29.35,11.74,LOW,NORMAL,No major anomaly detected by the current risk layers.
W12868,Leena Butala,Mysuru,District Rural Development Agency,Community Health Center,41.61,29.36,0.0,0.0,0.0,29.36,11.74,LOW,NORMAL,No major anomaly detected by the current risk layers.
W11723,Odika Naik,Kolkata,District Rural Development Agency,Road Construction,39.4,29.23,0.0,0.0,0.0,29.23,11.69,LOW,NORMAL,No major anomaly detected by the current risk layers.
W12298,Triya Khatri,Bengaluru Urban,State Housing Board,Street Lighting,3.97,29.1,0.0,0.0,0.0,29.1,11.64,LOW,NORMAL,No major anomaly detected by the current risk layers.
W10702,Gaurav Chandra,Pune,Zilla Panchayat,Road Construction,21.79,29.08,0.0,0.0,0.0,29.08,11.63,LOW,NORMAL,No major anomaly detected by the current risk layers.
W11881,Azaan Gupta,Bengaluru Urban,Public Works Department,Community Health Center,33.96,29.05,0.0,0.0,0.0,29.05,11.62,LOW,NORMAL,No major anomaly detected by the current risk layers.
W11714,Gaurav Chandra,Howrah,District Rural Development Agency,Community Health Center,40.79,28.99,0.0,0.0,0.0,28.99,11.6,LOW,NORMAL,No major anomaly detected by the current risk layers.
W11209,Eesha Memon,Pune,Zilla Panchayat,School Building Repair,11.74,29.0,0.0,0.0,0.0,29.0,11.6,LOW,NORMAL,No major anomaly detected by the current risk layers.
W11812,Yutika Rana,Nagpur,Municipal Corporation,Community Health Center,31.2,28.92,0.0,0.0,0.0,28.92,11.57,LOW,NORMAL,No major anomaly detected by the current risk layers.
W11628,Leena Butala,Kolkata,Zilla Panchayat,Community Health Center,29.85,28.9,0.0,0.0,0.0,28.9,11.56,LOW,NORMAL,No major anomaly detected by the current risk layers.
W12411,Ronith Zachariah,Thane,District Rural Development Agency,Road Construction,38.09,28.86,0.0,0.0,0.0,28.86,11.54,LOW,NORMAL,No major anomaly detected by the current risk layers.
W10946,Leena Butala,Kanpur,Public Works Department,Community Health Center,42.82,28.76,0.0,0.0,0.0,28.76,11.5,LOW,NORMAL,No major anomaly detected by the current risk layers.
W11775,Vrinda Biswas,Pune,Zilla Panchayat,School Building Repair,7.87,28.74,0.0,0.0,0.0,28.74,11.49,LOW,NORMAL,No major anomaly detected by the current risk layers.
W12853,Deepa Gala,Nagpur,Public Works Department,Community Health Center,35.8,28.66,0.0,0.0,0.0,28.66,11.47,LOW,NORMAL,No major anomaly detected by the current risk layers.
W10473,Oliver Sarma,Lucknow,Municipal Corporation,Road Construction,39.32,28.6,0.0,0.0,0.0,28.6,11.44,LOW,NORMAL,No major anomaly detected by the current risk layers.
W12730,Yadavi Deshmukh,Bengaluru Urban,State Housing Board,Street Lighting,4.36,28.46,0.0,0.0,0.0,28.46,11.38,LOW,NORMAL,No major anomaly detected by the current risk layers.
W10411,Vrinda Biswas,Howrah,District Rural Development Agency,Community Health Center,43.23,28.37,0.0,0.0,0.0,28.37,11.35,LOW,NORMAL,No major anomaly detected by the current risk layers.
W12232,Ekansh Sami,Pune,Public Works Department,Road Construction,32.81,28.35,0.0,0.0,0.0,28.35,11.34,LOW,NORMAL,No major anomaly detected by the current risk layers.
W11311,Mugdha Varty,Pune,Zilla Panchayat,Drainage System,12.22,28.33,0.0,0.0,0.0,28.33,11.33,LOW,NORMAL,No major anomaly detected by the current risk layers.
W10694,Krishna Pant,Asansol,Public Works Department,Road Construction,36.17,28.25,0.0,0.0,0.0,28.25,11.3,LOW,NORMAL,No major anomaly detected by the current risk layers.
W10592,Eesha Memon,Thane,State Housing Board,Community Health Center,41.05,28.24,0.0,0.0,0.0,28.24,11.3,LOW,NORMAL,No major anomaly detected by the current risk layers.
W10142,Nicholas Gour,Bengaluru Urban,Public Works Department,Community Health Center,39.88,28.26,0.0,0.0,0.0,28.26,11.3,LOW,NORMAL,No major anomaly detected by the current risk layers.
W11681,Widisha Yohannan,Asansol,Zilla Panchayat,Road Construction,37.69,28.23,0.0,0.0,0.0,28.23,11.29,LOW,NORMAL,No major anomaly detected by the current risk layers.
W11991,Widisha Yohannan,Kolkata,District Rural Development Agency,Community Health Center,29.42,28.18,0.0,0.0,0.0,28.18,11.27,LOW,NORMAL,No major anomaly detected by the current risk layers.
W11485,Christopher Kadakia,Agra,District Rural Development Agency,Community Health Center,33.64,28.04,0.0,0.0,0.0,28.04,11.22,LOW,NORMAL,No major anomaly detected by the current risk layers.
W10890,Meera Banerjee,Darjeeling,Zilla Panchayat,Public Toilet Complex,5.36,28.04,0.0,0.0,0.0,28.04,11.22,LOW,NORMAL,No major anomaly detected by the current risk layers.
W12480,Mugdha Varty,Dharwad,Zilla Panchayat,Community Health Center,46.69,27.96,0.0,0.0,0.0,27.96,11.19,LOW,NORMAL,No major anomaly detected by the current risk layers.
W10017,Ekansh Sami,Salem,Public Works Department,School Building Repair,14.15,27.92,0.0,0.0,0.0,27.92,11.17,LOW,NORMAL,No major anomaly detected by the current risk layers.
W10303,Azaan Gupta,Thane,Public Works Department,Road Construction,39.74,27.84,0.0,0.0,0.0,27.84,11.14,LOW,NORMAL,No major anomaly detected by the current risk layers.
W10376,Owen Bala,Dharwad,Zilla Panchayat,Road Construction,39.59,27.83,0.0,0.0,0.0,27.83,11.13,LOW,NORMAL,No major anomaly detected by the current risk layers.
W10600,Gabriel Thaman,Pune,Zilla Panchayat,Community Health Center,22.32,27.74,0.0,0.0,0.0,27.74,11.1,LOW,NORMAL,No major anomaly detected by the current risk layers.
W10668,Harrison Kapur,Pune,Zilla Panchayat,Drinking Water Supply,16.43,27.7,0.0,0.0,0.0,27.7,11.08,LOW,NORMAL,No major anomaly detected by the current risk layers.
W10761,Advaith Gole,Asansol,Public Works Department,Community Health Center,32.49,27.71,0.0,0.0,0.0,27.71,11.08,LOW,NORMAL,No major anomaly detected by the current risk layers.
W12404,Lucky Prashad,Dharwad,Public Works Department,Road Construction,39.56,27.67,0.0,0.0,0.0,27.67,11.07,LOW,NORMAL,No major anomaly detected by the current risk layers.
W12246,Owen Bansal,Thane,District Rural Development Agency,Street Lighting,2.52,27.65,0.0,0.0,0.0,27.65,11.06,LOW,NORMAL,No major anomaly detected by the current risk layers.
W12828,Eesha Memon,Coimbatore,District Rural Development Agency,Community Health Center,10.51,27.59,0.0,0.0,0.0,27.59,11.04,LOW,NORMAL,No major anomaly detected by the current risk layers.
W12314,Owen Bansal,Kanpur,Public Works Department,Community Health Center,40.3,27.61,0.0,0.0,0.0,27.61,11.04,LOW,NORMAL,No major anomaly detected by the current risk layers.
W10949,Yutika Rana,Dharwad,District Rural Development Agency,Public Toilet Complex,3.85,27.54,0.0,0.0,0.0,27.54,11.02,LOW,NORMAL,No major anomaly detected by the current risk layers.
W10748,Meera Banerjee,Mysuru,Municipal Corporation,Community Health Center,40.49,27.53,0.0,0.0,0.0,27.53,11.01,LOW,NORMAL,No major anomaly detected by the current risk layers.
W10910,Owen Bala,Darjeeling,Public Works Department,Road Construction,39.14,27.53,0.0,0.0,0.0,27.53,11.01,LOW,NORMAL,No major anomaly detected by the current risk layers.
W12284,Deepa Gala,Dharwad,Municipal Corporation,Road Construction,39.21,27.5,0.0,0.0,0.0,27.5,11.0,LOW,NORMAL,No major anomaly detected by the current risk layers.
W12974,Nicholas Gour,Bengaluru Urban,Public Works Department,Street Lighting,2.55,27.48,0.0,0.0,0.0,27.48,10.99,LOW,NORMAL,No major anomaly detected by the current risk layers.
W11761,Nicholas Gour,Madurai,State Housing Board,Community Health Center,40.36,27.46,0.0,0.0,0.0,27.46,10.99,LOW,NORMAL,No major anomaly detected by the current risk layers.
W11719,Azaan Gupta,Chennai,Public Works Department,Community Health Center,49.55,27.43,0.0,0.0,0.0,27.43,10.97,LOW,NORMAL,No major anomaly detected by the current risk layers.
W12929,Advaith Gole,Varanasi,Zilla Panchayat,Community Health Center,37.13,27.42,0.0,0.0,0.0,27.42,10.97,LOW,NORMAL,No major anomaly detected by the current risk layers.
W11056,Triya Khatri,Lucknow,State Housing Board,Community Health Center,26.76,27.35,0.0,0.0,0.0,27.35,10.94,LOW,NORMAL,No major anomaly detected by the current risk layers.
W10754,Advaith Gole,Asansol,Public Works Department,Community Health Center,30.46,27.3,0.0,0.0,0.0,27.3,10.92,LOW,NORMAL,No major anomaly detected by the current risk layers.
W12933,Tanish Iyer,Kanpur,Municipal Corporation,Community Health Center,49.15,27.2,0.0,0.0,0.0,27.2,10.88,LOW,NORMAL,No major anomaly detected by the current risk layers.
W12782,Ekansh Sami,Madurai,District Rural Development Agency,Community Health Center,38.83,26.95,0.0,0.0,0.0,26.95,10.78,LOW,NORMAL,No major anomaly detected by the current risk layers.
W12452,Triya Khatri,Kanpur,District Rural Development Agency,Community Health Center,45.48,26.95,0.0,0.0,0.0,26.95,10.78,LOW,NORMAL,No major anomaly detected by the current risk layers.
W10387,Varsha Morar,Salem,Zilla Panchayat,Street Lighting,15.449974821245178,26.85,0.0,0.0,0.0,26.85,10.74,LOW,NORMAL,No major anomaly detected by the current risk layers.
W11503,Meera Banerjee,Salem,District Rural Development Agency,Community Health Center,27.41,26.79,0.0,0.0,0.0,26.79,10.72,LOW,NORMAL,No major anomaly detected by the current risk layers.
W10375,Mugdha Varty,Howrah,Zilla Panchayat,Road Construction,38.22,26.78,0.0,0.0,0.0,26.78,10.71,LOW,NORMAL,No major anomaly detected by the current risk layers.
W11090,Victor Venkataraman,Coimbatore,Municipal Corporation,Community Health Center,47.26,26.72,0.0,0.0,0.0,26.72,10.69,LOW,NORMAL,No major anomaly detected by the current risk layers.
W12561,Rayaan Mand,Bengaluru Urban,Municipal Corporation,Road Construction,36.39,26.69,0.0,0.0,0.0,26.69,10.68,LOW,NORMAL,No major anomaly detected by the current risk layers.
W10351,Pallavi Krish,Coimbatore,Municipal Corporation,Road Construction,36.35,26.66,0.0,0.0,0.0,26.66,10.67,LOW,NORMAL,No major anomaly detected by the current risk layers.
W11097,Oliver Sarma,Pune,Zilla Panchayat,Drinking Water Supply,10.52,26.68,0.0,0.0,0.0,26.68,10.67,LOW,NORMAL,No major anomaly detected by the current risk layers.
W12721,Triya Khatri,Darjeeling,Municipal Corporation,Road Construction,39.05,26.64,0.0,0.0,0.0,26.64,10.66,LOW,NORMAL,No major anomaly detected by the current risk layers.
W10022,Harrison Kapur,Bengaluru Urban,District Rural Development Agency,Community Health Center,39.13,26.65,0.0,0.0,0.0,26.65,10.66,LOW,NORMAL,No major anomaly detected by the current risk layers.
W10793,Jagat Mangat,Howrah,Public Works Department,Road Construction,39.09,26.57,0.0,0.0,0.0,26.57,10.63,LOW,NORMAL,No major anomaly detected by the current risk layers.
W10578,Yamini Chand,Bengaluru Urban,Municipal Corporation,Community Health Center,36.41,26.57,0.0,0.0,0.0,26.57,10.63,LOW,NORMAL,No major anomaly detected by the current risk layers.
W12291,Meera Banerjee,Coimbatore,Public Works Department,Community Health Center,31.73,26.47,0.0,0.0,0.0,26.47,10.59,LOW,NORMAL,No major anomaly detected by the current risk layers.
W11792,Owen Bala,Chennai,Municipal Corporation,Road Construction,35.28,26.47,0.0,0.0,0.0,26.47,10.59,LOW,NORMAL,No major anomaly detected by the current risk layers.
W11242,Oliver Sarma,Dharwad,Zilla Panchayat,Road Construction,38.81,26.49,0.0,0.0,0.0,26.49,10.59,LOW,NORMAL,No major anomaly detected by the current risk layers.
W10006,Lucky Prashad,Pune,Zilla Panchayat,Community Health Center,21.12,26.47,0.0,0.0,0.0,26.47,10.59,LOW,NORMAL,No major anomaly detected by the current risk layers.
W12340,Victor Venkataraman,Chennai,Public Works Department,Community Health Center,43.68,26.4,0.0,0.0,0.0,26.4,10.56,LOW,NORMAL,No major anomaly detected by the current risk layers.
W12911,Advaith Gole,Bengaluru Urban,Zilla Panchayat,Community Health Center,42.49,26.39,0.0,0.0,0.0,26.39,10.56,LOW,NORMAL,No major anomaly detected by the current risk layers.
W11528,Meera Banerjee,Agra,Zilla Panchayat,Community Health Center,39.34,26.4,0.0,0.0,0.0,26.4,10.56,LOW,NORMAL,No major anomaly detected by the current risk layers.
W10067,Leena Butala,Varanasi,Municipal Corporation,Road Construction,22.71,26.36,0.0,0.0,0.0,26.36,10.54,LOW,NORMAL,No major anomaly detected by the current risk layers.
W11225,Eesha Memon,Kanpur,State Housing Board,Community Health Center,38.05,26.32,0.0,0.0,0.0,26.32,10.53,LOW,NORMAL,No major anomaly detected by the current risk layers.
W12338,Gaurav Chandra,Varanasi,Public Works Department,Road Construction,38.42,26.3,0.0,0.0,0.0,26.3,10.52,LOW,NORMAL,No major anomaly detected by the current risk layers.
W11185,Pallavi Krish,Dharwad,Municipal Corporation,Drinking Water Supply,4.08,26.27,0.0,0.0,0.0,26.27,10.51,LOW,NORMAL,No major anomaly detected by the current risk layers.
W11699,Hemang Bava,Pune,Zilla Panchayat,Road Construction,21.49,26.27,0.0,0.0,0.0,26.27,10.51,LOW,NORMAL,No major anomaly detected by the current risk layers.
W10161,Ishwar Boase,Thane,State Housing Board,School Building Repair,4.95,26.27,0.0,0.0,0.0,26.27,10.51,LOW,NORMAL,No major anomaly detected by the current risk layers.
W11381,Ronith Zachariah,Agra,Municipal Corporation,Road Construction,32.41,26.26,0.0,0.0,0.0,26.26,10.5,LOW,NORMAL,No major anomaly detected by the current risk layers.
W10191,Yug Choudhry,Dharwad,Municipal Corporation,Community Health Center,37.2,26.26,0.0,0.0,0.0,26.26,10.5,LOW,NORMAL,No major anomaly detected by the current risk layers.
W10315,Hemang Bava,Varanasi,Public Works Department,Public Toilet Complex,15.525775308472005,26.21,0.0,0.0,0.0,26.21,10.49,LOW,NORMAL,No major anomaly detected by the current risk layers.
W11262,Gabriel Thaman,Salem,Public Works Department,Public Toilet Complex,2.81,26.15,0.0,0.0,0.0,26.15,10.46,LOW,NORMAL,No major anomaly detected by the current risk layers.
W10892,Hemang Bava,Pune,Zilla Panchayat,Drinking Water Supply,18.69,26.16,0.0,0.0,0.0,26.16,10.46,LOW,NORMAL,No major anomaly detected by the current risk layers.
W10784,Owen Bala,Madurai,State Housing Board,Road Construction,27.59,26.09,0.0,0.0,0.0,26.09,10.44,LOW,NORMAL,No major anomaly detected by the current risk layers.
W11995,Azaan Gupta,Madurai,State Housing Board,School Building Repair,5.31,26.1,0.0,0.0,0.0,26.1,10.44,LOW,NORMAL,No major anomaly detected by the current risk layers.
W12861,Jagat Mangat,Nashik,District Rural Development Agency,Road Construction,33.87,26.05,0.0,0.0,0.0,26.05,10.42,LOW,NORMAL,No major anomaly detected by the current risk layers.
W10951,Leena Butala,Mysuru,Public Works Department,Road Construction,32.89,26.04,0.0,0.0,0.0,26.04,10.42,LOW,NORMAL,No major anomaly detected by the current risk layers.
W10967,Odika Naik,Dharwad,Municipal Corporation,Community Health Center,44.16,26.04,0.0,0.0,0.0,26.04,10.42,LOW,NORMAL,No major anomaly detected by the current risk layers.
W11682,Owen Bansal,Howrah,Public Works Department,Road Construction,39.72,25.99,0.0,0.0,0.0,25.99,10.4,LOW,NORMAL,No major anomaly detected by the current risk layers.
W10015,Hemang Bava,Lucknow,Municipal Corporation,Road Construction,37.52,25.92,0.0,0.0,0.0,25.92,10.37,LOW,NORMAL,No major anomaly detected by the current risk layers.
W11497,Eesha Memon,Howrah,Public Works Department,Community Health Center,38.25,25.93,0.0,0.0,0.0,25.93,10.37,LOW,NORMAL,No major anomaly detected by the current risk layers.
W10712,Tanish Iyer,Howrah,Zilla Panchayat,Community Health Center,23.87,25.86,0.0,0.0,0.0,25.86,10.34,LOW,NORMAL,No major anomaly detected by the current risk layers.
W10695,Sanya Swamy,Coimbatore,Municipal Corporation,Community Health Center,38.79,25.83,0.0,0.0,0.0,25.83,10.33,LOW,NORMAL,No major anomaly detected by the current risk layers.
W11018,Onveer Kata,Agra,Zilla Panchayat,Road Construction,38.07,25.76,0.0,0.0,0.0,25.76,10.31,LOW,NORMAL,No major anomaly detected by the current risk layers.
W12051,Leena Butala,Chennai,Municipal Corporation,Road Construction,9.07,25.79,0.0,0.0,0.0,25.79,10.31,LOW,NORMAL,No major anomaly detected by the current risk layers.
W12988,Gaurav Chandra,Kanpur,Public Works Department,Community Health Center,26.97,25.73,0.0,0.0,0.0,25.73,10.29,LOW,NORMAL,No major anomaly detected by the current risk layers.
W11583,Hemang Bava,Thane,Public Works Department,Road Construction,37.44,25.71,0.0,0.0,0.0,25.71,10.28,LOW,NORMAL,No major anomaly detected by the current risk layers.
W12616,Bachittar Choudhry,Kolkata,District Rural Development Agency,Drinking Water Supply,15.56,25.69,0.0,0.0,0.0,25.69,10.28,LOW,NORMAL,No major anomaly detected by the current risk layers.
W10666,Owen Bala,Howrah,State Housing Board,Community Health Center,36.26,25.69,0.0,0.0,0.0,25.69,10.27,LOW,NORMAL,No major anomaly detected by the current risk layers.
W12287,Gaurav Chandra,Darjeeling,Zilla Panchayat,Road Construction,34.16,25.63,0.0,0.0,0.0,25.63,10.25,LOW,NORMAL,No major anomaly detected by the current risk layers.
W11013,Gabriel Thaman,Chennai,State Housing Board,Road Construction,39.3,25.58,0.0,0.0,0.0,25.58,10.23,LOW,NORMAL,No major anomaly detected by the current risk layers.
W12838,Advaith Gole,Asansol,Public Works Department,Community Health Center,34.5,25.58,0.0,0.0,0.0,25.58,10.23,LOW,NORMAL,No major anomaly detected by the current risk layers.
W12013,Eesha Memon,Pune,Zilla Panchayat,Community Health Center,34.36,25.55,0.0,0.0,0.0,25.55,10.22,LOW,NORMAL,No major anomaly detected by the current risk layers.
W12067,Lucky Prashad,Mysuru,District Rural Development Agency,Road Construction,38.29,25.51,0.0,0.0,0.0,25.51,10.2,LOW,NORMAL,No major anomaly detected by the current risk layers.
W10777,Tanish Iyer,Agra,District Rural Development Agency,Community Health Center,35.88,25.5,0.0,0.0,0.0,25.5,10.2,LOW,NORMAL,No major anomaly detected by the current risk layers.
W10247,Oliver Sarma,Howrah,State Housing Board,Road Construction,14.4,25.49,0.0,0.0,0.0,25.49,10.2,LOW,NORMAL,No major anomaly detected by the current risk layers.
W10420,Ishwar Boase,Varanasi,Public Works Department,Street Lighting,1.14,25.5,0.0,0.0,0.0,25.5,10.2,LOW,NORMAL,No major anomaly detected by the current risk layers.
W12024,Odika Naik,Pune,Zilla Panchayat,Public Toilet Complex,5.47,25.48,0.0,0.0,0.0,25.48,10.19,LOW,NORMAL,No major anomaly detected by the current risk layers.
W12296,Vrinda Biswas,Madurai,State Housing Board,Road Construction,26.34,25.47,0.0,0.0,0.0,25.47,10.19,LOW,NORMAL,No major anomaly detected by the current risk layers.
W12368,Bachittar Choudhry,Bengaluru Urban,Zilla Panchayat,Road Construction,13.82,25.47,0.0,0.0,0.0,25.47,10.19,LOW,NORMAL,No major anomaly detected by the current risk layers.
W12242,Harrison Kapur,Coimbatore,State Housing Board,Community Health Center,43.7,25.46,0.0,0.0,0.0,25.46,10.18,LOW,NORMAL,No major anomaly detected by the current risk layers.
W11770,Ria Ratta,Salem,Public Works Department,Road Construction,28.16,25.45,0.0,0.0,0.0,25.45,10.18,LOW,NORMAL,No major anomaly detected by the current risk layers.
W10862,Sanya Swamy,Coimbatore,Zilla Panchayat,School Building Repair,12.83,25.43,0.0,0.0,0.0,25.43,10.17,LOW,NORMAL,No major anomaly detected by the current risk layers.
W12731,Yutika Rana,Lucknow,District Rural Development Agency,Community Health Center,35.69,25.42,0.0,0.0,0.0,25.42,10.17,LOW,NORMAL,No major anomaly detected by the current risk layers.
W10237,Gaurav Chandra,Thane,Public Works Department,Street Lighting,1.64,25.4,0.0,0.0,0.0,25.4,10.16,LOW,NORMAL,No major anomaly detected by the current risk layers.
W12943,Bachittar Choudhry,Coimbatore,District Rural Development Agency,Road Construction,32.91,25.38,0.0,0.0,0.0,25.38,10.15,LOW,NORMAL,No major anomaly detected by the current risk layers.
W10474,Owen Bala,Howrah,Municipal Corporation,Community Health Center,36.15,25.38,0.0,0.0,0.0,25.38,10.15,LOW,NORMAL,No major anomaly detected by the current risk layers.
W12109,Eesha Memon,Nagpur,District Rural Development Agency,Road Construction,38.04,25.29,0.0,0.0,0.0,25.29,10.12,LOW,NORMAL,No major anomaly detected by the current risk layers.
W10485,Yug Choudhry,Pune,Zilla Panchayat,Drainage System,13.18,25.3,0.0,0.0,0.0,25.3,10.12,LOW,NORMAL,No major anomaly detected by the current risk layers.
W12797,Widisha Yohannan,Dharwad,Public Works Department,Street Lighting,2.2,25.29,0.0,0.0,0.0,25.29,10.12,LOW,NORMAL,No major anomaly detected by the current risk layers.
W11508,Vrinda Biswas,Mysuru,State Housing Board,Community Health Center,18.27,25.27,0.0,0.0,0.0,25.27,10.11,LOW,NORMAL,No major anomaly detected by the current risk layers.
W11756,Tanish Iyer,Pune,Zilla Panchayat,Drinking Water Supply,15.54,25.28,0.0,0.0,0.0,25.28,10.11,LOW,NORMAL,No major anomaly detected by the current risk layers.
W11111,Victor Venkataraman,Dharwad,Municipal Corporation,Road Construction,37.78,25.25,0.0,0.0,0.0,25.25,10.1,LOW,NORMAL,No major anomaly detected by the current risk layers.
W12277,Widisha Yohannan,Nashik,Municipal Corporation,Community Health Center,41.73,25.19,0.0,0.0,0.0,25.19,10.07,LOW,NORMAL,No major anomaly detected by the current risk layers.
W10122,Nicholas Gour,Kolkata,Public Works Department,Road Construction,32.54,25.15,0.0,0.0,0.0,25.15,10.06,LOW,NORMAL,No major anomaly detected by the current risk layers.
W11961,Ria Ratta,Pune,Zilla Panchayat,Public Toilet Complex,6.82,25.13,0.0,0.0,0.0,25.13,10.05,LOW,NORMAL,No major anomaly detected by the current risk layers.
W10050,Advaith Gole,Mysuru,District Rural Development Agency,Community Health Center,34.45,25.02,0.0,0.0,0.0,25.02,10.01,LOW,NORMAL,No major anomaly detected by the current risk layers.
W10488,Ishwar Boase,Bengaluru Urban,State Housing Board,Street Lighting,3.61,24.96,0.0,0.0,0.0,24.96,9.99,LOW,NORMAL,No major anomaly detected by the current risk layers.
W10789,Meera Banerjee,Mysuru,Public Works Department,Public Toilet Complex,4.66,24.98,0.0,0.0,0.0,24.98,9.99,LOW,NORMAL,No major anomaly detected by the current risk layers.
W12928,Widisha Yohannan,Varanasi,Municipal Corporation,Road Construction,29.41,24.95,0.0,0.0,0.0,24.95,9.98,LOW,NORMAL,No major anomaly detected by the current risk layers.
W10503,Pallavi Krish,Chennai,Public Works Department,Community Health Center,35.35,24.96,0.0,0.0,0.0,24.96,9.98,LOW,NORMAL,No major anomaly detected by the current risk layers.
W10430,Owen Bala,Chennai,Zilla Panchayat,Road Construction,36.39,24.91,0.0,0.0,0.0,24.91,9.97,LOW,NORMAL,No major anomaly detected by the current risk layers.
W11511,Advaith Gole,Nashik,Zilla Panchayat,Community Health Center,37.61,24.9,0.0,0.0,0.0,24.9,9.96,LOW,NORMAL,No major anomaly detected by the current risk layers.
W12714,Advaith Gole,Kolkata,Public Works Department,Road Construction,36.49,24.87,0.0,0.0,0.0,24.87,9.95,LOW,NORMAL,No major anomaly detected by the current risk layers.
W10520,Eesha Memon,Darjeeling,Public Works Department,Community Health Center,35.27,24.85,0.0,0.0,0.0,24.85,9.94,LOW,NORMAL,No major anomaly detected by the current risk layers.
W11815,Advaith Gole,Asansol,Municipal Corporation,Public Toilet Complex,2.26,24.75,0.0,0.0,0.0,24.75,9.9,LOW,NORMAL,No major anomaly detected by the current risk layers.
W12021,Onveer Kata,Pune,State Housing Board,Drainage System,4.34,24.71,0.0,0.0,0.0,24.71,9.88,LOW,NORMAL,No major anomaly detected by the current risk layers.
W12849,Triya Khatri,Salem,Municipal Corporation,Drainage System,14.74,24.66,0.0,0.0,0.0,24.66,9.87,LOW,NORMAL,No major anomaly detected by the current risk layers.
W12636,Gabriel Thaman,Agra,State Housing Board,Community Health Center,15.51,24.69,0.0,0.0,0.0,24.69,9.87,LOW,NORMAL,No major anomaly detected by the current risk layers.
W11121,Lucky Prashad,Varanasi,Zilla Panchayat,Road Construction,37.42,24.67,0.0,0.0,0.0,24.67,9.87,LOW,NORMAL,No major anomaly detected by the current risk layers.
W10840,Leena Butala,Lucknow,State Housing Board,Road Construction,32.36,24.67,0.0,0.0,0.0,24.67,9.87,LOW,NORMAL,No major anomaly detected by the current risk layers.
W12175,Varsha Morar,Pune,Zilla Panchayat,Public Toilet Complex,4.23,24.64,0.0,0.0,0.0,24.64,9.86,LOW,NORMAL,No major anomaly detected by the current risk layers.
W10162,Ronith Zachariah,Coimbatore,Zilla Panchayat,Community Health Center,34.42,24.6,0.0,0.0,0.0,24.6,9.84,LOW,NORMAL,No major anomaly detected by the current risk layers.
W10313,Mugdha Varty,Thane,District Rural Development Agency,Road Construction,30.58,24.56,0.0,0.0,0.0,24.56,9.82,LOW,NORMAL,No major anomaly detected by the current risk layers.
W11043,Eesha Memon,Lucknow,Municipal Corporation,Community Health Center,29.21,24.56,0.0,0.0,0.0,24.56,9.82,LOW,NORMAL,No major anomaly detected by the current risk layers.
W10876,Vanya Suresh,Agra,State Housing Board,Road Construction,34.62,24.54,0.0,0.0,0.0,24.54,9.82,LOW,NORMAL,No major anomaly detected by the current risk layers.
W10500,Vrinda Biswas,Coimbatore,State Housing Board,Community Health Center,30.25,24.53,0.0,0.0,0.0,24.53,9.81,LOW,NORMAL,No major anomaly detected by the current risk layers.
W10190,Meera Banerjee,Pune,Zilla Panchayat,Road Construction,15.83,24.51,0.0,0.0,0.0,24.51,9.8,LOW,NORMAL,No major anomaly detected by the current risk layers.
W12399,Oliver Sarma,Kanpur,Zilla Panchayat,Road Construction,35.0,24.47,0.0,0.0,0.0,24.47,9.79,LOW,NORMAL,No major anomaly detected by the current risk layers.
W11692,Gaurav Chandra,Madurai,State Housing Board,Road Construction,33.84,24.47,0.0,0.0,0.0,24.47,9.79,LOW,NORMAL,No major anomaly detected by the current risk layers.
W10255,Deepa Gala,Bengaluru Urban,District Rural Development Agency,Drainage System,15.7,24.45,0.0,0.0,0.0,24.45,9.78,LOW,NORMAL,No major anomaly detected by the current risk layers.
W10231,Meera Banerjee,Bengaluru Urban,State Housing Board,Road Construction,34.01,24.45,0.0,0.0,0.0,24.45,9.78,LOW,NORMAL,No major anomaly detected by the current risk layers.
W10986,Harrison Kapur,Pune,Zilla Panchayat,Public Toilet Complex,7.75,24.41,0.0,0.0,0.0,24.41,9.77,LOW,NORMAL,No major anomaly detected by the current risk layers.
W12384,Mugdha Varty,Howrah,District Rural Development Agency,Street Lighting,1.72,24.42,0.0,0.0,0.0,24.42,9.77,LOW,NORMAL,No major anomaly detected by the current risk layers.
W12694,Leena Butala,Howrah,Municipal Corporation,Road Construction,39.02,24.41,0.0,0.0,0.0,24.41,9.76,LOW,NORMAL,No major anomaly detected by the current risk layers.
W10343,Mugdha Varty,Kanpur,Public Works Department,Road Construction,21.17,24.39,0.0,0.0,0.0,24.39,9.75,LOW,NORMAL,No major anomaly detected by the current risk layers.
W11746,Sanya Swamy,Nashik,Public Works Department,Public Toilet Complex,2.77,24.39,0.0,0.0,0.0,24.39,9.75,LOW,NORMAL,No major anomaly detected by the current risk layers.
W12915,Triya Khatri,Agra,Municipal Corporation,Road Construction,38.24,24.36,0.0,0.0,0.0,24.36,9.75,LOW,NORMAL,No major anomaly detected by the current risk layers.
W10685,Ronith Zachariah,Pune,Zilla Panchayat,Community Health Center,13.23,24.37,0.0,0.0,0.0,24.37,9.75,LOW,NORMAL,No major anomaly detected by the current risk layers.
W12015,Odika Naik,Agra,State Housing Board,Community Health Center,30.21,24.33,0.0,0.0,0.0,24.33,9.73,LOW,NORMAL,No major anomaly detected by the current risk layers.
W10606,Yug Choudhry,Chennai,Municipal Corporation,Road Construction,31.9,24.29,0.0,0.0,0.0,24.29,9.72,LOW,NORMAL,No major anomaly detected by the current risk layers.
W12320,Odika Naik,Thane,Zilla Panchayat,Drainage System,12.75,24.27,0.0,0.0,0.0,24.27,9.71,LOW,NORMAL,No major anomaly detected by the current risk layers.
W12372,Hemang Bava,Lucknow,Public Works Department,Road Construction,30.31,24.26,0.0,0.0,0.0,24.26,9.7,LOW,NORMAL,No major anomaly detected by the current risk layers.
W12566,Eesha Memon,Pune,Zilla Panchayat,Street Lighting,5.66,24.21,0.0,0.0,0.0,24.21,9.69,LOW,NORMAL,No major anomaly detected by the current risk layers.
W10663,Ekansh Sami,Nashik,District Rural Development Agency,Street Lighting,1.05,24.2,0.0,0.0,0.0,24.2,9.68,LOW,NORMAL,No major anomaly detected by the current risk layers.
W10969,Jagat Mangat,Thane,Public Works Department,School Building Repair,4.86,24.19,0.0,0.0,0.0,24.19,9.68,LOW,NORMAL,No major anomaly detected by the current risk layers.
W10075,Victor Venkataraman,Coimbatore,Municipal Corporation,Road Construction,30.24,24.16,0.0,0.0,0.0,24.16,9.66,LOW,NORMAL,No major anomaly detected by the current risk layers.
W12799,Sanya Swamy,Pune,Zilla Panchayat,Public Toilet Complex,3.58,24.12,0.0,0.0,0.0,24.12,9.65,LOW,NORMAL,No major anomaly detected by the current risk layers.
W12371,Azaan Gupta,Varanasi,District Rural Development Agency,Community Health Center,19.8,24.12,0.0,0.0,0.0,24.12,9.65,LOW,NORMAL,No major anomaly detected by the current risk layers.
W12707,Widisha Yohannan,Kolkata,District Rural Development Agency,Community Health Center,32.58,24.13,0.0,0.0,0.0,24.13,9.65,LOW,NORMAL,No major anomaly detected by the current risk layers.
W10613,Jagat Mangat,Belagavi,Municipal Corporation,Drinking Water Supply,12.11,24.13,0.0,0.0,0.0,24.13,9.65,LOW,NORMAL,No major anomaly detected by the current risk layers.
W11037,Ronith Zachariah,Mysuru,Zilla Panchayat,Community Health Center,14.95,24.1,0.0,0.0,0.0,24.1,9.64,LOW,NORMAL,No major anomaly detected by the current risk layers.
W11468,Tanish Iyer,Salem,State Housing Board,Drainage System,9.91,24.09,0.0,0.0,0.0,24.09,9.64,LOW,NORMAL,No major anomaly detected by the current risk layers.
W11947,Lucky Prashad,Salem,State Housing Board,Road Construction,12.16,24.1,0.0,0.0,0.0,24.1,9.64,LOW,NORMAL,No major anomaly detected by the current risk layers.
W11210,Tanish Iyer,Chennai,District Rural Development Agency,Road Construction,34.64,24.11,0.0,0.0,0.0,24.11,9.64,LOW,NORMAL,No major anomaly detected by the current risk layers.
W10220,Ronith Zachariah,Varanasi,Public Works Department,Public Toilet Complex,4.83,24.09,0.0,0.0,0.0,24.09,9.64,LOW,NORMAL,No major anomaly detected by the current risk layers.
W11884,Meera Banerjee,Thane,State Housing Board,Community Health Center,39.11,24.08,0.0,0.0,0.0,24.08,9.63,LOW,NORMAL,No major anomaly detected by the current risk layers.
W11085,Rayaan Mand,Varanasi,State Housing Board,Road Construction,29.55,24.06,0.0,0.0,0.0,24.06,9.63,LOW,NORMAL,No major anomaly detected by the current risk layers.
W10912,Gaurav Chandra,Mysuru,District Rural Development Agency,Community Health Center,36.19,24.05,0.0,0.0,0.0,24.05,9.62,LOW,NORMAL,No major anomaly detected by the current risk layers.
W12860,Bachittar Choudhry,Kolkata,Public Works Department,Road Construction,35.35,24.02,0.0,0.0,0.0,24.02,9.61,LOW,NORMAL,No major anomaly detected by the current risk layers.
W10597,Varsha Morar,Mysuru,Public Works Department,Community Health Center,33.61,24.02,0.0,0.0,0.0,24.02,9.61,LOW,NORMAL,No major anomaly detected by the current risk layers.
W11575,Advaith Gole,Pune,Zilla Panchayat,Drinking Water Supply,9.7,24.04,0.0,0.0,0.0,24.04,9.61,LOW,NORMAL,No major anomaly detected by the current risk layers.
W11501,Ekansh Sami,Thane,Zilla Panchayat,Road Construction,17.54,24.0,0.0,0.0,0.0,24.0,9.6,LOW,NORMAL,No major anomaly detected by the current risk layers.
W12450,Advaith Gole,Kolkata,Municipal Corporation,Road Construction,39.89,23.99,0.0,0.0,0.0,23.99,9.6,LOW,NORMAL,No major anomaly detected by the current risk layers.
W10423,Varsha Morar,Kolkata,Public Works Department,Road Construction,27.52,24.0,0.0,0.0,0.0,24.0,9.6,LOW,NORMAL,No major anomaly detected by the current risk layers.
W11586,Yamini Chand,Pune,Zilla Panchayat,Drainage System,16.67,23.99,0.0,0.0,0.0,23.99,9.6,LOW,NORMAL,No major anomaly detected by the current risk layers.
W10232,Gaurav Chandra,Asansol,State Housing Board,Road Construction,28.81,23.98,0.0,0.0,0.0,23.98,9.59,LOW,NORMAL,No major anomaly detected by the current risk layers.
W10233,Jagat Mangat,Thane,State Housing Board,Community Health Center,32.56,23.98,0.0,0.0,0.0,23.98,9.59,LOW,NORMAL,No major anomaly detected by the current risk layers.
W12405,Widisha Yohannan,Lucknow,Municipal Corporation,Road Construction,8.13,23.95,0.0,0.0,0.0,23.95,9.58,LOW,NORMAL,No major anomaly detected by the current risk layers.
W10658,Ronith Zachariah,Darjeeling,District Rural Development Agency,Road Construction,27.48,23.92,0.0,0.0,0.0,23.92,9.57,LOW,NORMAL,No major anomaly detected by the current risk layers.
W11957,Yug Choudhry,Dharwad,Public Works Department,Community Health Center,32.84,23.88,0.0,0.0,0.0,23.88,9.55,LOW,NORMAL,No major anomaly detected by the current risk layers.
W11848,Leena Butala,Lucknow,District Rural Development Agency,Community Health Center,31.79,23.87,0.0,0.0,0.0,23.87,9.55,LOW,NORMAL,No major anomaly detected by the current risk layers.
W12700,Yamini Chand,Pune,Zilla Panchayat,Drinking Water Supply,13.32,23.84,0.0,0.0,0.0,23.84,9.54,LOW,NORMAL,No major anomaly detected by the current risk layers.
W12821,Ishwar Boase,Kolkata,Municipal Corporation,Drinking Water Supply,12.51,23.79,0.0,0.0,0.0,23.79,9.52,LOW,NORMAL,No major anomaly detected by the current risk layers.
W10152,Lucky Prashad,Asansol,District Rural Development Agency,Community Health Center,33.21,23.76,0.0,0.0,0.0,23.76,9.5,LOW,NORMAL,No major anomaly detected by the current risk layers.
W12778,Pallavi Krish,Dharwad,Municipal Corporation,Road Construction,32.39,23.76,0.0,0.0,0.0,23.76,9.5,LOW,NORMAL,No major anomaly detected by the current risk layers.
W12159,Krishna Pant,Darjeeling,District Rural Development Agency,Drinking Water Supply,10.85,23.76,0.0,0.0,0.0,23.76,9.5,LOW,NORMAL,No major anomaly detected by the current risk layers.
W11853,Owen Bansal,Chennai,District Rural Development Agency,Community Health Center,28.82,23.73,0.0,0.0,0.0,23.73,9.49,LOW,NORMAL,No major anomaly detected by the current risk layers.
W12919,Deepa Gala,Dharwad,Zilla Panchayat,Road Construction,36.22,23.68,0.0,0.0,0.0,23.68,9.47,LOW,NORMAL,No major anomaly detected by the current risk layers.
W11871,Ria Ratta,Kolkata,Public Works Department,Community Health Center,35.74,23.67,0.0,0.0,0.0,23.67,9.47,LOW,NORMAL,No major anomaly detected by the current risk layers.
W12443,Oliver Sarma,Asansol,Municipal Corporation,Community Health Center,38.43,23.66,0.0,0.0,0.0,23.66,9.46,LOW,NORMAL,No major anomaly detected by the current risk layers.
W10002,Yadavi Deshmukh,Asansol,Municipal Corporation,School Building Repair,8.39,23.62,0.0,0.0,0.0,23.62,9.45,LOW,NORMAL,No major anomaly detected by the current risk layers.
W12139,Jagat Mangat,Pune,Zilla Panchayat,Community Health Center,11.06,23.64,0.0,0.0,0.0,23.64,9.45,LOW,NORMAL,No major anomaly detected by the current risk layers.
W12348,Advaith Gole,Thane,State Housing Board,Street Lighting,1.21,23.63,0.0,0.0,0.0,23.63,9.45,LOW,NORMAL,No major anomaly detected by the current risk layers.
W10953,Krishna Pant,Nagpur,Public Works Department,Road Construction,17.48,23.63,0.0,0.0,0.0,23.63,9.45,LOW,NORMAL,No major anomaly detected by the current risk layers.
W12472,Odika Naik,Varanasi,Public Works Department,Street Lighting,2.86,23.58,0.0,0.0,0.0,23.58,9.43,LOW,NORMAL,No major anomaly detected by the current risk layers.
W10915,Meera Banerjee,Kanpur,State Housing Board,Road Construction,31.71,23.58,0.0,0.0,0.0,23.58,9.43,LOW,NORMAL,No major anomaly detected by the current risk layers.
W12914,Yutika Rana,Nagpur,Zilla Panchayat,Community Health Center,27.29,23.54,0.0,0.0,0.0,23.54,9.42,LOW,NORMAL,No major anomaly detected by the current risk layers.
W11073,Krishna Pant,Pune,Zilla Panchayat,School Building Repair,3.29,23.53,0.0,0.0,0.0,23.53,9.41,LOW,NORMAL,No major anomaly detected by the current risk layers.
W11172,Azaan Gupta,Madurai,Public Works Department,Public Toilet Complex,2.02,23.52,0.0,0.0,0.0,23.52,9.41,LOW,NORMAL,No major anomaly detected by the current risk layers.
W10593,Vanya Suresh,Kolkata,Zilla Panchayat,Street Lighting,1.55,23.52,0.0,0.0,0.0,23.52,9.41,LOW,NORMAL,No major anomaly detected by the current risk layers.
W12917,Triya Khatri,Agra,Municipal Corporation,Community Health Center,16.09,23.51,0.0,0.0,0.0,23.51,9.4,LOW,NORMAL,No major anomaly detected by the current risk layers.
W10079,Deepa Gala,Agra,District Rural Development Agency,Community Health Center,23.63,23.5,0.0,0.0,0.0,23.5,9.4,LOW,NORMAL,No major anomaly detected by the current risk layers.
W12995,Ekansh Sami,Pune,Zilla Panchayat,Road Construction,24.01,23.47,0.0,0.0,0.0,23.47,9.39,LOW,NORMAL,No major anomaly detected by the current risk layers.
W11039,Yutika Rana,Kanpur,Zilla Panchayat,School Building Repair,7.24,23.48,0.0,0.0,0.0,23.48,9.39,LOW,NORMAL,No major anomaly detected by the current risk layers.
W12049,Azaan Gupta,Bengaluru Urban,State Housing Board,Community Health Center,30.81,23.48,0.0,0.0,0.0,23.48,9.39,LOW,NORMAL,No major anomaly detected by the current risk layers.
W12178,Yamini Chand,Madurai,Public Works Department,Community Health Center,36.3,23.44,0.0,0.0,0.0,23.44,9.38,LOW,NORMAL,No major anomaly detected by the current risk layers.
W11548,Owen Bansal,Coimbatore,District Rural Development Agency,Community Health Center,21.27,23.4,0.0,0.0,0.0,23.4,9.36,LOW,NORMAL,No major anomaly detected by the current risk layers.
W10662,Yadavi Deshmukh,Asansol,Public Works Department,Community Health Center,40.93,23.41,0.0,0.0,0.0,23.41,9.36,LOW,NORMAL,No major anomaly detected by the current risk layers.
W12740,Ishwar Boase,Asansol,Public Works Department,Road Construction,32.88,23.41,0.0,0.0,0.0,23.41,9.36,LOW,NORMAL,No major anomaly detected by the current risk layers.
W11036,Yutika Rana,Belagavi,Municipal Corporation,Public Toilet Complex,3.12,23.39,0.0,0.0,0.0,23.39,9.36,LOW,NORMAL,No major anomaly detected by the current risk layers.
W10700,Leena Butala,Lucknow,State Housing Board,Road Construction,39.69,23.41,0.0,0.0,0.0,23.41,9.36,LOW,NORMAL,No major anomaly detected by the current risk layers.
W10821,Sanya Swamy,Kolkata,Zilla Panchayat,Road Construction,30.92,23.39,0.0,0.0,0.0,23.39,9.35,LOW,NORMAL,No major anomaly detected by the current risk layers.
W12582,Vanya Suresh,Pune,Zilla Panchayat,Public Toilet Complex,3.87,23.38,0.0,0.0,0.0,23.38,9.35,LOW,NORMAL,No major anomaly detected by the current risk layers.
W10851,Widisha Yohannan,Darjeeling,Public Works Department,Street Lighting,2.7,23.34,0.0,0.0,0.0,23.34,9.34,LOW,NORMAL,No major anomaly detected by the current risk layers.
W12039,Gabriel Thaman,Varanasi,State Housing Board,Community Health Center,43.97,23.34,0.0,0.0,0.0,23.34,9.34,LOW,NORMAL,No major anomaly detected by the current risk layers.
W11658,Vanya Suresh,Pune,Zilla Panchayat,Drainage System,4.23,23.3,0.0,0.0,0.0,23.3,9.32,LOW,NORMAL,No major anomaly detected by the current risk layers.
W11130,Nicholas Gour,Kanpur,Public Works Department,Road Construction,29.85,23.29,0.0,0.0,0.0,23.29,9.32,LOW,NORMAL,No major anomaly detected by the current risk layers.
W12963,Varsha Morar,Dharwad,Municipal Corporation,Street Lighting,1.63,23.29,0.0,0.0,0.0,23.29,9.32,LOW,NORMAL,No major anomaly detected by the current risk layers.
W12376,Tanish Iyer,Salem,District Rural Development Agency,Community Health Center,27.66,23.28,0.0,0.0,0.0,23.28,9.31,LOW,NORMAL,No major anomaly detected by the current risk layers.
W10442,Yutika Rana,Agra,Municipal Corporation,Drainage System,17.64,23.29,0.0,0.0,0.0,23.29,9.31,LOW,NORMAL,No major anomaly detected by the current risk layers.
W12374,Ishwar Boase,Pune,Zilla Panchayat,School Building Repair,10.63,23.26,0.0,0.0,0.0,23.26,9.3,LOW,NORMAL,No major anomaly detected by the current risk layers.
W11430,Odika Naik,Agra,Zilla Panchayat,Community Health Center,17.95,23.21,0.0,0.0,0.0,23.21,9.28,LOW,NORMAL,No major anomaly detected by the current risk layers.
W12191,Mugdha Varty,Nashik,Municipal Corporation,Road Construction,35.98,23.2,0.0,0.0,0.0,23.2,9.28,LOW,NORMAL,No major anomaly detected by the current risk layers.
W11457,Jagat Mangat,Kolkata,Public Works Department,Road Construction,31.43,23.17,0.0,0.0,0.0,23.17,9.27,LOW,NORMAL,No major anomaly detected by the current risk layers.
W12548,Gabriel Thaman,Salem,District Rural Development Agency,Community Health Center,42.92,23.18,0.0,0.0,0.0,23.18,9.27,LOW,NORMAL,No major anomaly detected by the current risk layers.
W10389,Lucky Prashad,Nashik,District Rural Development Agency,Public Toilet Complex,4.46,23.12,0.0,0.0,0.0,23.12,9.25,LOW,NORMAL,No major anomaly detected by the current risk layers.
W11020,Vrinda Biswas,Agra,Public Works Department,Road Construction,38.74,23.14,0.0,0.0,0.0,23.14,9.25,LOW,NORMAL,No major anomaly detected by the current risk layers.
W10129,Victor Venkataraman,Darjeeling,Zilla Panchayat,Community Health Center,30.22,23.09,0.0,0.0,0.0,23.09,9.24,LOW,NORMAL,No major anomaly detected by the current risk layers.
W11060,Sanya Swamy,Madurai,Public Works Department,Street Lighting,1.6,23.09,0.0,0.0,0.0,23.09,9.24,LOW,NORMAL,No major anomaly detected by the current risk layers.
W11544,Owen Bala,Chennai,Public Works Department,Community Health Center,22.74,23.11,0.0,0.0,0.0,23.11,9.24,LOW,NORMAL,No major anomaly detected by the current risk layers.
W10721,Ekansh Sami,Kanpur,Municipal Corporation,Community Health Center,24.3,23.09,0.0,0.0,0.0,23.09,9.24,LOW,NORMAL,No major anomaly detected by the current risk layers.
W12553,Oliver Sarma,Thane,Zilla Panchayat,Road Construction,18.34,23.06,0.0,0.0,0.0,23.06,9.23,LOW,NORMAL,No major anomaly detected by the current risk layers.
W11606,Ria Ratta,Pune,Zilla Panchayat,Drinking Water Supply,9.82,23.04,0.0,0.0,0.0,23.04,9.21,LOW,NORMAL,No major anomaly detected by the current risk layers.
W11807,Tanish Iyer,Agra,State Housing Board,Drainage System,11.29,23.02,0.0,0.0,0.0,23.02,9.21,LOW,NORMAL,No major anomaly detected by the current risk layers.
W12996,Yadavi Deshmukh,Pune,Zilla Panchayat,Road Construction,23.78,23.01,0.0,0.0,0.0,23.01,9.2,LOW,NORMAL,No major anomaly detected by the current risk layers.
W10807,Oliver Sarma,Pune,Zilla Panchayat,Drinking Water Supply,5.5,22.94,0.0,0.0,0.0,22.94,9.18,LOW,NORMAL,No major anomaly detected by the current risk layers.
W11630,Hemang Bava,Salem,Public Works Department,Community Health Center,30.28,22.92,0.0,0.0,0.0,22.92,9.17,LOW,NORMAL,No major anomaly detected by the current risk layers.
W12224,Ishwar Boase,Pune,Zilla Panchayat,Public Toilet Complex,4.21,22.91,0.0,0.0,0.0,22.91,9.16,LOW,NORMAL,No major anomaly detected by the current risk layers.
W12172,Meera Banerjee,Lucknow,District Rural Development Agency,Drinking Water Supply,17.73,22.88,0.0,0.0,0.0,22.88,9.15,LOW,NORMAL,No major anomaly detected by the current risk layers.
W11068,Lucky Prashad,Pune,Zilla Panchayat,School Building Repair,3.86,22.87,0.0,0.0,0.0,22.87,9.15,LOW,NORMAL,No major anomaly detected by the current risk layers.
W12942,Eesha Memon,Pune,Zilla Panchayat,School Building Repair,13.91,22.89,0.0,0.0,0.0,22.89,9.15,LOW,NORMAL,No major anomaly detected by the current risk layers.
W11072,Ishwar Boase,Chennai,District Rural Development Agency,Road Construction,33.87,22.85,0.0,0.0,0.0,22.85,9.14,LOW,NORMAL,No major anomaly detected by the current risk layers.
W11237,Nicholas Gour,Pune,Zilla Panchayat,Drinking Water Supply,15.61,22.84,0.0,0.0,0.0,22.84,9.14,LOW,NORMAL,No major anomaly detected by the current risk layers.
W10127,Harrison Kapur,Lucknow,Zilla Panchayat,Road Construction,39.95,22.84,0.0,0.0,0.0,22.84,9.14,LOW,NORMAL,No major anomaly detected by the current risk layers.
W11799,Leena Butala,Varanasi,Municipal Corporation,Community Health Center,41.68,22.85,0.0,0.0,0.0,22.85,9.14,LOW,NORMAL,No major anomaly detected by the current risk layers.
W10419,Eesha Memon,Pune,Zilla Panchayat,Drainage System,5.39,22.84,0.0,0.0,0.0,22.84,9.13,LOW,NORMAL,No major anomaly detected by the current risk layers.
W12102,Mugdha Varty,Dharwad,Public Works Department,Drinking Water Supply,13.24,22.82,0.0,0.0,0.0,22.82,9.13,LOW,NORMAL,No major anomaly detected by the current risk layers.
W12346,Eesha Memon,Kanpur,State Housing Board,School Building Repair,7.0,22.82,0.0,0.0,0.0,22.82,9.13,LOW,NORMAL,No major anomaly detected by the current risk layers.
W12094,Vrinda Biswas,Asansol,Municipal Corporation,Public Toilet Complex,2.03,22.82,0.0,0.0,0.0,22.82,9.13,LOW,NORMAL,No major anomaly detected by the current risk layers.
W10727,Mugdha Varty,Bengaluru Urban,Municipal Corporation,Community Health Center,35.55,22.82,0.0,0.0,0.0,22.82,9.13,LOW,NORMAL,No major anomaly detected by the current risk layers.
W12304,Odika Naik,Thane,Public Works Department,Community Health Center,40.42,22.82,0.0,0.0,0.0,22.82,9.13,LOW,NORMAL,No major anomaly detected by the current risk layers.
W11189,Odika Naik,Kanpur,Municipal Corporation,Drinking Water Supply,8.88,22.8,0.0,0.0,0.0,22.8,9.12,LOW,NORMAL,No major anomaly detected by the current risk layers.
W12134,Rayaan Mand,Lucknow,Public Works Department,Road Construction,22.4,22.77,0.0,0.0,0.0,22.77,9.11,LOW,NORMAL,No major anomaly detected by the current risk layers.
W11267,Onveer Kata,Nagpur,Municipal Corporation,Drinking Water Supply,19.03,22.78,0.0,0.0,0.0,22.78,9.11,LOW,NORMAL,No major anomaly detected by the current risk layers.
W12023,Victor Venkataraman,Pune,Zilla Panchayat,School Building Repair,14.71,22.72,0.0,0.0,0.0,22.72,9.09,LOW,NORMAL,No major anomaly detected by the current risk layers.
W12777,Eesha Memon,Kolkata,District Rural Development Agency,School Building Repair,9.65,22.74,0.0,0.0,0.0,22.74,9.09,LOW,NORMAL,No major anomaly detected by the current risk layers.
W10552,Ekansh Sami,Pune,Zilla Panchayat,School Building Repair,4.28,22.7,0.0,0.0,0.0,22.7,9.08,LOW,NORMAL,No major anomaly detected by the current risk layers.
W11211,Owen Bala,Nashik,Zilla Panchayat,Road Construction,29.46,22.69,0.0,0.0,0.0,22.69,9.08,LOW,NORMAL,No major anomaly detected by the current risk layers.
W10334,Yadavi Deshmukh,Nagpur,Zilla Panchayat,School Building Repair,3.08,22.68,0.0,0.0,0.0,22.68,9.07,LOW,NORMAL,No major anomaly detected by the current risk layers.
W10097,Widisha Yohannan,Pune,Zilla Panchayat,Drinking Water Supply,16.36,22.69,0.0,0.0,0.0,22.69,9.07,LOW,NORMAL,No major anomaly detected by the current risk layers.
W12090,Ria Ratta,Thane,Public Works Department,Public Toilet Complex,6.82,22.68,0.0,0.0,0.0,22.68,9.07,LOW,NORMAL,No major anomaly detected by the current risk layers.
W10611,Sanya Swamy,Bengaluru Urban,District Rural Development Agency,Community Health Center,35.02,22.65,0.0,0.0,0.0,22.65,9.06,LOW,NORMAL,No major anomaly detected by the current risk layers.
W12650,Vanya Suresh,Pune,Zilla Panchayat,Drainage System,12.31,22.63,0.0,0.0,0.0,22.63,9.05,LOW,NORMAL,No major anomaly detected by the current risk layers.
W11029,Owen Bansal,Kolkata,State Housing Board,Road Construction,31.02,22.6,0.0,0.0,0.0,22.6,9.04,LOW,NORMAL,No major anomaly detected by the current risk layers.
W12759,Oliver Sarma,Salem,Public Works Department,School Building Repair,14.01,22.6,0.0,0.0,0.0,22.6,9.04,LOW,NORMAL,No major anomaly detected by the current risk layers.
W11487,Vanya Suresh,Dharwad,Public Works Department,Community Health Center,38.17,22.57,0.0,0.0,0.0,22.57,9.03,LOW,NORMAL,No major anomaly detected by the current risk layers.
W12046,Deepa Gala,Nagpur,State Housing Board,Drainage System,16.04,22.55,0.0,0.0,0.0,22.55,9.02,LOW,NORMAL,No major anomaly detected by the current risk layers.
W11577,Rayaan Mand,Nashik,Zilla Panchayat,School Building Repair,12.49,22.53,0.0,0.0,0.0,22.53,9.01,LOW,NORMAL,No major anomaly detected by the current risk layers.
W11706,Azaan Gupta,Pune,Zilla Panchayat,Community Health Center,15.04,22.51,0.0,0.0,0.0,22.51,9.01,LOW,NORMAL,No major anomaly detected by the current risk layers.
W10005,Hemang Bava,Madurai,District Rural Development Agency,Street Lighting,1.96,22.47,0.0,0.0,0.0,22.47,8.99,LOW,NORMAL,No major anomaly detected by the current risk layers.
W11876,Odika Naik,Nashik,Municipal Corporation,Road Construction,28.96,22.48,0.0,0.0,0.0,22.48,8.99,LOW,NORMAL,No major anomaly detected by the current risk layers.
W11163,Yutika Rana,Pune,Zilla Panchayat,School Building Repair,5.63,22.48,0.0,0.0,0.0,22.48,8.99,LOW,NORMAL,No major anomaly detected by the current risk layers.
W10782,Vanya Suresh,Pune,Zilla Panchayat,School Building Repair,5.57,22.49,0.0,0.0,0.0,22.49,8.99,LOW,NORMAL,No major anomaly detected by the current risk layers.
W10929,Yamini Chand,Coimbatore,Municipal Corporation,Street Lighting,5.37,22.42,0.0,0.0,0.0,22.42,8.97,LOW,NORMAL,No major anomaly detected by the current risk layers.
W12087,Eesha Memon,Pune,Zilla Panchayat,School Building Repair,13.64,22.43,0.0,0.0,0.0,22.43,8.97,LOW,NORMAL,No major anomaly detected by the current risk layers.
W12422,Meera Banerjee,Pune,District Rural Development Agency,Road Construction,15.55,22.4,0.0,0.0,0.0,22.4,8.96,LOW,NORMAL,No major anomaly detected by the current risk layers.
W10299,Owen Bala,Thane,Public Works Department,Road Construction,30.76,22.35,0.0,0.0,0.0,22.35,8.94,LOW,NORMAL,No major anomaly detected by the current risk layers.
W12079,Vanya Suresh,Kolkata,State Housing Board,Public Toilet Complex,2.12,22.32,0.0,0.0,0.0,22.32,8.93,LOW,NORMAL,No major anomaly detected by the current risk layers.
W12882,Rayaan Mand,Pune,Zilla Panchayat,Drainage System,12.04,22.33,0.0,0.0,0.0,22.33,8.93,LOW,NORMAL,No major anomaly detected by the current risk layers.
W12994,Krishna Pant,Varanasi,District Rural Development Agency,Street Lighting,2.12,22.33,0.0,0.0,0.0,22.33,8.93,LOW,NORMAL,No major anomaly detected by the current risk layers.
W10408,Christopher Kadakia,Pune,Zilla Panchayat,Drinking Water Supply,15.38,22.3,0.0,0.0,0.0,22.3,8.92,LOW,NORMAL,No major anomaly detected by the current risk layers.
W12487,Meera Banerjee,Darjeeling,State Housing Board,Community Health Center,29.29,22.31,0.0,0.0,0.0,22.31,8.92,LOW,NORMAL,No major anomaly detected by the current risk layers.
W11972,Owen Bansal,Salem,Municipal Corporation,Community Health Center,31.87,22.28,0.0,0.0,0.0,22.28,8.91,LOW,NORMAL,No major anomaly detected by the current risk layers.
W10293,Vanya Suresh,Thane,State Housing Board,Community Health Center,33.86,22.26,0.0,0.0,0.0,22.26,8.9,LOW,NORMAL,No major anomaly detected by the current risk layers.
W12402,Tanish Iyer,Pune,Zilla Panchayat,School Building Repair,12.78,22.25,0.0,0.0,0.0,22.25,8.9,LOW,NORMAL,No major anomaly detected by the current risk layers.
W12352,Victor Venkataraman,Nashik,Zilla Panchayat,School Building Repair,4.11,22.23,0.0,0.0,0.0,22.23,8.89,LOW,NORMAL,No major anomaly detected by the current risk layers.
W10093,Tanish Iyer,Nashik,Municipal Corporation,Street Lighting,1.66,22.21,0.0,0.0,0.0,22.21,8.89,LOW,NORMAL,No major anomaly detected by the current risk layers.
W11093,Vanya Suresh,Bengaluru Urban,Municipal Corporation,Road Construction,17.69,22.21,0.0,0.0,0.0,22.21,8.88,LOW,NORMAL,No major anomaly detected by the current risk layers.
W12766,Deepa Gala,Darjeeling,District Rural Development Agency,Road Construction,30.49,22.19,0.0,0.0,0.0,22.19,8.87,LOW,NORMAL,No major anomaly detected by the current risk layers.
W11759,Yutika Rana,Nagpur,Zilla Panchayat,Road Construction,30.64,22.14,0.0,0.0,0.0,22.14,8.86,LOW,NORMAL,No major anomaly detected by the current risk layers.
W10330,Deepa Gala,Pune,Zilla Panchayat,Street Lighting,5.02,22.14,0.0,0.0,0.0,22.14,8.86,LOW,NORMAL,No major anomaly detected by the current risk layers.
W12155,Krishna Pant,Chennai,Public Works Department,Public Toilet Complex,5.37,22.12,0.0,0.0,0.0,22.12,8.85,LOW,NORMAL,No major anomaly detected by the current risk layers.
W11693,Hemang Bava,Pune,Zilla Panchayat,Public Toilet Complex,5.25,22.14,0.0,0.0,0.0,22.14,8.85,LOW,NORMAL,No major anomaly detected by the current risk layers.
W11542,Lucky Prashad,Kanpur,Public Works Department,Road Construction,39.75,22.1,0.0,0.0,0.0,22.1,8.84,LOW,NORMAL,No major anomaly detected by the current risk layers.
W12732,Christopher Kadakia,Pune,Public Works Department,Drinking Water Supply,19.07,22.11,0.0,0.0,0.0,22.11,8.84,LOW,NORMAL,No major anomaly detected by the current risk layers.
W11042,Yadavi Deshmukh,Pune,Zilla Panchayat,Road Construction,32.74,22.11,0.0,0.0,0.0,22.11,8.84,LOW,NORMAL,No major anomaly detected by the current risk layers.
W12670,Onveer Kata,Nagpur,Public Works Department,Road Construction,22.53,22.07,0.0,0.0,0.0,22.07,8.83,LOW,NORMAL,No major anomaly detected by the current risk layers.
W11458,Mugdha Varty,Thane,Public Works Department,Community Health Center,33.66,22.06,0.0,0.0,0.0,22.06,8.83,LOW,NORMAL,No major anomaly detected by the current risk layers.
W11954,Ekansh Sami,Kolkata,State Housing Board,Drainage System,11.84,22.05,0.0,0.0,0.0,22.05,8.82,LOW,NORMAL,No major anomaly detected by the current risk layers.
W10511,Nicholas Gour,Mysuru,Municipal Corporation,Community Health Center,33.24,22.05,0.0,0.0,0.0,22.05,8.82,LOW,NORMAL,No major anomaly detected by the current risk layers.
W10586,Ishwar Boase,Mysuru,Public Works Department,Drinking Water Supply,17.43,22.03,0.0,0.0,0.0,22.03,8.81,LOW,NORMAL,No major anomaly detected by the current risk layers.
W10421,Ekansh Sami,Lucknow,Municipal Corporation,Road Construction,14.16,22.04,0.0,0.0,0.0,22.04,8.81,LOW,NORMAL,No major anomaly detected by the current risk layers.
W12262,Sanya Swamy,Mysuru,Zilla Panchayat,Public Toilet Complex,5.84,22.01,0.0,0.0,0.0,22.01,8.8,LOW,NORMAL,No major anomaly detected by the current risk layers.
W10601,Advaith Gole,Darjeeling,Zilla Panchayat,Road Construction,21.05,21.99,0.0,0.0,0.0,21.99,8.8,LOW,NORMAL,No major anomaly detected by the current risk layers.
W12385,Ria Ratta,Asansol,Public Works Department,Road Construction,17.28,22.01,0.0,0.0,0.0,22.01,8.8,LOW,NORMAL,No major anomaly detected by the current risk layers.
W12014,Deepa Gala,Nashik,Municipal Corporation,Drainage System,6.44,21.98,0.0,0.0,0.0,21.98,8.79,LOW,NORMAL,No major anomaly detected by the current risk layers.
W10612,Owen Bala,Madurai,Public Works Department,Street Lighting,5.03,21.98,0.0,0.0,0.0,21.98,8.79,LOW,NORMAL,No major anomaly detected by the current risk layers.
W11297,Sanya Swamy,Kanpur,Municipal Corporation,Road Construction,31.86,21.98,0.0,0.0,0.0,21.98,8.79,LOW,NORMAL,No major anomaly detected by the current risk layers.
W11158,Vrinda Biswas,Lucknow,Public Works Department,School Building Repair,6.83,21.92,0.0,0.0,0.0,21.92,8.77,LOW,NORMAL,No major anomaly detected by the current risk layers.
W10404,Mugdha Varty,Howrah,Public Works Department,Road Construction,28.69,21.92,0.0,0.0,0.0,21.92,8.77,LOW,NORMAL,No major anomaly detected by the current risk layers.
W12274,Krishna Pant,Madurai,Zilla Panchayat,Community Health Center,32.35,21.94,0.0,0.0,0.0,21.94,8.77,LOW,NORMAL,No major anomaly detected by the current risk layers.
W11810,Widisha Yohannan,Howrah,Municipal Corporation,Community Health Center,24.72,21.93,0.0,0.0,0.0,21.93,8.77,LOW,NORMAL,No major anomaly detected by the current risk layers.
W12205,Christopher Kadakia,Bengaluru Urban,Public Works Department,Community Health Center,38.71,21.9,0.0,0.0,0.0,21.9,8.76,LOW,NORMAL,No major anomaly detected by the current risk layers.
W12683,Hemang Bava,Asansol,District Rural Development Agency,Community Health Center,18.21,21.89,0.0,0.0,0.0,21.89,8.76,LOW,NORMAL,No major anomaly detected by the current risk layers.
W12513,Christopher Kadakia,Coimbatore,State Housing Board,Community Health Center,30.21,21.87,0.0,0.0,0.0,21.87,8.75,LOW,NORMAL,No major anomaly detected by the current risk layers.
W11119,Widisha Yohannan,Nashik,State Housing Board,School Building Repair,14.43,21.85,0.0,0.0,0.0,21.85,8.74,LOW,NORMAL,No major anomaly detected by the current risk layers.
W10628,Pallavi Krish,Bengaluru Urban,State Housing Board,Community Health Center,25.68,21.84,0.0,0.0,0.0,21.84,8.74,LOW,NORMAL,No major anomaly detected by the current risk layers.
W11499,Krishna Pant,Pune,Public Works Department,Community Health Center,17.73,21.82,0.0,0.0,0.0,21.82,8.73,LOW,NORMAL,No major anomaly detected by the current risk layers.
W10650,Gaurav Chandra,Darjeeling,Municipal Corporation,Street Lighting,1.26,21.84,0.0,0.0,0.0,21.84,8.73,LOW,NORMAL,No major anomaly detected by the current risk layers.
W11554,Gabriel Thaman,Kanpur,State Housing Board,Community Health Center,21.52,21.82,0.0,0.0,0.0,21.82,8.73,LOW,NORMAL,No major anomaly detected by the current risk layers.
W12308,Vanya Suresh,Asansol,Public Works Department,Community Health Center,33.41,21.81,0.0,0.0,0.0,21.81,8.73,LOW,NORMAL,No major anomaly detected by the current risk layers.
W12954,Yadavi Deshmukh,Darjeeling,Zilla Panchayat,Road Construction,20.25,21.82,0.0,0.0,0.0,21.82,8.73,LOW,NORMAL,No major anomaly detected by the current risk layers.
W11860,Jagat Mangat,Pune,Zilla Panchayat,Public Toilet Complex,7.04,21.79,0.0,0.0,0.0,21.79,8.72,LOW,NORMAL,No major anomaly detected by the current risk layers.
W10360,Yamini Chand,Dharwad,State Housing Board,Drainage System,17.91,21.81,0.0,0.0,0.0,21.81,8.72,LOW,NORMAL,No major anomaly detected by the current risk layers.
W11531,Yutika Rana,Thane,Zilla Panchayat,Road Construction,24.0,21.81,0.0,0.0,0.0,21.81,8.72,LOW,NORMAL,No major anomaly detected by the current risk layers.
W11711,Ishwar Boase,Pune,Zilla Panchayat,School Building Repair,5.88,21.77,0.0,0.0,0.0,21.77,8.71,LOW,NORMAL,No major anomaly detected by the current risk layers.
W10219,Leena Butala,Nagpur,State Housing Board,Road Construction,28.44,21.77,0.0,0.0,0.0,21.77,8.71,LOW,NORMAL,No major anomaly detected by the current risk layers.
W12809,Onveer Kata,Coimbatore,State Housing Board,Community Health Center,38.92,21.79,0.0,0.0,0.0,21.79,8.71,LOW,NORMAL,No major anomaly detected by the current risk layers.
W10763,Leena Butala,Nashik,State Housing Board,Drinking Water Supply,16.95,21.76,0.0,0.0,0.0,21.76,8.7,LOW,NORMAL,No major anomaly detected by the current risk layers.
W11836,Yadavi Deshmukh,Agra,Public Works Department,Road Construction,28.52,21.74,0.0,0.0,0.0,21.74,8.7,LOW,NORMAL,No major anomaly detected by the current risk layers.
W12516,Harrison Kapur,Belagavi,State Housing Board,Drainage System,10.76,21.76,0.0,0.0,0.0,21.76,8.7,LOW,NORMAL,No major anomaly detected by the current risk layers.
W11127,Varsha Morar,Pune,Zilla Panchayat,Community Health Center,11.31,21.72,0.0,0.0,0.0,21.72,8.69,LOW,NORMAL,No major anomaly detected by the current risk layers.
W12514,Ishwar Boase,Agra,State Housing Board,Road Construction,23.98,21.69,0.0,0.0,0.0,21.69,8.68,LOW,NORMAL,No major anomaly detected by the current risk layers.
W12601,Christopher Kadakia,Bengaluru Urban,State Housing Board,Road Construction,35.09,21.7,0.0,0.0,0.0,21.7,8.68,LOW,NORMAL,No major anomaly detected by the current risk layers.
W12588,Varsha Morar,Dharwad,State Housing Board,Community Health Center,42.239066070660776,21.7,0.0,0.0,0.0,21.7,8.68,LOW,NORMAL,No major anomaly detected by the current risk layers.
W10719,Rayaan Mand,Pune,Zilla Panchayat,Public Toilet Complex,5.28,21.7,0.0,0.0,0.0,21.7,8.68,LOW,NORMAL,No major anomaly detected by the current risk layers.
W11535,Yadavi Deshmukh,Kolkata,District Rural Development Agency,Public Toilet Complex,2.58,21.67,0.0,0.0,0.0,21.67,8.67,LOW,NORMAL,No major anomaly detected by the current risk layers.
W11075,Yug Choudhry,Chennai,District Rural Development Agency,Drinking Water Supply,18.77,21.64,0.0,0.0,0.0,21.64,8.66,LOW,NORMAL,No major anomaly detected by the current risk layers.
W10916,Hemang Bava,Pune,Public Works Department,Public Toilet Complex,6.77,21.64,0.0,0.0,0.0,21.64,8.66,LOW,NORMAL,No major anomaly detected by the current risk layers.
W11261,Yug Choudhry,Kolkata,Municipal Corporation,Public Toilet Complex,2.27,21.63,0.0,0.0,0.0,21.63,8.65,LOW,NORMAL,No major anomaly detected by the current risk layers.
W11886,Christopher Kadakia,Thane,District Rural Development Agency,Community Health Center,34.63,21.63,0.0,0.0,0.0,21.63,8.65,LOW,NORMAL,No major anomaly detected by the current risk layers.
W12026,Vrinda Biswas,Bengaluru Urban,State Housing Board,Street Lighting,5.21,21.6,0.0,0.0,0.0,21.6,8.64,LOW,NORMAL,No major anomaly detected by the current risk layers.
W11025,Onveer Kata,Nashik,Public Works Department,Road Construction,29.03,21.59,0.0,0.0,0.0,21.59,8.64,LOW,NORMAL,No major anomaly detected by the current risk layers.
W12667,Rayaan Mand,Coimbatore,State Housing Board,Drinking Water Supply,12.33,21.6,0.0,0.0,0.0,21.6,8.64,LOW,NORMAL,No major anomaly detected by the current risk layers.
W10324,Vrinda Biswas,Pune,Zilla Panchayat,School Building Repair,4.03,21.57,0.0,0.0,0.0,21.57,8.63,LOW,NORMAL,No major anomaly detected by the current risk layers.
W12806,Harrison Kapur,Varanasi,Public Works Department,Community Health Center,28.39,21.57,0.0,0.0,0.0,21.57,8.63,LOW,NORMAL,No major anomaly detected by the current risk layers.
W11091,Ronith Zachariah,Lucknow,State Housing Board,School Building Repair,7.71,21.59,0.0,0.0,0.0,21.59,8.63,LOW,NORMAL,No major anomaly detected by the current risk layers.
W12698,Tanish Iyer,Varanasi,Public Works Department,Road Construction,37.02,21.57,0.0,0.0,0.0,21.57,8.63,LOW,NORMAL,No major anomaly detected by the current risk layers.
W10112,Ishwar Boase,Salem,Public Works Department,Road Construction,25.29,21.57,0.0,0.0,0.0,21.57,8.63,LOW,NORMAL,No major anomaly detected by the current risk layers.
W10498,Oliver Sarma,Kanpur,District Rural Development Agency,Street Lighting,1.08,21.55,0.0,0.0,0.0,21.55,8.62,LOW,NORMAL,No major anomaly detected by the current risk layers.
W10049,Tanish Iyer,Darjeeling,Public Works Department,Road Construction,33.64,21.55,0.0,0.0,0.0,21.55,8.62,LOW,NORMAL,No major anomaly detected by the current risk layers.
W11864,Yug Choudhry,Nagpur,District Rural Development Agency,Road Construction,34.78,21.55,0.0,0.0,0.0,21.55,8.62,LOW,NORMAL,No major anomaly detected by the current risk layers.
W10804,Harrison Kapur,Darjeeling,Municipal Corporation,Community Health Center,45.71,21.54,0.0,0.0,0.0,21.54,8.61,LOW,NORMAL,No major anomaly detected by the current risk layers.
W12981,Owen Bala,Thane,District Rural Development Agency,Road Construction,23.52,21.52,0.0,0.0,0.0,21.52,8.61,LOW,NORMAL,No major anomaly detected by the current risk layers.
W10751,Oliver Sarma,Lucknow,District Rural Development Agency,Community Health Center,27.52,21.54,0.0,0.0,0.0,21.54,8.61,LOW,NORMAL,No major anomaly detected by the current risk layers.
W11530,Jagat Mangat,Darjeeling,Zilla Panchayat,Community Health Center,31.93,21.5,0.0,0.0,0.0,21.5,8.6,LOW,NORMAL,No major anomaly detected by the current risk layers.
W11949,Sanya Swamy,Pune,Zilla Panchayat,Drinking Water Supply,13.36,21.51,0.0,0.0,0.0,21.51,8.6,LOW,NORMAL,No major anomaly detected by the current risk layers.
W10684,Krishna Pant,Howrah,State Housing Board,Community Health Center,19.75,21.46,0.0,0.0,0.0,21.46,8.59,LOW,NORMAL,No major anomaly detected by the current risk layers.
W12378,Mugdha Varty,Kanpur,State Housing Board,Road Construction,23.58,21.49,0.0,0.0,0.0,21.49,8.59,LOW,NORMAL,No major anomaly detected by the current risk layers.
W12388,Widisha Yohannan,Bengaluru Urban,Public Works Department,Street Lighting,1.44,21.46,0.0,0.0,0.0,21.46,8.58,LOW,NORMAL,No major anomaly detected by the current risk layers.
W12738,Victor Venkataraman,Kanpur,State Housing Board,Public Toilet Complex,2.17,21.46,0.0,0.0,0.0,21.46,8.58,LOW,NORMAL,No major anomaly detected by the current risk layers.
W11700,Gabriel Thaman,Mysuru,District Rural Development Agency,Drinking Water Supply,9.28,21.46,0.0,0.0,0.0,21.46,8.58,LOW,NORMAL,No major anomaly detected by the current risk layers.
W12231,Widisha Yohannan,Bengaluru Urban,State Housing Board,Street Lighting,2.63,21.43,0.0,0.0,0.0,21.43,8.57,LOW,NORMAL,No major anomaly detected by the current risk layers.
W10831,Deepa Gala,Asansol,State Housing Board,School Building Repair,11.57,21.42,0.0,0.0,0.0,21.42,8.57,LOW,NORMAL,No major anomaly detected by the current risk layers.
W11588,Tanish Iyer,Salem,Zilla Panchayat,Drainage System,12.51,21.41,0.0,0.0,0.0,21.41,8.56,LOW,NORMAL,No major anomaly detected by the current risk layers.
W12397,Hemang Bava,Nashik,Public Works Department,Drinking Water Supply,13.2,21.37,0.0,0.0,0.0,21.37,8.55,LOW,NORMAL,No major anomaly detected by the current risk layers.
W10120,Leena Butala,Varanasi,Public Works Department,Road Construction,29.16,21.37,0.0,0.0,0.0,21.37,8.55,LOW,NORMAL,No major anomaly detected by the current risk layers.
W11910,Owen Bala,Nagpur,Public Works Department,Drainage System,8.9,21.39,0.0,0.0,0.0,21.39,8.55,LOW,NORMAL,No major anomaly detected by the current risk layers.
W11825,Lucky Prashad,Howrah,Zilla Panchayat,Road Construction,30.01,21.38,0.0,0.0,0.0,21.38,8.55,LOW,NORMAL,No major anomaly detected by the current risk layers.
W10047,Oliver Sarma,Nashik,District Rural Development Agency,Community Health Center,31.92,21.34,0.0,0.0,0.0,21.34,8.54,LOW,NORMAL,No major anomaly detected by the current risk layers.
W10381,Widisha Yohannan,Coimbatore,Municipal Corporation,Road Construction,31.1,21.35,0.0,0.0,0.0,21.35,8.54,LOW,NORMAL,No major anomaly detected by the current risk layers.
W11777,Lucky Prashad,Pune,Public Works Department,Street Lighting,1.9,21.36,0.0,0.0,0.0,21.36,8.54,LOW,NORMAL,No major anomaly detected by the current risk layers.
W12093,Vrinda Biswas,Kanpur,State Housing Board,Road Construction,27.65,21.33,0.0,0.0,0.0,21.33,8.53,LOW,NORMAL,No major anomaly detected by the current risk layers.
W12579,Meera Banerjee,Darjeeling,Municipal Corporation,Street Lighting,1.01,21.32,0.0,0.0,0.0,21.32,8.53,LOW,NORMAL,No major anomaly detected by the current risk layers.
W12431,Christopher Kadakia,Kanpur,Zilla Panchayat,Road Construction,17.53,21.31,0.0,0.0,0.0,21.31,8.52,LOW,NORMAL,No major anomaly detected by the current risk layers.
W10767,Advaith Gole,Varanasi,Zilla Panchayat,Street Lighting,1.49,21.31,0.0,0.0,0.0,21.31,8.52,LOW,NORMAL,No major anomaly detected by the current risk layers.
W10308,Gaurav Chandra,Chennai,Zilla Panchayat,Road Construction,8.49,21.29,0.0,0.0,0.0,21.29,8.52,LOW,NORMAL,No major anomaly detected by the current risk layers.
W12983,Hemang Bava,Madurai,State Housing Board,Community Health Center,42.91,21.28,0.0,0.0,0.0,21.28,8.51,LOW,NORMAL,No major anomaly detected by the current risk layers.
W11745,Oliver Sarma,Kolkata,State Housing Board,Public Toilet Complex,4.52,21.27,0.0,0.0,0.0,21.27,8.51,LOW,NORMAL,No major anomaly detected by the current risk layers.
W11219,Owen Bala,Kolkata,Municipal Corporation,Street Lighting,3.35,21.23,0.0,0.0,0.0,21.23,8.49,LOW,NORMAL,No major anomaly detected by the current risk layers.
W10263,Azaan Gupta,Mysuru,Zilla Panchayat,Street Lighting,1.72,21.23,0.0,0.0,0.0,21.23,8.49,LOW,NORMAL,No major anomaly detected by the current risk layers.
W12540,Owen Bansal,Madurai,District Rural Development Agency,Drainage System,10.9,21.19,0.0,0.0,0.0,21.19,8.48,LOW,NORMAL,No major anomaly detected by the current risk layers.
W11100,Victor Venkataraman,Madurai,Zilla Panchayat,Drinking Water Supply,13.98,21.21,0.0,0.0,0.0,21.21,8.48,LOW,NORMAL,No major anomaly detected by the current risk layers.
W12677,Ronith Zachariah,Dharwad,State Housing Board,Street Lighting,3.51,21.2,0.0,0.0,0.0,21.2,8.48,LOW,NORMAL,No major anomaly detected by the current risk layers.
W11116,Rayaan Mand,Pune,Zilla Panchayat,Public Toilet Complex,6.01,21.2,0.0,0.0,0.0,21.2,8.48,LOW,NORMAL,No major anomaly detected by the current risk layers.
W12793,Onveer Kata,Howrah,State Housing Board,Drinking Water Supply,20.0,21.17,0.0,0.0,0.0,21.17,8.47,LOW,NORMAL,No major anomaly detected by the current risk layers.
W11019,Meera Banerjee,Nashik,State Housing Board,Street Lighting,4.29,21.19,0.0,0.0,0.0,21.19,8.47,LOW,NORMAL,No major anomaly detected by the current risk layers.
W10131,Yug Choudhry,Madurai,Zilla Panchayat,Drinking Water Supply,19.26,21.15,0.0,0.0,0.0,21.15,8.46,LOW,NORMAL,No major anomaly detected by the current risk layers.
W10486,Mugdha Varty,Thane,Municipal Corporation,Drainage System,14.53,21.16,0.0,0.0,0.0,21.16,8.46,LOW,NORMAL,No major anomaly detected by the current risk layers.
W11208,Yamini Chand,Mysuru,District Rural Development Agency,School Building Repair,4.16,21.13,0.0,0.0,0.0,21.13,8.45,LOW,NORMAL,No major anomaly detected by the current risk layers.
W10296,Sanya Swamy,Agra,State Housing Board,Community Health Center,16.69,21.13,0.0,0.0,0.0,21.13,8.45,LOW,NORMAL,No major anomaly detected by the current risk layers.
W11763,Victor Venkataraman,Lucknow,State Housing Board,Road Construction,28.83,21.14,0.0,0.0,0.0,21.14,8.45,LOW,NORMAL,No major anomaly detected by the current risk layers.
W11831,Lucky Prashad,Agra,Public Works Department,Road Construction,27.47,21.11,0.0,0.0,0.0,21.11,8.44,LOW,NORMAL,No major anomaly detected by the current risk layers.
W11581,Jagat Mangat,Asansol,Zilla Panchayat,Drinking Water Supply,6.27,21.07,0.0,0.0,0.0,21.07,8.43,LOW,NORMAL,No major anomaly detected by the current risk layers.
W10947,Rayaan Mand,Nashik,Zilla Panchayat,Road Construction,23.71,21.07,0.0,0.0,0.0,21.07,8.43,LOW,NORMAL,No major anomaly detected by the current risk layers.
W12354,Leena Butala,Thane,Public Works Department,Street Lighting,1.11,21.08,0.0,0.0,0.0,21.08,8.43,LOW,NORMAL,No major anomaly detected by the current risk layers.
W10250,Advaith Gole,Salem,Municipal Corporation,Community Health Center,31.35,21.06,0.0,0.0,0.0,21.06,8.42,LOW,NORMAL,No major anomaly detected by the current risk layers.
W12866,Meera Banerjee,Kolkata,District Rural Development Agency,School Building Repair,3.5,21.04,0.0,0.0,0.0,21.04,8.42,LOW,NORMAL,No major anomaly detected by the current risk layers.
W11283,Bachittar Choudhry,Salem,District Rural Development Agency,Public Toilet Complex,13.640865566559969,21.04,0.0,0.0,0.0,21.04,8.42,LOW,NORMAL,No major anomaly detected by the current risk layers.
W10240,Harrison Kapur,Kolkata,District Rural Development Agency,Community Health Center,33.91,21.06,0.0,0.0,0.0,21.06,8.42,LOW,NORMAL,No major anomaly detected by the current risk layers.
W10277,Harrison Kapur,Howrah,Public Works Department,Street Lighting,5.99,21.01,0.0,0.0,0.0,21.01,8.4,LOW,NORMAL,No major anomaly detected by the current risk layers.
W12900,Meera Banerjee,Thane,Public Works Department,Road Construction,19.02,20.99,0.0,0.0,0.0,20.99,8.4,LOW,NORMAL,No major anomaly detected by the current risk layers.
W12074,Eesha Memon,Chennai,District Rural Development Agency,School Building Repair,11.0,21.01,0.0,0.0,0.0,21.01,8.4,LOW,NORMAL,No major anomaly detected by the current risk layers.
W10291,Eesha Memon,Asansol,Municipal Corporation,Street Lighting,1.57,20.98,0.0,0.0,0.0,20.98,8.39,LOW,NORMAL,No major anomaly detected by the current risk layers.
W10060,Gaurav Chandra,Kolkata,District Rural Development Agency,Community Health Center,33.68,20.98,0.0,0.0,0.0,20.98,8.39,LOW,NORMAL,No major anomaly detected by the current risk layers.
W12086,Owen Bala,Lucknow,State Housing Board,Drinking Water Supply,7.91,20.96,0.0,0.0,0.0,20.96,8.39,LOW,NORMAL,No major anomaly detected by the current risk layers.
W11705,Vrinda Biswas,Nagpur,Public Works Department,Community Health Center,15.95,20.97,0.0,0.0,0.0,20.97,8.39,LOW,NORMAL,No major anomaly detected by the current risk layers.
W11295,Nicholas Gour,Varanasi,Municipal Corporation,Community Health Center,32.53,20.97,0.0,0.0,0.0,20.97,8.39,LOW,NORMAL,No major anomaly detected by the current risk layers.
W12708,Harrison Kapur,Salem,District Rural Development Agency,Community Health Center,37.96,20.95,0.0,0.0,0.0,20.95,8.38,LOW,NORMAL,No major anomaly detected by the current risk layers.
W11708,Odika Naik,Coimbatore,District Rural Development Agency,Community Health Center,17.66,20.94,0.0,0.0,0.0,20.94,8.38,LOW,NORMAL,No major anomaly detected by the current risk layers.
W11139,Ria Ratta,Chennai,State Housing Board,School Building Repair,10.27,20.94,0.0,0.0,0.0,20.94,8.38,LOW,NORMAL,No major anomaly detected by the current risk layers.
W12884,Krishna Pant,Agra,Zilla Panchayat,Road Construction,31.51,20.89,0.0,0.0,0.0,20.89,8.36,LOW,NORMAL,No major anomaly detected by the current risk layers.
W10537,Yadavi Deshmukh,Pune,Zilla Panchayat,Community Health Center,18.69,20.89,0.0,0.0,0.0,20.89,8.36,LOW,NORMAL,No major anomaly detected by the current risk layers.
W11652,Sanya Swamy,Chennai,Public Works Department,Street Lighting,3.68,20.87,0.0,0.0,0.0,20.87,8.35,LOW,NORMAL,No major anomaly detected by the current risk layers.
W11432,Tanish Iyer,Nagpur,Municipal Corporation,Road Construction,32.99,20.88,0.0,0.0,0.0,20.88,8.35,LOW,NORMAL,No major anomaly detected by the current risk layers.
W11010,Ekansh Sami,Mysuru,District Rural Development Agency,Community Health Center,42.51,20.88,0.0,0.0,0.0,20.88,8.35,LOW,NORMAL,No major anomaly detected by the current risk layers.
W11597,Eesha Memon,Howrah,State Housing Board,Community Health Center,29.21,20.82,0.0,0.0,0.0,20.82,8.33,LOW,NORMAL,No major anomaly detected by the current risk layers.
W12673,Jagat Mangat,Howrah,Zilla Panchayat,Road Construction,34.73,20.8,0.0,0.0,0.0,20.8,8.32,LOW,NORMAL,No major anomaly detected by the current risk layers.
W12494,Yamini Chand,Varanasi,Public Works Department,Public Toilet Complex,2.24,20.8,0.0,0.0,0.0,20.8,8.32,LOW,NORMAL,No major anomaly detected by the current risk layers.
W11421,Hemang Bava,Bengaluru Urban,State Housing Board,Street Lighting,1.46,20.76,0.0,0.0,0.0,20.76,8.31,LOW,NORMAL,No major anomaly detected by the current risk layers.
W12036,Ekansh Sami,Mysuru,State Housing Board,Street Lighting,3.17,20.78,0.0,0.0,0.0,20.78,8.31,LOW,NORMAL,No major anomaly detected by the current risk layers.
W11743,Ekansh Sami,Howrah,District Rural Development Agency,Community Health Center,31.9,20.73,0.0,0.0,0.0,20.73,8.29,LOW,NORMAL,No major anomaly detected by the current risk layers.
W11942,Tanish Iyer,Bengaluru Urban,Municipal Corporation,Street Lighting,1.49,20.7,0.0,0.0,0.0,20.7,8.28,LOW,NORMAL,No major anomaly detected by the current risk layers.
W12779,Ishwar Boase,Chennai,District Rural Development Agency,Road Construction,29.85,20.71,0.0,0.0,0.0,20.71,8.28,LOW,NORMAL,No major anomaly detected by the current risk layers.
W11774,Lucky Prashad,Howrah,State Housing Board,Community Health Center,27.0,20.71,0.0,0.0,0.0,20.71,8.28,LOW,NORMAL,No major anomaly detected by the current risk layers.
W10103,Triya Khatri,Asansol,Zilla Panchayat,Drinking Water Supply,14.03,20.7,0.0,0.0,0.0,20.7,8.28,LOW,NORMAL,No major anomaly detected by the current risk layers.
W11424,Meera Banerjee,Dharwad,State Housing Board,Street Lighting,2.47,20.67,0.0,0.0,0.0,20.67,8.27,LOW,NORMAL,No major anomaly detected by the current risk layers.
W11820,Victor Venkataraman,Thane,Zilla Panchayat,Street Lighting,1.54,20.65,0.0,0.0,0.0,20.65,8.26,LOW,NORMAL,No major anomaly detected by the current risk layers.
W12910,Pallavi Krish,Kolkata,Zilla Panchayat,Public Toilet Complex,3.85,20.66,0.0,0.0,0.0,20.66,8.26,LOW,NORMAL,No major anomaly detected by the current risk layers.
W12531,Bachittar Choudhry,Madurai,State Housing Board,Public Toilet Complex,7.94,20.63,0.0,0.0,0.0,20.63,8.25,LOW,NORMAL,No major anomaly detected by the current risk layers.
W12358,Ronith Zachariah,Asansol,State Housing Board,Drainage System,13.55,20.63,0.0,0.0,0.0,20.63,8.25,LOW,NORMAL,No major anomaly detected by the current risk layers.
W11411,Eesha Memon,Belagavi,Municipal Corporation,Community Health Center,41.64,20.6,0.0,0.0,0.0,20.6,8.24,LOW,NORMAL,No major anomaly detected by the current risk layers.
W10859,Ria Ratta,Kolkata,Zilla Panchayat,Public Toilet Complex,3.28,20.57,0.0,0.0,0.0,20.57,8.23,LOW,NORMAL,No major anomaly detected by the current risk layers.
W11136,Ishwar Boase,Lucknow,Zilla Panchayat,Community Health Center,41.82,20.54,0.0,0.0,0.0,20.54,8.22,LOW,NORMAL,No major anomaly detected by the current risk layers.
W11270,Owen Bala,Thane,District Rural Development Agency,Drinking Water Supply,18.69,20.55,0.0,0.0,0.0,20.55,8.22,LOW,NORMAL,No major anomaly detected by the current risk layers.
W10808,Yadavi Deshmukh,Pune,Zilla Panchayat,Street Lighting,4.83,20.55,0.0,0.0,0.0,20.55,8.22,LOW,NORMAL,No major anomaly detected by the current risk layers.
W11919,Varsha Morar,Nagpur,District Rural Development Agency,Drainage System,13.92,20.54,0.0,0.0,0.0,20.54,8.22,LOW,NORMAL,No major anomaly detected by the current risk layers.
W11338,Ekansh Sami,Asansol,State Housing Board,Street Lighting,1.14,20.52,0.0,0.0,0.0,20.52,8.21,LOW,NORMAL,No major anomaly detected by the current risk layers.
W11154,Yamini Chand,Agra,District Rural Development Agency,Drainage System,12.62,20.53,0.0,0.0,0.0,20.53,8.21,LOW,NORMAL,No major anomaly detected by the current risk layers.
W11138,Ekansh Sami,Kolkata,Municipal Corporation,Road Construction,39.16,20.53,0.0,0.0,0.0,20.53,8.21,LOW,NORMAL,No major anomaly detected by the current risk layers.
W12520,Vrinda Biswas,Agra,Public Works Department,Public Toilet Complex,4.64,20.48,0.0,0.0,0.0,20.48,8.19,LOW,NORMAL,No major anomaly detected by the current risk layers.
W11541,Widisha Yohannan,Varanasi,Municipal Corporation,Drinking Water Supply,19.81,20.48,0.0,0.0,0.0,20.48,8.19,LOW,NORMAL,No major anomaly detected by the current risk layers.
W12409,Ronith Zachariah,Mysuru,Municipal Corporation,Community Health Center,23.63,20.49,0.0,0.0,0.0,20.49,8.19,LOW,NORMAL,No major anomaly detected by the current risk layers.
W11633,Ekansh Sami,Belagavi,District Rural Development Agency,Road Construction,22.86,20.45,0.0,0.0,0.0,20.45,8.18,LOW,NORMAL,No major anomaly detected by the current risk layers.
W12908,Gabriel Thaman,Belagavi,District Rural Development Agency,Public Toilet Complex,3.32,20.46,0.0,0.0,0.0,20.46,8.18,LOW,NORMAL,No major anomaly detected by the current risk layers.
W12091,Harrison Kapur,Coimbatore,Zilla Panchayat,Road Construction,13.95,20.45,0.0,0.0,0.0,20.45,8.18,LOW,NORMAL,No major anomaly detected by the current risk layers.
W11973,Rayaan Mand,Coimbatore,Public Works Department,Road Construction,20.54,20.45,0.0,0.0,0.0,20.45,8.18,LOW,NORMAL,No major anomaly detected by the current risk layers.
W12927,Azaan Gupta,Coimbatore,Zilla Panchayat,Community Health Center,36.05,20.43,0.0,0.0,0.0,20.43,8.17,LOW,NORMAL,No major anomaly detected by the current risk layers.
W11304,Meera Banerjee,Darjeeling,Municipal Corporation,Community Health Center,28.52,20.41,0.0,0.0,0.0,20.41,8.16,LOW,NORMAL,No major anomaly detected by the current risk layers.
W10061,Ishwar Boase,Pune,Zilla Panchayat,Drinking Water Supply,10.07,20.41,0.0,0.0,0.0,20.41,8.16,LOW,NORMAL,No major anomaly detected by the current risk layers.
W12532,Yadavi Deshmukh,Asansol,Zilla Panchayat,Community Health Center,11.07,20.4,0.0,0.0,0.0,20.4,8.16,LOW,NORMAL,No major anomaly detected by the current risk layers.
W11553,Yutika Rana,Nagpur,Zilla Panchayat,Road Construction,30.09,20.41,0.0,0.0,0.0,20.41,8.16,LOW,NORMAL,No major anomaly detected by the current risk layers.
W12501,Triya Khatri,Chennai,Public Works Department,Community Health Center,21.99,20.41,0.0,0.0,0.0,20.41,8.16,LOW,NORMAL,No major anomaly detected by the current risk layers.
W12135,Yutika Rana,Thane,State Housing Board,Community Health Center,28.12,20.37,0.0,0.0,0.0,20.37,8.15,LOW,NORMAL,No major anomaly detected by the current risk layers.
W12544,Onveer Kata,Dharwad,Public Works Department,Road Construction,27.25,20.37,0.0,0.0,0.0,20.37,8.15,LOW,NORMAL,No major anomaly detected by the current risk layers.
W11110,Bachittar Choudhry,Lucknow,Zilla Panchayat,Street Lighting,1.78,20.37,0.0,0.0,0.0,20.37,8.15,LOW,NORMAL,No major anomaly detected by the current risk layers.
W10261,Victor Venkataraman,Varanasi,District Rural Development Agency,Street Lighting,5.89,20.34,0.0,0.0,0.0,20.34,8.14,LOW,NORMAL,No major anomaly detected by the current risk layers.
W12678,Harrison Kapur,Kolkata,Zilla Panchayat,Road Construction,29.8,20.33,0.0,0.0,0.0,20.33,8.13,LOW,NORMAL,No major anomaly detected by the current risk layers.
W10064,Widisha Yohannan,Howrah,Municipal Corporation,Community Health Center,37.98,20.32,0.0,0.0,0.0,20.32,8.13,LOW,NORMAL,No major anomaly detected by the current risk layers.
W12923,Gabriel Thaman,Mysuru,District Rural Development Agency,Street Lighting,1.98,20.34,0.0,0.0,0.0,20.34,8.13,LOW,NORMAL,No major anomaly detected by the current risk layers.
W11872,Varsha Morar,Agra,Zilla Panchayat,Public Toilet Complex,5.72,20.33,0.0,0.0,0.0,20.33,8.13,LOW,NORMAL,No major anomaly detected by the current risk layers.
W11009,Meera Banerjee,Howrah,Zilla Panchayat,Community Health Center,29.37,20.31,0.0,0.0,0.0,20.31,8.13,LOW,NORMAL,No major anomaly detected by the current risk layers.
W11695,Widisha Yohannan,Kanpur,District Rural Development Agency,Community Health Center,28.93,20.3,0.0,0.0,0.0,20.3,8.12,LOW,NORMAL,No major anomaly detected by the current risk layers.
W12556,Pallavi Krish,Agra,State Housing Board,Road Construction,38.83,20.31,0.0,0.0,0.0,20.31,8.12,LOW,NORMAL,No major anomaly detected by the current risk layers.
W11844,Mugdha Varty,Kanpur,Zilla Panchayat,Road Construction,30.0,20.3,0.0,0.0,0.0,20.3,8.12,LOW,NORMAL,No major anomaly detected by the current risk layers.
W10425,Meera Banerjee,Kanpur,State Housing Board,Road Construction,21.07,20.28,0.0,0.0,0.0,20.28,8.11,LOW,NORMAL,No major anomaly detected by the current risk layers.
W10207,Yadavi Deshmukh,Nagpur,State Housing Board,Street Lighting,3.55,20.26,0.0,0.0,0.0,20.26,8.11,LOW,NORMAL,No major anomaly detected by the current risk layers.
W11902,Mugdha Varty,Nashik,Municipal Corporation,Community Health Center,28.57,20.24,0.0,0.0,0.0,20.24,8.1,LOW,NORMAL,No major anomaly detected by the current risk layers.
W12100,Owen Bala,Nashik,Public Works Department,Street Lighting,1.64,20.21,0.0,0.0,0.0,20.21,8.09,LOW,NORMAL,No major anomaly detected by the current risk layers.
W11148,Deepa Gala,Pune,Public Works Department,Community Health Center,21.34,20.22,0.0,0.0,0.0,20.22,8.09,LOW,NORMAL,No major anomaly detected by the current risk layers.
W11301,Nicholas Gour,Lucknow,Zilla Panchayat,Road Construction,35.99,20.2,0.0,0.0,0.0,20.2,8.08,LOW,NORMAL,No major anomaly detected by the current risk layers.
W11618,Vanya Suresh,Dharwad,Municipal Corporation,Road Construction,22.5,20.21,0.0,0.0,0.0,20.21,8.08,LOW,NORMAL,No major anomaly detected by the current risk layers.
W12790,Vrinda Biswas,Kanpur,Zilla Panchayat,Street Lighting,1.7,20.2,0.0,0.0,0.0,20.2,8.08,LOW,NORMAL,No major anomaly detected by the current risk layers.
W12651,Meera Banerjee,Mysuru,Zilla Panchayat,Community Health Center,13.35,20.19,0.0,0.0,0.0,20.19,8.07,LOW,NORMAL,No major anomaly detected by the current risk layers.
W10052,Nicholas Gour,Asansol,District Rural Development Agency,Road Construction,24.51,20.16,0.0,0.0,0.0,20.16,8.07,LOW,NORMAL,No major anomaly detected by the current risk layers.
W10153,Azaan Gupta,Kanpur,Municipal Corporation,Road Construction,20.77,20.18,0.0,0.0,0.0,20.18,8.07,LOW,NORMAL,No major anomaly detected by the current risk layers.
W11346,Widisha Yohannan,Dharwad,Public Works Department,Road Construction,27.6,20.16,0.0,0.0,0.0,20.16,8.06,LOW,NORMAL,No major anomaly detected by the current risk layers.
W12985,Yamini Chand,Nashik,Zilla Panchayat,Community Health Center,14.26,20.15,0.0,0.0,0.0,20.15,8.06,LOW,NORMAL,No major anomaly detected by the current risk layers.
W10018,Yamini Chand,Lucknow,Municipal Corporation,School Building Repair,5.7,20.14,0.0,0.0,0.0,20.14,8.06,LOW,NORMAL,No major anomaly detected by the current risk layers.
W11170,Jagat Mangat,Coimbatore,Municipal Corporation,Road Construction,23.62,20.16,0.0,0.0,0.0,20.16,8.06,LOW,NORMAL,No major anomaly detected by the current risk layers.
W10897,Widisha Yohannan,Dharwad,District Rural Development Agency,Drinking Water Supply,18.24,20.15,0.0,0.0,0.0,20.15,8.06,LOW,NORMAL,No major anomaly detected by the current risk layers.
W10217,Ronith Zachariah,Nashik,District Rural Development Agency,Road Construction,15.07,20.14,0.0,0.0,0.0,20.14,8.06,LOW,NORMAL,No major anomaly detected by the current risk layers.
W11941,Ekansh Sami,Howrah,Municipal Corporation,Road Construction,20.73,20.13,0.0,0.0,0.0,20.13,8.05,LOW,NORMAL,No major anomaly detected by the current risk layers.
W10805,Gaurav Chandra,Mysuru,Public Works Department,School Building Repair,3.65,20.11,0.0,0.0,0.0,20.11,8.05,LOW,NORMAL,No major anomaly detected by the current risk layers.
W10643,Krishna Pant,Agra,Public Works Department,Street Lighting,2.06,20.14,0.0,0.0,0.0,20.14,8.05,LOW,NORMAL,No major anomaly detected by the current risk layers.
W12281,Varsha Morar,Pune,Zilla Panchayat,Drainage System,4.02,20.1,0.0,0.0,0.0,20.1,8.04,LOW,NORMAL,No major anomaly detected by the current risk layers.
W10629,Mugdha Varty,Madurai,State Housing Board,Drainage System,5.97,20.1,0.0,0.0,0.0,20.1,8.04,LOW,NORMAL,No major anomaly detected by the current risk layers.
W11047,Ronith Zachariah,Bengaluru Urban,Municipal Corporation,Community Health Center,26.29,20.11,0.0,0.0,0.0,20.11,8.04,LOW,NORMAL,No major anomaly detected by the current risk layers.
W12423,Jagat Mangat,Pune,Zilla Panchayat,School Building Repair,4.21,20.11,0.0,0.0,0.0,20.11,8.04,LOW,NORMAL,No major anomaly detected by the current risk layers.
W12979,Vrinda Biswas,Pune,District Rural Development Agency,Drinking Water Supply,15.18,20.09,0.0,0.0,0.0,20.09,8.04,LOW,NORMAL,No major anomaly detected by the current risk layers.
W11839,Owen Bansal,Asansol,Zilla Panchayat,Street Lighting,2.95,20.08,0.0,0.0,0.0,20.08,8.03,LOW,NORMAL,No major anomaly detected by the current risk layers.
W12879,Gabriel Thaman,Asansol,District Rural Development Agency,Drainage System,5.86,20.07,0.0,0.0,0.0,20.07,8.03,LOW,NORMAL,No major anomaly detected by the current risk layers.
W10246,Hemang Bava,Thane,Municipal Corporation,School Building Repair,6.06,20.08,0.0,0.0,0.0,20.08,8.03,LOW,NORMAL,No major anomaly detected by the current risk layers.
W10248,Yutika Rana,Howrah,Municipal Corporation,Community Health Center,18.36,20.06,0.0,0.0,0.0,20.06,8.03,LOW,NORMAL,No major anomaly detected by the current risk layers.
W12776,Yutika Rana,Thane,Municipal Corporation,Community Health Center,43.97,20.05,0.0,0.0,0.0,20.05,8.02,LOW,NORMAL,No major anomaly detected by the current risk layers.
W11227,Christopher Kadakia,Thane,State Housing Board,Public Toilet Complex,6.52,20.06,0.0,0.0,0.0,20.06,8.02,LOW,NORMAL,No major anomaly detected by the current risk layers.
W10037,Azaan Gupta,Thane,Municipal Corporation,School Building Repair,3.5,20.04,0.0,0.0,0.0,20.04,8.02,LOW,NORMAL,No major anomaly detected by the current risk layers.
W11076,Triya Khatri,Darjeeling,Zilla Panchayat,Street Lighting,1.91,20.03,0.0,0.0,0.0,20.03,8.01,LOW,NORMAL,No major anomaly detected by the current risk layers.
W11363,Onveer Kata,Nashik,Public Works Department,Drinking Water Supply,4.08,20.02,0.0,0.0,0.0,20.02,8.01,LOW,NORMAL,No major anomaly detected by the current risk layers.
W12350,Owen Bala,Lucknow,District Rural Development Agency,Street Lighting,1.84,20.03,0.0,0.0,0.0,20.03,8.01,LOW,NORMAL,No major anomaly detected by the current risk layers.
W11993,Widisha Yohannan,Agra,Municipal Corporation,Community Health Center,26.42,19.99,0.0,0.0,0.0,19.99,8.0,LOW,NORMAL,No major anomaly detected by the current risk layers.
W10106,Gaurav Chandra,Nagpur,Zilla Panchayat,Road Construction,26.33,19.97,0.0,0.0,0.0,19.97,7.99,LOW,NORMAL,No major anomaly detected by the current risk layers.
W11014,Bachittar Choudhry,Nashik,State Housing Board,Road Construction,38.12,19.97,0.0,0.0,0.0,19.97,7.99,LOW,NORMAL,No major anomaly detected by the current risk layers.
W11767,Pallavi Krish,Chennai,Public Works Department,Road Construction,22.63,19.96,0.0,0.0,0.0,19.96,7.99,LOW,NORMAL,No major anomaly detected by the current risk layers.
W10117,Vrinda Biswas,Darjeeling,District Rural Development Agency,Street Lighting,2.11,19.96,0.0,0.0,0.0,19.96,7.99,LOW,NORMAL,No major anomaly detected by the current risk layers.
W10080,Azaan Gupta,Agra,District Rural Development Agency,Road Construction,25.2,19.99,0.0,0.0,0.0,19.99,7.99,LOW,NORMAL,No major anomaly detected by the current risk layers.
W10926,Owen Bansal,Madurai,Zilla Panchayat,Drainage System,17.95,19.97,0.0,0.0,0.0,19.97,7.99,LOW,NORMAL,No major anomaly detected by the current risk layers.
W10256,Gabriel Thaman,Pune,Zilla Panchayat,School Building Repair,9.07,19.96,0.0,0.0,0.0,19.96,7.98,LOW,NORMAL,No major anomaly detected by the current risk layers.
W10572,Pallavi Krish,Chennai,Zilla Panchayat,Road Construction,28.51,19.94,0.0,0.0,0.0,19.94,7.98,LOW,NORMAL,No major anomaly detected by the current risk layers.
W12577,Vanya Suresh,Lucknow,Municipal Corporation,Public Toilet Complex,5.34,19.92,0.0,0.0,0.0,19.92,7.97,LOW,NORMAL,No major anomaly detected by the current risk layers.
W10110,Yamini Chand,Chennai,District Rural Development Agency,Street Lighting,5.33,19.9,0.0,0.0,0.0,19.9,7.96,LOW,NORMAL,No major anomaly detected by the current risk layers.
W10146,Deepa Gala,Asansol,Municipal Corporation,Street Lighting,1.39,19.91,0.0,0.0,0.0,19.91,7.96,LOW,NORMAL,No major anomaly detected by the current risk layers.
W12176,Meera Banerjee,Howrah,Public Works Department,Community Health Center,26.54,19.89,0.0,0.0,0.0,19.89,7.96,LOW,NORMAL,No major anomaly detected by the current risk layers.
W11051,Oliver Sarma,Bengaluru Urban,State Housing Board,Public Toilet Complex,2.08,19.89,0.0,0.0,0.0,19.89,7.95,LOW,NORMAL,No major anomaly detected by the current risk layers.
W12078,Advaith Gole,Madurai,Zilla Panchayat,School Building Repair,3.55,19.87,0.0,0.0,0.0,19.87,7.95,LOW,NORMAL,No major anomaly detected by the current risk layers.
W11419,Bachittar Choudhry,Agra,District Rural Development Agency,Community Health Center,42.24,19.85,0.0,0.0,0.0,19.85,7.94,LOW,NORMAL,No major anomaly detected by the current risk layers.
W12668,Yug Choudhry,Mysuru,Zilla Panchayat,Road Construction,24.72,19.84,0.0,0.0,0.0,19.84,7.94,LOW,NORMAL,No major anomaly detected by the current risk layers.
W12204,Oliver Sarma,Pune,Zilla Panchayat,School Building Repair,6.25,19.84,0.0,0.0,0.0,19.84,7.94,LOW,NORMAL,No major anomaly detected by the current risk layers.
W10184,Vrinda Biswas,Lucknow,Municipal Corporation,Street Lighting,1.69,19.81,0.0,0.0,0.0,19.81,7.93,LOW,NORMAL,No major anomaly detected by the current risk layers.
W11694,Jagat Mangat,Nagpur,District Rural Development Agency,Street Lighting,3.41,19.83,0.0,0.0,0.0,19.83,7.93,LOW,NORMAL,No major anomaly detected by the current risk layers.
W11960,Christopher Kadakia,Thane,State Housing Board,Road Construction,23.04,19.79,0.0,0.0,0.0,19.79,7.92,LOW,NORMAL,No major anomaly detected by the current risk layers.
W10193,Eesha Memon,Madurai,Public Works Department,Drainage System,4.18,19.8,0.0,0.0,0.0,19.8,7.92,LOW,NORMAL,No major anomaly detected by the current risk layers.
W11920,Yutika Rana,Darjeeling,Municipal Corporation,Public Toilet Complex,2.14,19.78,0.0,0.0,0.0,19.78,7.91,LOW,NORMAL,No major anomaly detected by the current risk layers.
W12333,Mugdha Varty,Kolkata,Zilla Panchayat,Drinking Water Supply,7.09,19.78,0.0,0.0,0.0,19.78,7.91,LOW,NORMAL,No major anomaly detected by the current risk layers.
W11050,Widisha Yohannan,Varanasi,Public Works Department,Street Lighting,1.5,19.75,0.0,0.0,0.0,19.75,7.9,LOW,NORMAL,No major anomaly detected by the current risk layers.
W12099,Nicholas Gour,Howrah,Zilla Panchayat,School Building Repair,11.67,19.74,0.0,0.0,0.0,19.74,7.9,LOW,NORMAL,No major anomaly detected by the current risk layers.
W10561,Victor Venkataraman,Belagavi,Public Works Department,Street Lighting,1.08,19.73,0.0,0.0,0.0,19.73,7.89,LOW,NORMAL,No major anomaly detected by the current risk layers.
W12690,Azaan Gupta,Kanpur,Zilla Panchayat,School Building Repair,7.06,19.72,0.0,0.0,0.0,19.72,7.89,LOW,NORMAL,No major anomaly detected by the current risk layers.
W12433,Deepa Gala,Pune,Public Works Department,Community Health Center,22.72,19.72,0.0,0.0,0.0,19.72,7.89,LOW,NORMAL,No major anomaly detected by the current risk layers.
W12366,Ekansh Sami,Chennai,District Rural Development Agency,School Building Repair,12.14,19.72,0.0,0.0,0.0,19.72,7.89,LOW,NORMAL,No major anomaly detected by the current risk layers.
W10234,Vanya Suresh,Chennai,District Rural Development Agency,Public Toilet Complex,3.31,19.73,0.0,0.0,0.0,19.73,7.89,LOW,NORMAL,No major anomaly detected by the current risk layers.
W10422,Nicholas Gour,Kolkata,Public Works Department,Community Health Center,36.47,19.71,0.0,0.0,0.0,19.71,7.89,LOW,NORMAL,No major anomaly detected by the current risk layers.
W10298,Vanya Suresh,Bengaluru Urban,Municipal Corporation,Drinking Water Supply,16.4,19.72,0.0,0.0,0.0,19.72,7.89,LOW,NORMAL,No major anomaly detected by the current risk layers.
W11550,Eesha Memon,Nagpur,District Rural Development Agency,Drainage System,4.31,19.71,0.0,0.0,0.0,19.71,7.88,LOW,NORMAL,No major anomaly detected by the current risk layers.
W10952,Vrinda Biswas,Madurai,State Housing Board,Street Lighting,4.13,19.71,0.0,0.0,0.0,19.71,7.88,LOW,NORMAL,No major anomaly detected by the current risk layers.
W12345,Leena Butala,Kolkata,Zilla Panchayat,Road Construction,16.86,19.68,0.0,0.0,0.0,19.68,7.87,LOW,NORMAL,No major anomaly detected by the current risk layers.
W11672,Lucky Prashad,Madurai,Public Works Department,Community Health Center,19.83,19.66,0.0,0.0,0.0,19.66,7.87,LOW,NORMAL,No major anomaly detected by the current risk layers.
W10756,Ekansh Sami,Mysuru,Municipal Corporation,Community Health Center,34.18,19.67,0.0,0.0,0.0,19.67,7.87,LOW,NORMAL,No major anomaly detected by the current risk layers.
W11041,Krishna Pant,Dharwad,Public Works Department,Community Health Center,32.0,19.68,0.0,0.0,0.0,19.68,7.87,LOW,NORMAL,No major anomaly detected by the current risk layers.
W12752,Leena Butala,Nashik,State Housing Board,Community Health Center,31.94,19.68,0.0,0.0,0.0,19.68,7.87,LOW,NORMAL,No major anomaly detected by the current risk layers.
W11374,Krishna Pant,Varanasi,Municipal Corporation,Road Construction,23.64,19.64,0.0,0.0,0.0,19.64,7.86,LOW,NORMAL,No major anomaly detected by the current risk layers.
W10770,Victor Venkataraman,Kolkata,District Rural Development Agency,Street Lighting,2.68,19.65,0.0,0.0,0.0,19.65,7.86,LOW,NORMAL,No major anomaly detected by the current risk layers.
W12075,Pallavi Krish,Nashik,Public Works Department,Drainage System,13.82,19.66,0.0,0.0,0.0,19.66,7.86,LOW,NORMAL,No major anomaly detected by the current risk layers.
W11506,Ekansh Sami,Belagavi,State Housing Board,Community Health Center,17.53,19.62,0.0,0.0,0.0,19.62,7.85,LOW,NORMAL,No major anomaly detected by the current risk layers.
W10971,Advaith Gole,Dharwad,Zilla Panchayat,Street Lighting,1.81,19.61,0.0,0.0,0.0,19.61,7.85,LOW,NORMAL,No major anomaly detected by the current risk layers.
W10069,Onveer Kata,Asansol,State Housing Board,Community Health Center,27.42,19.64,0.0,0.0,0.0,19.64,7.85,LOW,NORMAL,No major anomaly detected by the current risk layers.
W10753,Ronith Zachariah,Agra,State Housing Board,Drinking Water Supply,16.24,19.6,0.0,0.0,0.0,19.6,7.84,LOW,NORMAL,No major anomaly detected by the current risk layers.
W10446,Meera Banerjee,Nashik,State Housing Board,Street Lighting,1.25,19.59,0.0,0.0,0.0,19.59,7.83,LOW,NORMAL,No major anomaly detected by the current risk layers.
W11276,Krishna Pant,Dharwad,Public Works Department,Street Lighting,4.06,19.54,0.0,0.0,0.0,19.54,7.82,LOW,NORMAL,No major anomaly detected by the current risk layers.
W12822,Lucky Prashad,Bengaluru Urban,Public Works Department,Road Construction,25.18,19.54,0.0,0.0,0.0,19.54,7.82,LOW,NORMAL,No major anomaly detected by the current risk layers.
W11522,Bachittar Choudhry,Madurai,District Rural Development Agency,Road Construction,10.02,19.54,0.0,0.0,0.0,19.54,7.82,LOW,NORMAL,No major anomaly detected by the current risk layers.
W12050,Christopher Kadakia,Mysuru,State Housing Board,Community Health Center,12.9,19.53,0.0,0.0,0.0,19.53,7.81,LOW,NORMAL,No major anomaly detected by the current risk layers.
W11927,Mugdha Varty,Nashik,Municipal Corporation,School Building Repair,4.21,19.52,0.0,0.0,0.0,19.52,7.81,LOW,NORMAL,No major anomaly detected by the current risk layers.
W11956,Triya Khatri,Darjeeling,Zilla Panchayat,Road Construction,19.38,19.53,0.0,0.0,0.0,19.53,7.81,LOW,NORMAL,No major anomaly detected by the current risk layers.
W12489,Odika Naik,Bengaluru Urban,Zilla Panchayat,Street Lighting,1.92,19.5,0.0,0.0,0.0,19.5,7.8,LOW,NORMAL,No major anomaly detected by the current risk layers.
W12001,Ekansh Sami,Asansol,State Housing Board,Road Construction,5.21,19.5,0.0,0.0,0.0,19.5,7.8,LOW,NORMAL,No major anomaly detected by the current risk layers.
W12564,Widisha Yohannan,Kanpur,State Housing Board,Road Construction,25.7,19.5,0.0,0.0,0.0,19.5,7.8,LOW,NORMAL,No major anomaly detected by the current risk layers.
W12834,Ekansh Sami,Thane,State Housing Board,Road Construction,23.87,19.51,0.0,0.0,0.0,19.51,7.8,LOW,NORMAL,No major anomaly detected by the current risk layers.
W11086,Odika Naik,Coimbatore,District Rural Development Agency,Road Construction,13.58,19.5,0.0,0.0,0.0,19.5,7.8,LOW,NORMAL,No major anomaly detected by the current risk layers.
W11233,Onveer Kata,Pune,Zilla Panchayat,School Building Repair,11.38,19.47,0.0,0.0,0.0,19.47,7.79,LOW,NORMAL,No major anomaly detected by the current risk layers.
W12165,Ekansh Sami,Howrah,Zilla Panchayat,School Building Repair,8.25,19.46,0.0,0.0,0.0,19.46,7.79,LOW,NORMAL,No major anomaly detected by the current risk layers.
W10195,Bachittar Choudhry,Chennai,District Rural Development Agency,Drainage System,15.96,19.46,0.0,0.0,0.0,19.46,7.78,LOW,NORMAL,No major anomaly detected by the current risk layers.
W10882,Ishwar Boase,Mysuru,State Housing Board,Public Toilet Complex,7.53,19.44,0.0,0.0,0.0,19.44,7.78,LOW,NORMAL,No major anomaly detected by the current risk layers.
W10083,Lucky Prashad,Mysuru,District Rural Development Agency,School Building Repair,5.09,19.45,0.0,0.0,0.0,19.45,7.78,LOW,NORMAL,No major anomaly detected by the current risk layers.
W10589,Krishna Pant,Pune,Zilla Panchayat,Drinking Water Supply,5.27,19.41,0.0,0.0,0.0,19.41,7.77,LOW,NORMAL,No major anomaly detected by the current risk layers.
W11795,Ria Ratta,Nashik,District Rural Development Agency,Community Health Center,21.9,19.43,0.0,0.0,0.0,19.43,7.77,LOW,NORMAL,No major anomaly detected by the current risk layers.
W10355,Ronith Zachariah,Thane,Public Works Department,Road Construction,8.16,19.43,0.0,0.0,0.0,19.43,7.77,LOW,NORMAL,No major anomaly detected by the current risk layers.
W11375,Bachittar Choudhry,Asansol,District Rural Development Agency,Community Health Center,26.41,19.43,0.0,0.0,0.0,19.43,7.77,LOW,NORMAL,No major anomaly detected by the current risk layers.
W10838,Pallavi Krish,Lucknow,State Housing Board,Street Lighting,2.13,19.4,0.0,0.0,0.0,19.4,7.76,LOW,NORMAL,No major anomaly detected by the current risk layers.
W12157,Bachittar Choudhry,Belagavi,Zilla Panchayat,Public Toilet Complex,3.66,19.39,0.0,0.0,0.0,19.39,7.76,LOW,NORMAL,No major anomaly detected by the current risk layers.
W12787,Yamini Chand,Dharwad,District Rural Development Agency,Road Construction,28.22,19.41,0.0,0.0,0.0,19.41,7.76,LOW,NORMAL,No major anomaly detected by the current risk layers.
W10198,Owen Bansal,Nashik,Municipal Corporation,Street Lighting,1.72,19.4,0.0,0.0,0.0,19.4,7.76,LOW,NORMAL,No major anomaly detected by the current risk layers.
W10627,Krishna Pant,Darjeeling,Public Works Department,Street Lighting,3.22,19.4,0.0,0.0,0.0,19.4,7.76,LOW,NORMAL,No major anomaly detected by the current risk layers.
W10329,Rayaan Mand,Bengaluru Urban,Public Works Department,Drainage System,15.94,19.38,0.0,0.0,0.0,19.38,7.75,LOW,NORMAL,No major anomaly detected by the current risk layers.
W11729,Bachittar Choudhry,Varanasi,District Rural Development Agency,Public Toilet Complex,4.21,19.35,0.0,0.0,0.0,19.35,7.74,LOW,NORMAL,No major anomaly detected by the current risk layers.
W11527,Jagat Mangat,Pune,State Housing Board,Community Health Center,26.41,19.36,0.0,0.0,0.0,19.36,7.74,LOW,NORMAL,No major anomaly detected by the current risk layers.
W12747,Azaan Gupta,Asansol,Municipal Corporation,Community Health Center,22.01,19.34,0.0,0.0,0.0,19.34,7.74,LOW,NORMAL,No major anomaly detected by the current risk layers.
W12080,Victor Venkataraman,Agra,Public Works Department,Community Health Center,20.51,19.32,0.0,0.0,0.0,19.32,7.73,LOW,NORMAL,No major anomaly detected by the current risk layers.
W11193,Christopher Kadakia,Thane,State Housing Board,Public Toilet Complex,2.04,19.32,0.0,0.0,0.0,19.32,7.73,LOW,NORMAL,No major anomaly detected by the current risk layers.
W12755,Ronith Zachariah,Mysuru,Public Works Department,Road Construction,22.4,19.3,0.0,0.0,0.0,19.3,7.72,LOW,NORMAL,No major anomaly detected by the current risk layers.
W10997,Owen Bansal,Agra,Public Works Department,School Building Repair,10.22,19.3,0.0,0.0,0.0,19.3,7.72,LOW,NORMAL,No major anomaly detected by the current risk layers.
W12840,Varsha Morar,Howrah,Municipal Corporation,Road Construction,8.3,19.3,0.0,0.0,0.0,19.3,7.72,LOW,NORMAL,No major anomaly detected by the current risk layers.
W12081,Advaith Gole,Nashik,Municipal Corporation,Drinking Water Supply,13.3,19.3,0.0,0.0,0.0,19.3,7.72,LOW,NORMAL,No major anomaly detected by the current risk layers.
W12137,Tanish Iyer,Kolkata,Municipal Corporation,Road Construction,37.47,19.27,0.0,0.0,0.0,19.27,7.71,LOW,NORMAL,No major anomaly detected by the current risk layers.
W12085,Sanya Swamy,Nagpur,District Rural Development Agency,Drinking Water Supply,9.3,19.27,0.0,0.0,0.0,19.27,7.71,LOW,NORMAL,No major anomaly detected by the current risk layers.
W10138,Varsha Morar,Madurai,State Housing Board,Drainage System,17.12,19.27,0.0,0.0,0.0,19.27,7.71,LOW,NORMAL,No major anomaly detected by the current risk layers.
W12610,Ishwar Boase,Nashik,Zilla Panchayat,Street Lighting,3.12,19.24,0.0,0.0,0.0,19.24,7.7,LOW,NORMAL,No major anomaly detected by the current risk layers.
W10644,Rayaan Mand,Salem,Public Works Department,School Building Repair,6.46,19.23,0.0,0.0,0.0,19.23,7.69,LOW,NORMAL,No major anomaly detected by the current risk layers.
W11240,Gabriel Thaman,Salem,Municipal Corporation,Road Construction,26.54,19.21,0.0,0.0,0.0,19.21,7.69,LOW,NORMAL,No major anomaly detected by the current risk layers.
W12391,Mugdha Varty,Dharwad,Zilla Panchayat,Drainage System,9.27,19.2,0.0,0.0,0.0,19.2,7.68,LOW,NORMAL,No major anomaly detected by the current risk layers.
W12417,Pallavi Krish,Darjeeling,Zilla Panchayat,Drainage System,9.84,19.19,0.0,0.0,0.0,19.19,7.68,LOW,NORMAL,No major anomaly detected by the current risk layers.
W11833,Tanish Iyer,Chennai,District Rural Development Agency,Drinking Water Supply,19.36,19.2,0.0,0.0,0.0,19.2,7.68,LOW,NORMAL,No major anomaly detected by the current risk layers.
W11213,Vanya Suresh,Bengaluru Urban,Public Works Department,School Building Repair,3.4,19.18,0.0,0.0,0.0,19.18,7.67,LOW,NORMAL,No major anomaly detected by the current risk layers.
W10937,Yutika Rana,Kanpur,Municipal Corporation,Street Lighting,3.88,19.15,0.0,0.0,0.0,19.15,7.66,LOW,NORMAL,No major anomaly detected by the current risk layers.
W10317,Victor Venkataraman,Chennai,State Housing Board,School Building Repair,9.64,19.15,0.0,0.0,0.0,19.15,7.66,LOW,NORMAL,No major anomaly detected by the current risk layers.
W10630,Eesha Memon,Dharwad,Zilla Panchayat,Road Construction,20.95,19.12,0.0,0.0,0.0,19.12,7.65,LOW,NORMAL,No major anomaly detected by the current risk layers.
W11095,Hemang Bava,Chennai,State Housing Board,Street Lighting,3.82,19.09,0.0,0.0,0.0,19.09,7.64,LOW,NORMAL,No major anomaly detected by the current risk layers.
W11814,Ekansh Sami,Madurai,Municipal Corporation,Community Health Center,13.07,19.11,0.0,0.0,0.0,19.11,7.64,LOW,NORMAL,No major anomaly detected by the current risk layers.
W12527,Vanya Suresh,Pune,State Housing Board,Community Health Center,17.67,19.08,0.0,0.0,0.0,19.08,7.63,LOW,NORMAL,No major anomaly detected by the current risk layers.
W11358,Deepa Gala,Madurai,Public Works Department,Community Health Center,37.56,19.08,0.0,0.0,0.0,19.08,7.63,LOW,NORMAL,No major anomaly detected by the current risk layers.
W12058,Rayaan Mand,Chennai,District Rural Development Agency,School Building Repair,13.82,19.08,0.0,0.0,0.0,19.08,7.63,LOW,NORMAL,No major anomaly detected by the current risk layers.
W11467,Sanya Swamy,Kolkata,Public Works Department,Road Construction,38.84,19.05,0.0,0.0,0.0,19.05,7.62,LOW,NORMAL,No major anomaly detected by the current risk layers.
W12546,Tanish Iyer,Pune,Zilla Panchayat,Public Toilet Complex,6.48,19.06,0.0,0.0,0.0,19.06,7.62,LOW,NORMAL,No major anomaly detected by the current risk layers.
W10988,Advaith Gole,Coimbatore,State Housing Board,Public Toilet Complex,2.86,19.02,0.0,0.0,0.0,19.02,7.61,LOW,NORMAL,No major anomaly detected by the current risk layers.
W11632,Jagat Mangat,Thane,Public Works Department,Road Construction,24.59,19.03,0.0,0.0,0.0,19.03,7.61,LOW,NORMAL,No major anomaly detected by the current risk layers.
W12279,Triya Khatri,Mysuru,District Rural Development Agency,Street Lighting,2.13,19.02,0.0,0.0,0.0,19.02,7.61,LOW,NORMAL,No major anomaly detected by the current risk layers.
W11371,Ishwar Boase,Nagpur,Public Works Department,Road Construction,24.98,19.01,0.0,0.0,0.0,19.01,7.6,LOW,NORMAL,No major anomaly detected by the current risk layers.
W11619,Advaith Gole,Dharwad,Municipal Corporation,Public Toilet Complex,5.52,19.0,0.0,0.0,0.0,19.0,7.6,LOW,NORMAL,No major anomaly detected by the current risk layers.
W11683,Ria Ratta,Nashik,Municipal Corporation,Road Construction,20.69,18.96,0.0,0.0,0.0,18.96,7.59,LOW,NORMAL,No major anomaly detected by the current risk layers.
W12807,Nicholas Gour,Bengaluru Urban,Zilla Panchayat,Community Health Center,22.73,18.96,0.0,0.0,0.0,18.96,7.59,LOW,NORMAL,No major anomaly detected by the current risk layers.
W12072,Advaith Gole,Salem,Municipal Corporation,Public Toilet Complex,7.34,18.96,0.0,0.0,0.0,18.96,7.58,LOW,NORMAL,No major anomaly detected by the current risk layers.
W10773,Christopher Kadakia,Asansol,Zilla Panchayat,School Building Repair,10.93,18.96,0.0,0.0,0.0,18.96,7.58,LOW,NORMAL,No major anomaly detected by the current risk layers.
W11808,Krishna Pant,Bengaluru Urban,District Rural Development Agency,Drinking Water Supply,16.46,18.92,0.0,0.0,0.0,18.92,7.57,LOW,NORMAL,No major anomaly detected by the current risk layers.
W11921,Lucky Prashad,Mysuru,Zilla Panchayat,Road Construction,25.18,18.93,0.0,0.0,0.0,18.93,7.57,LOW,NORMAL,No major anomaly detected by the current risk layers.
W10294,Christopher Kadakia,Nagpur,Public Works Department,Community Health Center,21.55,18.89,0.0,0.0,0.0,18.89,7.56,LOW,NORMAL,No major anomaly detected by the current risk layers.
W12631,Owen Bansal,Nagpur,Zilla Panchayat,Community Health Center,27.98,18.9,0.0,0.0,0.0,18.9,7.56,LOW,NORMAL,No major anomaly detected by the current risk layers.
W12456,Varsha Morar,Darjeeling,Public Works Department,Road Construction,29.46,18.9,0.0,0.0,0.0,18.9,7.56,LOW,NORMAL,No major anomaly detected by the current risk layers.
W11321,Eesha Memon,Lucknow,District Rural Development Agency,Road Construction,20.52,18.87,0.0,0.0,0.0,18.87,7.55,LOW,NORMAL,No major anomaly detected by the current risk layers.
W10641,Pallavi Krish,Kanpur,Municipal Corporation,Drainage System,7.41,18.87,0.0,0.0,0.0,18.87,7.55,LOW,NORMAL,No major anomaly detected by the current risk layers.
W11598,Harrison Kapur,Bengaluru Urban,District Rural Development Agency,Drainage System,3.47,18.87,0.0,0.0,0.0,18.87,7.55,LOW,NORMAL,No major anomaly detected by the current risk layers.
W12110,Advaith Gole,Agra,District Rural Development Agency,School Building Repair,4.81,18.86,0.0,0.0,0.0,18.86,7.54,LOW,NORMAL,No major anomaly detected by the current risk layers.
W11966,Owen Bansal,Thane,State Housing Board,Street Lighting,1.43,18.84,0.0,0.0,0.0,18.84,7.54,LOW,NORMAL,No major anomaly detected by the current risk layers.
W10226,Meera Banerjee,Agra,Zilla Panchayat,Street Lighting,2.64,18.84,0.0,0.0,0.0,18.84,7.54,LOW,NORMAL,No major anomaly detected by the current risk layers.
W10181,Jagat Mangat,Salem,Municipal Corporation,Road Construction,30.44,18.83,0.0,0.0,0.0,18.83,7.53,LOW,NORMAL,No major anomaly detected by the current risk layers.
W12967,Yutika Rana,Agra,Municipal Corporation,Road Construction,20.47,18.83,0.0,0.0,0.0,18.83,7.53,LOW,NORMAL,No major anomaly detected by the current risk layers.
W12141,Odika Naik,Madurai,Zilla Panchayat,Public Toilet Complex,2.93,18.8,0.0,0.0,0.0,18.8,7.52,LOW,NORMAL,No major anomaly detected by the current risk layers.
W11868,Deepa Gala,Howrah,Zilla Panchayat,Road Construction,37.69,18.79,0.0,0.0,0.0,18.79,7.52,LOW,NORMAL,No major anomaly detected by the current risk layers.
W10418,Vrinda Biswas,Agra,Zilla Panchayat,Community Health Center,20.87,18.77,0.0,0.0,0.0,18.77,7.51,LOW,NORMAL,No major anomaly detected by the current risk layers.
W12541,Vanya Suresh,Darjeeling,Zilla Panchayat,Street Lighting,1.92,18.78,0.0,0.0,0.0,18.78,7.51,LOW,NORMAL,No major anomaly detected by the current risk layers.
W11981,Tanish Iyer,Kolkata,District Rural Development Agency,Community Health Center,22.72,18.78,0.0,0.0,0.0,18.78,7.51,LOW,NORMAL,No major anomaly detected by the current risk layers.
W12460,Owen Bansal,Asansol,State Housing Board,Drinking Water Supply,13.97,18.77,0.0,0.0,0.0,18.77,7.51,LOW,NORMAL,No major anomaly detected by the current risk layers.
W12835,Lucky Prashad,Madurai,Zilla Panchayat,Community Health Center,18.83,18.77,0.0,0.0,0.0,18.77,7.51,LOW,NORMAL,No major anomaly detected by the current risk layers.
W11066,Bachittar Choudhry,Thane,Zilla Panchayat,Road Construction,22.36,18.74,0.0,0.0,0.0,18.74,7.49,LOW,NORMAL,No major anomaly detected by the current risk layers.
W10444,Yug Choudhry,Kanpur,Public Works Department,Public Toilet Complex,2.45,18.73,0.0,0.0,0.0,18.73,7.49,LOW,NORMAL,No major anomaly detected by the current risk layers.
W12383,Mugdha Varty,Howrah,Zilla Panchayat,School Building Repair,3.66,18.69,0.0,0.0,0.0,18.69,7.48,LOW,NORMAL,No major anomaly detected by the current risk layers.
W12357,Yug Choudhry,Mysuru,District Rural Development Agency,Road Construction,8.72,18.71,0.0,0.0,0.0,18.71,7.48,LOW,NORMAL,No major anomaly detected by the current risk layers.
W11494,Gabriel Thaman,Bengaluru Urban,Municipal Corporation,Street Lighting,1.3,18.71,0.0,0.0,0.0,18.71,7.48,LOW,NORMAL,No major anomaly detected by the current risk layers.
W11298,Advaith Gole,Salem,Public Works Department,Drainage System,3.08,18.7,0.0,0.0,0.0,18.7,7.48,LOW,NORMAL,No major anomaly detected by the current risk layers.
W10995,Mugdha Varty,Belagavi,Public Works Department,Road Construction,25.65,18.69,0.0,0.0,0.0,18.69,7.48,LOW,NORMAL,No major anomaly detected by the current risk layers.
W10258,Jagat Mangat,Pune,Zilla Panchayat,Road Construction,23.35,18.67,0.0,0.0,0.0,18.67,7.47,LOW,NORMAL,No major anomaly detected by the current risk layers.
W10710,Onveer Kata,Lucknow,Public Works Department,Road Construction,18.67,18.68,0.0,0.0,0.0,18.68,7.47,LOW,NORMAL,No major anomaly detected by the current risk layers.
W10553,Hemang Bava,Darjeeling,State Housing Board,Road Construction,17.82,18.68,0.0,0.0,0.0,18.68,7.47,LOW,NORMAL,No major anomaly detected by the current risk layers.
W11287,Leena Butala,Kanpur,District Rural Development Agency,Street Lighting,4.67,18.65,0.0,0.0,0.0,18.65,7.46,LOW,NORMAL,No major anomaly detected by the current risk layers.
W11446,Varsha Morar,Lucknow,Public Works Department,Drainage System,5.97,18.66,0.0,0.0,0.0,18.66,7.46,LOW,NORMAL,No major anomaly detected by the current risk layers.
W11605,Advaith Gole,Nagpur,District Rural Development Agency,Public Toilet Complex,4.69,18.62,0.0,0.0,0.0,18.62,7.45,LOW,NORMAL,No major anomaly detected by the current risk layers.
W12562,Deepa Gala,Kolkata,Public Works Department,Drainage System,7.57,18.62,0.0,0.0,0.0,18.62,7.45,LOW,NORMAL,No major anomaly detected by the current risk layers.
W10187,Vanya Suresh,Thane,Municipal Corporation,Road Construction,33.37,18.6,0.0,0.0,0.0,18.6,7.44,LOW,NORMAL,No major anomaly detected by the current risk layers.
W10828,Azaan Gupta,Nagpur,Zilla Panchayat,Public Toilet Complex,6.22,18.61,0.0,0.0,0.0,18.61,7.44,LOW,NORMAL,No major anomaly detected by the current risk layers.
W12201,Ronith Zachariah,Agra,District Rural Development Agency,Drinking Water Supply,18.93,18.59,0.0,0.0,0.0,18.59,7.44,LOW,NORMAL,No major anomaly detected by the current risk layers.
W12864,Yutika Rana,Belagavi,State Housing Board,Community Health Center,25.4,18.58,0.0,0.0,0.0,18.58,7.43,LOW,NORMAL,No major anomaly detected by the current risk layers.
W11008,Leena Butala,Bengaluru Urban,State Housing Board,Road Construction,9.27,18.57,0.0,0.0,0.0,18.57,7.43,LOW,NORMAL,No major anomaly detected by the current risk layers.
W12800,Pallavi Krish,Pune,State Housing Board,Public Toilet Complex,5.06,18.59,0.0,0.0,0.0,18.59,7.43,LOW,NORMAL,No major anomaly detected by the current risk layers.
W11933,Advaith Gole,Thane,Municipal Corporation,Road Construction,19.79,18.55,0.0,0.0,0.0,18.55,7.42,LOW,NORMAL,No major anomaly detected by the current risk layers.
W12325,Tanish Iyer,Salem,State Housing Board,Road Construction,23.51,18.55,0.0,0.0,0.0,18.55,7.42,LOW,NORMAL,No major anomaly detected by the current risk layers.
W11134,Vrinda Biswas,Mysuru,State Housing Board,Public Toilet Complex,2.14,18.55,0.0,0.0,0.0,18.55,7.42,LOW,NORMAL,No major anomaly detected by the current risk layers.
W10603,Christopher Kadakia,Mysuru,State Housing Board,Street Lighting,2.39,18.56,0.0,0.0,0.0,18.56,7.42,LOW,NORMAL,No major anomaly detected by the current risk layers.
W11717,Azaan Gupta,Darjeeling,State Housing Board,Community Health Center,20.61,18.55,0.0,0.0,0.0,18.55,7.42,LOW,NORMAL,No major anomaly detected by the current risk layers.
W11797,Jagat Mangat,Kanpur,Municipal Corporation,Drinking Water Supply,19.14,18.54,0.0,0.0,0.0,18.54,7.42,LOW,NORMAL,No major anomaly detected by the current risk layers.
W10167,Meera Banerjee,Dharwad,Zilla Panchayat,Street Lighting,2.87,18.54,0.0,0.0,0.0,18.54,7.42,LOW,NORMAL,No major anomaly detected by the current risk layers.
W10025,Yug Choudhry,Mysuru,Zilla Panchayat,Community Health Center,10.09,18.55,0.0,0.0,0.0,18.55,7.42,LOW,NORMAL,No major anomaly detected by the current risk layers.
W12209,Jagat Mangat,Kolkata,State Housing Board,School Building Repair,4.87,18.53,0.0,0.0,0.0,18.53,7.41,LOW,NORMAL,No major anomaly detected by the current risk layers.
W11882,Triya Khatri,Chennai,Public Works Department,Road Construction,34.35,18.52,0.0,0.0,0.0,18.52,7.41,LOW,NORMAL,No major anomaly detected by the current risk layers.
W12946,Owen Bala,Kanpur,Municipal Corporation,Street Lighting,1.96,18.52,0.0,0.0,0.0,18.52,7.41,LOW,NORMAL,No major anomaly detected by the current risk layers.
W12278,Varsha Morar,Darjeeling,Municipal Corporation,Public Toilet Complex,6.71,18.51,0.0,0.0,0.0,18.51,7.4,LOW,NORMAL,No major anomaly detected by the current risk layers.
W10222,Odika Naik,Pune,Public Works Department,School Building Repair,8.01,18.5,0.0,0.0,0.0,18.5,7.4,LOW,NORMAL,No major anomaly detected by the current risk layers.
W10724,Nicholas Gour,Varanasi,Municipal Corporation,Community Health Center,24.91,18.5,0.0,0.0,0.0,18.5,7.4,LOW,NORMAL,No major anomaly detected by the current risk layers.
W10042,Owen Bala,Asansol,State Housing Board,Public Toilet Complex,7.89,18.5,0.0,0.0,0.0,18.5,7.4,LOW,NORMAL,No major anomaly detected by the current risk layers.
W11945,Tanish Iyer,Darjeeling,Zilla Panchayat,Community Health Center,22.01,18.49,0.0,0.0,0.0,18.49,7.4,LOW,NORMAL,No major anomaly detected by the current risk layers.
W12962,Oliver Sarma,Asansol,District Rural Development Agency,Community Health Center,14.75,18.48,0.0,0.0,0.0,18.48,7.39,LOW,NORMAL,No major anomaly detected by the current risk layers.
W12127,Mugdha Varty,Varanasi,District Rural Development Agency,Drainage System,9.7,18.46,0.0,0.0,0.0,18.46,7.39,LOW,NORMAL,No major anomaly detected by the current risk layers.
W11944,Ria Ratta,Mysuru,Public Works Department,Road Construction,21.17,18.45,0.0,0.0,0.0,18.45,7.38,LOW,NORMAL,No major anomaly detected by the current risk layers.
W11483,Meera Banerjee,Coimbatore,Public Works Department,Drainage System,11.07,18.46,0.0,0.0,0.0,18.46,7.38,LOW,NORMAL,No major anomaly detected by the current risk layers.
W11979,Yadavi Deshmukh,Nagpur,Municipal Corporation,Road Construction,37.14,18.46,0.0,0.0,0.0,18.46,7.38,LOW,NORMAL,No major anomaly detected by the current risk layers.
W12280,Mugdha Varty,Madurai,State Housing Board,School Building Repair,4.22,18.41,0.0,0.0,0.0,18.41,7.37,LOW,NORMAL,No major anomaly detected by the current risk layers.
W10356,Christopher Kadakia,Belagavi,Public Works Department,Street Lighting,2.01,18.42,0.0,0.0,0.0,18.42,7.37,LOW,NORMAL,No major anomaly detected by the current risk layers.
W10679,Tanish Iyer,Howrah,District Rural Development Agency,Public Toilet Complex,5.48,18.42,0.0,0.0,0.0,18.42,7.37,LOW,NORMAL,No major anomaly detected by the current risk layers.
W11178,Rayaan Mand,Asansol,State Housing Board,Road Construction,14.45,18.43,0.0,0.0,0.0,18.43,7.37,LOW,NORMAL,No major anomaly detected by the current risk layers.
W12604,Meera Banerjee,Dharwad,Zilla Panchayat,Road Construction,9.66,18.43,0.0,0.0,0.0,18.43,7.37,LOW,NORMAL,No major anomaly detected by the current risk layers.
W10096,Owen Bansal,Agra,State Housing Board,Community Health Center,19.75,18.39,0.0,0.0,0.0,18.39,7.36,LOW,NORMAL,No major anomaly detected by the current risk layers.
W10716,Ria Ratta,Nagpur,Municipal Corporation,School Building Repair,4.4,18.39,0.0,0.0,0.0,18.39,7.36,LOW,NORMAL,No major anomaly detected by the current risk layers.
W11823,Tanish Iyer,Nagpur,District Rural Development Agency,Public Toilet Complex,4.25,18.38,0.0,0.0,0.0,18.38,7.35,LOW,NORMAL,No major anomaly detected by the current risk layers.
W11835,Nicholas Gour,Dharwad,Zilla Panchayat,Street Lighting,2.89,18.38,0.0,0.0,0.0,18.38,7.35,LOW,NORMAL,No major anomaly detected by the current risk layers.
W11720,Yadavi Deshmukh,Varanasi,Public Works Department,School Building Repair,9.54,18.39,0.0,0.0,0.0,18.39,7.35,LOW,NORMAL,No major anomaly detected by the current risk layers.
W12628,Harrison Kapur,Chennai,Municipal Corporation,Drinking Water Supply,17.48,18.39,0.0,0.0,0.0,18.39,7.35,LOW,NORMAL,No major anomaly detected by the current risk layers.
W11781,Hemang Bava,Madurai,District Rural Development Agency,Road Construction,6.16,18.38,0.0,0.0,0.0,18.38,7.35,LOW,NORMAL,No major anomaly detected by the current risk layers.
W10680,Leena Butala,Lucknow,Public Works Department,School Building Repair,11.42,18.36,0.0,0.0,0.0,18.36,7.34,LOW,NORMAL,No major anomaly detected by the current risk layers.
W12420,Triya Khatri,Dharwad,Municipal Corporation,Road Construction,12.62,18.35,0.0,0.0,0.0,18.35,7.34,LOW,NORMAL,No major anomaly detected by the current risk layers.
W11469,Gaurav Chandra,Nagpur,Municipal Corporation,Road Construction,27.07,18.35,0.0,0.0,0.0,18.35,7.34,LOW,NORMAL,No major anomaly detected by the current risk layers.
W10544,Pallavi Krish,Chennai,District Rural Development Agency,School Building Repair,4.89,18.35,0.0,0.0,0.0,18.35,7.34,LOW,NORMAL,No major anomaly detected by the current risk layers.
W10936,Yug Choudhry,Agra,Public Works Department,Public Toilet Complex,2.41,18.34,0.0,0.0,0.0,18.34,7.34,LOW,NORMAL,No major anomaly detected by the current risk layers.
W10955,Meera Banerjee,Salem,State Housing Board,Road Construction,29.94,18.34,0.0,0.0,0.0,18.34,7.34,LOW,NORMAL,No major anomaly detected by the current risk layers.
W10325,Ria Ratta,Mysuru,Zilla Panchayat,Public Toilet Complex,2.07,18.34,0.0,0.0,0.0,18.34,7.34,LOW,NORMAL,No major anomaly detected by the current risk layers.
W11592,Tanish Iyer,Coimbatore,Zilla Panchayat,Drinking Water Supply,18.37,18.31,0.0,0.0,0.0,18.31,7.32,LOW,NORMAL,No major anomaly detected by the current risk layers.
W11229,Victor Venkataraman,Coimbatore,District Rural Development Agency,Street Lighting,2.99,18.3,0.0,0.0,0.0,18.3,7.32,LOW,NORMAL,No major anomaly detected by the current risk layers.
W11578,Harrison Kapur,Chennai,Zilla Panchayat,Road Construction,27.81,18.27,0.0,0.0,0.0,18.27,7.31,LOW,NORMAL,No major anomaly detected by the current risk layers.
W12136,Harrison Kapur,Thane,District Rural Development Agency,Road Construction,8.9,18.26,0.0,0.0,0.0,18.26,7.31,LOW,NORMAL,No major anomaly detected by the current risk layers.
W11905,Oliver Sarma,Kanpur,Public Works Department,Road Construction,21.0,18.24,0.0,0.0,0.0,18.24,7.3,LOW,NORMAL,No major anomaly detected by the current risk layers.
W10726,Krishna Pant,Pune,Zilla Panchayat,School Building Repair,5.49,18.24,0.0,0.0,0.0,18.24,7.3,LOW,NORMAL,No major anomaly detected by the current risk layers.
W10445,Sanya Swamy,Madurai,Municipal Corporation,School Building Repair,4.93,18.24,0.0,0.0,0.0,18.24,7.3,LOW,NORMAL,No major anomaly detected by the current risk layers.
W12219,Varsha Morar,Asansol,Municipal Corporation,Street Lighting,4.0,18.21,0.0,0.0,0.0,18.21,7.28,LOW,NORMAL,No major anomaly detected by the current risk layers.
W11184,Vrinda Biswas,Chennai,Zilla Panchayat,Drainage System,7.42,18.19,0.0,0.0,0.0,18.19,7.28,LOW,NORMAL,No major anomaly detected by the current risk layers.
W11399,Advaith Gole,Thane,Zilla Panchayat,Road Construction,20.47,18.2,0.0,0.0,0.0,18.2,7.28,LOW,NORMAL,No major anomaly detected by the current risk layers.
W12660,Lucky Prashad,Asansol,Municipal Corporation,Road Construction,11.07,18.2,0.0,0.0,0.0,18.2,7.28,LOW,NORMAL,No major anomaly detected by the current risk layers.
W12530,Azaan Gupta,Thane,District Rural Development Agency,Street Lighting,2.46,18.21,0.0,0.0,0.0,18.21,7.28,LOW,NORMAL,No major anomaly detected by the current risk layers.
W11752,Triya Khatri,Dharwad,Zilla Panchayat,Street Lighting,2.45,18.21,0.0,0.0,0.0,18.21,7.28,LOW,NORMAL,No major anomaly detected by the current risk layers.
W10939,Widisha Yohannan,Asansol,District Rural Development Agency,Community Health Center,28.51,18.19,0.0,0.0,0.0,18.19,7.28,LOW,NORMAL,No major anomaly detected by the current risk layers.
W10297,Owen Bansal,Coimbatore,Zilla Panchayat,Street Lighting,2.44,18.19,0.0,0.0,0.0,18.19,7.28,LOW,NORMAL,No major anomaly detected by the current risk layers.
W11559,Owen Bala,Bengaluru Urban,Municipal Corporation,Drinking Water Supply,13.41,18.17,0.0,0.0,0.0,18.17,7.27,LOW,NORMAL,No major anomaly detected by the current risk layers.
W11326,Gabriel Thaman,Mysuru,Municipal Corporation,Public Toilet Complex,2.52,18.18,0.0,0.0,0.0,18.18,7.27,LOW,NORMAL,No major anomaly detected by the current risk layers.
W11069,Onveer Kata,Dharwad,District Rural Development Agency,Community Health Center,10.83,18.18,0.0,0.0,0.0,18.18,7.27,LOW,NORMAL,No major anomaly detected by the current risk layers.
W10893,Varsha Morar,Kolkata,Zilla Panchayat,Public Toilet Complex,3.35,18.18,0.0,0.0,0.0,18.18,7.27,LOW,NORMAL,No major anomaly detected by the current risk layers.
W12567,Vanya Suresh,Kanpur,State Housing Board,Street Lighting,5.7,18.17,0.0,0.0,0.0,18.17,7.27,LOW,NORMAL,No major anomaly detected by the current risk layers.
W11216,Yamini Chand,Lucknow,State Housing Board,Street Lighting,1.39,18.14,0.0,0.0,0.0,18.14,7.26,LOW,NORMAL,No major anomaly detected by the current risk layers.
W12196,Ria Ratta,Coimbatore,Municipal Corporation,Road Construction,15.57,18.13,0.0,0.0,0.0,18.13,7.25,LOW,NORMAL,No major anomaly detected by the current risk layers.
W11396,Onveer Kata,Nagpur,Public Works Department,Public Toilet Complex,6.3,18.14,0.0,0.0,0.0,18.14,7.25,LOW,NORMAL,No major anomaly detected by the current risk layers.
W12316,Azaan Gupta,Darjeeling,Zilla Panchayat,Drainage System,17.65,18.1,0.0,0.0,0.0,18.1,7.24,LOW,NORMAL,No major anomaly detected by the current risk layers.
W10310,Yug Choudhry,Chennai,Public Works Department,Drinking Water Supply,14.63,18.1,0.0,0.0,0.0,18.1,7.24,LOW,NORMAL,No major anomaly detected by the current risk layers.
W12120,Hemang Bava,Coimbatore,Public Works Department,School Building Repair,5.95,18.09,0.0,0.0,0.0,18.09,7.24,LOW,NORMAL,No major anomaly detected by the current risk layers.
W12643,Odika Naik,Darjeeling,Public Works Department,Street Lighting,5.66,18.09,0.0,0.0,0.0,18.09,7.24,LOW,NORMAL,No major anomaly detected by the current risk layers.
W12124,Triya Khatri,Lucknow,Municipal Corporation,Community Health Center,18.34,18.07,0.0,0.0,0.0,18.07,7.23,LOW,NORMAL,No major anomaly detected by the current risk layers.
W11534,Eesha Memon,Nagpur,Public Works Department,Community Health Center,22.66,18.06,0.0,0.0,0.0,18.06,7.23,LOW,NORMAL,No major anomaly detected by the current risk layers.
W10031,Azaan Gupta,Kolkata,State Housing Board,Road Construction,23.82,18.04,0.0,0.0,0.0,18.04,7.22,LOW,NORMAL,No major anomaly detected by the current risk layers.
W12505,Nicholas Gour,Kanpur,Public Works Department,School Building Repair,6.6,18.04,0.0,0.0,0.0,18.04,7.22,LOW,NORMAL,No major anomaly detected by the current risk layers.
W12875,Yutika Rana,Darjeeling,Zilla Panchayat,Community Health Center,27.11,18.05,0.0,0.0,0.0,18.05,7.22,LOW,NORMAL,No major anomaly detected by the current risk layers.
W12589,Hemang Bava,Bengaluru Urban,District Rural Development Agency,Street Lighting,4.5,18.02,0.0,0.0,0.0,18.02,7.21,LOW,NORMAL,No major anomaly detected by the current risk layers.
W11409,Ishwar Boase,Salem,Zilla Panchayat,Drinking Water Supply,10.8,18.03,0.0,0.0,0.0,18.03,7.21,LOW,NORMAL,No major anomaly detected by the current risk layers.
W10987,Krishna Pant,Thane,District Rural Development Agency,Community Health Center,39.57,18.02,0.0,0.0,0.0,18.02,7.21,LOW,NORMAL,No major anomaly detected by the current risk layers.
W12416,Krishna Pant,Nagpur,State Housing Board,Drainage System,4.82,18.03,0.0,0.0,0.0,18.03,7.21,LOW,NORMAL,No major anomaly detected by the current risk layers.
W10085,Christopher Kadakia,Thane,Public Works Department,Road Construction,24.06,17.99,0.0,0.0,0.0,17.99,7.2,LOW,NORMAL,No major anomaly detected by the current risk layers.
W10905,Yutika Rana,Kolkata,Public Works Department,Community Health Center,23.75,17.99,0.0,0.0,0.0,17.99,7.2,LOW,NORMAL,No major anomaly detected by the current risk layers.
W10614,Sanya Swamy,Kolkata,Municipal Corporation,Drainage System,5.63,18.0,0.0,0.0,0.0,18.0,7.2,LOW,NORMAL,No major anomaly detected by the current risk layers.
W12202,Victor Venkataraman,Darjeeling,Public Works Department,Drainage System,15.21,17.98,0.0,0.0,0.0,17.98,7.19,LOW,NORMAL,No major anomaly detected by the current risk layers.
W12309,Vrinda Biswas,Dharwad,Municipal Corporation,Public Toilet Complex,2.07,17.97,0.0,0.0,0.0,17.97,7.19,LOW,NORMAL,No major anomaly detected by the current risk layers.
W10121,Victor Venkataraman,Madurai,Public Works Department,Road Construction,18.93,17.98,0.0,0.0,0.0,17.98,7.19,LOW,NORMAL,No major anomaly detected by the current risk layers.
W10176,Jagat Mangat,Lucknow,Public Works Department,Drinking Water Supply,7.23,17.98,0.0,0.0,0.0,17.98,7.19,LOW,NORMAL,No major anomaly detected by the current risk layers.
W12146,Varsha Morar,Asansol,Zilla Panchayat,Road Construction,22.9,17.96,0.0,0.0,0.0,17.96,7.18,LOW,NORMAL,No major anomaly detected by the current risk layers.
W11023,Leena Butala,Salem,State Housing Board,Road Construction,23.51,17.95,0.0,0.0,0.0,17.95,7.18,LOW,NORMAL,No major anomaly detected by the current risk layers.
W12627,Yadavi Deshmukh,Salem,State Housing Board,Public Toilet Complex,2.42,17.92,0.0,0.0,0.0,17.92,7.17,LOW,NORMAL,No major anomaly detected by the current risk layers.
W11824,Triya Khatri,Kolkata,State Housing Board,Street Lighting,2.84,17.91,0.0,0.0,0.0,17.91,7.17,LOW,NORMAL,No major anomaly detected by the current risk layers.
W12972,Mugdha Varty,Thane,District Rural Development Agency,Street Lighting,3.52,17.93,0.0,0.0,0.0,17.93,7.17,LOW,NORMAL,No major anomaly detected by the current risk layers.
W11733,Owen Bala,Salem,District Rural Development Agency,Drinking Water Supply,4.62,17.92,0.0,0.0,0.0,17.92,7.17,LOW,NORMAL,No major anomaly detected by the current risk layers.
W10062,Sanya Swamy,Chennai,State Housing Board,Community Health Center,10.78,17.92,0.0,0.0,0.0,17.92,7.17,LOW,NORMAL,No major anomaly detected by the current risk layers.
W12512,Leena Butala,Thane,Zilla Panchayat,Street Lighting,1.39,17.88,0.0,0.0,0.0,17.88,7.15,LOW,NORMAL,No major anomaly detected by the current risk layers.
W11114,Ronith Zachariah,Dharwad,Municipal Corporation,Drinking Water Supply,19.41,17.84,0.0,0.0,0.0,17.84,7.14,LOW,NORMAL,No major anomaly detected by the current risk layers.
W12528,Gaurav Chandra,Thane,Zilla Panchayat,Road Construction,24.66,17.84,0.0,0.0,0.0,17.84,7.14,LOW,NORMAL,No major anomaly detected by the current risk layers.
W10019,Deepa Gala,Bengaluru Urban,Public Works Department,Public Toilet Complex,5.79,17.84,0.0,0.0,0.0,17.84,7.14,LOW,NORMAL,No major anomaly detected by the current risk layers.
W11245,Tanish Iyer,Asansol,State Housing Board,Street Lighting,2.59,17.85,0.0,0.0,0.0,17.85,7.14,LOW,NORMAL,No major anomaly detected by the current risk layers.
W10713,Widisha Yohannan,Nashik,Municipal Corporation,Community Health Center,33.15,17.84,0.0,0.0,0.0,17.84,7.14,LOW,NORMAL,No major anomaly detected by the current risk layers.
W10841,Advaith Gole,Pune,Zilla Panchayat,Drainage System,6.08,17.84,0.0,0.0,0.0,17.84,7.14,LOW,NORMAL,No major anomaly detected by the current risk layers.
W10465,Harrison Kapur,Thane,Public Works Department,Drinking Water Supply,17.44,17.86,0.0,0.0,0.0,17.86,7.14,LOW,NORMAL,No major anomaly detected by the current risk layers.
W12164,Hemang Bava,Asansol,Zilla Panchayat,School Building Repair,3.89,17.83,0.0,0.0,0.0,17.83,7.13,LOW,NORMAL,No major anomaly detected by the current risk layers.
W12336,Bachittar Choudhry,Bengaluru Urban,Zilla Panchayat,Road Construction,29.75,17.83,0.0,0.0,0.0,17.83,7.13,LOW,NORMAL,No major anomaly detected by the current risk layers.
W12960,Yutika Rana,Kolkata,Municipal Corporation,Road Construction,30.14,17.82,0.0,0.0,0.0,17.82,7.13,LOW,NORMAL,No major anomaly detected by the current risk layers.
W10479,Owen Bala,Howrah,District Rural Development Agency,School Building Repair,10.55,17.84,0.0,0.0,0.0,17.84,7.13,LOW,NORMAL,No major anomaly detected by the current risk layers.
W12640,Triya Khatri,Asansol,State Housing Board,Road Construction,25.62,17.83,0.0,0.0,0.0,17.83,7.13,LOW,NORMAL,No major anomaly detected by the current risk layers.
W11716,Yamini Chand,Howrah,Public Works Department,Drinking Water Supply,17.36,17.81,0.0,0.0,0.0,17.81,7.12,LOW,NORMAL,No major anomaly detected by the current risk layers.
W11265,Ekansh Sami,Varanasi,Public Works Department,Drainage System,5.68,17.81,0.0,0.0,0.0,17.81,7.12,LOW,NORMAL,No major anomaly detected by the current risk layers.
W11570,Onveer Kata,Varanasi,Municipal Corporation,Community Health Center,19.84,17.79,0.0,0.0,0.0,17.79,7.12,LOW,NORMAL,No major anomaly detected by the current risk layers.
W12565,Yadavi Deshmukh,Nagpur,Municipal Corporation,Drinking Water Supply,18.54,17.81,0.0,0.0,0.0,17.81,7.12,LOW,NORMAL,No major anomaly detected by the current risk layers.
W10984,Tanish Iyer,Lucknow,District Rural Development Agency,Drinking Water Supply,17.97,17.77,0.0,0.0,0.0,17.77,7.11,LOW,NORMAL,No major anomaly detected by the current risk layers.
W10745,Victor Venkataraman,Mysuru,Municipal Corporation,Public Toilet Complex,3.15,17.77,0.0,0.0,0.0,17.77,7.11,LOW,NORMAL,No major anomaly detected by the current risk layers.
W12253,Meera Banerjee,Agra,Municipal Corporation,Drainage System,5.56,17.78,0.0,0.0,0.0,17.78,7.11,LOW,NORMAL,No major anomaly detected by the current risk layers.
W12680,Victor Venkataraman,Agra,State Housing Board,Drinking Water Supply,9.02,17.78,0.0,0.0,0.0,17.78,7.11,LOW,NORMAL,No major anomaly detected by the current risk layers.
W11892,Sanya Swamy,Bengaluru Urban,Municipal Corporation,Drainage System,13.4,17.76,0.0,0.0,0.0,17.76,7.1,LOW,NORMAL,No major anomaly detected by the current risk layers.
W11049,Triya Khatri,Nashik,District Rural Development Agency,Road Construction,11.36,17.75,0.0,0.0,0.0,17.75,7.1,LOW,NORMAL,No major anomaly detected by the current risk layers.
W10004,Nicholas Gour,Madurai,Zilla Panchayat,Drainage System,3.65,17.76,0.0,0.0,0.0,17.76,7.1,LOW,NORMAL,No major anomaly detected by the current risk layers.
W11932,Tanish Iyer,Varanasi,Public Works Department,Drainage System,16.86,17.76,0.0,0.0,0.0,17.76,7.1,LOW,NORMAL,No major anomaly detected by the current risk layers.
W12005,Christopher Kadakia,Thane,Municipal Corporation,Drinking Water Supply,7.65,17.76,0.0,0.0,0.0,17.76,7.1,LOW,NORMAL,No major anomaly detected by the current risk layers.
W10934,Ria Ratta,Dharwad,Municipal Corporation,Drinking Water Supply,7.29,17.76,0.0,0.0,0.0,17.76,7.1,LOW,NORMAL,No major anomaly detected by the current risk layers.
W10999,Jagat Mangat,Coimbatore,Public Works Department,Drainage System,13.75,17.71,0.0,0.0,0.0,17.71,7.09,LOW,NORMAL,No major anomaly detected by the current risk layers.
W10583,Vanya Suresh,Kanpur,Public Works Department,Community Health Center,19.61,17.73,0.0,0.0,0.0,17.73,7.09,LOW,NORMAL,No major anomaly detected by the current risk layers.
W12237,Eesha Memon,Kolkata,State Housing Board,Road Construction,21.49,17.72,0.0,0.0,0.0,17.72,7.09,LOW,NORMAL,No major anomaly detected by the current risk layers.
W11228,Azaan Gupta,Bengaluru Urban,Municipal Corporation,School Building Repair,8.26,17.73,0.0,0.0,0.0,17.73,7.09,LOW,NORMAL,No major anomaly detected by the current risk layers.
W11453,Yamini Chand,Coimbatore,State Housing Board,Street Lighting,5.3,17.69,0.0,0.0,0.0,17.69,7.08,LOW,NORMAL,No major anomaly detected by the current risk layers.
W10698,Gabriel Thaman,Asansol,State Housing Board,Drainage System,17.93,17.7,0.0,0.0,0.0,17.7,7.08,LOW,NORMAL,No major anomaly detected by the current risk layers.
W10280,Azaan Gupta,Lucknow,State Housing Board,Drainage System,17.53,17.71,0.0,0.0,0.0,17.71,7.08,LOW,NORMAL,No major anomaly detected by the current risk layers.
W10776,Gaurav Chandra,Howrah,Public Works Department,Community Health Center,19.54,17.68,0.0,0.0,0.0,17.68,7.07,LOW,NORMAL,No major anomaly detected by the current risk layers.
W12248,Krishna Pant,Lucknow,District Rural Development Agency,Street Lighting,3.38,17.67,0.0,0.0,0.0,17.67,7.07,LOW,NORMAL,No major anomaly detected by the current risk layers.
W12869,Hemang Bava,Lucknow,Zilla Panchayat,Road Construction,17.8,17.68,0.0,0.0,0.0,17.68,7.07,LOW,NORMAL,No major anomaly detected by the current risk layers.
W10866,Hemang Bava,Mysuru,Municipal Corporation,Public Toilet Complex,2.15,17.67,0.0,0.0,0.0,17.67,7.07,LOW,NORMAL,No major anomaly detected by the current risk layers.
W12889,Christopher Kadakia,Dharwad,Municipal Corporation,Road Construction,17.66,17.65,0.0,0.0,0.0,17.65,7.06,LOW,NORMAL,No major anomaly detected by the current risk layers.
W12478,Gabriel Thaman,Nagpur,Municipal Corporation,Public Toilet Complex,2.64,17.64,0.0,0.0,0.0,17.64,7.06,LOW,NORMAL,No major anomaly detected by the current risk layers.
W11773,Varsha Morar,Thane,Public Works Department,Road Construction,20.21,17.66,0.0,0.0,0.0,17.66,7.06,LOW,NORMAL,No major anomaly detected by the current risk layers.
W12470,Jagat Mangat,Madurai,State Housing Board,Road Construction,10.66,17.66,0.0,0.0,0.0,17.66,7.06,LOW,NORMAL,No major anomaly detected by the current risk layers.
W12171,Pallavi Krish,Salem,Municipal Corporation,Street Lighting,3.25,17.66,0.0,0.0,0.0,17.66,7.06,LOW,NORMAL,No major anomaly detected by the current risk layers.
W12718,Bachittar Choudhry,Bengaluru Urban,Zilla Panchayat,Street Lighting,2.92,17.65,0.0,0.0,0.0,17.65,7.06,LOW,NORMAL,No major anomaly detected by the current risk layers.
W11739,Ronith Zachariah,Belagavi,Public Works Department,Drinking Water Supply,15.86,17.62,0.0,0.0,0.0,17.62,7.05,LOW,NORMAL,No major anomaly detected by the current risk layers.
W11580,Meera Banerjee,Thane,Public Works Department,Drinking Water Supply,6.61,17.64,0.0,0.0,0.0,17.64,7.05,LOW,NORMAL,No major anomaly detected by the current risk layers.
W12669,Ekansh Sami,Varanasi,District Rural Development Agency,Street Lighting,2.83,17.59,0.0,0.0,0.0,17.59,7.04,LOW,NORMAL,No major anomaly detected by the current risk layers.
W12569,Widisha Yohannan,Asansol,Zilla Panchayat,Street Lighting,2.67,17.61,0.0,0.0,0.0,17.61,7.04,LOW,NORMAL,No major anomaly detected by the current risk layers.
W11968,Vrinda Biswas,Asansol,Municipal Corporation,Public Toilet Complex,5.81,17.57,0.0,0.0,0.0,17.57,7.03,LOW,NORMAL,No major anomaly detected by the current risk layers.
W12457,Pallavi Krish,Kanpur,Public Works Department,Street Lighting,5.31,17.58,0.0,0.0,0.0,17.58,7.03,LOW,NORMAL,No major anomaly detected by the current risk layers.
W10467,Tanish Iyer,Nashik,District Rural Development Agency,Public Toilet Complex,7.32,17.58,0.0,0.0,0.0,17.58,7.03,LOW,NORMAL,No major anomaly detected by the current risk layers.
W10588,Yamini Chand,Pune,Zilla Panchayat,Drainage System,17.79,17.57,0.0,0.0,0.0,17.57,7.03,LOW,NORMAL,No major anomaly detected by the current risk layers.
W12355,Tanish Iyer,Nagpur,Zilla Panchayat,Community Health Center,26.36,17.57,0.0,0.0,0.0,17.57,7.03,LOW,NORMAL,No major anomaly detected by the current risk layers.
W12084,Rayaan Mand,Chennai,Public Works Department,Community Health Center,31.49,17.56,0.0,0.0,0.0,17.56,7.03,LOW,NORMAL,No major anomaly detected by the current risk layers.
W11053,Deepa Gala,Kolkata,Public Works Department,Road Construction,25.53,17.54,0.0,0.0,0.0,17.54,7.02,LOW,NORMAL,No major anomaly detected by the current risk layers.
W12341,Krishna Pant,Thane,State Housing Board,Road Construction,8.78,17.56,0.0,0.0,0.0,17.56,7.02,LOW,NORMAL,No major anomaly detected by the current risk layers.
W11238,Krishna Pant,Varanasi,State Housing Board,Drainage System,17.86,17.53,0.0,0.0,0.0,17.53,7.01,LOW,NORMAL,No major anomaly detected by the current risk layers.
W11003,Ria Ratta,Agra,Public Works Department,Drinking Water Supply,18.36,17.52,0.0,0.0,0.0,17.52,7.01,LOW,NORMAL,No major anomaly detected by the current risk layers.
W10543,Rayaan Mand,Dharwad,District Rural Development Agency,Drainage System,6.65,17.53,0.0,0.0,0.0,17.53,7.01,LOW,NORMAL,No major anomaly detected by the current risk layers.
W11030,Yutika Rana,Thane,State Housing Board,Community Health Center,30.6,17.53,0.0,0.0,0.0,17.53,7.01,LOW,NORMAL,No major anomaly detected by the current risk layers.
W10909,Yutika Rana,Chennai,State Housing Board,Road Construction,17.53,17.52,0.0,0.0,0.0,17.52,7.01,LOW,NORMAL,No major anomaly detected by the current risk layers.
W12762,Leena Butala,Kanpur,State Housing Board,School Building Repair,6.94,17.51,0.0,0.0,0.0,17.51,7.01,LOW,NORMAL,No major anomaly detected by the current risk layers.
W12150,Lucky Prashad,Nagpur,Public Works Department,Public Toilet Complex,7.89,17.49,0.0,0.0,0.0,17.49,7.0,LOW,NORMAL,No major anomaly detected by the current risk layers.
W12805,Christopher Kadakia,Madurai,State Housing Board,School Building Repair,9.24,17.5,0.0,0.0,0.0,17.5,7.0,LOW,NORMAL,No major anomaly detected by the current risk layers.
W10424,Krishna Pant,Dharwad,Municipal Corporation,Drinking Water Supply,7.85,17.49,0.0,0.0,0.0,17.49,7.0,LOW,NORMAL,No major anomaly detected by the current risk layers.
W11601,Oliver Sarma,Bengaluru Urban,District Rural Development Agency,Community Health Center,16.98,17.51,0.0,0.0,0.0,17.51,7.0,LOW,NORMAL,No major anomaly detected by the current risk layers.
W10584,Ekansh Sami,Nagpur,State Housing Board,Public Toilet Complex,2.83,17.47,0.0,0.0,0.0,17.47,6.99,LOW,NORMAL,No major anomaly detected by the current risk layers.
W10210,Ronith Zachariah,Madurai,Zilla Panchayat,Public Toilet Complex,2.66,17.48,0.0,0.0,0.0,17.48,6.99,LOW,NORMAL,No major anomaly detected by the current risk layers.
W12918,Triya Khatri,Mysuru,State Housing Board,Street Lighting,2.85,17.47,0.0,0.0,0.0,17.47,6.99,LOW,NORMAL,No major anomaly detected by the current risk layers.
W12362,Meera Banerjee,Chennai,State Housing Board,Road Construction,19.13,17.47,0.0,0.0,0.0,17.47,6.99,LOW,NORMAL,No major anomaly detected by the current risk layers.
W10839,Harrison Kapur,Belagavi,State Housing Board,School Building Repair,13.24,17.47,0.0,0.0,0.0,17.47,6.99,LOW,NORMAL,No major anomaly detected by the current risk layers.
W12984,Yug Choudhry,Thane,District Rural Development Agency,Community Health Center,39.37,17.47,0.0,0.0,0.0,17.47,6.99,LOW,NORMAL,No major anomaly detected by the current risk layers.
W12537,Lucky Prashad,Kolkata,Zilla Panchayat,Drinking Water Supply,4.02,17.47,0.0,0.0,0.0,17.47,6.99,LOW,NORMAL,No major anomaly detected by the current risk layers.
W12605,Lucky Prashad,Madurai,Public Works Department,Public Toilet Complex,5.54,17.45,0.0,0.0,0.0,17.45,6.98,LOW,NORMAL,No major anomaly detected by the current risk layers.
W11279,Odika Naik,Pune,Zilla Panchayat,Drainage System,14.46,17.44,0.0,0.0,0.0,17.44,6.98,LOW,NORMAL,No major anomaly detected by the current risk layers.
W11883,Eesha Memon,Lucknow,Public Works Department,Drinking Water Supply,17.24,17.45,0.0,0.0,0.0,17.45,6.98,LOW,NORMAL,No major anomaly detected by the current risk layers.
W10392,Onveer Kata,Madurai,Zilla Panchayat,Drinking Water Supply,14.95,17.44,0.0,0.0,0.0,17.44,6.98,LOW,NORMAL,No major anomaly detected by the current risk layers.
W10461,Deepa Gala,Coimbatore,State Housing Board,Road Construction,11.35,17.46,0.0,0.0,0.0,17.46,6.98,LOW,NORMAL,No major anomaly detected by the current risk layers.
W12476,Tanish Iyer,Mysuru,State Housing Board,Public Toilet Complex,2.15,17.41,0.0,0.0,0.0,17.41,6.97,LOW,NORMAL,No major anomaly detected by the current risk layers.
W10723,Rayaan Mand,Thane,State Housing Board,Drinking Water Supply,13.65,17.43,0.0,0.0,0.0,17.43,6.97,LOW,NORMAL,No major anomaly detected by the current risk layers.
W11434,Sanya Swamy,Coimbatore,Zilla Panchayat,Public Toilet Complex,2.51,17.41,0.0,0.0,0.0,17.41,6.96,LOW,NORMAL,No major anomaly detected by the current risk layers.
W10301,Onveer Kata,Nagpur,Public Works Department,Drainage System,6.1,17.41,0.0,0.0,0.0,17.41,6.96,LOW,NORMAL,No major anomaly detected by the current risk layers.
W11654,Varsha Morar,Nashik,Public Works Department,Street Lighting,2.77,17.4,0.0,0.0,0.0,17.4,6.96,LOW,NORMAL,No major anomaly detected by the current risk layers.
W11266,Harrison Kapur,Madurai,Public Works Department,Road Construction,17.16,17.4,0.0,0.0,0.0,17.4,6.96,LOW,NORMAL,No major anomaly detected by the current risk layers.
W11035,Leena Butala,Agra,State Housing Board,Road Construction,17.45,17.36,0.0,0.0,0.0,17.36,6.95,LOW,NORMAL,No major anomaly detected by the current risk layers.
W12618,Gaurav Chandra,Lucknow,Municipal Corporation,Street Lighting,2.18,17.38,0.0,0.0,0.0,17.38,6.95,LOW,NORMAL,No major anomaly detected by the current risk layers.
W12921,Onveer Kata,Salem,Municipal Corporation,Road Construction,6.96,17.38,0.0,0.0,0.0,17.38,6.95,LOW,NORMAL,No major anomaly detected by the current risk layers.
W12543,Eesha Memon,Agra,District Rural Development Agency,School Building Repair,3.19,17.35,0.0,0.0,0.0,17.35,6.94,LOW,NORMAL,No major anomaly detected by the current risk layers.
W12256,Oliver Sarma,Kolkata,Zilla Panchayat,Community Health Center,20.72,17.35,0.0,0.0,0.0,17.35,6.94,LOW,NORMAL,No major anomaly detected by the current risk layers.
W12539,Odika Naik,Bengaluru Urban,Public Works Department,Community Health Center,16.37,17.36,0.0,0.0,0.0,17.36,6.94,LOW,NORMAL,No major anomaly detected by the current risk layers.
W10502,Vrinda Biswas,Kanpur,Zilla Panchayat,Drainage System,8.09,17.36,0.0,0.0,0.0,17.36,6.94,LOW,NORMAL,No major anomaly detected by the current risk layers.
W12234,Eesha Memon,Chennai,Public Works Department,Street Lighting,3.18,17.36,0.0,0.0,0.0,17.36,6.94,LOW,NORMAL,No major anomaly detected by the current risk layers.
W11951,Tanish Iyer,Dharwad,Zilla Panchayat,Street Lighting,3.43,17.32,0.0,0.0,0.0,17.32,6.93,LOW,NORMAL,No major anomaly detected by the current risk layers.
W11033,Widisha Yohannan,Kanpur,Municipal Corporation,Drinking Water Supply,19.52,17.34,0.0,0.0,0.0,17.34,6.93,LOW,NORMAL,No major anomaly detected by the current risk layers.
W11519,Yadavi Deshmukh,Agra,State Housing Board,School Building Repair,14.36,17.32,0.0,0.0,0.0,17.32,6.93,LOW,NORMAL,No major anomaly detected by the current risk layers.
W10478,Bachittar Choudhry,Agra,Zilla Panchayat,School Building Repair,10.09,17.31,0.0,0.0,0.0,17.31,6.92,LOW,NORMAL,No major anomaly detected by the current risk layers.
W12438,Christopher Kadakia,Nashik,State Housing Board,Street Lighting,1.63,17.31,0.0,0.0,0.0,17.31,6.92,LOW,NORMAL,No major anomaly detected by the current risk layers.
W10732,Mugdha Varty,Kolkata,State Housing Board,Drainage System,6.89,17.28,0.0,0.0,0.0,17.28,6.91,LOW,NORMAL,No major anomaly detected by the current risk layers.
W10799,Pallavi Krish,Varanasi,District Rural Development Agency,Road Construction,8.33,17.28,0.0,0.0,0.0,17.28,6.91,LOW,NORMAL,No major anomaly detected by the current risk layers.
W12083,Odika Naik,Chennai,Zilla Panchayat,Road Construction,22.26,17.28,0.0,0.0,0.0,17.28,6.91,LOW,NORMAL,No major anomaly detected by the current risk layers.
W12484,Vanya Suresh,Asansol,State Housing Board,Drinking Water Supply,5.52,17.27,0.0,0.0,0.0,17.27,6.91,LOW,NORMAL,No major anomaly detected by the current risk layers.
W12521,Onveer Kata,Howrah,Zilla Panchayat,School Building Repair,11.82,17.26,0.0,0.0,0.0,17.26,6.91,LOW,NORMAL,No major anomaly detected by the current risk layers.
W11959,Tanish Iyer,Dharwad,Municipal Corporation,Drainage System,3.22,17.28,0.0,0.0,0.0,17.28,6.91,LOW,NORMAL,No major anomaly detected by the current risk layers.
W12526,Jagat Mangat,Agra,Public Works Department,Road Construction,19.25,17.28,0.0,0.0,0.0,17.28,6.91,LOW,NORMAL,No major anomaly detected by the current risk layers.
W10548,Ria Ratta,Howrah,Zilla Panchayat,Road Construction,23.59,17.27,0.0,0.0,0.0,17.27,6.91,LOW,NORMAL,No major anomaly detected by the current risk layers.
W11002,Mugdha Varty,Chennai,Municipal Corporation,Drainage System,17.02,17.24,0.0,0.0,0.0,17.24,6.9,LOW,NORMAL,No major anomaly detected by the current risk layers.
W11320,Hemang Bava,Lucknow,State Housing Board,Road Construction,17.93,17.25,0.0,0.0,0.0,17.25,6.9,LOW,NORMAL,No major anomaly detected by the current risk layers.
W11579,Onveer Kata,Kanpur,Municipal Corporation,Street Lighting,3.22,17.23,0.0,0.0,0.0,17.23,6.89,LOW,NORMAL,No major anomaly detected by the current risk layers.
W10452,Vanya Suresh,Kolkata,Public Works Department,Public Toilet Complex,2.39,17.23,0.0,0.0,0.0,17.23,6.89,LOW,NORMAL,No major anomaly detected by the current risk layers.
W12241,Gabriel Thaman,Belagavi,Public Works Department,Public Toilet Complex,2.28,17.19,0.0,0.0,0.0,17.19,6.88,LOW,NORMAL,No major anomaly detected by the current risk layers.
W11281,Nicholas Gour,Kanpur,State Housing Board,Road Construction,15.18,17.21,0.0,0.0,0.0,17.21,6.88,LOW,NORMAL,No major anomaly detected by the current risk layers.
W11098,Victor Venkataraman,Belagavi,Zilla Panchayat,School Building Repair,4.82,17.19,0.0,0.0,0.0,17.19,6.88,LOW,NORMAL,No major anomaly detected by the current risk layers.
W10353,Oliver Sarma,Varanasi,Public Works Department,Drainage System,17.87,17.19,0.0,0.0,0.0,17.19,6.88,LOW,NORMAL,No major anomaly detected by the current risk layers.
W10852,Christopher Kadakia,Lucknow,Municipal Corporation,Public Toilet Complex,2.36,17.19,0.0,0.0,0.0,17.19,6.88,LOW,NORMAL,No major anomaly detected by the current risk layers.
W11924,Mugdha Varty,Agra,Public Works Department,Road Construction,9.53,17.18,0.0,0.0,0.0,17.18,6.87,LOW,NORMAL,No major anomaly detected by the current risk layers.
W12767,Christopher Kadakia,Chennai,Municipal Corporation,Road Construction,19.02,17.18,0.0,0.0,0.0,17.18,6.87,LOW,NORMAL,No major anomaly detected by the current risk layers.
W11160,Deepa Gala,Madurai,State Housing Board,Public Toilet Complex,2.5,17.17,0.0,0.0,0.0,17.17,6.87,LOW,NORMAL,No major anomaly detected by the current risk layers.
W11765,Vanya Suresh,Kanpur,Public Works Department,Road Construction,16.93,17.17,0.0,0.0,0.0,17.17,6.87,LOW,NORMAL,No major anomaly detected by the current risk layers.
W11498,Ekansh Sami,Bengaluru Urban,Municipal Corporation,Drainage System,17.01,17.14,0.0,0.0,0.0,17.14,6.86,LOW,NORMAL,No major anomaly detected by the current risk layers.
W10449,Vrinda Biswas,Belagavi,State Housing Board,Community Health Center,19.61,17.14,0.0,0.0,0.0,17.14,6.86,LOW,NORMAL,No major anomaly detected by the current risk layers.
W12693,Owen Bansal,Howrah,Municipal Corporation,Street Lighting,2.37,17.15,0.0,0.0,0.0,17.15,6.86,LOW,NORMAL,No major anomaly detected by the current risk layers.
W11803,Gaurav Chandra,Dharwad,Public Works Department,Public Toilet Complex,3.33,17.14,0.0,0.0,0.0,17.14,6.86,LOW,NORMAL,No major anomaly detected by the current risk layers.
W11461,Vrinda Biswas,Dharwad,Municipal Corporation,School Building Repair,3.84,17.13,0.0,0.0,0.0,17.13,6.85,LOW,NORMAL,No major anomaly detected by the current risk layers.
W11447,Victor Venkataraman,Varanasi,Zilla Panchayat,Road Construction,25.02,17.11,0.0,0.0,0.0,17.11,6.85,LOW,NORMAL,No major anomaly detected by the current risk layers.
W12783,Tanish Iyer,Salem,State Housing Board,Community Health Center,34.18,17.11,0.0,0.0,0.0,17.11,6.84,LOW,NORMAL,No major anomaly detected by the current risk layers.
W10322,Hemang Bava,Agra,State Housing Board,Road Construction,27.42,17.09,0.0,0.0,0.0,17.09,6.84,LOW,NORMAL,No major anomaly detected by the current risk layers.
W11048,Ishwar Boase,Dharwad,District Rural Development Agency,Public Toilet Complex,2.31,17.1,0.0,0.0,0.0,17.1,6.84,LOW,NORMAL,No major anomaly detected by the current risk layers.
W12781,Mugdha Varty,Nashik,Zilla Panchayat,School Building Repair,12.09,17.1,0.0,0.0,0.0,17.1,6.84,LOW,NORMAL,No major anomaly detected by the current risk layers.
W11869,Advaith Gole,Agra,Zilla Panchayat,Street Lighting,3.66,17.08,0.0,0.0,0.0,17.08,6.83,LOW,NORMAL,No major anomaly detected by the current risk layers.
W12811,Gabriel Thaman,Nagpur,Municipal Corporation,Public Toilet Complex,2.85,17.07,0.0,0.0,0.0,17.07,6.83,LOW,NORMAL,No major anomaly detected by the current risk layers.
W11750,Azaan Gupta,Salem,Public Works Department,Public Toilet Complex,3.21,17.05,0.0,0.0,0.0,17.05,6.82,LOW,NORMAL,No major anomaly detected by the current risk layers.
W10850,Hemang Bava,Darjeeling,Public Works Department,Community Health Center,39.0,17.05,0.0,0.0,0.0,17.05,6.82,LOW,NORMAL,No major anomaly detected by the current risk layers.
W10961,Lucky Prashad,Nashik,State Housing Board,Drinking Water Supply,7.88,17.05,0.0,0.0,0.0,17.05,6.82,LOW,NORMAL,No major anomaly detected by the current risk layers.
W11156,Deepa Gala,Chennai,Municipal Corporation,Public Toilet Complex,7.21,17.04,0.0,0.0,0.0,17.04,6.82,LOW,NORMAL,No major anomaly detected by the current risk layers.
W12425,Owen Bala,Bengaluru Urban,District Rural Development Agency,Drinking Water Supply,4.27,17.02,0.0,0.0,0.0,17.02,6.81,LOW,NORMAL,No major anomaly detected by the current risk layers.
W10645,Odika Naik,Agra,Zilla Panchayat,School Building Repair,4.02,17.03,0.0,0.0,0.0,17.03,6.81,LOW,NORMAL,No major anomaly detected by the current risk layers.
W11140,Onveer Kata,Mysuru,Public Works Department,Road Construction,16.46,17.03,0.0,0.0,0.0,17.03,6.81,LOW,NORMAL,No major anomaly detected by the current risk layers.
W11760,Sanya Swamy,Varanasi,State Housing Board,Road Construction,18.3,17.02,0.0,0.0,0.0,17.02,6.81,LOW,NORMAL,No major anomaly detected by the current risk layers.
W12748,Meera Banerjee,Varanasi,Zilla Panchayat,School Building Repair,6.46,17.01,0.0,0.0,0.0,17.01,6.8,LOW,NORMAL,No major anomaly detected by the current risk layers.
W12702,Krishna Pant,Madurai,Public Works Department,Public Toilet Complex,2.98,17.0,0.0,0.0,0.0,17.0,6.8,LOW,NORMAL,No major anomaly detected by the current risk layers.
W11987,Odika Naik,Darjeeling,District Rural Development Agency,Drinking Water Supply,16.86,17.01,0.0,0.0,0.0,17.01,6.8,LOW,NORMAL,No major anomaly detected by the current risk layers.
W10615,Ekansh Sami,Thane,State Housing Board,School Building Repair,10.53,16.99,0.0,0.0,0.0,16.99,6.8,LOW,NORMAL,No major anomaly detected by the current risk layers.
W11677,Jagat Mangat,Kanpur,Zilla Panchayat,Drainage System,3.24,17.0,0.0,0.0,0.0,17.0,6.8,LOW,NORMAL,No major anomaly detected by the current risk layers.
W10179,Triya Khatri,Madurai,Zilla Panchayat,Drainage System,4.24,16.99,0.0,0.0,0.0,16.99,6.79,LOW,NORMAL,No major anomaly detected by the current risk layers.
W10896,Christopher Kadakia,Pune,Zilla Panchayat,Drainage System,12.0,16.97,0.0,0.0,0.0,16.97,6.79,LOW,NORMAL,No major anomaly detected by the current risk layers.
W10888,Oliver Sarma,Kanpur,State Housing Board,Street Lighting,1.97,16.99,0.0,0.0,0.0,16.99,6.79,LOW,NORMAL,No major anomaly detected by the current risk layers.
W12855,Christopher Kadakia,Thane,District Rural Development Agency,School Building Repair,3.05,16.98,0.0,0.0,0.0,16.98,6.79,LOW,NORMAL,No major anomaly detected by the current risk layers.
W10370,Advaith Gole,Nashik,District Rural Development Agency,Road Construction,21.57,16.98,0.0,0.0,0.0,16.98,6.79,LOW,NORMAL,No major anomaly detected by the current risk layers.
W12701,Nicholas Gour,Dharwad,Public Works Department,Street Lighting,4.87,16.95,0.0,0.0,0.0,16.95,6.78,LOW,NORMAL,No major anomaly detected by the current risk layers.
W12758,Triya Khatri,Salem,Municipal Corporation,Community Health Center,17.36,16.95,0.0,0.0,0.0,16.95,6.78,LOW,NORMAL,No major anomaly detected by the current risk layers.
W12812,Azaan Gupta,Belagavi,Public Works Department,Road Construction,20.9,16.93,0.0,0.0,0.0,16.93,6.77,LOW,NORMAL,No major anomaly detected by the current risk layers.
W10826,Yug Choudhry,Pune,Public Works Department,Drainage System,3.24,16.92,0.0,0.0,0.0,16.92,6.77,LOW,NORMAL,No major anomaly detected by the current risk layers.
W11249,Lucky Prashad,Kolkata,Municipal Corporation,School Building Repair,7.42,16.93,0.0,0.0,0.0,16.93,6.77,LOW,NORMAL,No major anomaly detected by the current risk layers.
W10202,Christopher Kadakia,Dharwad,Public Works Department,Street Lighting,3.29,16.92,0.0,0.0,0.0,16.92,6.77,LOW,NORMAL,No major anomaly detected by the current risk layers.
W11195,Yamini Chand,Kolkata,Public Works Department,Public Toilet Complex,3.23,16.89,0.0,0.0,0.0,16.89,6.76,LOW,NORMAL,No major anomaly detected by the current risk layers.
W11077,Rayaan Mand,Chennai,Municipal Corporation,Drinking Water Supply,18.66,16.91,0.0,0.0,0.0,16.91,6.76,LOW,NORMAL,No major anomaly detected by the current risk layers.
W11400,Eesha Memon,Chennai,District Rural Development Agency,Street Lighting,3.15,16.88,0.0,0.0,0.0,16.88,6.75,LOW,NORMAL,No major anomaly detected by the current risk layers.
W10665,Hemang Bava,Bengaluru Urban,Public Works Department,Street Lighting,4.28,16.87,0.0,0.0,0.0,16.87,6.75,LOW,NORMAL,No major anomaly detected by the current risk layers.
W10259,Hemang Bava,Belagavi,Public Works Department,Community Health Center,28.36,16.88,0.0,0.0,0.0,16.88,6.75,LOW,NORMAL,No major anomaly detected by the current risk layers.
W12117,Eesha Memon,Coimbatore,State Housing Board,Road Construction,28.77,16.86,0.0,0.0,0.0,16.86,6.74,LOW,NORMAL,No major anomaly detected by the current risk layers.
W12583,Varsha Morar,Nagpur,District Rural Development Agency,Road Construction,33.15,16.86,0.0,0.0,0.0,16.86,6.74,LOW,NORMAL,No major anomaly detected by the current risk layers.
W10302,Leena Butala,Howrah,Municipal Corporation,Drinking Water Supply,19.66,16.84,0.0,0.0,0.0,16.84,6.74,LOW,NORMAL,No major anomaly detected by the current risk layers.
W10720,Tanish Iyer,Asansol,Zilla Panchayat,Drinking Water Supply,15.03,16.86,0.0,0.0,0.0,16.86,6.74,LOW,NORMAL,No major anomaly detected by the current risk layers.
W12629,Tanish Iyer,Salem,State Housing Board,Street Lighting,4.45,16.83,0.0,0.0,0.0,16.83,6.73,LOW,NORMAL,No major anomaly detected by the current risk layers.
W10954,Ishwar Boase,Thane,Municipal Corporation,School Building Repair,3.79,16.83,0.0,0.0,0.0,16.83,6.73,LOW,NORMAL,No major anomaly detected by the current risk layers.
W11323,Hemang Bava,Agra,District Rural Development Agency,Drainage System,13.02,16.82,0.0,0.0,0.0,16.82,6.73,LOW,NORMAL,No major anomaly detected by the current risk layers.
W12792,Rayaan Mand,Nagpur,District Rural Development Agency,Street Lighting,1.78,16.81,0.0,0.0,0.0,16.81,6.72,LOW,NORMAL,No major anomaly detected by the current risk layers.
W10706,Yadavi Deshmukh,Kolkata,State Housing Board,Drinking Water Supply,9.86,16.76,0.0,0.0,0.0,16.76,6.71,LOW,NORMAL,No major anomaly detected by the current risk layers.
W12885,Lucky Prashad,Salem,Zilla Panchayat,Drinking Water Supply,16.35,16.78,0.0,0.0,0.0,16.78,6.71,LOW,NORMAL,No major anomaly detected by the current risk layers.
W12789,Leena Butala,Bengaluru Urban,Zilla Panchayat,Road Construction,38.89,16.77,0.0,0.0,0.0,16.77,6.71,LOW,NORMAL,No major anomaly detected by the current risk layers.
W11830,Vrinda Biswas,Kolkata,District Rural Development Agency,Community Health Center,34.89,16.78,0.0,0.0,0.0,16.78,6.71,LOW,NORMAL,No major anomaly detected by the current risk layers.
W10631,Deepa Gala,Madurai,Municipal Corporation,Community Health Center,17.33,16.78,0.0,0.0,0.0,16.78,6.71,LOW,NORMAL,No major anomaly detected by the current risk layers.
W10521,Meera Banerjee,Asansol,District Rural Development Agency,Drainage System,16.61,16.78,0.0,0.0,0.0,16.78,6.71,LOW,NORMAL,No major anomaly detected by the current risk layers.
W10405,Triya Khatri,Dharwad,Public Works Department,Street Lighting,3.94,16.76,0.0,0.0,0.0,16.76,6.7,LOW,NORMAL,No major anomaly detected by the current risk layers.
W11849,Gaurav Chandra,Mysuru,Public Works Department,Road Construction,18.29,16.76,0.0,0.0,0.0,16.76,6.7,LOW,NORMAL,No major anomaly detected by the current risk layers.
W10957,Tanish Iyer,Asansol,Public Works Department,Community Health Center,30.44,16.75,0.0,0.0,0.0,16.75,6.7,LOW,NORMAL,No major anomaly detected by the current risk layers.
W12329,Krishna Pant,Dharwad,District Rural Development Agency,Drinking Water Supply,18.21,16.74,0.0,0.0,0.0,16.74,6.69,LOW,NORMAL,No major anomaly detected by the current risk layers.
W10729,Vrinda Biswas,Agra,District Rural Development Agency,School Building Repair,3.32,16.73,0.0,0.0,0.0,16.73,6.69,LOW,NORMAL,No major anomaly detected by the current risk layers.
W11655,Vrinda Biswas,Kanpur,Public Works Department,Street Lighting,4.08,16.69,0.0,0.0,0.0,16.69,6.68,LOW,NORMAL,No major anomaly detected by the current risk layers.
W12447,Triya Khatri,Dharwad,District Rural Development Agency,Road Construction,19.8,16.69,0.0,0.0,0.0,16.69,6.68,LOW,NORMAL,No major anomaly detected by the current risk layers.
W12138,Gaurav Chandra,Thane,Public Works Department,Drainage System,13.24,16.7,0.0,0.0,0.0,16.7,6.68,LOW,NORMAL,No major anomaly detected by the current risk layers.
W11063,Owen Bala,Darjeeling,District Rural Development Agency,Drinking Water Supply,19.76,16.7,0.0,0.0,0.0,16.7,6.68,LOW,NORMAL,No major anomaly detected by the current risk layers.
W11952,Gabriel Thaman,Coimbatore,State Housing Board,Street Lighting,4.84,16.68,0.0,0.0,0.0,16.68,6.67,LOW,NORMAL,No major anomaly detected by the current risk layers.
W10962,Yutika Rana,Varanasi,District Rural Development Agency,School Building Repair,8.31,16.67,0.0,0.0,0.0,16.67,6.67,LOW,NORMAL,No major anomaly detected by the current risk layers.
W10393,Mugdha Varty,Madurai,Public Works Department,School Building Repair,4.8,16.64,0.0,0.0,0.0,16.64,6.66,LOW,NORMAL,No major anomaly detected by the current risk layers.
W11070,Mugdha Varty,Pune,District Rural Development Agency,Drainage System,17.5,16.66,0.0,0.0,0.0,16.66,6.66,LOW,NORMAL,No major anomaly detected by the current risk layers.
W11857,Advaith Gole,Darjeeling,Public Works Department,Community Health Center,11.17,16.64,0.0,0.0,0.0,16.64,6.66,LOW,NORMAL,No major anomaly detected by the current risk layers.
W11604,Onveer Kata,Bengaluru Urban,Municipal Corporation,Drainage System,16.15,16.62,0.0,0.0,0.0,16.62,6.65,LOW,NORMAL,No major anomaly detected by the current risk layers.
W12401,Sanya Swamy,Agra,District Rural Development Agency,Drinking Water Supply,17.86,16.63,0.0,0.0,0.0,16.63,6.65,LOW,NORMAL,No major anomaly detected by the current risk layers.
W12288,Advaith Gole,Nashik,State Housing Board,Drinking Water Supply,17.56,16.62,0.0,0.0,0.0,16.62,6.65,LOW,NORMAL,No major anomaly detected by the current risk layers.
W12573,Yutika Rana,Chennai,Zilla Panchayat,Street Lighting,1.99,16.61,0.0,0.0,0.0,16.61,6.64,LOW,NORMAL,No major anomaly detected by the current risk layers.
W11841,Gaurav Chandra,Belagavi,State Housing Board,Road Construction,15.26,16.61,0.0,0.0,0.0,16.61,6.64,LOW,NORMAL,No major anomaly detected by the current risk layers.
W12930,Onveer Kata,Nashik,Municipal Corporation,Public Toilet Complex,3.82,16.6,0.0,0.0,0.0,16.6,6.64,LOW,NORMAL,No major anomaly detected by the current risk layers.
W11986,Yadavi Deshmukh,Asansol,Zilla Panchayat,Drinking Water Supply,18.88,16.58,0.0,0.0,0.0,16.58,6.63,LOW,NORMAL,No major anomaly detected by the current risk layers.
W12729,Gaurav Chandra,Kanpur,District Rural Development Agency,Public Toilet Complex,2.62,16.57,0.0,0.0,0.0,16.57,6.63,LOW,NORMAL,No major anomaly detected by the current risk layers.
W10691,Harrison Kapur,Mysuru,Zilla Panchayat,School Building Repair,12.43,16.58,0.0,0.0,0.0,16.58,6.63,LOW,NORMAL,No major anomaly detected by the current risk layers.
W10924,Owen Bala,Bengaluru Urban,State Housing Board,Road Construction,17.61,16.59,0.0,0.0,0.0,16.59,6.63,LOW,NORMAL,No major anomaly detected by the current risk layers.
W11669,Ria Ratta,Bengaluru Urban,Public Works Department,Drainage System,4.52,16.58,0.0,0.0,0.0,16.58,6.63,LOW,NORMAL,No major anomaly detected by the current risk layers.
W11751,Christopher Kadakia,Agra,Municipal Corporation,Drinking Water Supply,11.0,16.59,0.0,0.0,0.0,16.59,6.63,LOW,NORMAL,No major anomaly detected by the current risk layers.
W10362,Gabriel Thaman,Salem,Public Works Department,Road Construction,14.28,16.58,0.0,0.0,0.0,16.58,6.63,LOW,NORMAL,No major anomaly detected by the current risk layers.
W11168,Yug Choudhry,Kanpur,Public Works Department,Drinking Water Supply,7.03,16.58,0.0,0.0,0.0,16.58,6.63,LOW,NORMAL,No major anomaly detected by the current risk layers.
W12390,Harrison Kapur,Nagpur,Public Works Department,Drinking Water Supply,16.11,16.57,0.0,0.0,0.0,16.57,6.63,LOW,NORMAL,No major anomaly detected by the current risk layers.
W12315,Yadavi Deshmukh,Asansol,Municipal Corporation,Street Lighting,2.23,16.58,0.0,0.0,0.0,16.58,6.63,LOW,NORMAL,No major anomaly detected by the current risk layers.
W10336,Gaurav Chandra,Mysuru,District Rural Development Agency,Public Toilet Complex,3.68,16.55,0.0,0.0,0.0,16.55,6.62,LOW,NORMAL,No major anomaly detected by the current risk layers.
W10506,Eesha Memon,Nagpur,Municipal Corporation,Public Toilet Complex,3.45,16.56,0.0,0.0,0.0,16.56,6.62,LOW,NORMAL,No major anomaly detected by the current risk layers.
W10974,Varsha Morar,Dharwad,District Rural Development Agency,Community Health Center,38.24,16.55,0.0,0.0,0.0,16.55,6.62,LOW,NORMAL,No major anomaly detected by the current risk layers.
W11662,Tanish Iyer,Agra,State Housing Board,Road Construction,29.03,16.53,0.0,0.0,0.0,16.53,6.61,LOW,NORMAL,No major anomaly detected by the current risk layers.
W11406,Varsha Morar,Lucknow,State Housing Board,Public Toilet Complex,3.8,16.5,0.0,0.0,0.0,16.5,6.6,LOW,NORMAL,No major anomaly detected by the current risk layers.
W12576,Deepa Gala,Chennai,Zilla Panchayat,Road Construction,29.21,16.5,0.0,0.0,0.0,16.5,6.6,LOW,NORMAL,No major anomaly detected by the current risk layers.
W11427,Victor Venkataraman,Kolkata,Municipal Corporation,Drainage System,4.91,16.5,0.0,0.0,0.0,16.5,6.6,LOW,NORMAL,No major anomaly detected by the current risk layers.
W10508,Onveer Kata,Varanasi,State Housing Board,Street Lighting,2.58,16.49,0.0,0.0,0.0,16.49,6.6,LOW,NORMAL,No major anomaly detected by the current risk layers.
W11337,Onveer Kata,Agra,Public Works Department,Drinking Water Supply,4.64,16.48,0.0,0.0,0.0,16.48,6.59,LOW,NORMAL,No major anomaly detected by the current risk layers.
W12492,Gabriel Thaman,Agra,Zilla Panchayat,School Building Repair,12.98,16.47,0.0,0.0,0.0,16.47,6.59,LOW,NORMAL,No major anomaly detected by the current risk layers.
W12365,Pallavi Krish,Mysuru,Public Works Department,Road Construction,39.93,16.45,0.0,0.0,0.0,16.45,6.58,LOW,NORMAL,No major anomaly detected by the current risk layers.
W10227,Ria Ratta,Pune,Zilla Panchayat,Drinking Water Supply,10.14,16.45,0.0,0.0,0.0,16.45,6.58,LOW,NORMAL,No major anomaly detected by the current risk layers.
W11710,Yadavi Deshmukh,Howrah,Public Works Department,Road Construction,35.42,16.46,0.0,0.0,0.0,16.46,6.58,LOW,NORMAL,No major anomaly detected by the current risk layers.
W12179,Azaan Gupta,Madurai,Municipal Corporation,Drainage System,4.09,16.42,0.0,0.0,0.0,16.42,6.57,LOW,NORMAL,No major anomaly detected by the current risk layers.
W10020,Ronith Zachariah,Howrah,Public Works Department,Drinking Water Supply,14.7,16.41,0.0,0.0,0.0,16.41,6.56,LOW,NORMAL,No major anomaly detected by the current risk layers.
W11747,Vrinda Biswas,Nagpur,District Rural Development Agency,Public Toilet Complex,2.28,16.4,0.0,0.0,0.0,16.4,6.56,LOW,NORMAL,No major anomaly detected by the current risk layers.
W10509,Vanya Suresh,Kanpur,District Rural Development Agency,Drainage System,11.65,16.4,0.0,0.0,0.0,16.4,6.56,LOW,NORMAL,No major anomaly detected by the current risk layers.
W11821,Gabriel Thaman,Darjeeling,District Rural Development Agency,Drinking Water Supply,15.99,16.4,0.0,0.0,0.0,16.4,6.56,LOW,NORMAL,No major anomaly detected by the current risk layers.
W11585,Harrison Kapur,Asansol,Public Works Department,Public Toilet Complex,6.74,16.39,0.0,0.0,0.0,16.39,6.56,LOW,NORMAL,No major anomaly detected by the current risk layers.
W11378,Azaan Gupta,Kanpur,District Rural Development Agency,Drinking Water Supply,6.12,16.41,0.0,0.0,0.0,16.41,6.56,LOW,NORMAL,No major anomaly detected by the current risk layers.
W10873,Owen Bansal,Bengaluru Urban,State Housing Board,School Building Repair,5.88,16.41,0.0,0.0,0.0,16.41,6.56,LOW,NORMAL,No major anomaly detected by the current risk layers.
W12375,Oliver Sarma,Lucknow,State Housing Board,Community Health Center,22.87,16.41,0.0,0.0,0.0,16.41,6.56,LOW,NORMAL,No major anomaly detected by the current risk layers.
W12538,Vanya Suresh,Thane,Zilla Panchayat,Public Toilet Complex,3.79,16.4,0.0,0.0,0.0,16.4,6.56,LOW,NORMAL,No major anomaly detected by the current risk layers.
W11328,Yamini Chand,Dharwad,Municipal Corporation,Public Toilet Complex,3.72,16.37,0.0,0.0,0.0,16.37,6.55,LOW,NORMAL,No major anomaly detected by the current risk layers.
W10944,Vrinda Biswas,Varanasi,Public Works Department,Public Toilet Complex,4.4,16.37,0.0,0.0,0.0,16.37,6.55,LOW,NORMAL,No major anomaly detected by the current risk layers.
W10168,Ronith Zachariah,Belagavi,District Rural Development Agency,Drainage System,5.19,16.38,0.0,0.0,0.0,16.38,6.55,LOW,NORMAL,No major anomaly detected by the current risk layers.
W12071,Oliver Sarma,Lucknow,Municipal Corporation,Road Construction,16.18,16.37,0.0,0.0,0.0,16.37,6.55,LOW,NORMAL,No major anomaly detected by the current risk layers.
W12042,Hemang Bava,Thane,Public Works Department,Drinking Water Supply,10.16,16.37,0.0,0.0,0.0,16.37,6.55,LOW,NORMAL,No major anomaly detected by the current risk layers.
W11441,Ronith Zachariah,Agra,Zilla Panchayat,Drainage System,16.47,16.35,0.0,0.0,0.0,16.35,6.54,LOW,NORMAL,No major anomaly detected by the current risk layers.
W12482,Sanya Swamy,Kolkata,District Rural Development Agency,Street Lighting,1.9,16.34,0.0,0.0,0.0,16.34,6.54,LOW,NORMAL,No major anomaly detected by the current risk layers.
W12394,Rayaan Mand,Dharwad,Municipal Corporation,Road Construction,33.22,16.36,0.0,0.0,0.0,16.36,6.54,LOW,NORMAL,No major anomaly detected by the current risk layers.
W12132,Varsha Morar,Bengaluru Urban,Zilla Panchayat,Drinking Water Supply,15.68,16.31,0.0,0.0,0.0,16.31,6.53,LOW,NORMAL,No major anomaly detected by the current risk layers.
W10856,Ria Ratta,Bengaluru Urban,Public Works Department,Road Construction,19.87,16.33,0.0,0.0,0.0,16.33,6.53,LOW,NORMAL,No major anomaly detected by the current risk layers.
W11817,Krishna Pant,Lucknow,District Rural Development Agency,Road Construction,38.03,16.29,0.0,0.0,0.0,16.29,6.52,LOW,NORMAL,No major anomaly detected by the current risk layers.
W11725,Owen Bala,Chennai,Municipal Corporation,Drinking Water Supply,16.62,16.29,0.0,0.0,0.0,16.29,6.52,LOW,NORMAL,No major anomaly detected by the current risk layers.
W12446,Lucky Prashad,Lucknow,Zilla Panchayat,Road Construction,31.66,16.3,0.0,0.0,0.0,16.3,6.52,LOW,NORMAL,No major anomaly detected by the current risk layers.
W10470,Varsha Morar,Kolkata,State Housing Board,Public Toilet Complex,3.43,16.31,0.0,0.0,0.0,16.31,6.52,LOW,NORMAL,No major anomaly detected by the current risk layers.
W10252,Rayaan Mand,Lucknow,Public Works Department,Street Lighting,5.32,16.29,0.0,0.0,0.0,16.29,6.52,LOW,NORMAL,No major anomaly detected by the current risk layers.
W11161,Advaith Gole,Lucknow,Public Works Department,School Building Repair,3.16,16.28,0.0,0.0,0.0,16.28,6.51,LOW,NORMAL,No major anomaly detected by the current risk layers.
W11539,Krishna Pant,Mysuru,District Rural Development Agency,Community Health Center,13.88,16.26,0.0,0.0,0.0,16.26,6.51,LOW,NORMAL,No major anomaly detected by the current risk layers.
W10950,Yutika Rana,Nashik,District Rural Development Agency,School Building Repair,5.4,16.26,0.0,0.0,0.0,16.26,6.5,LOW,NORMAL,No major anomaly detected by the current risk layers.
W10842,Ishwar Boase,Mysuru,Public Works Department,Public Toilet Complex,4.18,16.24,0.0,0.0,0.0,16.24,6.5,LOW,NORMAL,No major anomaly detected by the current risk layers.
W12305,Azaan Gupta,Pune,Municipal Corporation,School Building Repair,9.34,16.25,0.0,0.0,0.0,16.25,6.5,LOW,NORMAL,No major anomaly detected by the current risk layers.
W10772,Odika Naik,Varanasi,State Housing Board,Street Lighting,3.58,16.24,0.0,0.0,0.0,16.24,6.5,LOW,NORMAL,No major anomaly detected by the current risk layers.
W11251,Owen Bansal,Kolkata,Zilla Panchayat,Public Toilet Complex,6.36,16.2,0.0,0.0,0.0,16.2,6.48,LOW,NORMAL,No major anomaly detected by the current risk layers.
W11152,Onveer Kata,Kolkata,District Rural Development Agency,Drinking Water Supply,14.32,16.2,0.0,0.0,0.0,16.2,6.48,LOW,NORMAL,No major anomaly detected by the current risk layers.
W12097,Rayaan Mand,Thane,State Housing Board,Street Lighting,4.83,16.2,0.0,0.0,0.0,16.2,6.48,LOW,NORMAL,No major anomaly detected by the current risk layers.
W11357,Yug Choudhry,Kanpur,District Rural Development Agency,School Building Repair,4.01,16.21,0.0,0.0,0.0,16.21,6.48,LOW,NORMAL,No major anomaly detected by the current risk layers.
W11256,Yadavi Deshmukh,Nagpur,State Housing Board,Drainage System,16.64,16.19,0.0,0.0,0.0,16.19,6.48,LOW,NORMAL,No major anomaly detected by the current risk layers.
W11495,Yutika Rana,Belagavi,State Housing Board,Community Health Center,22.25,16.17,0.0,0.0,0.0,16.17,6.47,LOW,NORMAL,No major anomaly detected by the current risk layers.
W12876,Ronith Zachariah,Mysuru,Public Works Department,Drainage System,10.73,16.17,0.0,0.0,0.0,16.17,6.47,LOW,NORMAL,No major anomaly detected by the current risk layers.
W10705,Gaurav Chandra,Chennai,Municipal Corporation,Street Lighting,5.73,16.17,0.0,0.0,0.0,16.17,6.47,LOW,NORMAL,No major anomaly detected by the current risk layers.
W11132,Azaan Gupta,Kolkata,Public Works Department,Street Lighting,2.91,16.18,0.0,0.0,0.0,16.18,6.47,LOW,NORMAL,No major anomaly detected by the current risk layers.
W10266,Krishna Pant,Salem,State Housing Board,Community Health Center,19.13,16.17,0.0,0.0,0.0,16.17,6.47,LOW,NORMAL,No major anomaly detected by the current risk layers.
W10066,Vanya Suresh,Pune,State Housing Board,Public Toilet Complex,6.63,16.18,0.0,0.0,0.0,16.18,6.47,LOW,NORMAL,No major anomaly detected by the current risk layers.
W11847,Pallavi Krish,Nagpur,Public Works Department,Community Health Center,19.28,16.18,0.0,0.0,0.0,16.18,6.47,LOW,NORMAL,No major anomaly detected by the current risk layers.
W11212,Oliver Sarma,Agra,Public Works Department,Public Toilet Complex,3.72,16.15,0.0,0.0,0.0,16.15,6.46,LOW,NORMAL,No major anomaly detected by the current risk layers.
W12380,Yadavi Deshmukh,Lucknow,Public Works Department,Road Construction,15.31,16.15,0.0,0.0,0.0,16.15,6.46,LOW,NORMAL,No major anomaly detected by the current risk layers.
W12436,Krishna Pant,Darjeeling,Zilla Panchayat,Road Construction,20.7,16.16,0.0,0.0,0.0,16.16,6.46,LOW,NORMAL,No major anomaly detected by the current risk layers.
W12551,Bachittar Choudhry,Thane,State Housing Board,Drainage System,13.53,16.15,0.0,0.0,0.0,16.15,6.46,LOW,NORMAL,No major anomaly detected by the current risk layers.
W12649,Vanya Suresh,Salem,Municipal Corporation,Public Toilet Complex,4.66,16.15,0.0,0.0,0.0,16.15,6.46,LOW,NORMAL,No major anomaly detected by the current risk layers.
W10737,Gaurav Chandra,Nagpur,State Housing Board,Drainage System,5.83,16.12,0.0,0.0,0.0,16.12,6.45,LOW,NORMAL,No major anomaly detected by the current risk layers.
W10288,Gabriel Thaman,Agra,Public Works Department,Road Construction,30.81,16.13,0.0,0.0,0.0,16.13,6.45,LOW,NORMAL,No major anomaly detected by the current risk layers.
W10454,Ishwar Boase,Bengaluru Urban,State Housing Board,School Building Repair,12.53,16.12,0.0,0.0,0.0,16.12,6.45,LOW,NORMAL,No major anomaly detected by the current risk layers.
W12229,Vrinda Biswas,Mysuru,Public Works Department,Drainage System,5.28,16.13,0.0,0.0,0.0,16.13,6.45,LOW,NORMAL,No major anomaly detected by the current risk layers.
W10076,Triya Khatri,Varanasi,State Housing Board,Public Toilet Complex,5.54,16.12,0.0,0.0,0.0,16.12,6.45,LOW,NORMAL,No major anomaly detected by the current risk layers.
W12970,Gabriel Thaman,Darjeeling,Zilla Panchayat,Street Lighting,3.0,16.09,0.0,0.0,0.0,16.09,6.44,LOW,NORMAL,No major anomaly detected by the current risk layers.
W10238,Onveer Kata,Asansol,Public Works Department,Street Lighting,2.9,16.06,0.0,0.0,0.0,16.06,6.43,LOW,NORMAL,No major anomaly detected by the current risk layers.
W11377,Odika Naik,Dharwad,Public Works Department,Street Lighting,3.56,16.08,0.0,0.0,0.0,16.08,6.43,LOW,NORMAL,No major anomaly detected by the current risk layers.
W10345,Sanya Swamy,Mysuru,Public Works Department,Public Toilet Complex,4.66,16.09,0.0,0.0,0.0,16.09,6.43,LOW,NORMAL,No major anomaly detected by the current risk layers.
W10913,Vrinda Biswas,Nashik,Public Works Department,Drainage System,8.59,16.06,0.0,0.0,0.0,16.06,6.43,LOW,NORMAL,No major anomaly detected by the current risk layers.
W10649,Vanya Suresh,Salem,State Housing Board,Street Lighting,1.39,16.04,0.0,0.0,0.0,16.04,6.42,LOW,NORMAL,No major anomaly detected by the current risk layers.
W11555,Yutika Rana,Mysuru,State Housing Board,School Building Repair,6.16,16.04,0.0,0.0,0.0,16.04,6.42,LOW,NORMAL,No major anomaly detected by the current risk layers.
W12658,Tanish Iyer,Mysuru,Zilla Panchayat,Drainage System,7.77,16.06,0.0,0.0,0.0,16.06,6.42,LOW,NORMAL,No major anomaly detected by the current risk layers.
W10901,Mugdha Varty,Bengaluru Urban,District Rural Development Agency,Road Construction,25.83,16.06,0.0,0.0,0.0,16.06,6.42,LOW,NORMAL,No major anomaly detected by the current risk layers.
W11067,Lucky Prashad,Kanpur,Municipal Corporation,Public Toilet Complex,3.69,16.04,0.0,0.0,0.0,16.04,6.42,LOW,NORMAL,No major anomaly detected by the current risk layers.
W11731,Mugdha Varty,Mysuru,State Housing Board,Drainage System,4.44,16.05,0.0,0.0,0.0,16.05,6.42,LOW,NORMAL,No major anomaly detected by the current risk layers.
W11146,Rayaan Mand,Salem,Public Works Department,Drainage System,5.79,16.03,0.0,0.0,0.0,16.03,6.41,LOW,NORMAL,No major anomaly detected by the current risk layers.
W12510,Onveer Kata,Bengaluru Urban,State Housing Board,Street Lighting,2.69,16.02,0.0,0.0,0.0,16.02,6.41,LOW,NORMAL,No major anomaly detected by the current risk layers.
W12691,Sanya Swamy,Mysuru,Public Works Department,Drainage System,15.08,16.03,0.0,0.0,0.0,16.03,6.41,LOW,NORMAL,No major anomaly detected by the current risk layers.
W11936,Azaan Gupta,Coimbatore,District Rural Development Agency,Drainage System,16.18,16.01,0.0,0.0,0.0,16.01,6.41,LOW,NORMAL,No major anomaly detected by the current risk layers.
W11169,Bachittar Choudhry,Bengaluru Urban,District Rural Development Agency,Public Toilet Complex,3.49,16.01,0.0,0.0,0.0,16.01,6.4,LOW,NORMAL,No major anomaly detected by the current risk layers.
W11782,Leena Butala,Coimbatore,State Housing Board,Drainage System,14.13,16.01,0.0,0.0,0.0,16.01,6.4,LOW,NORMAL,No major anomaly detected by the current risk layers.
W11274,Odika Naik,Thane,Public Works Department,Drainage System,17.15,15.99,0.0,0.0,0.0,15.99,6.4,LOW,NORMAL,No major anomaly detected by the current risk layers.
W10267,Rayaan Mand,Belagavi,District Rural Development Agency,Drainage System,6.7,16.0,0.0,0.0,0.0,16.0,6.4,LOW,NORMAL,No major anomaly detected by the current risk layers.
W11330,Oliver Sarma,Varanasi,State Housing Board,Street Lighting,2.82,16.0,0.0,0.0,0.0,16.0,6.4,LOW,NORMAL,No major anomaly detected by the current risk layers.
W11556,Ishwar Boase,Nashik,Public Works Department,Drainage System,17.88,15.98,0.0,0.0,0.0,15.98,6.39,LOW,NORMAL,No major anomaly detected by the current risk layers.
W11734,Advaith Gole,Kanpur,Zilla Panchayat,Drinking Water Supply,9.44,15.98,0.0,0.0,0.0,15.98,6.39,LOW,NORMAL,No major anomaly detected by the current risk layers.
W10830,Advaith Gole,Agra,State Housing Board,Public Toilet Complex,5.47,15.98,0.0,0.0,0.0,15.98,6.39,LOW,NORMAL,No major anomaly detected by the current risk layers.
W11895,Oliver Sarma,Kanpur,Municipal Corporation,Public Toilet Complex,2.6,15.98,0.0,0.0,0.0,15.98,6.39,LOW,NORMAL,No major anomaly detected by the current risk layers.
W10931,Victor Venkataraman,Nagpur,State Housing Board,Drinking Water Supply,13.09,15.98,0.0,0.0,0.0,15.98,6.39,LOW,NORMAL,No major anomaly detected by the current risk layers.
W11403,Ronith Zachariah,Salem,Public Works Department,Road Construction,39.2,15.98,0.0,0.0,0.0,15.98,6.39,LOW,NORMAL,No major anomaly detected by the current risk layers.
W12756,Mugdha Varty,Pune,Zilla Panchayat,Road Construction,14.59,15.96,0.0,0.0,0.0,15.96,6.39,LOW,NORMAL,No major anomaly detected by the current risk layers.
W11977,Lucky Prashad,Kolkata,Public Works Department,Road Construction,15.5,15.94,0.0,0.0,0.0,15.94,6.38,LOW,NORMAL,No major anomaly detected by the current risk layers.
W10656,Lucky Prashad,Coimbatore,State Housing Board,Community Health Center,17.23,15.94,0.0,0.0,0.0,15.94,6.38,LOW,NORMAL,No major anomaly detected by the current risk layers.
W11737,Bachittar Choudhry,Pune,Municipal Corporation,School Building Repair,3.59,15.94,0.0,0.0,0.0,15.94,6.38,LOW,NORMAL,No major anomaly detected by the current risk layers.
W12034,Nicholas Gour,Bengaluru Urban,Public Works Department,Drinking Water Supply,16.37,15.95,0.0,0.0,0.0,15.95,6.38,LOW,NORMAL,No major anomaly detected by the current risk layers.
W10491,Vrinda Biswas,Asansol,State Housing Board,Drinking Water Supply,19.82,15.96,0.0,0.0,0.0,15.96,6.38,LOW,NORMAL,No major anomaly detected by the current risk layers.
W10094,Yamini Chand,Howrah,State Housing Board,Public Toilet Complex,2.95,15.96,0.0,0.0,0.0,15.96,6.38,LOW,NORMAL,No major anomaly detected by the current risk layers.
W11277,Triya Khatri,Howrah,State Housing Board,Public Toilet Complex,4.09,15.93,0.0,0.0,0.0,15.93,6.37,LOW,NORMAL,No major anomaly detected by the current risk layers.
W12328,Advaith Gole,Mysuru,Municipal Corporation,Drainage System,15.47,15.93,0.0,0.0,0.0,15.93,6.37,LOW,NORMAL,No major anomaly detected by the current risk layers.
W12555,Krishna Pant,Coimbatore,Public Works Department,Street Lighting,3.62,15.92,0.0,0.0,0.0,15.92,6.37,LOW,NORMAL,No major anomaly detected by the current risk layers.
W10223,Gaurav Chandra,Chennai,State Housing Board,Road Construction,15.44,15.92,0.0,0.0,0.0,15.92,6.37,LOW,NORMAL,No major anomaly detected by the current risk layers.
W11854,Vanya Suresh,Nagpur,Public Works Department,Road Construction,5.49,15.92,0.0,0.0,0.0,15.92,6.37,LOW,NORMAL,No major anomaly detected by the current risk layers.
W11364,Meera Banerjee,Salem,Municipal Corporation,Street Lighting,4.95,15.92,0.0,0.0,0.0,15.92,6.37,LOW,NORMAL,No major anomaly detected by the current risk layers.
W11629,Owen Bala,Agra,State Housing Board,Road Construction,14.76,15.92,0.0,0.0,0.0,15.92,6.37,LOW,NORMAL,No major anomaly detected by the current risk layers.
W12711,Ishwar Boase,Howrah,Zilla Panchayat,Community Health Center,25.08,15.92,0.0,0.0,0.0,15.92,6.37,LOW,NORMAL,No major anomaly detected by the current risk layers.
W11308,Victor Venkataraman,Salem,Public Works Department,Drinking Water Supply,12.98,15.92,0.0,0.0,0.0,15.92,6.37,LOW,NORMAL,No major anomaly detected by the current risk layers.
W12491,Lucky Prashad,Nagpur,State Housing Board,Drinking Water Supply,5.4,15.92,0.0,0.0,0.0,15.92,6.37,LOW,NORMAL,No major anomaly detected by the current risk layers.
W12056,Ronith Zachariah,Howrah,Municipal Corporation,Drainage System,15.86,15.93,0.0,0.0,0.0,15.93,6.37,LOW,NORMAL,No major anomaly detected by the current risk layers.
W12713,Eesha Memon,Mysuru,Public Works Department,Drainage System,15.74,15.89,0.0,0.0,0.0,15.89,6.36,LOW,NORMAL,No major anomaly detected by the current risk layers.
W12152,Krishna Pant,Lucknow,State Housing Board,Community Health Center,17.32,15.89,0.0,0.0,0.0,15.89,6.36,LOW,NORMAL,No major anomaly detected by the current risk layers.
W10639,Bachittar Choudhry,Salem,Public Works Department,Street Lighting,3.89,15.9,0.0,0.0,0.0,15.9,6.36,LOW,NORMAL,No major anomaly detected by the current risk layers.
W10271,Onveer Kata,Mysuru,Zilla Panchayat,Street Lighting,3.61,15.9,0.0,0.0,0.0,15.9,6.36,LOW,NORMAL,No major anomaly detected by the current risk layers.
W11477,Bachittar Choudhry,Darjeeling,Zilla Panchayat,Community Health Center,15.32,15.91,0.0,0.0,0.0,15.91,6.36,LOW,NORMAL,No major anomaly detected by the current risk layers.
W12902,Vrinda Biswas,Kolkata,State Housing Board,Street Lighting,5.1,15.89,0.0,0.0,0.0,15.89,6.36,LOW,NORMAL,No major anomaly detected by the current risk layers.
W11819,Nicholas Gour,Pune,Municipal Corporation,School Building Repair,12.21,15.91,0.0,0.0,0.0,15.91,6.36,LOW,NORMAL,No major anomaly detected by the current risk layers.
W10204,Bachittar Choudhry,Nashik,Zilla Panchayat,Public Toilet Complex,4.19,15.88,0.0,0.0,0.0,15.88,6.35,LOW,NORMAL,No major anomaly detected by the current risk layers.
W12621,Mugdha Varty,Salem,Public Works Department,Community Health Center,19.68,15.87,0.0,0.0,0.0,15.87,6.35,LOW,NORMAL,No major anomaly detected by the current risk layers.
W11115,Lucky Prashad,Kanpur,State Housing Board,Public Toilet Complex,4.62,15.87,0.0,0.0,0.0,15.87,6.35,LOW,NORMAL,No major anomaly detected by the current risk layers.
W11675,Ria Ratta,Kanpur,Public Works Department,Street Lighting,5.29,15.88,0.0,0.0,0.0,15.88,6.35,LOW,NORMAL,No major anomaly detected by the current risk layers.
W10549,Ria Ratta,Lucknow,Zilla Panchayat,Drainage System,12.57,15.87,0.0,0.0,0.0,15.87,6.35,LOW,NORMAL,No major anomaly detected by the current risk layers.
W10475,Gabriel Thaman,Kanpur,Municipal Corporation,Street Lighting,3.03,15.87,0.0,0.0,0.0,15.87,6.35,LOW,NORMAL,No major anomaly detected by the current risk layers.
W11456,Eesha Memon,Coimbatore,District Rural Development Agency,Public Toilet Complex,7.63,15.86,0.0,0.0,0.0,15.86,6.34,LOW,NORMAL,No major anomaly detected by the current risk layers.
W12069,Hemang Bava,Varanasi,Municipal Corporation,School Building Repair,6.78,15.84,0.0,0.0,0.0,15.84,6.34,LOW,NORMAL,No major anomaly detected by the current risk layers.
W10003,Pallavi Krish,Coimbatore,Municipal Corporation,School Building Repair,14.49,15.84,0.0,0.0,0.0,15.84,6.34,LOW,NORMAL,No major anomaly detected by the current risk layers.
W11445,Sanya Swamy,Darjeeling,Municipal Corporation,Drainage System,16.49,15.84,0.0,0.0,0.0,15.84,6.34,LOW,NORMAL,No major anomaly detected by the current risk layers.
W10144,Meera Banerjee,Asansol,Zilla Panchayat,Street Lighting,3.02,15.82,0.0,0.0,0.0,15.82,6.33,LOW,NORMAL,No major anomaly detected by the current risk layers.
W10849,Sanya Swamy,Asansol,Zilla Panchayat,Public Toilet Complex,4.07,15.83,0.0,0.0,0.0,15.83,6.33,LOW,NORMAL,No major anomaly detected by the current risk layers.
W12033,Ronith Zachariah,Chennai,Municipal Corporation,Drainage System,9.71,15.82,0.0,0.0,0.0,15.82,6.33,LOW,NORMAL,No major anomaly detected by the current risk layers.
W11360,Yutika Rana,Agra,Municipal Corporation,Road Construction,11.44,15.82,0.0,0.0,0.0,15.82,6.33,LOW,NORMAL,No major anomaly detected by the current risk layers.
W11722,Vanya Suresh,Thane,Municipal Corporation,School Building Repair,11.75,15.83,0.0,0.0,0.0,15.83,6.33,LOW,NORMAL,No major anomaly detected by the current risk layers.
W10621,Leena Butala,Nagpur,State Housing Board,Drinking Water Supply,18.78,15.82,0.0,0.0,0.0,15.82,6.33,LOW,NORMAL,No major anomaly detected by the current risk layers.
W10635,Deepa Gala,Thane,State Housing Board,Drainage System,17.7,15.79,0.0,0.0,0.0,15.79,6.32,LOW,NORMAL,No major anomaly detected by the current risk layers.
W12387,Krishna Pant,Belagavi,Public Works Department,Public Toilet Complex,3.07,15.8,0.0,0.0,0.0,15.8,6.32,LOW,NORMAL,No major anomaly detected by the current risk layers.
W11898,Deepa Gala,Mysuru,State Housing Board,Drainage System,15.2,15.81,0.0,0.0,0.0,15.81,6.32,LOW,NORMAL,No major anomaly detected by the current risk layers.
W12845,Ishwar Boase,Salem,District Rural Development Agency,Public Toilet Complex,2.83,15.81,0.0,0.0,0.0,15.81,6.32,LOW,NORMAL,No major anomaly detected by the current risk layers.
W12211,Ekansh Sami,Lucknow,Public Works Department,Drainage System,5.79,15.8,0.0,0.0,0.0,15.8,6.32,LOW,NORMAL,No major anomaly detected by the current risk layers.
W11911,Oliver Sarma,Asansol,District Rural Development Agency,Street Lighting,4.58,15.8,0.0,0.0,0.0,15.8,6.32,LOW,NORMAL,No major anomaly detected by the current risk layers.
W11439,Ekansh Sami,Chennai,Public Works Department,Community Health Center,11.37,15.81,0.0,0.0,0.0,15.81,6.32,LOW,NORMAL,No major anomaly detected by the current risk layers.
W12734,Jagat Mangat,Coimbatore,District Rural Development Agency,School Building Repair,6.46,15.77,0.0,0.0,0.0,15.77,6.31,LOW,NORMAL,No major anomaly detected by the current risk layers.
W11955,Krishna Pant,Kanpur,Zilla Panchayat,Public Toilet Complex,2.39,15.76,0.0,0.0,0.0,15.76,6.31,LOW,NORMAL,No major anomaly detected by the current risk layers.
W11296,Eesha Memon,Nagpur,State Housing Board,Drainage System,17.13,15.76,0.0,0.0,0.0,15.76,6.31,LOW,NORMAL,No major anomaly detected by the current risk layers.
W12768,Jagat Mangat,Coimbatore,State Housing Board,Road Construction,10.27,15.79,0.0,0.0,0.0,15.79,6.31,LOW,NORMAL,No major anomaly detected by the current risk layers.
W10241,Bachittar Choudhry,Nagpur,District Rural Development Agency,Drainage System,15.96,15.78,0.0,0.0,0.0,15.78,6.31,LOW,NORMAL,No major anomaly detected by the current risk layers.
W12978,Pallavi Krish,Varanasi,Zilla Panchayat,Public Toilet Complex,4.92,15.75,0.0,0.0,0.0,15.75,6.3,LOW,NORMAL,No major anomaly detected by the current risk layers.
W12940,Sanya Swamy,Kolkata,Municipal Corporation,Road Construction,19.76,15.76,0.0,0.0,0.0,15.76,6.3,LOW,NORMAL,No major anomaly detected by the current risk layers.
W11930,Yamini Chand,Darjeeling,State Housing Board,School Building Repair,12.35,15.74,0.0,0.0,0.0,15.74,6.3,LOW,NORMAL,No major anomaly detected by the current risk layers.
W10350,Tanish Iyer,Agra,State Housing Board,Drinking Water Supply,18.6,15.73,0.0,0.0,0.0,15.73,6.29,LOW,NORMAL,No major anomaly detected by the current risk layers.
W12148,Owen Bala,Howrah,Public Works Department,Street Lighting,4.39,15.73,0.0,0.0,0.0,15.73,6.29,LOW,NORMAL,No major anomaly detected by the current risk layers.
W12896,Rayaan Mand,Dharwad,Zilla Panchayat,Public Toilet Complex,2.83,15.74,0.0,0.0,0.0,15.74,6.29,LOW,NORMAL,No major anomaly detected by the current risk layers.
W11135,Victor Venkataraman,Mysuru,Public Works Department,Drinking Water Supply,8.19,15.72,0.0,0.0,0.0,15.72,6.29,LOW,NORMAL,No major anomaly detected by the current risk layers.
W11348,Leena Butala,Lucknow,Zilla Panchayat,Drinking Water Supply,19.34,15.72,0.0,0.0,0.0,15.72,6.29,LOW,NORMAL,No major anomaly detected by the current risk layers.
W10029,Meera Banerjee,Bengaluru Urban,State Housing Board,Community Health Center,36.29,15.74,0.0,0.0,0.0,15.74,6.29,LOW,NORMAL,No major anomaly detected by the current risk layers.
W12272,Yamini Chand,Bengaluru Urban,Zilla Panchayat,Public Toilet Complex,6.5,15.74,0.0,0.0,0.0,15.74,6.29,LOW,NORMAL,No major anomaly detected by the current risk layers.
W11280,Lucky Prashad,Varanasi,Zilla Panchayat,Public Toilet Complex,2.68,15.72,0.0,0.0,0.0,15.72,6.29,LOW,NORMAL,No major anomaly detected by the current risk layers.
W12749,Rayaan Mand,Nashik,Zilla Panchayat,School Building Repair,9.73,15.72,0.0,0.0,0.0,15.72,6.29,LOW,NORMAL,No major anomaly detected by the current risk layers.
W12104,Mugdha Varty,Varanasi,District Rural Development Agency,Drainage System,16.96,15.7,0.0,0.0,0.0,15.7,6.28,LOW,NORMAL,No major anomaly detected by the current risk layers.
W10354,Widisha Yohannan,Belagavi,State Housing Board,Street Lighting,3.82,15.71,0.0,0.0,0.0,15.71,6.28,LOW,NORMAL,No major anomaly detected by the current risk layers.
W10437,Pallavi Krish,Darjeeling,Public Works Department,Public Toilet Complex,4.07,15.7,0.0,0.0,0.0,15.7,6.28,LOW,NORMAL,No major anomaly detected by the current risk layers.
W10160,Eesha Memon,Nagpur,District Rural Development Agency,Road Construction,15.35,15.68,0.0,0.0,0.0,15.68,6.27,LOW,NORMAL,No major anomaly detected by the current risk layers.
W12301,Gaurav Chandra,Kolkata,Public Works Department,Drainage System,11.89,15.66,0.0,0.0,0.0,15.66,6.27,LOW,NORMAL,No major anomaly detected by the current risk layers.
W11450,Gaurav Chandra,Chennai,District Rural Development Agency,Drainage System,8.48,15.68,0.0,0.0,0.0,15.68,6.27,LOW,NORMAL,No major anomaly detected by the current risk layers.
W11573,Harrison Kapur,Darjeeling,Zilla Panchayat,Road Construction,23.52,15.66,0.0,0.0,0.0,15.66,6.26,LOW,NORMAL,No major anomaly detected by the current risk layers.
W11928,Mugdha Varty,Chennai,Public Works Department,Street Lighting,4.32,15.65,0.0,0.0,0.0,15.65,6.26,LOW,NORMAL,No major anomaly detected by the current risk layers.
W11367,Nicholas Gour,Howrah,Zilla Panchayat,Public Toilet Complex,4.34,15.66,0.0,0.0,0.0,15.66,6.26,LOW,NORMAL,No major anomaly detected by the current risk layers.
W12684,Hemang Bava,Nagpur,District Rural Development Agency,Street Lighting,3.0,15.65,0.0,0.0,0.0,15.65,6.26,LOW,NORMAL,No major anomaly detected by the current risk layers.
W12419,Deepa Gala,Chennai,Zilla Panchayat,Public Toilet Complex,2.69,15.64,0.0,0.0,0.0,15.64,6.26,LOW,NORMAL,No major anomaly detected by the current risk layers.
W11855,Lucky Prashad,Pune,State Housing Board,Public Toilet Complex,3.16,15.64,0.0,0.0,0.0,15.64,6.26,LOW,NORMAL,No major anomaly detected by the current risk layers.
W12359,Krishna Pant,Asansol,State Housing Board,Drainage System,16.18,15.62,0.0,0.0,0.0,15.62,6.25,LOW,NORMAL,No major anomaly detected by the current risk layers.
W11671,Lucky Prashad,Bengaluru Urban,District Rural Development Agency,Community Health Center,15.4,15.61,0.0,0.0,0.0,15.61,6.25,LOW,NORMAL,No major anomaly detected by the current risk layers.
W12247,Odika Naik,Nagpur,Public Works Department,School Building Repair,11.6,15.62,0.0,0.0,0.0,15.62,6.25,LOW,NORMAL,No major anomaly detected by the current risk layers.
W10078,Triya Khatri,Coimbatore,Zilla Panchayat,Public Toilet Complex,7.21,15.62,0.0,0.0,0.0,15.62,6.25,LOW,NORMAL,No major anomaly detected by the current risk layers.
W11074,Eesha Memon,Dharwad,Public Works Department,School Building Repair,14.89,15.62,0.0,0.0,0.0,15.62,6.25,LOW,NORMAL,No major anomaly detected by the current risk layers.
W11164,Gaurav Chandra,Belagavi,Municipal Corporation,Community Health Center,16.57,15.64,0.0,0.0,0.0,15.64,6.25,LOW,NORMAL,No major anomaly detected by the current risk layers.
W10762,Sanya Swamy,Asansol,Municipal Corporation,Street Lighting,4.38,15.63,0.0,0.0,0.0,15.63,6.25,LOW,NORMAL,No major anomaly detected by the current risk layers.
W12502,Ishwar Boase,Mysuru,Zilla Panchayat,Community Health Center,17.15,15.62,0.0,0.0,0.0,15.62,6.25,LOW,NORMAL,No major anomaly detected by the current risk layers.
W11514,Yutika Rana,Madurai,Municipal Corporation,Drinking Water Supply,17.69,15.63,0.0,0.0,0.0,15.63,6.25,LOW,NORMAL,No major anomaly detected by the current risk layers.
W11686,Ishwar Boase,Varanasi,District Rural Development Agency,Community Health Center,18.81,15.63,0.0,0.0,0.0,15.63,6.25,LOW,NORMAL,No major anomaly detected by the current risk layers.
W11221,Lucky Prashad,Lucknow,State Housing Board,Drainage System,17.22,15.62,0.0,0.0,0.0,15.62,6.25,LOW,NORMAL,No major anomaly detected by the current risk layers.
W10082,Owen Bala,Salem,District Rural Development Agency,Drinking Water Supply,13.1,15.6,0.0,0.0,0.0,15.6,6.24,LOW,NORMAL,No major anomaly detected by the current risk layers.
W12474,Jagat Mangat,Thane,Public Works Department,Community Health Center,13.04,15.6,0.0,0.0,0.0,15.6,6.24,LOW,NORMAL,No major anomaly detected by the current risk layers.
W10792,Nicholas Gour,Varanasi,Zilla Panchayat,School Building Repair,7.72,15.6,0.0,0.0,0.0,15.6,6.24,LOW,NORMAL,No major anomaly detected by the current risk layers.
W10813,Krishna Pant,Coimbatore,Zilla Panchayat,School Building Repair,14.58,15.61,0.0,0.0,0.0,15.61,6.24,LOW,NORMAL,No major anomaly detected by the current risk layers.
W11507,Meera Banerjee,Nashik,Public Works Department,Public Toilet Complex,6.2,15.61,0.0,0.0,0.0,15.61,6.24,LOW,NORMAL,No major anomaly detected by the current risk layers.
W10409,Owen Bala,Bengaluru Urban,Zilla Panchayat,Road Construction,29.14,15.61,0.0,0.0,0.0,15.61,6.24,LOW,NORMAL,No major anomaly detected by the current risk layers.
W10655,Odika Naik,Bengaluru Urban,State Housing Board,Street Lighting,1.87,15.6,0.0,0.0,0.0,15.6,6.24,LOW,NORMAL,No major anomaly detected by the current risk layers.
W10213,Meera Banerjee,Asansol,District Rural Development Agency,Drainage System,15.73,15.59,0.0,0.0,0.0,15.59,6.24,LOW,NORMAL,No major anomaly detected by the current risk layers.
W11758,Ronith Zachariah,Mysuru,State Housing Board,Road Construction,16.46,15.6,0.0,0.0,0.0,15.6,6.24,LOW,NORMAL,No major anomaly detected by the current risk layers.
W11028,Varsha Morar,Salem,District Rural Development Agency,Drainage System,7.69,15.58,0.0,0.0,0.0,15.58,6.23,LOW,NORMAL,No major anomaly detected by the current risk layers.
W12382,Gaurav Chandra,Belagavi,Zilla Panchayat,Public Toilet Complex,7.2,15.57,0.0,0.0,0.0,15.57,6.23,LOW,NORMAL,No major anomaly detected by the current risk layers.
W11907,Nicholas Gour,Dharwad,State Housing Board,Drainage System,7.9,15.57,0.0,0.0,0.0,15.57,6.23,LOW,NORMAL,No major anomaly detected by the current risk layers.
W10787,Yug Choudhry,Lucknow,Zilla Panchayat,Drinking Water Supply,17.86,15.57,0.0,0.0,0.0,15.57,6.23,LOW,NORMAL,No major anomaly detected by the current risk layers.
W10357,Ria Ratta,Mysuru,Public Works Department,Street Lighting,4.52,15.58,0.0,0.0,0.0,15.58,6.23,LOW,NORMAL,No major anomaly detected by the current risk layers.
W11197,Ronith Zachariah,Mysuru,State Housing Board,Street Lighting,5.4,15.57,0.0,0.0,0.0,15.57,6.23,LOW,NORMAL,No major anomaly detected by the current risk layers.
W10014,Meera Banerjee,Coimbatore,Public Works Department,School Building Repair,7.49,15.58,0.0,0.0,0.0,15.58,6.23,LOW,NORMAL,No major anomaly detected by the current risk layers.
W12403,Rayaan Mand,Dharwad,State Housing Board,Road Construction,15.88,15.55,0.0,0.0,0.0,15.55,6.22,LOW,NORMAL,No major anomaly detected by the current risk layers.
W10027,Deepa Gala,Dharwad,State Housing Board,Street Lighting,5.6,15.55,0.0,0.0,0.0,15.55,6.22,LOW,NORMAL,No major anomaly detected by the current risk layers.
W10526,Sanya Swamy,Nashik,Public Works Department,Community Health Center,35.06,15.53,0.0,0.0,0.0,15.53,6.21,LOW,NORMAL,No major anomaly detected by the current risk layers.
W11496,Ria Ratta,Asansol,Municipal Corporation,School Building Repair,9.42,15.51,0.0,0.0,0.0,15.51,6.21,LOW,NORMAL,No major anomaly detected by the current risk layers.
W10877,Eesha Memon,Nagpur,State Housing Board,Street Lighting,5.76,15.53,0.0,0.0,0.0,15.53,6.21,LOW,NORMAL,No major anomaly detected by the current risk layers.
W10599,Rayaan Mand,Thane,Public Works Department,Street Lighting,2.9,15.53,0.0,0.0,0.0,15.53,6.21,LOW,NORMAL,No major anomaly detected by the current risk layers.
W10331,Deepa Gala,Darjeeling,District Rural Development Agency,Road Construction,22.57,15.53,0.0,0.0,0.0,15.53,6.21,LOW,NORMAL,No major anomaly detected by the current risk layers.
W10365,Varsha Morar,Chennai,District Rural Development Agency,Drinking Water Supply,8.18,15.54,0.0,0.0,0.0,15.54,6.21,LOW,NORMAL,No major anomaly detected by the current risk layers.
W10041,Pallavi Krish,Nagpur,Zilla Panchayat,Road Construction,28.1,15.51,0.0,0.0,0.0,15.51,6.21,LOW,NORMAL,No major anomaly detected by the current risk layers.
W11484,Christopher Kadakia,Mysuru,State Housing Board,Public Toilet Complex,4.09,15.53,0.0,0.0,0.0,15.53,6.21,LOW,NORMAL,No major anomaly detected by the current risk layers.
W10363,Vanya Suresh,Dharwad,Public Works Department,Community Health Center,39.3,15.52,0.0,0.0,0.0,15.52,6.21,LOW,NORMAL,No major anomaly detected by the current risk layers.
W11462,Lucky Prashad,Agra,Zilla Panchayat,Street Lighting,1.84,15.51,0.0,0.0,0.0,15.51,6.2,LOW,NORMAL,No major anomaly detected by the current risk layers.
W12068,Tanish Iyer,Mysuru,Zilla Panchayat,Drinking Water Supply,16.89,15.49,0.0,0.0,0.0,15.49,6.2,LOW,NORMAL,No major anomaly detected by the current risk layers.
W11940,Ishwar Boase,Kolkata,State Housing Board,Drainage System,4.78,15.5,0.0,0.0,0.0,15.5,6.2,LOW,NORMAL,No major anomaly detected by the current risk layers.
W12483,Oliver Sarma,Agra,State Housing Board,Public Toilet Complex,4.29,15.48,0.0,0.0,0.0,15.48,6.19,LOW,NORMAL,No major anomaly detected by the current risk layers.
W12064,Ria Ratta,Madurai,Zilla Panchayat,Road Construction,20.59,15.48,0.0,0.0,0.0,15.48,6.19,LOW,NORMAL,No major anomaly detected by the current risk layers.
W11576,Christopher Kadakia,Coimbatore,Public Works Department,Drainage System,15.16,15.46,0.0,0.0,0.0,15.46,6.18,LOW,NORMAL,No major anomaly detected by the current risk layers.
W12722,Ronith Zachariah,Salem,State Housing Board,Community Health Center,15.63,15.44,0.0,0.0,0.0,15.44,6.18,LOW,NORMAL,No major anomaly detected by the current risk layers.
W11176,Advaith Gole,Nagpur,District Rural Development Agency,Drainage System,5.2,15.44,0.0,0.0,0.0,15.44,6.18,LOW,NORMAL,No major anomaly detected by the current risk layers.
W12158,Deepa Gala,Mysuru,Municipal Corporation,Public Toilet Complex,5.96,15.46,0.0,0.0,0.0,15.46,6.18,LOW,NORMAL,No major anomaly detected by the current risk layers.
W11289,Deepa Gala,Belagavi,Zilla Panchayat,Public Toilet Complex,2.74,15.45,0.0,0.0,0.0,15.45,6.18,LOW,NORMAL,No major anomaly detected by the current risk layers.
W11980,Vrinda Biswas,Mysuru,Municipal Corporation,Drinking Water Supply,18.5,15.44,0.0,0.0,0.0,15.44,6.18,LOW,NORMAL,No major anomaly detected by the current risk layers.
W10875,Bachittar Choudhry,Kanpur,State Housing Board,Road Construction,14.42,15.45,0.0,0.0,0.0,15.45,6.18,LOW,NORMAL,No major anomaly detected by the current risk layers.
W12596,Azaan Gupta,Agra,Zilla Panchayat,Drainage System,8.81,15.43,0.0,0.0,0.0,15.43,6.17,LOW,NORMAL,No major anomaly detected by the current risk layers.
W12121,Bachittar Choudhry,Salem,Municipal Corporation,Community Health Center,11.12,15.44,0.0,0.0,0.0,15.44,6.17,LOW,NORMAL,No major anomaly detected by the current risk layers.
W12816,Yug Choudhry,Coimbatore,District Rural Development Agency,Street Lighting,2.93,15.41,0.0,0.0,0.0,15.41,6.17,LOW,NORMAL,No major anomaly detected by the current risk layers.
W12061,Yutika Rana,Dharwad,State Housing Board,Drainage System,7.1,15.42,0.0,0.0,0.0,15.42,6.17,LOW,NORMAL,No major anomaly detected by the current risk layers.
W12535,Yamini Chand,Dharwad,District Rural Development Agency,Community Health Center,30.08,15.42,0.0,0.0,0.0,15.42,6.17,LOW,NORMAL,No major anomaly detected by the current risk layers.
W10335,Advaith Gole,Dharwad,Municipal Corporation,Drainage System,14.07,15.42,0.0,0.0,0.0,15.42,6.17,LOW,NORMAL,No major anomaly detected by the current risk layers.
W11748,Victor Venkataraman,Kolkata,District Rural Development Agency,Public Toilet Complex,3.26,15.42,0.0,0.0,0.0,15.42,6.17,LOW,NORMAL,No major anomaly detected by the current risk layers.
W10555,Yamini Chand,Kolkata,Municipal Corporation,Public Toilet Complex,2.42,15.43,0.0,0.0,0.0,15.43,6.17,LOW,NORMAL,No major anomaly detected by the current risk layers.
W11565,Lucky Prashad,Dharwad,State Housing Board,Community Health Center,16.33,15.4,0.0,0.0,0.0,15.4,6.16,LOW,NORMAL,No major anomaly detected by the current risk layers.
W12379,Pallavi Krish,Kanpur,Public Works Department,Drainage System,16.69,15.4,0.0,0.0,0.0,15.4,6.16,LOW,NORMAL,No major anomaly detected by the current risk layers.
W11341,Nicholas Gour,Mysuru,Zilla Panchayat,School Building Repair,13.29,15.4,0.0,0.0,0.0,15.4,6.16,LOW,NORMAL,No major anomaly detected by the current risk layers.
W11084,Tanish Iyer,Nagpur,Public Works Department,Drainage System,6.37,15.4,0.0,0.0,0.0,15.4,6.16,LOW,NORMAL,No major anomaly detected by the current risk layers.
W12973,Krishna Pant,Kanpur,Municipal Corporation,Road Construction,6.7,15.41,0.0,0.0,0.0,15.41,6.16,LOW,NORMAL,No major anomaly detected by the current risk layers.
W10678,Gaurav Chandra,Chennai,District Rural Development Agency,Drinking Water Supply,16.6,15.4,0.0,0.0,0.0,15.4,6.16,LOW,NORMAL,No major anomaly detected by the current risk layers.
W10133,Leena Butala,Salem,District Rural Development Agency,Drainage System,16.74,15.41,0.0,0.0,0.0,15.41,6.16,LOW,NORMAL,No major anomaly detected by the current risk layers.
W11834,Onveer Kata,Howrah,Municipal Corporation,Community Health Center,33.62,15.41,0.0,0.0,0.0,15.41,6.16,LOW,NORMAL,No major anomaly detected by the current risk layers.
W12796,Nicholas Gour,Nagpur,Zilla Panchayat,Drainage System,3.11,15.37,0.0,0.0,0.0,15.37,6.15,LOW,NORMAL,No major anomaly detected by the current risk layers.
W10965,Ria Ratta,Nashik,Public Works Department,Drinking Water Supply,13.22,15.37,0.0,0.0,0.0,15.37,6.15,LOW,NORMAL,No major anomaly detected by the current risk layers.
W10623,Bachittar Choudhry,Bengaluru Urban,District Rural Development Agency,Drinking Water Supply,11.47,15.37,0.0,0.0,0.0,15.37,6.15,LOW,NORMAL,No major anomaly detected by the current risk layers.
W11083,Ishwar Boase,Belagavi,Public Works Department,Drinking Water Supply,17.58,15.37,0.0,0.0,0.0,15.37,6.15,LOW,NORMAL,No major anomaly detected by the current risk layers.
W12763,Lucky Prashad,Nashik,District Rural Development Agency,Drainage System,14.6,15.36,0.0,0.0,0.0,15.36,6.15,LOW,NORMAL,No major anomaly detected by the current risk layers.
W10439,Owen Bala,Bengaluru Urban,District Rural Development Agency,Community Health Center,15.81,15.36,0.0,0.0,0.0,15.36,6.14,LOW,NORMAL,No major anomaly detected by the current risk layers.
W12780,Yadavi Deshmukh,Asansol,District Rural Development Agency,Public Toilet Complex,3.11,15.36,0.0,0.0,0.0,15.36,6.14,LOW,NORMAL,No major anomaly detected by the current risk layers.
W10739,Yamini Chand,Varanasi,District Rural Development Agency,School Building Repair,11.52,15.36,0.0,0.0,0.0,15.36,6.14,LOW,NORMAL,No major anomaly detected by the current risk layers.
W11571,Eesha Memon,Darjeeling,Public Works Department,Street Lighting,4.97,15.36,0.0,0.0,0.0,15.36,6.14,LOW,NORMAL,No major anomaly detected by the current risk layers.
W10618,Ishwar Boase,Kanpur,Municipal Corporation,Street Lighting,1.58,15.36,0.0,0.0,0.0,15.36,6.14,LOW,NORMAL,No major anomaly detected by the current risk layers.
W10692,Yamini Chand,Darjeeling,Municipal Corporation,Community Health Center,17.95,15.34,0.0,0.0,0.0,15.34,6.14,LOW,NORMAL,No major anomaly detected by the current risk layers.
W10431,Leena Butala,Howrah,Zilla Panchayat,School Building Repair,4.45,15.33,0.0,0.0,0.0,15.33,6.13,LOW,NORMAL,No major anomaly detected by the current risk layers.
W11850,Owen Bala,Varanasi,Public Works Department,Community Health Center,14.85,15.32,0.0,0.0,0.0,15.32,6.13,LOW,NORMAL,No major anomaly detected by the current risk layers.
W10433,Ronith Zachariah,Howrah,District Rural Development Agency,Community Health Center,10.17,15.32,0.0,0.0,0.0,15.32,6.13,LOW,NORMAL,No major anomaly detected by the current risk layers.
W10775,Owen Bala,Chennai,Zilla Panchayat,Public Toilet Complex,3.22,15.32,0.0,0.0,0.0,15.32,6.13,LOW,NORMAL,No major anomaly detected by the current risk layers.
W10742,Victor Venkataraman,Chennai,District Rural Development Agency,Road Construction,15.56,15.32,0.0,0.0,0.0,15.32,6.13,LOW,NORMAL,No major anomaly detected by the current risk layers.
W12131,Rayaan Mand,Pune,District Rural Development Agency,Public Toilet Complex,7.42,15.33,0.0,0.0,0.0,15.33,6.13,LOW,NORMAL,No major anomaly detected by the current risk layers.
W12238,Nicholas Gour,Darjeeling,District Rural Development Agency,Street Lighting,4.45,15.33,0.0,0.0,0.0,15.33,6.13,LOW,NORMAL,No major anomaly detected by the current risk layers.
W10785,Krishna Pant,Asansol,Municipal Corporation,Drinking Water Supply,14.22,15.31,0.0,0.0,0.0,15.31,6.12,LOW,NORMAL,No major anomaly detected by the current risk layers.
W12454,Gabriel Thaman,Pune,Public Works Department,Drainage System,15.13,15.3,0.0,0.0,0.0,15.3,6.12,LOW,NORMAL,No major anomaly detected by the current risk layers.
W10887,Owen Bansal,Howrah,Zilla Panchayat,Road Construction,11.86,15.29,0.0,0.0,0.0,15.29,6.12,LOW,NORMAL,No major anomaly detected by the current risk layers.
W11078,Rayaan Mand,Nashik,Zilla Panchayat,School Building Repair,7.69,15.29,0.0,0.0,0.0,15.29,6.12,LOW,NORMAL,No major anomaly detected by the current risk layers.
W12007,Sanya Swamy,Mysuru,Municipal Corporation,Street Lighting,2.62,15.28,0.0,0.0,0.0,15.28,6.11,LOW,NORMAL,No major anomaly detected by the current risk layers.
W11122,Leena Butala,Thane,Zilla Panchayat,Community Health Center,21.4,15.28,0.0,0.0,0.0,15.28,6.11,LOW,NORMAL,No major anomaly detected by the current risk layers.
W10991,Advaith Gole,Varanasi,District Rural Development Agency,School Building Repair,11.63,15.27,0.0,0.0,0.0,15.27,6.11,LOW,NORMAL,No major anomaly detected by the current risk layers.
W10123,Rayaan Mand,Nagpur,Municipal Corporation,Drainage System,16.05,15.29,0.0,0.0,0.0,15.29,6.11,LOW,NORMAL,No major anomaly detected by the current risk layers.
W11510,Widisha Yohannan,Mysuru,State Housing Board,School Building Repair,10.19,15.28,0.0,0.0,0.0,15.28,6.11,LOW,NORMAL,No major anomaly detected by the current risk layers.
W11524,Eesha Memon,Asansol,Zilla Panchayat,Drinking Water Supply,14.97,15.28,0.0,0.0,0.0,15.28,6.11,LOW,NORMAL,No major anomaly detected by the current risk layers.
W11260,Lucky Prashad,Thane,Municipal Corporation,Public Toilet Complex,5.34,15.28,0.0,0.0,0.0,15.28,6.11,LOW,NORMAL,No major anomaly detected by the current risk layers.
W12536,Rayaan Mand,Belagavi,District Rural Development Agency,Public Toilet Complex,5.17,15.25,0.0,0.0,0.0,15.25,6.1,LOW,NORMAL,No major anomaly detected by the current risk layers.
W12111,Sanya Swamy,Bengaluru Urban,Municipal Corporation,Drinking Water Supply,10.49,15.25,0.0,0.0,0.0,15.25,6.1,LOW,NORMAL,No major anomaly detected by the current risk layers.
W11292,Hemang Bava,Kanpur,State Housing Board,Road Construction,14.25,15.24,0.0,0.0,0.0,15.24,6.1,LOW,NORMAL,No major anomaly detected by the current risk layers.
W12500,Owen Bala,Nagpur,Public Works Department,Public Toilet Complex,2.67,15.25,0.0,0.0,0.0,15.25,6.1,LOW,NORMAL,No major anomaly detected by the current risk layers.
W10676,Oliver Sarma,Lucknow,Public Works Department,Public Toilet Complex,4.63,15.25,0.0,0.0,0.0,15.25,6.1,LOW,NORMAL,No major anomaly detected by the current risk layers.
W11627,Lucky Prashad,Thane,District Rural Development Agency,Drainage System,13.51,15.24,0.0,0.0,0.0,15.24,6.1,LOW,NORMAL,No major anomaly detected by the current risk layers.
W11863,Tanish Iyer,Lucknow,Municipal Corporation,Street Lighting,3.95,15.23,0.0,0.0,0.0,15.23,6.09,LOW,NORMAL,No major anomaly detected by the current risk layers.
W10681,Yutika Rana,Kanpur,District Rural Development Agency,Drainage System,11.87,15.22,0.0,0.0,0.0,15.22,6.09,LOW,NORMAL,No major anomaly detected by the current risk layers.
W11859,Vanya Suresh,Thane,Public Works Department,Street Lighting,4.9,15.22,0.0,0.0,0.0,15.22,6.09,LOW,NORMAL,No major anomaly detected by the current risk layers.
W10653,Mugdha Varty,Kolkata,State Housing Board,Public Toilet Complex,7.94,15.23,0.0,0.0,0.0,15.23,6.09,LOW,NORMAL,No major anomaly detected by the current risk layers.
W10285,Sanya Swamy,Asansol,Zilla Panchayat,Drinking Water Supply,11.62,15.23,0.0,0.0,0.0,15.23,6.09,LOW,NORMAL,No major anomaly detected by the current risk layers.
W10251,Meera Banerjee,Lucknow,Zilla Panchayat,Drainage System,17.72,15.23,0.0,0.0,0.0,15.23,6.09,LOW,NORMAL,No major anomaly detected by the current risk layers.
W12331,Jagat Mangat,Thane,Municipal Corporation,Community Health Center,36.08,15.19,0.0,0.0,0.0,15.19,6.08,LOW,NORMAL,No major anomaly detected by the current risk layers.
W10388,Yamini Chand,Chennai,District Rural Development Agency,Drinking Water Supply,4.44,15.2,0.0,0.0,0.0,15.2,6.08,LOW,NORMAL,No major anomaly detected by the current risk layers.
W11800,Mugdha Varty,Coimbatore,State Housing Board,Street Lighting,4.49,15.2,0.0,0.0,0.0,15.2,6.08,LOW,NORMAL,No major anomaly detected by the current risk layers.
W11540,Tanish Iyer,Kanpur,Municipal Corporation,Drainage System,3.3,15.2,0.0,0.0,0.0,15.2,6.08,LOW,NORMAL,No major anomaly detected by the current risk layers.
W10028,Lucky Prashad,Kolkata,Zilla Panchayat,Public Toilet Complex,7.17,15.19,0.0,0.0,0.0,15.19,6.08,LOW,NORMAL,No major anomaly detected by the current risk layers.
W12185,Widisha Yohannan,Salem,Public Works Department,Drainage System,11.78,15.17,0.0,0.0,0.0,15.17,6.07,LOW,NORMAL,No major anomaly detected by the current risk layers.
W12008,Deepa Gala,Varanasi,Municipal Corporation,Drinking Water Supply,14.45,15.17,0.0,0.0,0.0,15.17,6.07,LOW,NORMAL,No major anomaly detected by the current risk layers.
W12029,Gabriel Thaman,Kanpur,Zilla Panchayat,School Building Repair,6.78,15.16,0.0,0.0,0.0,15.16,6.07,LOW,NORMAL,No major anomaly detected by the current risk layers.
W12444,Victor Venkataraman,Mysuru,Municipal Corporation,Drainage System,14.72,15.16,0.0,0.0,0.0,15.16,6.07,LOW,NORMAL,No major anomaly detected by the current risk layers.
W10743,Pallavi Krish,Howrah,District Rural Development Agency,School Building Repair,11.05,15.18,0.0,0.0,0.0,15.18,6.07,LOW,NORMAL,No major anomaly detected by the current risk layers.
W11199,Odika Naik,Darjeeling,Zilla Panchayat,Drainage System,12.19,15.18,0.0,0.0,0.0,15.18,6.07,LOW,NORMAL,No major anomaly detected by the current risk layers.
W10945,Azaan Gupta,Nashik,Zilla Panchayat,Public Toilet Complex,6.49,15.18,0.0,0.0,0.0,15.18,6.07,LOW,NORMAL,No major anomaly detected by the current risk layers.
W11310,Yamini Chand,Darjeeling,State Housing Board,Drainage System,14.06,15.18,0.0,0.0,0.0,15.18,6.07,LOW,NORMAL,No major anomaly detected by the current risk layers.
W10170,Lucky Prashad,Nashik,Zilla Panchayat,Road Construction,6.67,15.19,0.0,0.0,0.0,15.19,6.07,LOW,NORMAL,No major anomaly detected by the current risk layers.
W12381,Bachittar Choudhry,Bengaluru Urban,District Rural Development Agency,Public Toilet Complex,4.51,15.14,0.0,0.0,0.0,15.14,6.06,LOW,NORMAL,No major anomaly detected by the current risk layers.
W10228,Triya Khatri,Pune,Zilla Panchayat,Public Toilet Complex,2.71,15.14,0.0,0.0,0.0,15.14,6.06,LOW,NORMAL,No major anomaly detected by the current risk layers.
W11813,Onveer Kata,Nagpur,State Housing Board,School Building Repair,10.28,15.15,0.0,0.0,0.0,15.15,6.06,LOW,NORMAL,No major anomaly detected by the current risk layers.
W10591,Gaurav Chandra,Nagpur,Public Works Department,Drainage System,6.07,15.16,0.0,0.0,0.0,15.16,6.06,LOW,NORMAL,No major anomaly detected by the current risk layers.
W11339,Gaurav Chandra,Nagpur,District Rural Development Agency,School Building Repair,10.96,15.15,0.0,0.0,0.0,15.15,6.06,LOW,NORMAL,No major anomaly detected by the current risk layers.
W11703,Pallavi Krish,Nashik,Municipal Corporation,Road Construction,18.77,15.16,0.0,0.0,0.0,15.16,6.06,LOW,NORMAL,No major anomaly detected by the current risk layers.
W11353,Christopher Kadakia,Belagavi,Public Works Department,Public Toilet Complex,5.54,15.13,0.0,0.0,0.0,15.13,6.05,LOW,NORMAL,No major anomaly detected by the current risk layers.
W12076,Widisha Yohannan,Pune,State Housing Board,School Building Repair,8.14,15.13,0.0,0.0,0.0,15.13,6.05,LOW,NORMAL,No major anomaly detected by the current risk layers.
W10434,Krishna Pant,Howrah,Public Works Department,Public Toilet Complex,5.47,15.12,0.0,0.0,0.0,15.12,6.05,LOW,NORMAL,No major anomaly detected by the current risk layers.
W10736,Victor Venkataraman,Nashik,Zilla Panchayat,Drinking Water Supply,16.46,15.09,0.0,0.0,0.0,15.09,6.04,LOW,NORMAL,No major anomaly detected by the current risk layers.
W11996,Yadavi Deshmukh,Madurai,Zilla Panchayat,Drainage System,9.07,15.06,0.0,0.0,0.0,15.06,6.03,LOW,NORMAL,No major anomaly detected by the current risk layers.
W11862,Jagat Mangat,Pune,Zilla Panchayat,Street Lighting,4.26,15.09,0.0,0.0,0.0,15.09,6.03,LOW,NORMAL,No major anomaly detected by the current risk layers.
W10274,Lucky Prashad,Dharwad,Zilla Panchayat,Drinking Water Supply,17.47,15.07,0.0,0.0,0.0,15.07,6.03,LOW,NORMAL,No major anomaly detected by the current risk layers.
W12455,Pallavi Krish,Howrah,Zilla Panchayat,Street Lighting,1.16,15.07,0.0,0.0,0.0,15.07,6.03,LOW,NORMAL,No major anomaly detected by the current risk layers.
W11065,Ria Ratta,Madurai,Zilla Panchayat,School Building Repair,9.98,15.07,0.0,0.0,0.0,15.07,6.03,LOW,NORMAL,No major anomaly detected by the current risk layers.
W10175,Deepa Gala,Madurai,Zilla Panchayat,Drainage System,12.64,15.07,0.0,0.0,0.0,15.07,6.03,LOW,NORMAL,No major anomaly detected by the current risk layers.
W10116,Tanish Iyer,Salem,Municipal Corporation,Drainage System,12.58,15.07,0.0,0.0,0.0,15.07,6.03,LOW,NORMAL,No major anomaly detected by the current risk layers.
W10337,Mugdha Varty,Bengaluru Urban,Zilla Panchayat,Street Lighting,1.67,15.08,0.0,0.0,0.0,15.08,6.03,LOW,NORMAL,No major anomaly detected by the current risk layers.
W10581,Owen Bala,Belagavi,Municipal Corporation,Public Toilet Complex,4.11,15.08,0.0,0.0,0.0,15.08,6.03,LOW,NORMAL,No major anomaly detected by the current risk layers.
W12395,Krishna Pant,Nagpur,Public Works Department,Drinking Water Supply,17.83,15.08,0.0,0.0,0.0,15.08,6.03,LOW,NORMAL,No major anomaly detected by the current risk layers.
W11914,Christopher Kadakia,Howrah,District Rural Development Agency,School Building Repair,4.79,15.04,0.0,0.0,0.0,15.04,6.02,LOW,NORMAL,No major anomaly detected by the current risk layers.
W11437,Tanish Iyer,Nagpur,Public Works Department,Street Lighting,5.83,15.05,0.0,0.0,0.0,15.05,6.02,LOW,NORMAL,No major anomaly detected by the current risk layers.
W10371,Odika Naik,Chennai,Public Works Department,Public Toilet Complex,5.26,15.04,0.0,0.0,0.0,15.04,6.02,LOW,NORMAL,No major anomaly detected by the current risk layers.
W10523,Hemang Bava,Agra,District Rural Development Agency,School Building Repair,5.21,15.05,0.0,0.0,0.0,15.05,6.02,LOW,NORMAL,No major anomaly detected by the current risk layers.
W11000,Jagat Mangat,Coimbatore,Municipal Corporation,Road Construction,24.18,15.06,0.0,0.0,0.0,15.06,6.02,LOW,NORMAL,No major anomaly detected by the current risk layers.
W10747,Gaurav Chandra,Agra,Zilla Panchayat,School Building Repair,9.17,15.06,0.0,0.0,0.0,15.06,6.02,LOW,NORMAL,No major anomaly detected by the current risk layers.
W11948,Yug Choudhry,Kanpur,Zilla Panchayat,Drainage System,15.15,15.05,0.0,0.0,0.0,15.05,6.02,LOW,NORMAL,No major anomaly detected by the current risk layers.
W10012,Vrinda Biswas,Darjeeling,District Rural Development Agency,Street Lighting,5.3,15.06,0.0,0.0,0.0,15.06,6.02,LOW,NORMAL,No major anomaly detected by the current risk layers.
W10493,Lucky Prashad,Kolkata,District Rural Development Agency,School Building Repair,7.67,15.02,0.0,0.0,0.0,15.02,6.01,LOW,NORMAL,No major anomaly detected by the current risk layers.
W10471,Deepa Gala,Nagpur,Municipal Corporation,Public Toilet Complex,6.39,15.02,0.0,0.0,0.0,15.02,6.01,LOW,NORMAL,No major anomaly detected by the current risk layers.
W11465,Advaith Gole,Kanpur,State Housing Board,Street Lighting,3.47,15.02,0.0,0.0,0.0,15.02,6.01,LOW,NORMAL,No major anomaly detected by the current risk layers.
W11101,Widisha Yohannan,Kolkata,Zilla Panchayat,School Building Repair,9.8,15.03,0.0,0.0,0.0,15.03,6.01,LOW,NORMAL,No major anomaly detected by the current risk layers.
W11206,Owen Bansal,Lucknow,Zilla Panchayat,Drainage System,12.68,15.01,0.0,0.0,0.0,15.01,6.01,LOW,NORMAL,No major anomaly detected by the current risk layers.
W11631,Deepa Gala,Howrah,State Housing Board,Public Toilet Complex,3.18,14.99,0.0,0.0,0.0,14.99,6.0,LOW,NORMAL,No major anomaly detected by the current risk layers.
W10225,Eesha Memon,Varanasi,Municipal Corporation,Public Toilet Complex,3.12,15.0,0.0,0.0,0.0,15.0,6.0,LOW,NORMAL,No major anomaly detected by the current risk layers.
W11784,Vanya Suresh,Lucknow,Municipal Corporation,Drainage System,16.71,15.01,0.0,0.0,0.0,15.01,6.0,LOW,NORMAL,No major anomaly detected by the current risk layers.
W12163,Sanya Swamy,Thane,State Housing Board,Street Lighting,3.02,15.0,0.0,0.0,0.0,15.0,6.0,LOW,NORMAL,No major anomaly detected by the current risk layers.
W11401,Owen Bansal,Lucknow,State Housing Board,Drinking Water Supply,16.07,15.0,0.0,0.0,0.0,15.0,6.0,LOW,NORMAL,No major anomaly detected by the current risk layers.
W11314,Harrison Kapur,Howrah,Municipal Corporation,School Building Repair,14.35,14.97,0.0,0.0,0.0,14.97,5.99,LOW,NORMAL,No major anomaly detected by the current risk layers.
W10455,Gabriel Thaman,Agra,Municipal Corporation,Public Toilet Complex,4.43,14.98,0.0,0.0,0.0,14.98,5.99,LOW,NORMAL,No major anomaly detected by the current risk layers.
W10275,Meera Banerjee,Nashik,Public Works Department,Drinking Water Supply,13.65,14.98,0.0,0.0,0.0,14.98,5.99,LOW,NORMAL,No major anomaly detected by the current risk layers.
W10654,Owen Bala,Kolkata,Municipal Corporation,Drainage System,14.76,14.98,0.0,0.0,0.0,14.98,5.99,LOW,NORMAL,No major anomaly detected by the current risk layers.
W10900,Yutika Rana,Kolkata,District Rural Development Agency,Drinking Water Supply,14.41,14.98,0.0,0.0,0.0,14.98,5.99,LOW,NORMAL,No major anomaly detected by the current risk layers.
W10306,Yug Choudhry,Dharwad,Municipal Corporation,Public Toilet Complex,5.98,14.98,0.0,0.0,0.0,14.98,5.99,LOW,NORMAL,No major anomaly detected by the current risk layers.
W10262,Meera Banerjee,Asansol,District Rural Development Agency,Drinking Water Supply,4.74,14.96,0.0,0.0,0.0,14.96,5.99,LOW,NORMAL,No major anomaly detected by the current risk layers.
W12519,Tanish Iyer,Mysuru,Municipal Corporation,Public Toilet Complex,3.49,14.97,0.0,0.0,0.0,14.97,5.99,LOW,NORMAL,No major anomaly detected by the current risk layers.
W10151,Lucky Prashad,Salem,Municipal Corporation,Community Health Center,11.5,14.97,0.0,0.0,0.0,14.97,5.99,LOW,NORMAL,No major anomaly detected by the current risk layers.
W11405,Ekansh Sami,Nagpur,Public Works Department,Drainage System,4.63,14.95,0.0,0.0,0.0,14.95,5.98,LOW,NORMAL,No major anomaly detected by the current risk layers.
W12018,Bachittar Choudhry,Pune,State Housing Board,School Building Repair,9.44,14.94,0.0,0.0,0.0,14.94,5.98,LOW,NORMAL,No major anomaly detected by the current risk layers.
W11480,Nicholas Gour,Pune,District Rural Development Agency,Drinking Water Supply,7.9,14.94,0.0,0.0,0.0,14.94,5.98,LOW,NORMAL,No major anomaly detected by the current risk layers.
W12634,Christopher Kadakia,Darjeeling,District Rural Development Agency,School Building Repair,10.56,14.94,0.0,0.0,0.0,14.94,5.98,LOW,NORMAL,No major anomaly detected by the current risk layers.
W12671,Ria Ratta,Dharwad,Public Works Department,School Building Repair,5.94,14.95,0.0,0.0,0.0,14.95,5.98,LOW,NORMAL,No major anomaly detected by the current risk layers.
W12848,Vrinda Biswas,Kanpur,Municipal Corporation,Drinking Water Supply,14.96,14.95,0.0,0.0,0.0,14.95,5.98,LOW,NORMAL,No major anomaly detected by the current risk layers.
W12318,Eesha Memon,Madurai,District Rural Development Agency,Drainage System,16.16,14.95,0.0,0.0,0.0,14.95,5.98,LOW,NORMAL,No major anomaly detected by the current risk layers.
W10835,Lucky Prashad,Nashik,Zilla Panchayat,Public Toilet Complex,6.5,14.96,0.0,0.0,0.0,14.96,5.98,LOW,NORMAL,No major anomaly detected by the current risk layers.
W12000,Owen Bala,Lucknow,Municipal Corporation,Road Construction,7.77,14.96,0.0,0.0,0.0,14.96,5.98,LOW,NORMAL,No major anomaly detected by the current risk layers.
W11021,Rayaan Mand,Asansol,District Rural Development Agency,Road Construction,16.53,14.95,0.0,0.0,0.0,14.95,5.98,LOW,NORMAL,No major anomaly detected by the current risk layers.
W11574,Azaan Gupta,Kanpur,Public Works Department,Drainage System,14.55,14.95,0.0,0.0,0.0,14.95,5.98,LOW,NORMAL,No major anomaly detected by the current risk layers.
W11648,Krishna Pant,Asansol,Municipal Corporation,Street Lighting,2.71,14.94,0.0,0.0,0.0,14.94,5.98,LOW,NORMAL,No major anomaly detected by the current risk layers.
W10415,Triya Khatri,Thane,District Rural Development Agency,Drinking Water Supply,8.23,14.93,0.0,0.0,0.0,14.93,5.97,LOW,NORMAL,No major anomaly detected by the current risk layers.
W11040,Onveer Kata,Chennai,Municipal Corporation,School Building Repair,7.73,14.93,0.0,0.0,0.0,14.93,5.97,LOW,NORMAL,No major anomaly detected by the current risk layers.
W10208,Jagat Mangat,Agra,State Housing Board,School Building Repair,10.28,14.92,0.0,0.0,0.0,14.92,5.97,LOW,NORMAL,No major anomaly detected by the current risk layers.
W11889,Mugdha Varty,Salem,State Housing Board,Drainage System,14.31,14.93,0.0,0.0,0.0,14.93,5.97,LOW,NORMAL,No major anomaly detected by the current risk layers.
W11552,Yug Choudhry,Mysuru,District Rural Development Agency,School Building Repair,14.02,14.91,0.0,0.0,0.0,14.91,5.96,LOW,NORMAL,No major anomaly detected by the current risk layers.
W12047,Victor Venkataraman,Kanpur,Zilla Panchayat,Public Toilet Complex,7.39,14.9,0.0,0.0,0.0,14.9,5.96,LOW,NORMAL,No major anomaly detected by the current risk layers.
W12286,Harrison Kapur,Varanasi,Municipal Corporation,Drinking Water Supply,11.55,14.89,0.0,0.0,0.0,14.89,5.96,LOW,NORMAL,No major anomaly detected by the current risk layers.
W11917,Azaan Gupta,Lucknow,District Rural Development Agency,Drainage System,15.57,14.89,0.0,0.0,0.0,14.89,5.96,LOW,NORMAL,No major anomaly detected by the current risk layers.
W10868,Oliver Sarma,Nagpur,State Housing Board,Drainage System,13.58,14.88,0.0,0.0,0.0,14.88,5.95,LOW,NORMAL,No major anomaly detected by the current risk layers.
W12957,Widisha Yohannan,Belagavi,Public Works Department,Public Toilet Complex,2.91,14.87,0.0,0.0,0.0,14.87,5.95,LOW,NORMAL,No major anomaly detected by the current risk layers.
W10273,Widisha Yohannan,Coimbatore,State Housing Board,Public Toilet Complex,5.75,14.88,0.0,0.0,0.0,14.88,5.95,LOW,NORMAL,No major anomaly detected by the current risk layers.
W11785,Eesha Memon,Thane,District Rural Development Agency,Drinking Water Supply,11.86,14.84,0.0,0.0,0.0,14.84,5.94,LOW,NORMAL,No major anomaly detected by the current risk layers.
W11234,Tanish Iyer,Asansol,District Rural Development Agency,Drinking Water Supply,17.23,14.86,0.0,0.0,0.0,14.86,5.94,LOW,NORMAL,No major anomaly detected by the current risk layers.
W12603,Sanya Swamy,Asansol,Public Works Department,Public Toilet Complex,5.58,14.85,0.0,0.0,0.0,14.85,5.94,LOW,NORMAL,No major anomaly detected by the current risk layers.
W11688,Advaith Gole,Mysuru,Zilla Panchayat,Drainage System,3.56,14.85,0.0,0.0,0.0,14.85,5.94,LOW,NORMAL,No major anomaly detected by the current risk layers.
W10414,Owen Bala,Bengaluru Urban,Zilla Panchayat,Drainage System,11.61,14.85,0.0,0.0,0.0,14.85,5.94,LOW,NORMAL,No major anomaly detected by the current risk layers.
W12228,Deepa Gala,Pune,Zilla Panchayat,School Building Repair,10.86,14.85,0.0,0.0,0.0,14.85,5.94,LOW,NORMAL,No major anomaly detected by the current risk layers.
W11646,Victor Venkataraman,Coimbatore,State Housing Board,Drainage System,9.94,14.85,0.0,0.0,0.0,14.85,5.94,LOW,NORMAL,No major anomaly detected by the current risk layers.
W12757,Oliver Sarma,Varanasi,Public Works Department,Street Lighting,2.04,14.85,0.0,0.0,0.0,14.85,5.94,LOW,NORMAL,No major anomaly detected by the current risk layers.
W12791,Rayaan Mand,Belagavi,Public Works Department,Drainage System,14.89,14.81,0.0,0.0,0.0,14.81,5.93,LOW,NORMAL,No major anomaly detected by the current risk layers.
W12661,Lucky Prashad,Chennai,State Housing Board,School Building Repair,6.23,14.84,0.0,0.0,0.0,14.84,5.93,LOW,NORMAL,No major anomaly detected by the current risk layers.
W11340,Widisha Yohannan,Kanpur,Public Works Department,Community Health Center,10.03,14.84,0.0,0.0,0.0,14.84,5.93,LOW,NORMAL,No major anomaly detected by the current risk layers.
W12186,Christopher Kadakia,Salem,District Rural Development Agency,Drainage System,7.57,14.82,0.0,0.0,0.0,14.82,5.93,LOW,NORMAL,No major anomaly detected by the current risk layers.
W12216,Odika Naik,Nagpur,Municipal Corporation,Road Construction,17.63,14.82,0.0,0.0,0.0,14.82,5.93,LOW,NORMAL,No major anomaly detected by the current risk layers.
W12819,Gabriel Thaman,Belagavi,Public Works Department,Public Toilet Complex,3.44,14.82,0.0,0.0,0.0,14.82,5.93,LOW,NORMAL,No major anomaly detected by the current risk layers.
W10311,Harrison Kapur,Bengaluru Urban,District Rural Development Agency,Road Construction,12.47,14.82,0.0,0.0,0.0,14.82,5.93,LOW,NORMAL,No major anomaly detected by the current risk layers.
W10229,Nicholas Gour,Coimbatore,Zilla Panchayat,School Building Repair,14.49,14.83,0.0,0.0,0.0,14.83,5.93,LOW,NORMAL,No major anomaly detected by the current risk layers.
W12101,Vrinda Biswas,Belagavi,Municipal Corporation,Drinking Water Supply,11.8,14.79,0.0,0.0,0.0,14.79,5.92,LOW,NORMAL,No major anomaly detected by the current risk layers.
W11879,Meera Banerjee,Dharwad,Zilla Panchayat,Street Lighting,2.31,14.8,0.0,0.0,0.0,14.8,5.92,LOW,NORMAL,No major anomaly detected by the current risk layers.
W11587,Meera Banerjee,Lucknow,Public Works Department,Road Construction,12.67,14.79,0.0,0.0,0.0,14.79,5.92,LOW,NORMAL,No major anomaly detected by the current risk layers.
W11332,Sanya Swamy,Darjeeling,Public Works Department,Road Construction,22.96,14.8,0.0,0.0,0.0,14.8,5.92,LOW,NORMAL,No major anomaly detected by the current risk layers.
W11922,Vrinda Biswas,Mysuru,Public Works Department,Community Health Center,11.94,14.79,0.0,0.0,0.0,14.79,5.92,LOW,NORMAL,No major anomaly detected by the current risk layers.
W10689,Sanya Swamy,Chennai,Public Works Department,School Building Repair,4.35,14.79,0.0,0.0,0.0,14.79,5.92,LOW,NORMAL,No major anomaly detected by the current risk layers.
W10403,Meera Banerjee,Agra,State Housing Board,Community Health Center,10.19,14.79,0.0,0.0,0.0,14.79,5.92,LOW,NORMAL,No major anomaly detected by the current risk layers.
W11962,Tanish Iyer,Asansol,District Rural Development Agency,School Building Repair,13.77,14.8,0.0,0.0,0.0,14.8,5.92,LOW,NORMAL,No major anomaly detected by the current risk layers.
W12426,Ronith Zachariah,Thane,State Housing Board,Street Lighting,5.1,14.8,0.0,0.0,0.0,14.8,5.92,LOW,NORMAL,No major anomaly detected by the current risk layers.
W12542,Ronith Zachariah,Dharwad,State Housing Board,Street Lighting,4.43,14.81,0.0,0.0,0.0,14.81,5.92,LOW,NORMAL,No major anomaly detected by the current risk layers.
W12991,Victor Venkataraman,Varanasi,State Housing Board,Community Health Center,31.55,14.81,0.0,0.0,0.0,14.81,5.92,LOW,NORMAL,No major anomaly detected by the current risk layers.
W10236,Vrinda Biswas,Agra,Zilla Panchayat,Drainage System,16.76,14.8,0.0,0.0,0.0,14.8,5.92,LOW,NORMAL,No major anomaly detected by the current risk layers.
W12937,Gaurav Chandra,Howrah,Zilla Panchayat,Street Lighting,2.35,14.81,0.0,0.0,0.0,14.81,5.92,LOW,NORMAL,No major anomaly detected by the current risk layers.
W12623,Varsha Morar,Thane,Zilla Panchayat,Drainage System,16.44,14.77,0.0,0.0,0.0,14.77,5.91,LOW,NORMAL,No major anomaly detected by the current risk layers.
W11564,Yutika Rana,Nagpur,Zilla Panchayat,School Building Repair,4.14,14.77,0.0,0.0,0.0,14.77,5.91,LOW,NORMAL,No major anomaly detected by the current risk layers.
W10128,Lucky Prashad,Bengaluru Urban,District Rural Development Agency,Drinking Water Supply,13.73,14.78,0.0,0.0,0.0,14.78,5.91,LOW,NORMAL,No major anomaly detected by the current risk layers.
W12283,Meera Banerjee,Coimbatore,Municipal Corporation,School Building Repair,10.01,14.78,0.0,0.0,0.0,14.78,5.91,LOW,NORMAL,No major anomaly detected by the current risk layers.
W12675,Widisha Yohannan,Howrah,Zilla Panchayat,Drinking Water Supply,16.46,14.78,0.0,0.0,0.0,14.78,5.91,LOW,NORMAL,No major anomaly detected by the current risk layers.
W10063,Vrinda Biswas,Mysuru,State Housing Board,School Building Repair,13.07,14.78,0.0,0.0,0.0,14.78,5.91,LOW,NORMAL,No major anomaly detected by the current risk layers.
W10638,Vanya Suresh,Nagpur,District Rural Development Agency,Street Lighting,5.52,14.78,0.0,0.0,0.0,14.78,5.91,LOW,NORMAL,No major anomaly detected by the current risk layers.
W11388,Owen Bala,Coimbatore,Public Works Department,Public Toilet Complex,6.83,14.79,0.0,0.0,0.0,14.79,5.91,LOW,NORMAL,No major anomaly detected by the current risk layers.
W12558,Yug Choudhry,Agra,Zilla Panchayat,Street Lighting,3.57,14.77,0.0,0.0,0.0,14.77,5.91,LOW,NORMAL,No major anomaly detected by the current risk layers.
W12830,Varsha Morar,Coimbatore,Municipal Corporation,Public Toilet Complex,4.83,14.77,0.0,0.0,0.0,14.77,5.91,LOW,NORMAL,No major anomaly detected by the current risk layers.
W11268,Vanya Suresh,Pune,State Housing Board,School Building Repair,9.63,14.79,0.0,0.0,0.0,14.79,5.91,LOW,NORMAL,No major anomaly detected by the current risk layers.
W11319,Odika Naik,Bengaluru Urban,Zilla Panchayat,Drainage System,13.77,14.74,0.0,0.0,0.0,14.74,5.9,LOW,NORMAL,No major anomaly detected by the current risk layers.
W12903,Onveer Kata,Belagavi,District Rural Development Agency,Drainage System,15.36,14.76,0.0,0.0,0.0,14.76,5.9,LOW,NORMAL,No major anomaly detected by the current risk layers.
W10124,Oliver Sarma,Nashik,District Rural Development Agency,Drainage System,5.62,14.72,0.0,0.0,0.0,14.72,5.89,LOW,NORMAL,No major anomaly detected by the current risk layers.
W11402,Owen Bansal,Varanasi,State Housing Board,Public Toilet Complex,3.8,14.72,0.0,0.0,0.0,14.72,5.89,LOW,NORMAL,No major anomaly detected by the current risk layers.
W10853,Bachittar Choudhry,Dharwad,District Rural Development Agency,Drinking Water Supply,13.16,14.72,0.0,0.0,0.0,14.72,5.89,LOW,NORMAL,No major anomaly detected by the current risk layers.
W11356,Vanya Suresh,Lucknow,District Rural Development Agency,Community Health Center,22.99,14.73,0.0,0.0,0.0,14.73,5.89,LOW,NORMAL,No major anomaly detected by the current risk layers.
W10084,Oliver Sarma,Varanasi,Municipal Corporation,Road Construction,13.1,14.73,0.0,0.0,0.0,14.73,5.89,LOW,NORMAL,No major anomaly detected by the current risk layers.
W10134,Onveer Kata,Howrah,Public Works Department,School Building Repair,10.88,14.73,0.0,0.0,0.0,14.73,5.89,LOW,NORMAL,No major anomaly detected by the current risk layers.
W12635,Varsha Morar,Thane,Zilla Panchayat,Drinking Water Supply,4.3,14.74,0.0,0.0,0.0,14.74,5.89,LOW,NORMAL,No major anomaly detected by the current risk layers.
W11094,Azaan Gupta,Bengaluru Urban,Municipal Corporation,School Building Repair,10.17,14.73,0.0,0.0,0.0,14.73,5.89,LOW,NORMAL,No major anomaly detected by the current risk layers.
W12103,Harrison Kapur,Mysuru,Public Works Department,Road Construction,14.69,14.73,0.0,0.0,0.0,14.73,5.89,LOW,NORMAL,No major anomaly detected by the current risk layers.
W11769,Mugdha Varty,Nagpur,Public Works Department,School Building Repair,11.85,14.73,0.0,0.0,0.0,14.73,5.89,LOW,NORMAL,No major anomaly detected by the current risk layers.
W10718,Meera Banerjee,Nashik,Zilla Panchayat,Road Construction,37.22,14.73,0.0,0.0,0.0,14.73,5.89,LOW,NORMAL,No major anomaly detected by the current risk layers.
W11422,Gaurav Chandra,Asansol,Public Works Department,Street Lighting,4.25,14.73,0.0,0.0,0.0,14.73,5.89,LOW,NORMAL,No major anomaly detected by the current risk layers.
W11383,Ishwar Boase,Mysuru,State Housing Board,Drainage System,6.94,14.7,0.0,0.0,0.0,14.7,5.88,LOW,NORMAL,No major anomaly detected by the current risk layers.
W12820,Varsha Morar,Kanpur,District Rural Development Agency,School Building Repair,12.83,14.7,0.0,0.0,0.0,14.7,5.88,LOW,NORMAL,No major anomaly detected by the current risk layers.
W12498,Gabriel Thaman,Agra,Municipal Corporation,Drainage System,4.95,14.7,0.0,0.0,0.0,14.7,5.88,LOW,NORMAL,No major anomaly detected by the current risk layers.
W11491,Leena Butala,Asansol,Zilla Panchayat,Drainage System,9.11,14.71,0.0,0.0,0.0,14.71,5.88,LOW,NORMAL,No major anomaly detected by the current risk layers.
W12458,Harrison Kapur,Belagavi,Zilla Panchayat,Drainage System,11.45,14.69,0.0,0.0,0.0,14.69,5.88,LOW,NORMAL,No major anomaly detected by the current risk layers.
W11600,Victor Venkataraman,Lucknow,District Rural Development Agency,Drinking Water Supply,16.33,14.69,0.0,0.0,0.0,14.69,5.88,LOW,NORMAL,No major anomaly detected by the current risk layers.
W12737,Ria Ratta,Bengaluru Urban,State Housing Board,Drinking Water Supply,7.71,14.71,0.0,0.0,0.0,14.71,5.88,LOW,NORMAL,No major anomaly detected by the current risk layers.
W10401,Bachittar Choudhry,Coimbatore,District Rural Development Agency,Drinking Water Supply,14.15,14.71,0.0,0.0,0.0,14.71,5.88,LOW,NORMAL,No major anomaly detected by the current risk layers.
W12612,Advaith Gole,Coimbatore,Zilla Panchayat,Public Toilet Complex,2.03,14.71,0.0,0.0,0.0,14.71,5.88,LOW,NORMAL,No major anomaly detected by the current risk layers.
W11397,Victor Venkataraman,Mysuru,District Rural Development Agency,Public Toilet Complex,6.98,14.71,0.0,0.0,0.0,14.71,5.88,LOW,NORMAL,No major anomaly detected by the current risk layers.
W10587,Mugdha Varty,Salem,Municipal Corporation,Public Toilet Complex,7.6,14.7,0.0,0.0,0.0,14.7,5.88,LOW,NORMAL,No major anomaly detected by the current risk layers.
W10141,Meera Banerjee,Lucknow,Public Works Department,Road Construction,12.15,14.67,0.0,0.0,0.0,14.67,5.87,LOW,NORMAL,No major anomaly detected by the current risk layers.
W11398,Deepa Gala,Nagpur,Zilla Panchayat,Street Lighting,4.81,14.67,0.0,0.0,0.0,14.67,5.87,LOW,NORMAL,No major anomaly detected by the current risk layers.
W11516,Rayaan Mand,Dharwad,District Rural Development Agency,School Building Repair,4.0,14.68,0.0,0.0,0.0,14.68,5.87,LOW,NORMAL,No major anomaly detected by the current risk layers.
W11404,Vanya Suresh,Kanpur,Zilla Panchayat,School Building Repair,3.79,14.66,0.0,0.0,0.0,14.66,5.86,LOW,NORMAL,No major anomaly detected by the current risk layers.
W11104,Ria Ratta,Pune,Municipal Corporation,Street Lighting,3.44,14.64,0.0,0.0,0.0,14.64,5.86,LOW,NORMAL,No major anomaly detected by the current risk layers.
W10378,Bachittar Choudhry,Dharwad,Public Works Department,Road Construction,19.51,14.64,0.0,0.0,0.0,14.64,5.86,LOW,NORMAL,No major anomaly detected by the current risk layers.
W12004,Owen Bala,Thane,District Rural Development Agency,Road Construction,10.15,14.64,0.0,0.0,0.0,14.64,5.86,LOW,NORMAL,No major anomaly detected by the current risk layers.
W11006,Odika Naik,Thane,Public Works Department,School Building Repair,3.41,14.64,0.0,0.0,0.0,14.64,5.86,LOW,NORMAL,No major anomaly detected by the current risk layers.
W10164,Ronith Zachariah,Asansol,State Housing Board,School Building Repair,12.8,14.65,0.0,0.0,0.0,14.65,5.86,LOW,NORMAL,No major anomaly detected by the current risk layers.
W12144,Mugdha Varty,Howrah,Zilla Panchayat,Road Construction,15.06,14.66,0.0,0.0,0.0,14.66,5.86,LOW,NORMAL,No major anomaly detected by the current risk layers.
W10715,Odika Naik,Nashik,Public Works Department,Drinking Water Supply,11.29,14.62,0.0,0.0,0.0,14.62,5.85,LOW,NORMAL,No major anomaly detected by the current risk layers.
W12703,Tanish Iyer,Chennai,Municipal Corporation,Street Lighting,2.73,14.61,0.0,0.0,0.0,14.61,5.85,LOW,NORMAL,No major anomaly detected by the current risk layers.
W11602,Deepa Gala,Darjeeling,State Housing Board,Drinking Water Supply,4.36,14.63,0.0,0.0,0.0,14.63,5.85,LOW,NORMAL,No major anomaly detected by the current risk layers.
W12597,Vanya Suresh,Salem,District Rural Development Agency,Road Construction,17.72,14.63,0.0,0.0,0.0,14.63,5.85,LOW,NORMAL,No major anomaly detected by the current risk layers.
W12648,Tanish Iyer,Darjeeling,State Housing Board,Community Health Center,22.24,14.64,0.0,0.0,0.0,14.64,5.85,LOW,NORMAL,No major anomaly detected by the current risk layers.
W12953,Eesha Memon,Dharwad,State Housing Board,Street Lighting,2.17,14.62,0.0,0.0,0.0,14.62,5.85,LOW,NORMAL,No major anomaly detected by the current risk layers.
W10960,Tanish Iyer,Varanasi,District Rural Development Agency,School Building Repair,6.34,14.62,0.0,0.0,0.0,14.62,5.85,LOW,NORMAL,No major anomaly detected by the current risk layers.
W10697,Ishwar Boase,Coimbatore,State Housing Board,Drainage System,14.92,14.6,0.0,0.0,0.0,14.6,5.84,LOW,NORMAL,No major anomaly detected by the current risk layers.
W10016,Varsha Morar,Dharwad,State Housing Board,Drainage System,4.04,14.6,0.0,0.0,0.0,14.6,5.84,LOW,NORMAL,No major anomaly detected by the current risk layers.
W10707,Pallavi Krish,Pune,State Housing Board,Public Toilet Complex,4.87,14.6,0.0,0.0,0.0,14.6,5.84,LOW,NORMAL,No major anomaly detected by the current risk layers.
W11740,Nicholas Gour,Dharwad,State Housing Board,Drainage System,8.42,14.59,0.0,0.0,0.0,14.59,5.84,LOW,NORMAL,No major anomaly detected by the current risk layers.
W12430,Gaurav Chandra,Mysuru,Zilla Panchayat,Drinking Water Supply,16.59,14.59,0.0,0.0,0.0,14.59,5.84,LOW,NORMAL,No major anomaly detected by the current risk layers.
W12968,Ekansh Sami,Belagavi,District Rural Development Agency,Drinking Water Supply,9.08,14.59,0.0,0.0,0.0,14.59,5.84,LOW,NORMAL,No major anomaly detected by the current risk layers.
W12077,Azaan Gupta,Kolkata,Municipal Corporation,School Building Repair,14.89,14.59,0.0,0.0,0.0,14.59,5.84,LOW,NORMAL,No major anomaly detected by the current risk layers.
W10774,Ishwar Boase,Howrah,Public Works Department,Drinking Water Supply,11.4,14.61,0.0,0.0,0.0,14.61,5.84,LOW,NORMAL,No major anomaly detected by the current risk layers.
W10894,Oliver Sarma,Madurai,District Rural Development Agency,Road Construction,26.91,14.61,0.0,0.0,0.0,14.61,5.84,LOW,NORMAL,No major anomaly detected by the current risk layers.
W10361,Hemang Bava,Kolkata,District Rural Development Agency,Community Health Center,15.63,14.61,0.0,0.0,0.0,14.61,5.84,LOW,NORMAL,No major anomaly detected by the current risk layers.
W12195,Gaurav Chandra,Mysuru,Zilla Panchayat,Drainage System,12.81,14.61,0.0,0.0,0.0,14.61,5.84,LOW,NORMAL,No major anomaly detected by the current risk layers.
W12295,Yug Choudhry,Lucknow,Zilla Panchayat,Drinking Water Supply,7.59,14.6,0.0,0.0,0.0,14.6,5.84,LOW,NORMAL,No major anomaly detected by the current risk layers.
W10855,Ishwar Boase,Belagavi,Municipal Corporation,Street Lighting,3.91,14.57,0.0,0.0,0.0,14.57,5.83,LOW,NORMAL,No major anomaly detected by the current risk layers.
W10235,Ria Ratta,Bengaluru Urban,Zilla Panchayat,Community Health Center,11.27,14.56,0.0,0.0,0.0,14.56,5.83,LOW,NORMAL,No major anomaly detected by the current risk layers.
W12892,Lucky Prashad,Thane,Public Works Department,Drinking Water Supply,12.97,14.56,0.0,0.0,0.0,14.56,5.83,LOW,NORMAL,No major anomaly detected by the current risk layers.
W10595,Harrison Kapur,Salem,State Housing Board,School Building Repair,8.07,14.57,0.0,0.0,0.0,14.57,5.83,LOW,NORMAL,No major anomaly detected by the current risk layers.
W12591,Odika Naik,Darjeeling,District Rural Development Agency,Street Lighting,2.69,14.57,0.0,0.0,0.0,14.57,5.83,LOW,NORMAL,No major anomaly detected by the current risk layers.
W11011,Nicholas Gour,Kolkata,District Rural Development Agency,Drainage System,14.29,14.58,0.0,0.0,0.0,14.58,5.83,LOW,NORMAL,No major anomaly detected by the current risk layers.
W12906,Mugdha Varty,Kanpur,District Rural Development Agency,Street Lighting,5.58,14.56,0.0,0.0,0.0,14.56,5.83,LOW,NORMAL,No major anomaly detected by the current risk layers.
W11624,Yadavi Deshmukh,Dharwad,Municipal Corporation,School Building Repair,13.83,14.56,0.0,0.0,0.0,14.56,5.82,LOW,NORMAL,No major anomaly detected by the current risk layers.
W12421,Deepa Gala,Pune,Public Works Department,Street Lighting,3.69,14.56,0.0,0.0,0.0,14.56,5.82,LOW,NORMAL,No major anomaly detected by the current risk layers.
W12916,Eesha Memon,Howrah,State Housing Board,Drainage System,7.77,14.55,0.0,0.0,0.0,14.55,5.82,LOW,NORMAL,No major anomaly detected by the current risk layers.
W12746,Christopher Kadakia,Salem,Public Works Department,Drainage System,16.46,14.55,0.0,0.0,0.0,14.55,5.82,LOW,NORMAL,No major anomaly detected by the current risk layers.
W12275,Meera Banerjee,Nagpur,Municipal Corporation,Road Construction,16.33,14.55,0.0,0.0,0.0,14.55,5.82,LOW,NORMAL,No major anomaly detected by the current risk layers.
W12907,Gaurav Chandra,Lucknow,State Housing Board,Drinking Water Supply,17.65,14.54,0.0,0.0,0.0,14.54,5.82,LOW,NORMAL,No major anomaly detected by the current risk layers.
W11754,Ronith Zachariah,Thane,Municipal Corporation,School Building Repair,11.26,14.54,0.0,0.0,0.0,14.54,5.82,LOW,NORMAL,No major anomaly detected by the current risk layers.
W10818,Widisha Yohannan,Kolkata,District Rural Development Agency,Drinking Water Supply,11.49,14.56,0.0,0.0,0.0,14.56,5.82,LOW,NORMAL,No major anomaly detected by the current risk layers.
W11562,Tanish Iyer,Agra,Zilla Panchayat,Drainage System,16.49,14.54,0.0,0.0,0.0,14.54,5.82,LOW,NORMAL,No major anomaly detected by the current risk layers.
W12826,Krishna Pant,Madurai,Public Works Department,Public Toilet Complex,6.82,14.53,0.0,0.0,0.0,14.53,5.81,LOW,NORMAL,No major anomaly detected by the current risk layers.
W11626,Advaith Gole,Kanpur,Municipal Corporation,Drainage System,8.65,14.51,0.0,0.0,0.0,14.51,5.81,LOW,NORMAL,No major anomaly detected by the current risk layers.
W12523,Varsha Morar,Chennai,Public Works Department,Community Health Center,28.83,14.51,0.0,0.0,0.0,14.51,5.81,LOW,NORMAL,No major anomaly detected by the current risk layers.
W12644,Ekansh Sami,Agra,Public Works Department,Public Toilet Complex,6.19,14.53,0.0,0.0,0.0,14.53,5.81,LOW,NORMAL,No major anomaly detected by the current risk layers.
W10637,Hemang Bava,Salem,State Housing Board,Road Construction,25.94,14.53,0.0,0.0,0.0,14.53,5.81,LOW,NORMAL,No major anomaly detected by the current risk layers.
W12725,Azaan Gupta,Varanasi,District Rural Development Agency,School Building Repair,3.76,14.53,0.0,0.0,0.0,14.53,5.81,LOW,NORMAL,No major anomaly detected by the current risk layers.
W11509,Jagat Mangat,Chennai,Municipal Corporation,School Building Repair,10.92,14.52,0.0,0.0,0.0,14.52,5.81,LOW,NORMAL,No major anomaly detected by the current risk layers.
W12151,Pallavi Krish,Madurai,State Housing Board,School Building Repair,7.15,14.5,0.0,0.0,0.0,14.5,5.8,LOW,NORMAL,No major anomaly detected by the current risk layers.
W12895,Victor Venkataraman,Thane,Municipal Corporation,Public Toilet Complex,4.32,14.5,0.0,0.0,0.0,14.5,5.8,LOW,NORMAL,No major anomaly detected by the current risk layers.
W11151,Sanya Swamy,Pune,State Housing Board,Drinking Water Supply,4.29,14.51,0.0,0.0,0.0,14.51,5.8,LOW,NORMAL,No major anomaly detected by the current risk layers.
W12207,Krishna Pant,Madurai,State Housing Board,Community Health Center,14.23,14.51,0.0,0.0,0.0,14.51,5.8,LOW,NORMAL,No major anomaly detected by the current risk layers.
W12736,Onveer Kata,Agra,State Housing Board,School Building Repair,5.47,14.49,0.0,0.0,0.0,14.49,5.8,LOW,NORMAL,No major anomaly detected by the current risk layers.
W12842,Ria Ratta,Kanpur,Municipal Corporation,Drinking Water Supply,9.05,14.5,0.0,0.0,0.0,14.5,5.8,LOW,NORMAL,No major anomaly detected by the current risk layers.
W12958,Azaan Gupta,Chennai,State Housing Board,Drainage System,13.19,14.5,0.0,0.0,0.0,14.5,5.8,LOW,NORMAL,No major anomaly detected by the current risk layers.
W11300,Yutika Rana,Dharwad,Public Works Department,School Building Repair,12.08,14.51,0.0,0.0,0.0,14.51,5.8,LOW,NORMAL,No major anomaly detected by the current risk layers.
W12944,Rayaan Mand,Belagavi,Municipal Corporation,Drainage System,5.5,14.48,0.0,0.0,0.0,14.48,5.79,LOW,NORMAL,No major anomaly detected by the current risk layers.
W11417,Yamini Chand,Belagavi,Zilla Panchayat,Drainage System,8.42,14.48,0.0,0.0,0.0,14.48,5.79,LOW,NORMAL,No major anomaly detected by the current risk layers.
W12808,Owen Bansal,Belagavi,District Rural Development Agency,Street Lighting,5.49,14.48,0.0,0.0,0.0,14.48,5.79,LOW,NORMAL,No major anomaly detected by the current risk layers.
W10068,Onveer Kata,Varanasi,Zilla Panchayat,Public Toilet Complex,7.35,14.47,0.0,0.0,0.0,14.47,5.79,LOW,NORMAL,No major anomaly detected by the current risk layers.
W11690,Azaan Gupta,Darjeeling,State Housing Board,Public Toilet Complex,5.99,14.47,0.0,0.0,0.0,14.47,5.79,LOW,NORMAL,No major anomaly detected by the current risk layers.
W11685,Eesha Memon,Salem,Municipal Corporation,Public Toilet Complex,6.34,14.45,0.0,0.0,0.0,14.45,5.78,LOW,NORMAL,No major anomaly detected by the current risk layers.
W10998,Christopher Kadakia,Belagavi,Zilla Panchayat,Drainage System,13.6,14.45,0.0,0.0,0.0,14.45,5.78,LOW,NORMAL,No major anomaly detected by the current risk layers.
W10749,Nicholas Gour,Lucknow,State Housing Board,Community Health Center,21.34,14.45,0.0,0.0,0.0,14.45,5.78,LOW,NORMAL,No major anomaly detected by the current risk layers.
W11599,Onveer Kata,Kanpur,Public Works Department,Road Construction,6.87,14.45,0.0,0.0,0.0,14.45,5.78,LOW,NORMAL,No major anomaly detected by the current risk layers.
W12059,Ria Ratta,Salem,District Rural Development Agency,School Building Repair,11.22,14.46,0.0,0.0,0.0,14.46,5.78,LOW,NORMAL,No major anomaly detected by the current risk layers.
W12347,Leena Butala,Lucknow,District Rural Development Agency,School Building Repair,12.03,14.46,0.0,0.0,0.0,14.46,5.78,LOW,NORMAL,No major anomaly detected by the current risk layers.
W11802,Meera Banerjee,Nagpur,Municipal Corporation,School Building Repair,14.64,14.45,0.0,0.0,0.0,14.45,5.78,LOW,NORMAL,No major anomaly detected by the current risk layers.
W12116,Meera Banerjee,Belagavi,Zilla Panchayat,School Building Repair,6.07,14.45,0.0,0.0,0.0,14.45,5.78,LOW,NORMAL,No major anomaly detected by the current risk layers.
W11244,Odika Naik,Kanpur,Public Works Department,School Building Repair,10.56,14.45,0.0,0.0,0.0,14.45,5.78,LOW,NORMAL,No major anomaly detected by the current risk layers.
W12607,Jagat Mangat,Asansol,State Housing Board,Drinking Water Supply,14.07,14.45,0.0,0.0,0.0,14.45,5.78,LOW,NORMAL,No major anomaly detected by the current risk layers.
W11645,Nicholas Gour,Nagpur,Municipal Corporation,Drainage System,14.55,14.44,0.0,0.0,0.0,14.44,5.78,LOW,NORMAL,No major anomaly detected by the current risk layers.
W11615,Odika Naik,Kolkata,District Rural Development Agency,Drainage System,5.87,14.44,0.0,0.0,0.0,14.44,5.78,LOW,NORMAL,No major anomaly detected by the current risk layers.
W10911,Leena Butala,Nashik,Public Works Department,Drainage System,11.32,14.44,0.0,0.0,0.0,14.44,5.78,LOW,NORMAL,No major anomaly detected by the current risk layers.
W10482,Krishna Pant,Coimbatore,Zilla Panchayat,Public Toilet Complex,6.11,14.44,0.0,0.0,0.0,14.44,5.78,LOW,NORMAL,No major anomaly detected by the current risk layers.
W11697,Krishna Pant,Coimbatore,Municipal Corporation,Street Lighting,5.02,14.44,0.0,0.0,0.0,14.44,5.78,LOW,NORMAL,No major anomaly detected by the current risk layers.
W11243,Owen Bala,Belagavi,District Rural Development Agency,Street Lighting,3.76,14.43,0.0,0.0,0.0,14.43,5.77,LOW,NORMAL,No major anomaly detected by the current risk layers.
W11258,Mugdha Varty,Lucknow,Municipal Corporation,School Building Repair,4.45,14.43,0.0,0.0,0.0,14.43,5.77,LOW,NORMAL,No major anomaly detected by the current risk layers.
W12716,Deepa Gala,Lucknow,State Housing Board,Drinking Water Supply,8.7,14.43,0.0,0.0,0.0,14.43,5.77,LOW,NORMAL,No major anomaly detected by the current risk layers.
W10790,Harrison Kapur,Kolkata,State Housing Board,Road Construction,10.52,14.43,0.0,0.0,0.0,14.43,5.77,LOW,NORMAL,No major anomaly detected by the current risk layers.
W12259,Ishwar Boase,Salem,State Housing Board,Drinking Water Supply,5.2,14.44,0.0,0.0,0.0,14.44,5.77,LOW,NORMAL,No major anomaly detected by the current risk layers.
W11143,Krishna Pant,Agra,Municipal Corporation,Community Health Center,26.95,14.43,0.0,0.0,0.0,14.43,5.77,LOW,NORMAL,No major anomaly detected by the current risk layers.
W12764,Victor Venkataraman,Chennai,Public Works Department,Drainage System,14.32,14.42,0.0,0.0,0.0,14.42,5.77,LOW,NORMAL,No major anomaly detected by the current risk layers.
W11517,Bachittar Choudhry,Lucknow,Public Works Department,Public Toilet Complex,7.6,14.42,0.0,0.0,0.0,14.42,5.77,LOW,NORMAL,No major anomaly detected by the current risk layers.
W11838,Gabriel Thaman,Madurai,District Rural Development Agency,Public Toilet Complex,7.39,14.4,0.0,0.0,0.0,14.4,5.76,LOW,NORMAL,No major anomaly detected by the current risk layers.
W10619,Vrinda Biswas,Dharwad,Municipal Corporation,School Building Repair,7.46,14.39,0.0,0.0,0.0,14.39,5.76,LOW,NORMAL,No major anomaly detected by the current risk layers.
W11529,Yutika Rana,Kanpur,Public Works Department,Public Toilet Complex,5.18,14.38,0.0,0.0,0.0,14.38,5.75,LOW,NORMAL,No major anomaly detected by the current risk layers.
W11505,Tanish Iyer,Pune,State Housing Board,Drinking Water Supply,18.27,14.39,0.0,0.0,0.0,14.39,5.75,LOW,NORMAL,No major anomaly detected by the current risk layers.
W11897,Victor Venkataraman,Pune,State Housing Board,School Building Repair,7.4,14.38,0.0,0.0,0.0,14.38,5.75,LOW,NORMAL,No major anomaly detected by the current risk layers.
W10735,Gabriel Thaman,Madurai,Municipal Corporation,Drinking Water Supply,14.97,14.38,0.0,0.0,0.0,14.38,5.75,LOW,NORMAL,No major anomaly detected by the current risk layers.
W12533,Yamini Chand,Asansol,Municipal Corporation,School Building Repair,3.02,14.38,0.0,0.0,0.0,14.38,5.75,LOW,NORMAL,No major anomaly detected by the current risk layers.
W12105,Gabriel Thaman,Kolkata,District Rural Development Agency,Community Health Center,23.42,14.37,0.0,0.0,0.0,14.37,5.75,LOW,NORMAL,No major anomaly detected by the current risk layers.
W10340,Owen Bala,Varanasi,Municipal Corporation,Community Health Center,14.83,14.36,0.0,0.0,0.0,14.36,5.75,LOW,NORMAL,No major anomaly detected by the current risk layers.
W11998,Harrison Kapur,Dharwad,District Rural Development Agency,School Building Repair,13.27,14.37,0.0,0.0,0.0,14.37,5.75,LOW,NORMAL,No major anomaly detected by the current risk layers.
W11344,Advaith Gole,Madurai,Zilla Panchayat,Drainage System,13.12,14.35,0.0,0.0,0.0,14.35,5.74,LOW,NORMAL,No major anomaly detected by the current risk layers.
W11391,Gabriel Thaman,Agra,State Housing Board,Public Toilet Complex,3.01,14.36,0.0,0.0,0.0,14.36,5.74,LOW,NORMAL,No major anomaly detected by the current risk layers.
W11727,Varsha Morar,Belagavi,Zilla Panchayat,Drainage System,8.84,14.35,0.0,0.0,0.0,14.35,5.74,LOW,NORMAL,No major anomaly detected by the current risk layers.
W10765,Gaurav Chandra,Bengaluru Urban,Municipal Corporation,Drainage System,7.57,14.36,0.0,0.0,0.0,14.36,5.74,LOW,NORMAL,No major anomaly detected by the current risk layers.
W10551,Mugdha Varty,Darjeeling,Municipal Corporation,Drinking Water Supply,10.56,14.35,0.0,0.0,0.0,14.35,5.74,LOW,NORMAL,No major anomaly detected by the current risk layers.
W12351,Mugdha Varty,Coimbatore,Public Works Department,Community Health Center,12.15,14.34,0.0,0.0,0.0,14.34,5.74,LOW,NORMAL,No major anomaly detected by the current risk layers.
W12580,Lucky Prashad,Varanasi,State Housing Board,Drinking Water Supply,15.49,14.34,0.0,0.0,0.0,14.34,5.74,LOW,NORMAL,No major anomaly detected by the current risk layers.
W11343,Jagat Mangat,Agra,District Rural Development Agency,Public Toilet Complex,3.46,14.35,0.0,0.0,0.0,14.35,5.74,LOW,NORMAL,No major anomaly detected by the current risk layers.
W12386,Krishna Pant,Dharwad,Municipal Corporation,Public Toilet Complex,4.58,14.35,0.0,0.0,0.0,14.35,5.74,LOW,NORMAL,No major anomaly detected by the current risk layers.
W11322,Gabriel Thaman,Belagavi,Municipal Corporation,Drainage System,13.08,14.34,0.0,0.0,0.0,14.34,5.74,LOW,NORMAL,No major anomaly detected by the current risk layers.
W11335,Eesha Memon,Mysuru,Zilla Panchayat,Drinking Water Supply,8.9,14.34,0.0,0.0,0.0,14.34,5.74,LOW,NORMAL,No major anomaly detected by the current risk layers.
W10598,Eesha Memon,Bengaluru Urban,Municipal Corporation,Road Construction,29.72,14.33,0.0,0.0,0.0,14.33,5.73,LOW,NORMAL,No major anomaly detected by the current risk layers.
W12342,Vanya Suresh,Asansol,Public Works Department,Road Construction,29.06,14.33,0.0,0.0,0.0,14.33,5.73,LOW,NORMAL,No major anomaly detected by the current risk layers.
W12011,Pallavi Krish,Pune,State Housing Board,School Building Repair,13.41,14.34,0.0,0.0,0.0,14.34,5.73,LOW,NORMAL,No major anomaly detected by the current risk layers.
W12630,Yug Choudhry,Dharwad,Public Works Department,Drainage System,7.27,14.33,0.0,0.0,0.0,14.33,5.73,LOW,NORMAL,No major anomaly detected by the current risk layers.
W12065,Lucky Prashad,Varanasi,Zilla Panchayat,Drinking Water Supply,5.28,14.33,0.0,0.0,0.0,14.33,5.73,LOW,NORMAL,No major anomaly detected by the current risk layers.
W12739,Odika Naik,Madurai,District Rural Development Agency,School Building Repair,5.68,14.32,0.0,0.0,0.0,14.32,5.73,LOW,NORMAL,No major anomaly detected by the current risk layers.
W10871,Tanish Iyer,Chennai,Zilla Panchayat,School Building Repair,6.68,14.32,0.0,0.0,0.0,14.32,5.73,LOW,NORMAL,No major anomaly detected by the current risk layers.
W11861,Bachittar Choudhry,Chennai,Zilla Panchayat,Drainage System,8.03,14.32,0.0,0.0,0.0,14.32,5.73,LOW,NORMAL,No major anomaly detected by the current risk layers.
W11726,Pallavi Krish,Bengaluru Urban,Public Works Department,Road Construction,10.68,14.32,0.0,0.0,0.0,14.32,5.73,LOW,NORMAL,No major anomaly detected by the current risk layers.
W10372,Christopher Kadakia,Lucknow,Municipal Corporation,Drinking Water Supply,11.04,14.3,0.0,0.0,0.0,14.3,5.72,LOW,NORMAL,No major anomaly detected by the current risk layers.
W12107,Lucky Prashad,Kolkata,Public Works Department,Street Lighting,3.69,14.3,0.0,0.0,0.0,14.3,5.72,LOW,NORMAL,No major anomaly detected by the current risk layers.
W11925,Yutika Rana,Salem,State Housing Board,School Building Repair,5.38,14.31,0.0,0.0,0.0,14.31,5.72,LOW,NORMAL,No major anomaly detected by the current risk layers.
W12415,Jagat Mangat,Bengaluru Urban,Municipal Corporation,School Building Repair,10.82,14.29,0.0,0.0,0.0,14.29,5.72,LOW,NORMAL,No major anomaly detected by the current risk layers.
W11390,Ria Ratta,Agra,Municipal Corporation,Street Lighting,5.5,14.31,0.0,0.0,0.0,14.31,5.72,LOW,NORMAL,No major anomaly detected by the current risk layers.
W12212,Gaurav Chandra,Lucknow,State Housing Board,School Building Repair,11.36,14.3,0.0,0.0,0.0,14.3,5.72,LOW,NORMAL,No major anomaly detected by the current risk layers.
W10941,Victor Venkataraman,Dharwad,Public Works Department,Public Toilet Complex,7.67,14.27,0.0,0.0,0.0,14.27,5.71,LOW,NORMAL,No major anomaly detected by the current risk layers.
W11926,Leena Butala,Agra,District Rural Development Agency,Drinking Water Supply,7.33,14.29,0.0,0.0,0.0,14.29,5.71,LOW,NORMAL,No major anomaly detected by the current risk layers.
W12524,Bachittar Choudhry,Asansol,Municipal Corporation,Community Health Center,10.96,14.28,0.0,0.0,0.0,14.28,5.71,LOW,NORMAL,No major anomaly detected by the current risk layers.
W11560,Meera Banerjee,Salem,Zilla Panchayat,Drinking Water Supply,15.88,14.27,0.0,0.0,0.0,14.27,5.71,LOW,NORMAL,No major anomaly detected by the current risk layers.
W12319,Tanish Iyer,Mysuru,Public Works Department,Drainage System,10.62,14.29,0.0,0.0,0.0,14.29,5.71,LOW,NORMAL,No major anomaly detected by the current risk layers.
W10884,Gaurav Chandra,Salem,Zilla Panchayat,Drainage System,12.02,14.26,0.0,0.0,0.0,14.26,5.7,LOW,NORMAL,No major anomaly detected by the current risk layers.
W10577,Gaurav Chandra,Kolkata,Municipal Corporation,Drinking Water Supply,6.73,14.26,0.0,0.0,0.0,14.26,5.7,LOW,NORMAL,No major anomaly detected by the current risk layers.
W12559,Azaan Gupta,Belagavi,State Housing Board,Road Construction,13.65,14.24,0.0,0.0,0.0,14.24,5.7,LOW,NORMAL,No major anomaly detected by the current risk layers.
W11102,Deepa Gala,Kolkata,Municipal Corporation,Community Health Center,13.76,14.25,0.0,0.0,0.0,14.25,5.7,LOW,NORMAL,No major anomaly detected by the current risk layers.
W11285,Victor Venkataraman,Belagavi,State Housing Board,Drinking Water Supply,16.27,14.24,0.0,0.0,0.0,14.24,5.7,LOW,NORMAL,No major anomaly detected by the current risk layers.
W11012,Nicholas Gour,Varanasi,State Housing Board,Road Construction,6.37,14.25,0.0,0.0,0.0,14.25,5.7,LOW,NORMAL,No major anomaly detected by the current risk layers.
W10942,Meera Banerjee,Agra,Municipal Corporation,Drainage System,11.29,14.26,0.0,0.0,0.0,14.26,5.7,LOW,NORMAL,No major anomaly detected by the current risk layers.
W10760,Vanya Suresh,Nashik,District Rural Development Agency,Public Toilet Complex,4.33,14.25,0.0,0.0,0.0,14.25,5.7,LOW,NORMAL,No major anomaly detected by the current risk layers.
W11174,Pallavi Krish,Agra,Municipal Corporation,Drinking Water Supply,4.33,14.25,0.0,0.0,0.0,14.25,5.7,LOW,NORMAL,No major anomaly detected by the current risk layers.
W12682,Owen Bala,Madurai,Zilla Panchayat,Street Lighting,5.94,14.24,0.0,0.0,0.0,14.24,5.69,LOW,NORMAL,No major anomaly detected by the current risk layers.
W10803,Owen Bala,Varanasi,Zilla Panchayat,Public Toilet Complex,4.16,14.23,0.0,0.0,0.0,14.23,5.69,LOW,NORMAL,No major anomaly detected by the current risk layers.
W10837,Yadavi Deshmukh,Belagavi,Public Works Department,Drinking Water Supply,9.71,14.22,0.0,0.0,0.0,14.22,5.69,LOW,NORMAL,No major anomaly detected by the current risk layers.
W12496,Rayaan Mand,Bengaluru Urban,District Rural Development Agency,Street Lighting,2.11,14.21,0.0,0.0,0.0,14.21,5.69,LOW,NORMAL,No major anomaly detected by the current risk layers.
W10114,Jagat Mangat,Varanasi,District Rural Development Agency,Public Toilet Complex,7.22,14.21,0.0,0.0,0.0,14.21,5.69,LOW,NORMAL,No major anomaly detected by the current risk layers.
W11087,Gabriel Thaman,Kanpur,Municipal Corporation,Public Toilet Complex,5.16,14.23,0.0,0.0,0.0,14.23,5.69,LOW,NORMAL,No major anomaly detected by the current risk layers.
W10186,Harrison Kapur,Darjeeling,Zilla Panchayat,Public Toilet Complex,7.5,14.23,0.0,0.0,0.0,14.23,5.69,LOW,NORMAL,No major anomaly detected by the current risk layers.
W10902,Sanya Swamy,Darjeeling,State Housing Board,Drinking Water Supply,10.74,14.23,0.0,0.0,0.0,14.23,5.69,LOW,NORMAL,No major anomaly detected by the current risk layers.
W11224,Krishna Pant,Mysuru,Zilla Panchayat,Street Lighting,4.04,14.24,0.0,0.0,0.0,14.24,5.69,LOW,NORMAL,No major anomaly detected by the current risk layers.
W11059,Yamini Chand,Nagpur,State Housing Board,Street Lighting,4.48,14.19,0.0,0.0,0.0,14.19,5.68,LOW,NORMAL,No major anomaly detected by the current risk layers.
W11272,Sanya Swamy,Coimbatore,Zilla Panchayat,Street Lighting,2.68,14.2,0.0,0.0,0.0,14.2,5.68,LOW,NORMAL,No major anomaly detected by the current risk layers.
W11728,Gaurav Chandra,Thane,District Rural Development Agency,Drainage System,11.8,14.21,0.0,0.0,0.0,14.21,5.68,LOW,NORMAL,No major anomaly detected by the current risk layers.
W11466,Leena Butala,Asansol,Zilla Panchayat,Street Lighting,3.59,14.2,0.0,0.0,0.0,14.2,5.68,LOW,NORMAL,No major anomaly detected by the current risk layers.
W12495,Gaurav Chandra,Nashik,State Housing Board,Drainage System,6.01,14.2,0.0,0.0,0.0,14.2,5.68,LOW,NORMAL,No major anomaly detected by the current risk layers.
W11721,Ishwar Boase,Thane,Municipal Corporation,Road Construction,8.48,14.18,0.0,0.0,0.0,14.18,5.67,LOW,NORMAL,No major anomaly detected by the current risk layers.
W10320,Oliver Sarma,Asansol,Public Works Department,Drinking Water Supply,12.74,14.19,0.0,0.0,0.0,14.19,5.67,LOW,NORMAL,No major anomaly detected by the current risk layers.
W10794,Ekansh Sami,Asansol,District Rural Development Agency,Street Lighting,2.3,14.18,0.0,0.0,0.0,14.18,5.67,LOW,NORMAL,No major anomaly detected by the current risk layers.
W12898,Hemang Bava,Bengaluru Urban,Public Works Department,Drainage System,3.52,14.18,0.0,0.0,0.0,14.18,5.67,LOW,NORMAL,No major anomaly detected by the current risk layers.
W11045,Vrinda Biswas,Lucknow,State Housing Board,Public Toilet Complex,6.38,14.18,0.0,0.0,0.0,14.18,5.67,LOW,NORMAL,No major anomaly detected by the current risk layers.
W11481,Ria Ratta,Howrah,State Housing Board,Community Health Center,17.44,14.17,0.0,0.0,0.0,14.17,5.67,LOW,NORMAL,No major anomaly detected by the current risk layers.
W10201,Tanish Iyer,Coimbatore,State Housing Board,Drainage System,5.39,14.19,0.0,0.0,0.0,14.19,5.67,LOW,NORMAL,No major anomaly detected by the current risk layers.
W11150,Krishna Pant,Lucknow,District Rural Development Agency,Drinking Water Supply,10.74,14.17,0.0,0.0,0.0,14.17,5.67,LOW,NORMAL,No major anomaly detected by the current risk layers.
W12198,Rayaan Mand,Varanasi,Public Works Department,Public Toilet Complex,7.23,14.17,0.0,0.0,0.0,14.17,5.67,LOW,NORMAL,No major anomaly detected by the current risk layers.
W11609,Yadavi Deshmukh,Darjeeling,Municipal Corporation,School Building Repair,6.99,14.14,0.0,0.0,0.0,14.14,5.66,LOW,NORMAL,No major anomaly detected by the current risk layers.
W12413,Leena Butala,Howrah,Public Works Department,Community Health Center,23.55,14.14,0.0,0.0,0.0,14.14,5.66,LOW,NORMAL,No major anomaly detected by the current risk layers.
W12846,Mugdha Varty,Salem,District Rural Development Agency,Street Lighting,5.64,14.15,0.0,0.0,0.0,14.15,5.66,LOW,NORMAL,No major anomaly detected by the current risk layers.
W12733,Tanish Iyer,Nagpur,State Housing Board,Road Construction,11.48,14.15,0.0,0.0,0.0,14.15,5.66,LOW,NORMAL,No major anomaly detected by the current risk layers.
W12948,Ishwar Boase,Varanasi,Municipal Corporation,Drinking Water Supply,17.26,14.15,0.0,0.0,0.0,14.15,5.66,LOW,NORMAL,No major anomaly detected by the current risk layers.
W11984,Odika Naik,Dharwad,District Rural Development Agency,Drinking Water Supply,10.62,14.15,0.0,0.0,0.0,14.15,5.66,LOW,NORMAL,No major anomaly detected by the current risk layers.
W10147,Leena Butala,Kolkata,Municipal Corporation,Street Lighting,3.55,14.14,0.0,0.0,0.0,14.14,5.65,LOW,NORMAL,No major anomaly detected by the current risk layers.
W12992,Yamini Chand,Kanpur,State Housing Board,Road Construction,5.99,14.13,0.0,0.0,0.0,14.13,5.65,LOW,NORMAL,No major anomaly detected by the current risk layers.
W12837,Pallavi Krish,Howrah,District Rural Development Agency,Drainage System,6.65,14.12,0.0,0.0,0.0,14.12,5.65,LOW,NORMAL,No major anomaly detected by the current risk layers.
W12841,Rayaan Mand,Agra,Zilla Panchayat,Drinking Water Supply,6.94,14.12,0.0,0.0,0.0,14.12,5.65,LOW,NORMAL,No major anomaly detected by the current risk layers.
W10714,Christopher Kadakia,Howrah,Municipal Corporation,Drainage System,7.6,14.11,0.0,0.0,0.0,14.11,5.65,LOW,NORMAL,No major anomaly detected by the current risk layers.
W10522,Ekansh Sami,Madurai,Municipal Corporation,Street Lighting,4.22,14.12,0.0,0.0,0.0,14.12,5.65,LOW,NORMAL,No major anomaly detected by the current risk layers.
W11294,Yamini Chand,Agra,District Rural Development Agency,Drinking Water Supply,16.2,14.11,0.0,0.0,0.0,14.11,5.64,LOW,NORMAL,No major anomaly detected by the current risk layers.
W11704,Meera Banerjee,Darjeeling,Zilla Panchayat,Drinking Water Supply,14.46,14.09,0.0,0.0,0.0,14.09,5.64,LOW,NORMAL,No major anomaly detected by the current risk layers.
W12143,Lucky Prashad,Nagpur,Zilla Panchayat,School Building Repair,10.68,14.1,0.0,0.0,0.0,14.1,5.64,LOW,NORMAL,No major anomaly detected by the current risk layers.
W11144,Owen Bala,Kanpur,District Rural Development Agency,Street Lighting,2.76,14.1,0.0,0.0,0.0,14.1,5.64,LOW,NORMAL,No major anomaly detected by the current risk layers.
W10864,Eesha Memon,Nagpur,Zilla Panchayat,Street Lighting,4.18,14.08,0.0,0.0,0.0,14.08,5.63,LOW,NORMAL,No major anomaly detected by the current risk layers.
W11459,Meera Banerjee,Lucknow,Public Works Department,Public Toilet Complex,6.44,14.09,0.0,0.0,0.0,14.09,5.63,LOW,NORMAL,No major anomaly detected by the current risk layers.
W11106,Krishna Pant,Mysuru,District Rural Development Agency,Public Toilet Complex,6.93,14.09,0.0,0.0,0.0,14.09,5.63,LOW,NORMAL,No major anomaly detected by the current risk layers.
W10546,Triya Khatri,Varanasi,District Rural Development Agency,Public Toilet Complex,2.81,14.08,0.0,0.0,0.0,14.08,5.63,LOW,NORMAL,No major anomaly detected by the current risk layers.
W11525,Rayaan Mand,Madurai,Public Works Department,Public Toilet Complex,4.73,14.06,0.0,0.0,0.0,14.06,5.63,LOW,NORMAL,No major anomaly detected by the current risk layers.
W12704,Odika Naik,Kanpur,Zilla Panchayat,Drinking Water Supply,8.67,14.08,0.0,0.0,0.0,14.08,5.63,LOW,NORMAL,No major anomaly detected by the current risk layers.
W11186,Yamini Chand,Coimbatore,Public Works Department,Road Construction,29.96,14.08,0.0,0.0,0.0,14.08,5.63,LOW,NORMAL,No major anomaly detected by the current risk layers.
W12302,Gaurav Chandra,Kolkata,State Housing Board,Drainage System,5.06,14.07,0.0,0.0,0.0,14.07,5.63,LOW,NORMAL,No major anomaly detected by the current risk layers.
W11177,Yadavi Deshmukh,Madurai,Municipal Corporation,Public Toilet Complex,4.92,14.07,0.0,0.0,0.0,14.07,5.63,LOW,NORMAL,No major anomaly detected by the current risk layers.
W11826,Ekansh Sami,Asansol,Zilla Panchayat,Drainage System,12.37,14.04,0.0,0.0,0.0,14.04,5.62,LOW,NORMAL,No major anomaly detected by the current risk layers.
W10738,Mugdha Varty,Bengaluru Urban,District Rural Development Agency,Drainage System,4.97,14.04,0.0,0.0,0.0,14.04,5.62,LOW,NORMAL,No major anomaly detected by the current risk layers.
W10312,Deepa Gala,Bengaluru Urban,District Rural Development Agency,Public Toilet Complex,4.06,14.04,0.0,0.0,0.0,14.04,5.62,LOW,NORMAL,No major anomaly detected by the current risk layers.
W10397,Owen Bala,Nashik,Municipal Corporation,School Building Repair,11.93,14.04,0.0,0.0,0.0,14.04,5.62,LOW,NORMAL,No major anomaly detected by the current risk layers.
W10869,Ekansh Sami,Dharwad,Municipal Corporation,Drainage System,17.01,14.05,0.0,0.0,0.0,14.05,5.62,LOW,NORMAL,No major anomaly detected by the current risk layers.
W12115,Vrinda Biswas,Salem,Public Works Department,School Building Repair,8.44,14.05,0.0,0.0,0.0,14.05,5.62,LOW,NORMAL,No major anomaly detected by the current risk layers.
W12020,Krishna Pant,Howrah,Municipal Corporation,Drainage System,10.19,14.05,0.0,0.0,0.0,14.05,5.62,LOW,NORMAL,No major anomaly detected by the current risk layers.
W12453,Bachittar Choudhry,Howrah,Zilla Panchayat,School Building Repair,5.22,14.03,0.0,0.0,0.0,14.03,5.61,LOW,NORMAL,No major anomaly detected by the current risk layers.
W12833,Rayaan Mand,Dharwad,Zilla Panchayat,Public Toilet Complex,6.96,14.03,0.0,0.0,0.0,14.03,5.61,LOW,NORMAL,No major anomaly detected by the current risk layers.
W10816,Odika Naik,Varanasi,District Rural Development Agency,Street Lighting,4.0,14.03,0.0,0.0,0.0,14.03,5.61,LOW,NORMAL,No major anomaly detected by the current risk layers.
W11352,Rayaan Mand,Chennai,Zilla Panchayat,Drainage System,5.68,14.03,0.0,0.0,0.0,14.03,5.61,LOW,NORMAL,No major anomaly detected by the current risk layers.
W10382,Meera Banerjee,Salem,District Rural Development Agency,Drainage System,13.44,14.03,0.0,0.0,0.0,14.03,5.61,LOW,NORMAL,No major anomaly detected by the current risk layers.
W11232,Ria Ratta,Chennai,State Housing Board,School Building Repair,13.94,14.02,0.0,0.0,0.0,14.02,5.61,LOW,NORMAL,No major anomaly detected by the current risk layers.
W11893,Vrinda Biswas,Nashik,State Housing Board,Drinking Water Supply,14.23,14.02,0.0,0.0,0.0,14.02,5.61,LOW,NORMAL,No major anomaly detected by the current risk layers.
W10686,Eesha Memon,Nagpur,State Housing Board,School Building Repair,10.68,13.99,0.0,0.0,0.0,13.99,5.6,LOW,NORMAL,No major anomaly detected by the current risk layers.
W11543,Owen Bansal,Lucknow,Zilla Panchayat,Street Lighting,5.46,14.0,0.0,0.0,0.0,14.0,5.6,LOW,NORMAL,No major anomaly detected by the current risk layers.
W10477,Ronith Zachariah,Nagpur,District Rural Development Agency,Drinking Water Supply,13.63,14.0,0.0,0.0,0.0,14.0,5.6,LOW,NORMAL,No major anomaly detected by the current risk layers.
W10788,Tanish Iyer,Mysuru,District Rural Development Agency,Public Toilet Complex,3.57,13.99,0.0,0.0,0.0,13.99,5.6,LOW,NORMAL,No major anomaly detected by the current risk layers.
W10815,Krishna Pant,Howrah,Municipal Corporation,Drinking Water Supply,14.65,14.0,0.0,0.0,0.0,14.0,5.6,LOW,NORMAL,No major anomaly detected by the current risk layers.
W12847,Eesha Memon,Agra,State Housing Board,Public Toilet Complex,4.95,14.0,0.0,0.0,0.0,14.0,5.6,LOW,NORMAL,No major anomaly detected by the current risk layers.
W11273,Azaan Gupta,Lucknow,Municipal Corporation,Public Toilet Complex,6.77,14.0,0.0,0.0,0.0,14.0,5.6,LOW,NORMAL,No major anomaly detected by the current risk layers.
W10922,Odika Naik,Agra,Zilla Panchayat,Community Health Center,24.7,14.01,0.0,0.0,0.0,14.01,5.6,LOW,NORMAL,No major anomaly detected by the current risk layers.
W11306,Pallavi Krish,Asansol,State Housing Board,Drinking Water Supply,5.52,13.98,0.0,0.0,0.0,13.98,5.59,LOW,NORMAL,No major anomaly detected by the current risk layers.
W11643,Yutika Rana,Madurai,Municipal Corporation,Street Lighting,3.57,13.96,0.0,0.0,0.0,13.96,5.59,LOW,NORMAL,No major anomaly detected by the current risk layers.
W11155,Yutika Rana,Bengaluru Urban,Municipal Corporation,School Building Repair,4.26,13.97,0.0,0.0,0.0,13.97,5.59,LOW,NORMAL,No major anomaly detected by the current risk layers.
W12659,Victor Venkataraman,Thane,State Housing Board,School Building Repair,3.55,13.97,0.0,0.0,0.0,13.97,5.59,LOW,NORMAL,No major anomaly detected by the current risk layers.
W12810,Triya Khatri,Salem,Public Works Department,Drainage System,15.56,13.97,0.0,0.0,0.0,13.97,5.59,LOW,NORMAL,No major anomaly detected by the current risk layers.
W10073,Nicholas Gour,Lucknow,Zilla Panchayat,Road Construction,15.3,13.94,0.0,0.0,0.0,13.94,5.58,LOW,NORMAL,No major anomaly detected by the current risk layers.
W10305,Gabriel Thaman,Varanasi,Municipal Corporation,Public Toilet Complex,7.62,13.96,0.0,0.0,0.0,13.96,5.58,LOW,NORMAL,No major anomaly detected by the current risk layers.
W12897,Triya Khatri,Salem,State Housing Board,Street Lighting,2.67,13.96,0.0,0.0,0.0,13.96,5.58,LOW,NORMAL,No major anomaly detected by the current risk layers.
W11992,Eesha Memon,Darjeeling,Zilla Panchayat,School Building Repair,3.56,13.96,0.0,0.0,0.0,13.96,5.58,LOW,NORMAL,No major anomaly detected by the current risk layers.
W11286,Yadavi Deshmukh,Coimbatore,Zilla Panchayat,School Building Repair,13.06,13.95,0.0,0.0,0.0,13.95,5.58,LOW,NORMAL,No major anomaly detected by the current risk layers.
W11603,Bachittar Choudhry,Agra,Zilla Panchayat,Road Construction,6.3,13.95,0.0,0.0,0.0,13.95,5.58,LOW,NORMAL,No major anomaly detected by the current risk layers.
W11489,Yutika Rana,Belagavi,District Rural Development Agency,Street Lighting,1.6,13.93,0.0,0.0,0.0,13.93,5.57,LOW,NORMAL,No major anomaly detected by the current risk layers.
W11131,Eesha Memon,Nashik,District Rural Development Agency,School Building Repair,4.12,13.92,0.0,0.0,0.0,13.92,5.57,LOW,NORMAL,No major anomaly detected by the current risk layers.
W10040,Widisha Yohannan,Dharwad,Zilla Panchayat,Drainage System,3.58,13.93,0.0,0.0,0.0,13.93,5.57,LOW,NORMAL,No major anomaly detected by the current risk layers.
W10286,Odika Naik,Bengaluru Urban,District Rural Development Agency,Drainage System,8.15,13.92,0.0,0.0,0.0,13.92,5.57,LOW,NORMAL,No major anomaly detected by the current risk layers.
W10750,Gabriel Thaman,Varanasi,District Rural Development Agency,Drainage System,9.42,13.92,0.0,0.0,0.0,13.92,5.57,LOW,NORMAL,No major anomaly detected by the current risk layers.
W11899,Krishna Pant,Nagpur,District Rural Development Agency,Street Lighting,1.72,13.93,0.0,0.0,0.0,13.93,5.57,LOW,NORMAL,No major anomaly detected by the current risk layers.
W11983,Onveer Kata,Chennai,District Rural Development Agency,Street Lighting,3.71,13.92,0.0,0.0,0.0,13.92,5.57,LOW,NORMAL,No major anomaly detected by the current risk layers.
W10395,Widisha Yohannan,Nashik,State Housing Board,Public Toilet Complex,6.28,13.92,0.0,0.0,0.0,13.92,5.57,LOW,NORMAL,No major anomaly detected by the current risk layers.
W11454,Eesha Memon,Howrah,Public Works Department,Drinking Water Supply,6.54,13.91,0.0,0.0,0.0,13.91,5.57,LOW,NORMAL,No major anomaly detected by the current risk layers.
W12593,Onveer Kata,Coimbatore,District Rural Development Agency,Street Lighting,5.52,13.91,0.0,0.0,0.0,13.91,5.56,LOW,NORMAL,No major anomaly detected by the current risk layers.
W11118,Krishna Pant,Lucknow,Public Works Department,Road Construction,12.65,13.89,0.0,0.0,0.0,13.89,5.56,LOW,NORMAL,No major anomaly detected by the current risk layers.
W12449,Bachittar Choudhry,Mysuru,Public Works Department,Street Lighting,5.28,13.91,0.0,0.0,0.0,13.91,5.56,LOW,NORMAL,No major anomaly detected by the current risk layers.
W11336,Yadavi Deshmukh,Agra,Public Works Department,Public Toilet Complex,4.4,13.91,0.0,0.0,0.0,13.91,5.56,LOW,NORMAL,No major anomaly detected by the current risk layers.
W10843,Onveer Kata,Mysuru,Municipal Corporation,Drainage System,15.14,13.9,0.0,0.0,0.0,13.9,5.56,LOW,NORMAL,No major anomaly detected by the current risk layers.
W11617,Oliver Sarma,Madurai,Municipal Corporation,Community Health Center,25.0,13.9,0.0,0.0,0.0,13.9,5.56,LOW,NORMAL,No major anomaly detected by the current risk layers.
W12600,Onveer Kata,Thane,District Rural Development Agency,Drainage System,3.13,13.89,0.0,0.0,0.0,13.89,5.56,LOW,NORMAL,No major anomaly detected by the current risk layers.
W12255,Oliver Sarma,Nashik,District Rural Development Agency,Public Toilet Complex,4.61,13.88,0.0,0.0,0.0,13.88,5.55,LOW,NORMAL,No major anomaly detected by the current risk layers.
W10781,Victor Venkataraman,Pune,Municipal Corporation,Drainage System,15.1,13.86,0.0,0.0,0.0,13.86,5.55,LOW,NORMAL,No major anomaly detected by the current risk layers.
W11303,Ria Ratta,Darjeeling,Public Works Department,Street Lighting,4.25,13.87,0.0,0.0,0.0,13.87,5.55,LOW,NORMAL,No major anomaly detected by the current risk layers.
W10795,Onveer Kata,Agra,District Rural Development Agency,Drainage System,13.1,13.89,0.0,0.0,0.0,13.89,5.55,LOW,NORMAL,No major anomaly detected by the current risk layers.
W11666,Yug Choudhry,Bengaluru Urban,Municipal Corporation,Drinking Water Supply,5.27,13.86,0.0,0.0,0.0,13.86,5.54,LOW,NORMAL,No major anomaly detected by the current risk layers.
W12258,Bachittar Choudhry,Asansol,Zilla Panchayat,Drinking Water Supply,14.98,13.85,0.0,0.0,0.0,13.85,5.54,LOW,NORMAL,No major anomaly detected by the current risk layers.
W10182,Azaan Gupta,Coimbatore,State Housing Board,Road Construction,10.0,13.85,0.0,0.0,0.0,13.85,5.54,LOW,NORMAL,No major anomaly detected by the current risk layers.
W10823,Vanya Suresh,Coimbatore,State Housing Board,School Building Repair,5.22,13.86,0.0,0.0,0.0,13.86,5.54,LOW,NORMAL,No major anomaly detected by the current risk layers.
W11315,Gaurav Chandra,Varanasi,Zilla Panchayat,Public Toilet Complex,2.72,13.81,0.0,0.0,0.0,13.81,5.53,LOW,NORMAL,No major anomaly detected by the current risk layers.
W12396,Pallavi Krish,Howrah,Municipal Corporation,Road Construction,10.28,13.82,0.0,0.0,0.0,13.82,5.53,LOW,NORMAL,No major anomaly detected by the current risk layers.
W11071,Vanya Suresh,Agra,Municipal Corporation,Drainage System,5.45,13.83,0.0,0.0,0.0,13.83,5.53,LOW,NORMAL,No major anomaly detected by the current risk layers.
W12982,Jagat Mangat,Madurai,Zilla Panchayat,Drinking Water Supply,18.96,13.81,0.0,0.0,0.0,13.81,5.53,LOW,NORMAL,No major anomaly detected by the current risk layers.
W11331,Yadavi Deshmukh,Kanpur,Zilla Panchayat,Street Lighting,3.84,13.82,0.0,0.0,0.0,13.82,5.53,LOW,NORMAL,No major anomaly detected by the current risk layers.
W10891,Sanya Swamy,Agra,State Housing Board,Drinking Water Supply,5.95,13.83,0.0,0.0,0.0,13.83,5.53,LOW,NORMAL,No major anomaly detected by the current risk layers.
W12303,Onveer Kata,Belagavi,Municipal Corporation,Drainage System,11.71,13.83,0.0,0.0,0.0,13.83,5.53,LOW,NORMAL,No major anomaly detected by the current risk layers.
W10115,Ria Ratta,Darjeeling,District Rural Development Agency,Road Construction,32.67,13.81,0.0,0.0,0.0,13.81,5.52,LOW,NORMAL,No major anomaly detected by the current risk layers.
W12570,Ronith Zachariah,Nashik,Public Works Department,Community Health Center,20.31,13.8,0.0,0.0,0.0,13.8,5.52,LOW,NORMAL,No major anomaly detected by the current risk layers.
W11929,Victor Venkataraman,Mysuru,Municipal Corporation,Public Toilet Complex,7.08,13.81,0.0,0.0,0.0,13.81,5.52,LOW,NORMAL,No major anomaly detected by the current risk layers.
W11203,Gabriel Thaman,Dharwad,Municipal Corporation,Road Construction,36.78,13.8,0.0,0.0,0.0,13.8,5.52,LOW,NORMAL,No major anomaly detected by the current risk layers.
W11885,Pallavi Krish,Bengaluru Urban,Public Works Department,Street Lighting,2.33,13.76,0.0,0.0,0.0,13.76,5.51,LOW,NORMAL,No major anomaly detected by the current risk layers.
W12506,Yamini Chand,Thane,Municipal Corporation,Drinking Water Supply,8.27,13.79,0.0,0.0,0.0,13.79,5.51,LOW,NORMAL,No major anomaly detected by the current risk layers.
W11665,Varsha Morar,Howrah,Zilla Panchayat,Drainage System,3.54,13.77,0.0,0.0,0.0,13.77,5.51,LOW,NORMAL,No major anomaly detected by the current risk layers.
W12486,Tanish Iyer,Nagpur,Zilla Panchayat,Drainage System,7.81,13.77,0.0,0.0,0.0,13.77,5.51,LOW,NORMAL,No major anomaly detected by the current risk layers.
W11787,Ria Ratta,Bengaluru Urban,Public Works Department,Public Toilet Complex,3.57,13.76,0.0,0.0,0.0,13.76,5.51,LOW,NORMAL,No major anomaly detected by the current risk layers.
W12624,Sanya Swamy,Agra,Public Works Department,School Building Repair,10.46,13.76,0.0,0.0,0.0,13.76,5.51,LOW,NORMAL,No major anomaly detected by the current risk layers.
W11870,Meera Banerjee,Nagpur,Public Works Department,Drinking Water Supply,12.26,13.77,0.0,0.0,0.0,13.77,5.51,LOW,NORMAL,No major anomaly detected by the current risk layers.
W11247,Rayaan Mand,Mysuru,Municipal Corporation,School Building Repair,6.91,13.74,0.0,0.0,0.0,13.74,5.5,LOW,NORMAL,No major anomaly detected by the current risk layers.
W10531,Nicholas Gour,Agra,Zilla Panchayat,Drinking Water Supply,4.15,13.75,0.0,0.0,0.0,13.75,5.5,LOW,NORMAL,No major anomaly detected by the current risk layers.
W11349,Meera Banerjee,Lucknow,Municipal Corporation,Drinking Water Supply,14.98,13.74,0.0,0.0,0.0,13.74,5.5,LOW,NORMAL,No major anomaly detected by the current risk layers.
W10573,Sanya Swamy,Kolkata,Municipal Corporation,Drainage System,7.57,13.75,0.0,0.0,0.0,13.75,5.5,LOW,NORMAL,No major anomaly detected by the current risk layers.
W10817,Advaith Gole,Agra,Municipal Corporation,Road Construction,6.42,13.72,0.0,0.0,0.0,13.72,5.49,LOW,NORMAL,No major anomaly detected by the current risk layers.
W10215,Advaith Gole,Kanpur,Municipal Corporation,School Building Repair,6.35,13.73,0.0,0.0,0.0,13.73,5.49,LOW,NORMAL,No major anomaly detected by the current risk layers.
W10154,Ishwar Boase,Agra,Public Works Department,Street Lighting,3.61,13.73,0.0,0.0,0.0,13.73,5.49,LOW,NORMAL,No major anomaly detected by the current risk layers.
W10459,Victor Venkataraman,Mysuru,State Housing Board,Road Construction,6.46,13.72,0.0,0.0,0.0,13.72,5.49,LOW,NORMAL,No major anomaly detected by the current risk layers.
W11858,Advaith Gole,Asansol,District Rural Development Agency,Community Health Center,37.23,13.74,0.0,0.0,0.0,13.74,5.49,LOW,NORMAL,No major anomaly detected by the current risk layers.
W10701,Triya Khatri,Agra,District Rural Development Agency,School Building Repair,4.0,13.71,0.0,0.0,0.0,13.71,5.49,LOW,NORMAL,No major anomaly detected by the current risk layers.
W10863,Lucky Prashad,Agra,Zilla Panchayat,Street Lighting,2.55,13.72,0.0,0.0,0.0,13.72,5.49,LOW,NORMAL,No major anomaly detected by the current risk layers.
W11345,Owen Bansal,Kolkata,Public Works Department,School Building Repair,13.63,13.7,0.0,0.0,0.0,13.7,5.48,LOW,NORMAL,No major anomaly detected by the current risk layers.
W10699,Gabriel Thaman,Kanpur,State Housing Board,School Building Repair,6.93,13.7,0.0,0.0,0.0,13.7,5.48,LOW,NORMAL,No major anomaly detected by the current risk layers.
W10333,Advaith Gole,Nashik,State Housing Board,Street Lighting,4.92,13.7,0.0,0.0,0.0,13.7,5.48,LOW,NORMAL,No major anomaly detected by the current risk layers.
W12745,Deepa Gala,Lucknow,Zilla Panchayat,Drinking Water Supply,15.01,13.71,0.0,0.0,0.0,13.71,5.48,LOW,NORMAL,No major anomaly detected by the current risk layers.
W10163,Owen Bansal,Nashik,Zilla Panchayat,Public Toilet Complex,7.68,13.66,0.0,0.0,0.0,13.66,5.47,LOW,NORMAL,No major anomaly detected by the current risk layers.
W12969,Varsha Morar,Thane,Public Works Department,Street Lighting,4.06,13.68,0.0,0.0,0.0,13.68,5.47,LOW,NORMAL,No major anomaly detected by the current risk layers.
W11215,Yug Choudhry,Darjeeling,State Housing Board,Drinking Water Supply,13.9,13.68,0.0,0.0,0.0,13.68,5.47,LOW,NORMAL,No major anomaly detected by the current risk layers.
W11912,Azaan Gupta,Lucknow,Zilla Panchayat,School Building Repair,9.85,13.68,0.0,0.0,0.0,13.68,5.47,LOW,NORMAL,No major anomaly detected by the current risk layers.
W10504,Deepa Gala,Kolkata,Public Works Department,Public Toilet Complex,6.99,13.68,0.0,0.0,0.0,13.68,5.47,LOW,NORMAL,No major anomaly detected by the current risk layers.
W12504,Hemang Bava,Salem,Municipal Corporation,Drainage System,4.04,13.65,0.0,0.0,0.0,13.65,5.46,LOW,NORMAL,No major anomaly detected by the current risk layers.
W12389,Vanya Suresh,Kanpur,State Housing Board,Drinking Water Supply,7.76,13.65,0.0,0.0,0.0,13.65,5.46,LOW,NORMAL,No major anomaly detected by the current risk layers.
W10880,Owen Bala,Mysuru,Municipal Corporation,Public Toilet Complex,5.34,13.65,0.0,0.0,0.0,13.65,5.46,LOW,NORMAL,No major anomaly detected by the current risk layers.
W10632,Bachittar Choudhry,Lucknow,Public Works Department,Drinking Water Supply,11.66,13.66,0.0,0.0,0.0,13.66,5.46,LOW,NORMAL,No major anomaly detected by the current risk layers.
W11656,Yamini Chand,Mysuru,Public Works Department,Drainage System,9.1,13.64,0.0,0.0,0.0,13.64,5.45,LOW,NORMAL,No major anomaly detected by the current risk layers.
W11120,Vanya Suresh,Chennai,Zilla Panchayat,Public Toilet Complex,4.99,13.61,0.0,0.0,0.0,13.61,5.45,LOW,NORMAL,No major anomaly detected by the current risk layers.
W12493,Deepa Gala,Madurai,State Housing Board,Drainage System,15.59,13.63,0.0,0.0,0.0,13.63,5.45,LOW,NORMAL,No major anomaly detected by the current risk layers.
W10660,Sanya Swamy,Thane,Zilla Panchayat,Road Construction,15.11,13.63,0.0,0.0,0.0,13.63,5.45,LOW,NORMAL,No major anomaly detected by the current risk layers.
W10696,Yamini Chand,Kolkata,Zilla Panchayat,Drinking Water Supply,6.18,13.61,0.0,0.0,0.0,13.61,5.45,LOW,NORMAL,No major anomaly detected by the current risk layers.
W12710,Vrinda Biswas,Pune,Municipal Corporation,Drainage System,5.27,13.62,0.0,0.0,0.0,13.62,5.45,LOW,NORMAL,No major anomaly detected by the current risk layers.
W11549,Deepa Gala,Bengaluru Urban,District Rural Development Agency,Drainage System,4.93,13.62,0.0,0.0,0.0,13.62,5.45,LOW,NORMAL,No major anomaly detected by the current risk layers.
W10872,Krishna Pant,Belagavi,Public Works Department,Community Health Center,13.95,13.62,0.0,0.0,0.0,13.62,5.45,LOW,NORMAL,No major anomaly detected by the current risk layers.
W11877,Yadavi Deshmukh,Salem,Public Works Department,School Building Repair,14.62,13.62,0.0,0.0,0.0,13.62,5.45,LOW,NORMAL,No major anomaly detected by the current risk layers.
W10244,Yamini Chand,Salem,Zilla Panchayat,Community Health Center,15.97,13.62,0.0,0.0,0.0,13.62,5.45,LOW,NORMAL,No major anomaly detected by the current risk layers.
W11852,Victor Venkataraman,Kolkata,Municipal Corporation,Drainage System,4.42,13.6,0.0,0.0,0.0,13.6,5.44,LOW,NORMAL,No major anomaly detected by the current risk layers.
W10725,Ishwar Boase,Mysuru,Zilla Panchayat,Public Toilet Complex,7.33,13.61,0.0,0.0,0.0,13.61,5.44,LOW,NORMAL,No major anomaly detected by the current risk layers.
W10090,Triya Khatri,Varanasi,District Rural Development Agency,Community Health Center,23.33,13.59,0.0,0.0,0.0,13.59,5.44,LOW,NORMAL,No major anomaly detected by the current risk layers.
W10778,Hemang Bava,Madurai,District Rural Development Agency,Public Toilet Complex,5.3,13.61,0.0,0.0,0.0,13.61,5.44,LOW,NORMAL,No major anomaly detected by the current risk layers.
W12037,Deepa Gala,Lucknow,State Housing Board,Drinking Water Supply,4.49,13.59,0.0,0.0,0.0,13.59,5.44,LOW,NORMAL,No major anomaly detected by the current risk layers.
W11689,Bachittar Choudhry,Bengaluru Urban,Municipal Corporation,Public Toilet Complex,4.76,13.59,0.0,0.0,0.0,13.59,5.44,LOW,NORMAL,No major anomaly detected by the current risk layers.
W11129,Varsha Morar,Kanpur,Public Works Department,Public Toilet Complex,4.34,13.59,0.0,0.0,0.0,13.59,5.43,LOW,NORMAL,No major anomaly detected by the current risk layers.
W12550,Tanish Iyer,Varanasi,State Housing Board,Street Lighting,4.77,13.57,0.0,0.0,0.0,13.57,5.43,LOW,NORMAL,No major anomaly detected by the current risk layers.
W10166,Ishwar Boase,Howrah,Public Works Department,Drainage System,9.56,13.57,0.0,0.0,0.0,13.57,5.43,LOW,NORMAL,No major anomaly detected by the current risk layers.
W10848,Eesha Memon,Belagavi,Public Works Department,Street Lighting,4.05,13.57,0.0,0.0,0.0,13.57,5.43,LOW,NORMAL,No major anomaly detected by the current risk layers.
W12598,Ekansh Sami,Chennai,State Housing Board,School Building Repair,7.49,13.58,0.0,0.0,0.0,13.58,5.43,LOW,NORMAL,No major anomaly detected by the current risk layers.
W10039,Varsha Morar,Lucknow,Municipal Corporation,School Building Repair,11.84,13.57,0.0,0.0,0.0,13.57,5.43,LOW,NORMAL,No major anomaly detected by the current risk layers.
W10682,Victor Venkataraman,Varanasi,Zilla Panchayat,Drainage System,15.54,13.55,0.0,0.0,0.0,13.55,5.42,LOW,NORMAL,No major anomaly detected by the current risk layers.
W12310,Ronith Zachariah,Mysuru,District Rural Development Agency,Drainage System,11.77,13.56,0.0,0.0,0.0,13.56,5.42,LOW,NORMAL,No major anomaly detected by the current risk layers.
W10989,Ronith Zachariah,Belagavi,State Housing Board,Drainage System,13.1,13.56,0.0,0.0,0.0,13.56,5.42,LOW,NORMAL,No major anomaly detected by the current risk layers.
W10453,Hemang Bava,Lucknow,District Rural Development Agency,Public Toilet Complex,6.12,13.55,0.0,0.0,0.0,13.55,5.42,LOW,NORMAL,No major anomaly detected by the current risk layers.
W12263,Lucky Prashad,Thane,District Rural Development Agency,School Building Repair,14.53,13.54,0.0,0.0,0.0,13.54,5.42,LOW,NORMAL,No major anomaly detected by the current risk layers.
W10367,Vanya Suresh,Asansol,Municipal Corporation,School Building Repair,3.64,13.55,0.0,0.0,0.0,13.55,5.42,LOW,NORMAL,No major anomaly detected by the current risk layers.
W11502,Yutika Rana,Asansol,Public Works Department,Drainage System,11.2,13.55,0.0,0.0,0.0,13.55,5.42,LOW,NORMAL,No major anomaly detected by the current risk layers.
W10107,Harrison Kapur,Salem,Zilla Panchayat,Drinking Water Supply,14.67,13.56,0.0,0.0,0.0,13.56,5.42,LOW,NORMAL,No major anomaly detected by the current risk layers.
W12836,Bachittar Choudhry,Coimbatore,Public Works Department,Road Construction,6.4,13.56,0.0,0.0,0.0,13.56,5.42,LOW,NORMAL,No major anomaly detected by the current risk layers.
W10975,Hemang Bava,Varanasi,State Housing Board,Public Toilet Complex,3.81,13.52,0.0,0.0,0.0,13.52,5.41,LOW,NORMAL,No major anomaly detected by the current risk layers.
W10920,Harrison Kapur,Howrah,State Housing Board,Drainage System,8.61,13.52,0.0,0.0,0.0,13.52,5.41,LOW,NORMAL,No major anomaly detected by the current risk layers.
W12166,Widisha Yohannan,Asansol,Municipal Corporation,Public Toilet Complex,5.27,13.53,0.0,0.0,0.0,13.53,5.41,LOW,NORMAL,No major anomaly detected by the current risk layers.
W10108,Krishna Pant,Madurai,Municipal Corporation,Public Toilet Complex,7.77,13.5,0.0,0.0,0.0,13.5,5.4,LOW,NORMAL,No major anomaly detected by the current risk layers.
W11811,Triya Khatri,Kolkata,State Housing Board,Drainage System,4.85,13.51,0.0,0.0,0.0,13.51,5.4,LOW,NORMAL,No major anomaly detected by the current risk layers.
W11347,Krishna Pant,Lucknow,Public Works Department,Drinking Water Supply,10.15,13.5,0.0,0.0,0.0,13.5,5.4,LOW,NORMAL,No major anomaly detected by the current risk layers.
W11846,Yutika Rana,Pune,Zilla Panchayat,Drainage System,14.67,13.49,0.0,0.0,0.0,13.49,5.4,LOW,NORMAL,No major anomaly detected by the current risk layers.
W10287,Odika Naik,Howrah,Zilla Panchayat,Drinking Water Supply,12.96,13.49,0.0,0.0,0.0,13.49,5.4,LOW,NORMAL,No major anomaly detected by the current risk layers.
W10609,Bachittar Choudhry,Madurai,State Housing Board,Street Lighting,3.88,13.49,0.0,0.0,0.0,13.49,5.4,LOW,NORMAL,No major anomaly detected by the current risk layers.
W10137,Ria Ratta,Bengaluru Urban,Zilla Panchayat,Public Toilet Complex,5.18,13.51,0.0,0.0,0.0,13.51,5.4,LOW,NORMAL,No major anomaly detected by the current risk layers.
W12592,Tanish Iyer,Bengaluru Urban,District Rural Development Agency,Street Lighting,4.28,13.48,0.0,0.0,0.0,13.48,5.39,LOW,NORMAL,No major anomaly detected by the current risk layers.
W12243,Nicholas Gour,Agra,Zilla Panchayat,School Building Repair,12.87,13.48,0.0,0.0,0.0,13.48,5.39,LOW,NORMAL,No major anomaly detected by the current risk layers.
W12154,Nicholas Gour,Varanasi,District Rural Development Agency,Road Construction,33.97,13.48,0.0,0.0,0.0,13.48,5.39,LOW,NORMAL,No major anomaly detected by the current risk layers.
W12880,Gaurav Chandra,Kanpur,Public Works Department,Street Lighting,5.33,13.48,0.0,0.0,0.0,13.48,5.39,LOW,NORMAL,No major anomaly detected by the current risk layers.
W10539,Sanya Swamy,Salem,Public Works Department,Drainage System,3.19,13.47,0.0,0.0,0.0,13.47,5.39,LOW,NORMAL,No major anomaly detected by the current risk layers.
W12989,Yamini Chand,Lucknow,District Rural Development Agency,Public Toilet Complex,3.79,13.47,0.0,0.0,0.0,13.47,5.39,LOW,NORMAL,No major anomaly detected by the current risk layers.
W12282,Nicholas Gour,Varanasi,Public Works Department,Street Lighting,4.21,13.48,0.0,0.0,0.0,13.48,5.39,LOW,NORMAL,No major anomaly detected by the current risk layers.
W12867,Lucky Prashad,Varanasi,Zilla Panchayat,Community Health Center,14.4,13.44,0.0,0.0,0.0,13.44,5.38,LOW,NORMAL,No major anomaly detected by the current risk layers.
W10528,Ronith Zachariah,Thane,State Housing Board,Public Toilet Complex,6.49,13.46,0.0,0.0,0.0,13.46,5.38,LOW,NORMAL,No major anomaly detected by the current risk layers.
W11637,Tanish Iyer,Coimbatore,District Rural Development Agency,Drainage System,6.94,13.46,0.0,0.0,0.0,13.46,5.38,LOW,NORMAL,No major anomaly detected by the current risk layers.
W12726,Ria Ratta,Agra,District Rural Development Agency,Public Toilet Complex,4.61,13.44,0.0,0.0,0.0,13.44,5.38,LOW,NORMAL,No major anomaly detected by the current risk layers.
W10328,Owen Bansal,Howrah,District Rural Development Agency,Drinking Water Supply,6.52,13.46,0.0,0.0,0.0,13.46,5.38,LOW,NORMAL,No major anomaly detected by the current risk layers.
W11223,Christopher Kadakia,Kanpur,Zilla Panchayat,Public Toilet Complex,4.1,13.44,0.0,0.0,0.0,13.44,5.38,LOW,NORMAL,No major anomaly detected by the current risk layers.
W11428,Tanish Iyer,Nashik,Municipal Corporation,School Building Repair,8.09,13.45,0.0,0.0,0.0,13.45,5.38,LOW,NORMAL,No major anomaly detected by the current risk layers.
W12010,Advaith Gole,Agra,Public Works Department,Drainage System,8.97,13.46,0.0,0.0,0.0,13.46,5.38,LOW,NORMAL,No major anomaly detected by the current risk layers.
W12463,Sanya Swamy,Nagpur,Municipal Corporation,Drainage System,4.17,13.41,0.0,0.0,0.0,13.41,5.37,LOW,NORMAL,No major anomaly detected by the current risk layers.
W12717,Krishna Pant,Varanasi,Municipal Corporation,Drainage System,8.93,13.41,0.0,0.0,0.0,13.41,5.37,LOW,NORMAL,No major anomaly detected by the current risk layers.
W11997,Christopher Kadakia,Chennai,Municipal Corporation,Road Construction,18.88,13.42,0.0,0.0,0.0,13.42,5.37,LOW,NORMAL,No major anomaly detected by the current risk layers.
W11112,Jagat Mangat,Dharwad,Public Works Department,Drinking Water Supply,8.03,13.42,0.0,0.0,0.0,13.42,5.37,LOW,NORMAL,No major anomaly detected by the current risk layers.
W12751,Onveer Kata,Salem,Zilla Panchayat,Road Construction,10.48,13.42,0.0,0.0,0.0,13.42,5.37,LOW,NORMAL,No major anomaly detected by the current risk layers.
W11678,Gaurav Chandra,Nagpur,Zilla Panchayat,Road Construction,36.52,13.42,0.0,0.0,0.0,13.42,5.37,LOW,NORMAL,No major anomaly detected by the current risk layers.
W11822,Sanya Swamy,Asansol,Municipal Corporation,Drainage System,5.91,13.43,0.0,0.0,0.0,13.43,5.37,LOW,NORMAL,No major anomaly detected by the current risk layers.
W10441,Krishna Pant,Howrah,Zilla Panchayat,Public Toilet Complex,5.88,13.43,0.0,0.0,0.0,13.43,5.37,LOW,NORMAL,No major anomaly detected by the current risk layers.
W10212,Ishwar Boase,Bengaluru Urban,Municipal Corporation,School Building Repair,3.23,13.42,0.0,0.0,0.0,13.42,5.37,LOW,NORMAL,No major anomaly detected by the current risk layers.
W11302,Meera Banerjee,Agra,Zilla Panchayat,Road Construction,15.39,13.44,0.0,0.0,0.0,13.44,5.37,LOW,NORMAL,No major anomaly detected by the current risk layers.
W11644,Yug Choudhry,Madurai,State Housing Board,School Building Repair,12.91,13.41,0.0,0.0,0.0,13.41,5.36,LOW,NORMAL,No major anomaly detected by the current risk layers.
W10860,Ria Ratta,Dharwad,State Housing Board,Road Construction,9.23,13.4,0.0,0.0,0.0,13.4,5.36,LOW,NORMAL,No major anomaly detected by the current risk layers.
W11674,Ekansh Sami,Asansol,State Housing Board,Street Lighting,3.33,13.41,0.0,0.0,0.0,13.41,5.36,LOW,NORMAL,No major anomaly detected by the current risk layers.
W11414,Deepa Gala,Belagavi,Zilla Panchayat,Drinking Water Supply,12.61,13.41,0.0,0.0,0.0,13.41,5.36,LOW,NORMAL,No major anomaly detected by the current risk layers.
W11873,Jagat Mangat,Coimbatore,Municipal Corporation,Drainage System,14.2,13.41,0.0,0.0,0.0,13.41,5.36,LOW,NORMAL,No major anomaly detected by the current risk layers.
W12292,Yamini Chand,Belagavi,Municipal Corporation,School Building Repair,4.47,13.41,0.0,0.0,0.0,13.41,5.36,LOW,NORMAL,No major anomaly detected by the current risk layers.
W12215,Gaurav Chandra,Nagpur,Zilla Panchayat,School Building Repair,13.86,13.39,0.0,0.0,0.0,13.39,5.36,LOW,NORMAL,No major anomaly detected by the current risk layers.
W11828,Yutika Rana,Kolkata,State Housing Board,Drinking Water Supply,4.34,13.39,0.0,0.0,0.0,13.39,5.36,LOW,NORMAL,No major anomaly detected by the current risk layers.
W12772,Hemang Bava,Mysuru,District Rural Development Agency,Street Lighting,2.91,13.4,0.0,0.0,0.0,13.4,5.36,LOW,NORMAL,No major anomaly detected by the current risk layers.
W12735,Leena Butala,Agra,District Rural Development Agency,Road Construction,8.61,13.4,0.0,0.0,0.0,13.4,5.36,LOW,NORMAL,No major anomaly detected by the current risk layers.
W10647,Sanya Swamy,Dharwad,State Housing Board,Drainage System,13.96,13.4,0.0,0.0,0.0,13.4,5.36,LOW,NORMAL,No major anomaly detected by the current risk layers.
W12285,Harrison Kapur,Belagavi,District Rural Development Agency,Road Construction,23.52,13.39,0.0,0.0,0.0,13.39,5.35,LOW,NORMAL,No major anomaly detected by the current risk layers.
W11724,Eesha Memon,Dharwad,State Housing Board,Drinking Water Supply,5.94,13.39,0.0,0.0,0.0,13.39,5.35,LOW,NORMAL,No major anomaly detected by the current risk layers.
W12053,Gabriel Thaman,Nagpur,District Rural Development Agency,Road Construction,6.15,13.38,0.0,0.0,0.0,13.38,5.35,LOW,NORMAL,No major anomaly detected by the current risk layers.
W12312,Triya Khatri,Belagavi,District Rural Development Agency,Drainage System,11.03,13.37,0.0,0.0,0.0,13.37,5.35,LOW,NORMAL,No major anomaly detected by the current risk layers.
W12475,Krishna Pant,Thane,Zilla Panchayat,Drainage System,17.26,13.38,0.0,0.0,0.0,13.38,5.35,LOW,NORMAL,No major anomaly detected by the current risk layers.
W12609,Ishwar Boase,Belagavi,District Rural Development Agency,Public Toilet Complex,4.44,13.38,0.0,0.0,0.0,13.38,5.35,LOW,NORMAL,No major anomaly detected by the current risk layers.
W11974,Owen Bansal,Nashik,Zilla Panchayat,Street Lighting,4.8,13.35,0.0,0.0,0.0,13.35,5.34,LOW,NORMAL,No major anomaly detected by the current risk layers.
W11248,Triya Khatri,Belagavi,Municipal Corporation,Street Lighting,4.94,13.35,0.0,0.0,0.0,13.35,5.34,LOW,NORMAL,No major anomaly detected by the current risk layers.
W10895,Ekansh Sami,Madurai,Public Works Department,School Building Repair,4.29,13.36,0.0,0.0,0.0,13.36,5.34,LOW,NORMAL,No major anomaly detected by the current risk layers.
W11591,Owen Bala,Darjeeling,State Housing Board,Drinking Water Supply,12.9,13.36,0.0,0.0,0.0,13.36,5.34,LOW,NORMAL,No major anomaly detected by the current risk layers.
W12925,Nicholas Gour,Coimbatore,Public Works Department,School Building Repair,4.94,13.35,0.0,0.0,0.0,13.35,5.34,LOW,NORMAL,No major anomaly detected by the current risk layers.
W10468,Ria Ratta,Asansol,District Rural Development Agency,Drainage System,11.85,13.34,0.0,0.0,0.0,13.34,5.34,LOW,NORMAL,No major anomaly detected by the current risk layers.
W11312,Nicholas Gour,Asansol,Municipal Corporation,Community Health Center,36.59,13.35,0.0,0.0,0.0,13.35,5.34,LOW,NORMAL,No major anomaly detected by the current risk layers.
W12060,Ekansh Sami,Varanasi,Public Works Department,Street Lighting,4.82,13.36,0.0,0.0,0.0,13.36,5.34,LOW,NORMAL,No major anomaly detected by the current risk layers.
W12006,Mugdha Varty,Varanasi,Municipal Corporation,Drainage System,12.53,13.36,0.0,0.0,0.0,13.36,5.34,LOW,NORMAL,No major anomaly detected by the current risk layers.
W11623,Oliver Sarma,Thane,Zilla Panchayat,Drinking Water Supply,15.15,13.36,0.0,0.0,0.0,13.36,5.34,LOW,NORMAL,No major anomaly detected by the current risk layers.
W11537,Varsha Morar,Salem,Public Works Department,Community Health Center,23.54,13.34,0.0,0.0,0.0,13.34,5.34,LOW,NORMAL,No major anomaly detected by the current risk layers.
W12959,Lucky Prashad,Coimbatore,Municipal Corporation,Community Health Center,24.47,13.34,0.0,0.0,0.0,13.34,5.34,LOW,NORMAL,No major anomaly detected by the current risk layers.
W11757,Ekansh Sami,Bengaluru Urban,Municipal Corporation,School Building Repair,13.79,13.34,0.0,0.0,0.0,13.34,5.34,LOW,NORMAL,No major anomaly detected by the current risk layers.
W11640,Yadavi Deshmukh,Mysuru,Municipal Corporation,Drainage System,12.62,13.31,0.0,0.0,0.0,13.31,5.33,LOW,NORMAL,No major anomaly detected by the current risk layers.
W10973,Vrinda Biswas,Mysuru,Public Works Department,Drinking Water Supply,13.69,13.33,0.0,0.0,0.0,13.33,5.33,LOW,NORMAL,No major anomaly detected by the current risk layers.
W11891,Eesha Memon,Madurai,State Housing Board,Drainage System,13.69,13.31,0.0,0.0,0.0,13.31,5.33,LOW,NORMAL,No major anomaly detected by the current risk layers.
W11239,Triya Khatri,Kanpur,Municipal Corporation,School Building Repair,13.89,13.32,0.0,0.0,0.0,13.32,5.33,LOW,NORMAL,No major anomaly detected by the current risk layers.
W11709,Meera Banerjee,Agra,Municipal Corporation,Public Toilet Complex,7.8,13.32,0.0,0.0,0.0,13.32,5.33,LOW,NORMAL,No major anomaly detected by the current risk layers.
W11937,Yug Choudhry,Bengaluru Urban,Zilla Panchayat,Road Construction,26.56,13.33,0.0,0.0,0.0,13.33,5.33,LOW,NORMAL,No major anomaly detected by the current risk layers.
W10051,Odika Naik,Kanpur,District Rural Development Agency,School Building Repair,10.87,13.33,0.0,0.0,0.0,13.33,5.33,LOW,NORMAL,No major anomaly detected by the current risk layers.
W11205,Widisha Yohannan,Nagpur,State Housing Board,Drinking Water Supply,14.49,13.32,0.0,0.0,0.0,13.32,5.33,LOW,NORMAL,No major anomaly detected by the current risk layers.
W12599,Jagat Mangat,Lucknow,District Rural Development Agency,Drinking Water Supply,18.85,13.32,0.0,0.0,0.0,13.32,5.33,LOW,NORMAL,No major anomaly detected by the current risk layers.
W12156,Krishna Pant,Thane,Municipal Corporation,Public Toilet Complex,2.34,13.31,0.0,0.0,0.0,13.31,5.33,LOW,NORMAL,No major anomaly detected by the current risk layers.
W12844,Tanish Iyer,Asansol,State Housing Board,School Building Repair,4.98,13.31,0.0,0.0,0.0,13.31,5.33,LOW,NORMAL,No major anomaly detected by the current risk layers.
W10065,Oliver Sarma,Bengaluru Urban,Zilla Panchayat,Drinking Water Supply,13.21,13.32,0.0,0.0,0.0,13.32,5.33,LOW,NORMAL,No major anomaly detected by the current risk layers.
W10717,Vanya Suresh,Nagpur,Municipal Corporation,Street Lighting,4.54,13.31,0.0,0.0,0.0,13.31,5.32,LOW,NORMAL,No major anomaly detected by the current risk layers.
W10764,Oliver Sarma,Varanasi,District Rural Development Agency,Drinking Water Supply,10.59,13.3,0.0,0.0,0.0,13.3,5.32,LOW,NORMAL,No major anomaly detected by the current risk layers.
W12221,Lucky Prashad,Varanasi,Public Works Department,Street Lighting,4.51,13.3,0.0,0.0,0.0,13.3,5.32,LOW,NORMAL,No major anomaly detected by the current risk layers.
W12220,Harrison Kapur,Belagavi,State Housing Board,Street Lighting,4.42,13.29,0.0,0.0,0.0,13.29,5.32,LOW,NORMAL,No major anomaly detected by the current risk layers.
W10820,Hemang Bava,Asansol,State Housing Board,Community Health Center,13.78,13.29,0.0,0.0,0.0,13.29,5.32,LOW,NORMAL,No major anomaly detected by the current risk layers.
W11818,Meera Banerjee,Lucknow,District Rural Development Agency,Drainage System,16.07,13.27,0.0,0.0,0.0,13.27,5.31,LOW,NORMAL,No major anomaly detected by the current risk layers.
W11217,Varsha Morar,Belagavi,Municipal Corporation,Road Construction,12.84,13.28,0.0,0.0,0.0,13.28,5.31,LOW,NORMAL,No major anomaly detected by the current risk layers.
W10270,Krishna Pant,Kolkata,Municipal Corporation,Street Lighting,3.99,13.28,0.0,0.0,0.0,13.28,5.31,LOW,NORMAL,No major anomaly detected by the current risk layers.
W12652,Ekansh Sami,Madurai,State Housing Board,Public Toilet Complex,4.7,13.28,0.0,0.0,0.0,13.28,5.31,LOW,NORMAL,No major anomaly detected by the current risk layers.
W12239,Christopher Kadakia,Bengaluru Urban,Zilla Panchayat,School Building Repair,13.5,13.28,0.0,0.0,0.0,13.28,5.31,LOW,NORMAL,No major anomaly detected by the current risk layers.
W11182,Rayaan Mand,Agra,Municipal Corporation,Street Lighting,5.84,13.27,0.0,0.0,0.0,13.27,5.31,LOW,NORMAL,No major anomaly detected by the current risk layers.
W12244,Hemang Bava,Thane,Public Works Department,Public Toilet Complex,6.74,13.27,0.0,0.0,0.0,13.27,5.31,LOW,NORMAL,No major anomaly detected by the current risk layers.
W11384,Gaurav Chandra,Coimbatore,Public Works Department,School Building Repair,12.55,13.28,0.0,0.0,0.0,13.28,5.31,LOW,NORMAL,No major anomaly detected by the current risk layers.
W10769,Hemang Bava,Nashik,State Housing Board,Drinking Water Supply,4.76,13.27,0.0,0.0,0.0,13.27,5.31,LOW,NORMAL,No major anomaly detected by the current risk layers.
W12245,Leena Butala,Darjeeling,State Housing Board,Public Toilet Complex,2.68,13.25,0.0,0.0,0.0,13.25,5.3,LOW,NORMAL,No major anomaly detected by the current risk layers.
W12886,Tanish Iyer,Asansol,Public Works Department,Street Lighting,5.27,13.25,0.0,0.0,0.0,13.25,5.3,LOW,NORMAL,No major anomaly detected by the current risk layers.
W11504,Sanya Swamy,Asansol,Zilla Panchayat,Street Lighting,2.94,13.26,0.0,0.0,0.0,13.26,5.3,LOW,NORMAL,No major anomaly detected by the current risk layers.
W12236,Advaith Gole,Belagavi,State Housing Board,School Building Repair,10.34,13.25,0.0,0.0,0.0,13.25,5.3,LOW,NORMAL,No major anomaly detected by the current risk layers.
W12964,Advaith Gole,Kolkata,State Housing Board,Drainage System,9.41,13.24,0.0,0.0,0.0,13.24,5.3,LOW,NORMAL,No major anomaly detected by the current risk layers.
W10518,Bachittar Choudhry,Madurai,District Rural Development Agency,Drinking Water Supply,4.32,13.24,0.0,0.0,0.0,13.24,5.3,LOW,NORMAL,No major anomaly detected by the current risk layers.
W12870,Varsha Morar,Asansol,Zilla Panchayat,Drainage System,15.47,13.23,0.0,0.0,0.0,13.23,5.29,LOW,NORMAL,No major anomaly detected by the current risk layers.
W11512,Vrinda Biswas,Chennai,District Rural Development Agency,Public Toilet Complex,6.16,13.23,0.0,0.0,0.0,13.23,5.29,LOW,NORMAL,No major anomaly detected by the current risk layers.
W10512,Yug Choudhry,Coimbatore,State Housing Board,Drinking Water Supply,11.54,13.22,0.0,0.0,0.0,13.22,5.29,LOW,NORMAL,No major anomaly detected by the current risk layers.
W12688,Gaurav Chandra,Howrah,State Housing Board,School Building Repair,6.3,13.2,0.0,0.0,0.0,13.2,5.28,LOW,NORMAL,No major anomaly detected by the current risk layers.
W12625,Yug Choudhry,Nagpur,State Housing Board,Public Toilet Complex,3.09,13.2,0.0,0.0,0.0,13.2,5.28,LOW,NORMAL,No major anomaly detected by the current risk layers.
W10000,Hemang Bava,Bengaluru Urban,Public Works Department,Public Toilet Complex,3.65,13.19,0.0,0.0,0.0,13.19,5.28,LOW,NORMAL,No major anomaly detected by the current risk layers.
W10783,Ronith Zachariah,Chennai,Zilla Panchayat,Drinking Water Supply,12.73,13.19,0.0,0.0,0.0,13.19,5.28,LOW,NORMAL,No major anomaly detected by the current risk layers.
W12226,Yug Choudhry,Kanpur,State Housing Board,Public Toilet Complex,4.45,13.18,0.0,0.0,0.0,13.18,5.27,LOW,NORMAL,No major anomaly detected by the current risk layers.
W10802,Mugdha Varty,Belagavi,Public Works Department,Public Toilet Complex,5.18,13.17,0.0,0.0,0.0,13.17,5.27,LOW,NORMAL,No major anomaly detected by the current risk layers.
W11055,Vrinda Biswas,Thane,State Housing Board,Street Lighting,4.56,13.18,0.0,0.0,0.0,13.18,5.27,LOW,NORMAL,No major anomaly detected by the current risk layers.
W11386,Bachittar Choudhry,Chennai,State Housing Board,Drainage System,5.1,13.18,0.0,0.0,0.0,13.18,5.27,LOW,NORMAL,No major anomaly detected by the current risk layers.
W10822,Owen Bala,Dharwad,State Housing Board,Public Toilet Complex,3.79,13.17,0.0,0.0,0.0,13.17,5.27,LOW,NORMAL,No major anomaly detected by the current risk layers.
W10440,Eesha Memon,Pune,Public Works Department,Public Toilet Complex,6.71,13.17,0.0,0.0,0.0,13.17,5.27,LOW,NORMAL,No major anomaly detected by the current risk layers.
W12784,Victor Venkataraman,Chennai,Municipal Corporation,Street Lighting,5.95,13.16,0.0,0.0,0.0,13.16,5.27,LOW,NORMAL,No major anomaly detected by the current risk layers.
W10148,Bachittar Choudhry,Nashik,Public Works Department,School Building Repair,5.08,13.15,0.0,0.0,0.0,13.15,5.26,LOW,NORMAL,No major anomaly detected by the current risk layers.
W12322,Owen Bala,Dharwad,Public Works Department,Drinking Water Supply,14.15,13.15,0.0,0.0,0.0,13.15,5.26,LOW,NORMAL,No major anomaly detected by the current risk layers.
W12706,Deepa Gala,Kolkata,District Rural Development Agency,Community Health Center,12.55,13.16,0.0,0.0,0.0,13.16,5.26,LOW,NORMAL,No major anomaly detected by the current risk layers.
W10429,Ekansh Sami,Bengaluru Urban,District Rural Development Agency,Drainage System,12.88,13.14,0.0,0.0,0.0,13.14,5.26,LOW,NORMAL,No major anomaly detected by the current risk layers.
W12997,Lucky Prashad,Varanasi,Municipal Corporation,Drainage System,11.65,13.16,0.0,0.0,0.0,13.16,5.26,LOW,NORMAL,No major anomaly detected by the current risk layers.
W10374,Owen Bansal,Agra,Zilla Panchayat,Street Lighting,5.41,13.16,0.0,0.0,0.0,13.16,5.26,LOW,NORMAL,No major anomaly detected by the current risk layers.
W11460,Widisha Yohannan,Bengaluru Urban,District Rural Development Agency,Street Lighting,2.56,13.16,0.0,0.0,0.0,13.16,5.26,LOW,NORMAL,No major anomaly detected by the current risk layers.
W10309,Ria Ratta,Dharwad,Public Works Department,School Building Repair,14.95,13.12,0.0,0.0,0.0,13.12,5.25,LOW,NORMAL,No major anomaly detected by the current risk layers.
W10059,Mugdha Varty,Salem,Municipal Corporation,Community Health Center,11.16,13.11,0.0,0.0,0.0,13.11,5.25,LOW,NORMAL,No major anomaly detected by the current risk layers.
W10249,Meera Banerjee,Dharwad,Public Works Department,School Building Repair,11.35,13.11,0.0,0.0,0.0,13.11,5.24,LOW,NORMAL,No major anomaly detected by the current risk layers.
W10111,Sanya Swamy,Darjeeling,State Housing Board,School Building Repair,10.64,13.1,0.0,0.0,0.0,13.1,5.24,LOW,NORMAL,No major anomaly detected by the current risk layers.
W10624,Vrinda Biswas,Coimbatore,Municipal Corporation,Drinking Water Supply,7.21,13.1,0.0,0.0,0.0,13.1,5.24,LOW,NORMAL,No major anomaly detected by the current risk layers.
W10396,Hemang Bava,Nagpur,Public Works Department,Drinking Water Supply,5.56,13.08,0.0,0.0,0.0,13.08,5.23,LOW,NORMAL,No major anomaly detected by the current risk layers.
W12485,Ekansh Sami,Salem,State Housing Board,Drinking Water Supply,4.92,13.07,0.0,0.0,0.0,13.07,5.23,LOW,NORMAL,No major anomaly detected by the current risk layers.
W11117,Mugdha Varty,Varanasi,Zilla Panchayat,Road Construction,32.72,13.07,0.0,0.0,0.0,13.07,5.23,LOW,NORMAL,No major anomaly detected by the current risk layers.
W12850,Bachittar Choudhry,Agra,District Rural Development Agency,Street Lighting,5.92,13.06,0.0,0.0,0.0,13.06,5.23,LOW,NORMAL,No major anomaly detected by the current risk layers.
W12334,Hemang Bava,Madurai,District Rural Development Agency,Drainage System,5.5,13.06,0.0,0.0,0.0,13.06,5.23,LOW,NORMAL,No major anomaly detected by the current risk layers.
W11500,Advaith Gole,Lucknow,Municipal Corporation,Public Toilet Complex,5.33,13.06,0.0,0.0,0.0,13.06,5.22,LOW,NORMAL,No major anomaly detected by the current risk layers.
W12208,Yadavi Deshmukh,Coimbatore,Zilla Panchayat,Street Lighting,5.36,13.06,0.0,0.0,0.0,13.06,5.22,LOW,NORMAL,No major anomaly detected by the current risk layers.
W12129,Vrinda Biswas,Belagavi,Public Works Department,Public Toilet Complex,5.27,13.05,0.0,0.0,0.0,13.05,5.22,LOW,NORMAL,No major anomaly detected by the current risk layers.
W10976,Varsha Morar,Belagavi,Public Works Department,Drainage System,5.14,13.05,0.0,0.0,0.0,13.05,5.22,LOW,NORMAL,No major anomaly detected by the current risk layers.
W11064,Yamini Chand,Bengaluru Urban,Zilla Panchayat,Public Toilet Complex,6.47,13.06,0.0,0.0,0.0,13.06,5.22,LOW,NORMAL,No major anomaly detected by the current risk layers.
W11479,Victor Venkataraman,Kanpur,Public Works Department,Drainage System,13.43,13.06,0.0,0.0,0.0,13.06,5.22,LOW,NORMAL,No major anomaly detected by the current risk layers.
W12063,Christopher Kadakia,Nashik,Municipal Corporation,Drainage System,6.42,13.05,0.0,0.0,0.0,13.05,5.22,LOW,NORMAL,No major anomaly detected by the current risk layers.
W10885,Hemang Bava,Coimbatore,District Rural Development Agency,Community Health Center,10.37,13.05,0.0,0.0,0.0,13.05,5.22,LOW,NORMAL,No major anomaly detected by the current risk layers.
W10126,Widisha Yohannan,Varanasi,Zilla Panchayat,Street Lighting,3.97,13.04,0.0,0.0,0.0,13.04,5.22,LOW,NORMAL,No major anomaly detected by the current risk layers.
W10847,Pallavi Krish,Pune,State Housing Board,Public Toilet Complex,7.88,13.04,0.0,0.0,0.0,13.04,5.22,LOW,NORMAL,No major anomaly detected by the current risk layers.
W11412,Oliver Sarma,Asansol,District Rural Development Agency,Drainage System,7.11,13.06,0.0,0.0,0.0,13.06,5.22,LOW,NORMAL,No major anomaly detected by the current risk layers.
W12815,Hemang Bava,Nagpur,State Housing Board,Street Lighting,4.97,13.06,0.0,0.0,0.0,13.06,5.22,LOW,NORMAL,No major anomaly detected by the current risk layers.
W12949,Harrison Kapur,Thane,District Rural Development Agency,School Building Repair,9.53,13.04,0.0,0.0,0.0,13.04,5.21,LOW,NORMAL,No major anomaly detected by the current risk layers.
W10242,Onveer Kata,Madurai,Public Works Department,School Building Repair,6.62,13.04,0.0,0.0,0.0,13.04,5.21,LOW,NORMAL,No major anomaly detected by the current risk layers.
W10529,Widisha Yohannan,Howrah,Municipal Corporation,Drainage System,4.34,13.03,0.0,0.0,0.0,13.03,5.21,LOW,NORMAL,No major anomaly detected by the current risk layers.
W12674,Vanya Suresh,Nagpur,District Rural Development Agency,Public Toilet Complex,7.8,13.02,0.0,0.0,0.0,13.02,5.21,LOW,NORMAL,No major anomaly detected by the current risk layers.
W12373,Widisha Yohannan,Chennai,Municipal Corporation,Public Toilet Complex,5.62,13.02,0.0,0.0,0.0,13.02,5.21,LOW,NORMAL,No major anomaly detected by the current risk layers.
W11874,Vanya Suresh,Agra,State Housing Board,School Building Repair,4.68,13.02,0.0,0.0,0.0,13.02,5.21,LOW,NORMAL,No major anomaly detected by the current risk layers.
W10206,Ria Ratta,Kolkata,Zilla Panchayat,School Building Repair,14.7,13.03,0.0,0.0,0.0,13.03,5.21,LOW,NORMAL,No major anomaly detected by the current risk layers.
W10878,Pallavi Krish,Coimbatore,Zilla Panchayat,Road Construction,7.11,13.03,0.0,0.0,0.0,13.03,5.21,LOW,NORMAL,No major anomaly detected by the current risk layers.
W11832,Tanish Iyer,Nashik,Municipal Corporation,Public Toilet Complex,5.98,13.03,0.0,0.0,0.0,13.03,5.21,LOW,NORMAL,No major anomaly detected by the current risk layers.
W12468,Yug Choudhry,Nagpur,Municipal Corporation,School Building Repair,13.5,13.0,0.0,0.0,0.0,13.0,5.2,LOW,NORMAL,No major anomaly detected by the current risk layers.
W12642,Yadavi Deshmukh,Darjeeling,District Rural Development Agency,Community Health Center,14.06,12.99,0.0,0.0,0.0,12.99,5.2,LOW,NORMAL,No major anomaly detected by the current risk layers.
W12119,Christopher Kadakia,Nashik,Public Works Department,Drainage System,6.59,13.0,0.0,0.0,0.0,13.0,5.2,LOW,NORMAL,No major anomaly detected by the current risk layers.
W10071,Gabriel Thaman,Thane,Municipal Corporation,School Building Repair,7.26,13.0,0.0,0.0,0.0,13.0,5.2,LOW,NORMAL,No major anomaly detected by the current risk layers.
W12335,Onveer Kata,Kolkata,Zilla Panchayat,Public Toilet Complex,5.91,13.0,0.0,0.0,0.0,13.0,5.2,LOW,NORMAL,No major anomaly detected by the current risk layers.
W11190,Pallavi Krish,Agra,Zilla Panchayat,Road Construction,9.85,12.99,0.0,0.0,0.0,12.99,5.19,LOW,NORMAL,No major anomaly detected by the current risk layers.
W11523,Ronith Zachariah,Dharwad,Public Works Department,Drainage System,11.5,12.99,0.0,0.0,0.0,12.99,5.19,LOW,NORMAL,No major anomaly detected by the current risk layers.
W10844,Mugdha Varty,Salem,Public Works Department,Drinking Water Supply,14.07,12.99,0.0,0.0,0.0,12.99,5.19,LOW,NORMAL,No major anomaly detected by the current risk layers.
W11590,Gabriel Thaman,Belagavi,Public Works Department,Street Lighting,5.49,12.99,0.0,0.0,0.0,12.99,5.19,LOW,NORMAL,No major anomaly detected by the current risk layers.
W11478,Tanish Iyer,Belagavi,District Rural Development Agency,School Building Repair,8.31,12.97,0.0,0.0,0.0,12.97,5.19,LOW,NORMAL,No major anomaly detected by the current risk layers.
W11829,Jagat Mangat,Mysuru,Public Works Department,Drainage System,14.71,12.97,0.0,0.0,0.0,12.97,5.19,LOW,NORMAL,No major anomaly detected by the current risk layers.
W10347,Eesha Memon,Nashik,Municipal Corporation,School Building Repair,13.9,12.97,0.0,0.0,0.0,12.97,5.19,LOW,NORMAL,No major anomaly detected by the current risk layers.
W10948,Ekansh Sami,Varanasi,District Rural Development Agency,School Building Repair,5.6,12.97,0.0,0.0,0.0,12.97,5.19,LOW,NORMAL,No major anomaly detected by the current risk layers.
W10165,Harrison Kapur,Chennai,District Rural Development Agency,Public Toilet Complex,7.08,12.96,0.0,0.0,0.0,12.96,5.19,LOW,NORMAL,No major anomaly detected by the current risk layers.
W12602,Ria Ratta,Pune,District Rural Development Agency,School Building Repair,7.38,12.97,0.0,0.0,0.0,12.97,5.19,LOW,NORMAL,No major anomaly detected by the current risk layers.
W11438,Tanish Iyer,Kanpur,Municipal Corporation,Drinking Water Supply,10.46,12.97,0.0,0.0,0.0,12.97,5.19,LOW,NORMAL,No major anomaly detected by the current risk layers.
W12574,Nicholas Gour,Coimbatore,Municipal Corporation,Drainage System,7.41,12.95,0.0,0.0,0.0,12.95,5.18,LOW,NORMAL,No major anomaly detected by the current risk layers.
W10709,Yutika Rana,Dharwad,State Housing Board,Public Toilet Complex,5.19,12.96,0.0,0.0,0.0,12.96,5.18,LOW,NORMAL,No major anomaly detected by the current risk layers.
W11044,Yutika Rana,Nagpur,District Rural Development Agency,School Building Repair,6.37,12.94,0.0,0.0,0.0,12.94,5.18,LOW,NORMAL,No major anomaly detected by the current risk layers.
W11126,Ishwar Boase,Belagavi,Municipal Corporation,Drainage System,6.36,12.96,0.0,0.0,0.0,12.96,5.18,LOW,NORMAL,No major anomaly detected by the current risk layers.
W12410,Christopher Kadakia,Thane,Zilla Panchayat,Street Lighting,4.72,12.96,0.0,0.0,0.0,12.96,5.18,LOW,NORMAL,No major anomaly detected by the current risk layers.
W12696,Christopher Kadakia,Lucknow,Zilla Panchayat,Public Toilet Complex,2.22,12.95,0.0,0.0,0.0,12.95,5.18,LOW,NORMAL,No major anomaly detected by the current risk layers.
W11034,Sanya Swamy,Varanasi,State Housing Board,Drinking Water Supply,7.41,12.95,0.0,0.0,0.0,12.95,5.18,LOW,NORMAL,No major anomaly detected by the current risk layers.
W12633,Eesha Memon,Darjeeling,Public Works Department,Road Construction,13.33,12.94,0.0,0.0,0.0,12.94,5.17,LOW,NORMAL,No major anomaly detected by the current risk layers.
W12477,Christopher Kadakia,Mysuru,State Housing Board,Public Toilet Complex,6.45,12.92,0.0,0.0,0.0,12.92,5.17,LOW,NORMAL,No major anomaly detected by the current risk layers.
W11547,Pallavi Krish,Madurai,Zilla Panchayat,Drainage System,10.69,12.92,0.0,0.0,0.0,12.92,5.17,LOW,NORMAL,No major anomaly detected by the current risk layers.
W10651,Varsha Morar,Asansol,Zilla Panchayat,Street Lighting,4.67,12.9,0.0,0.0,0.0,12.9,5.16,LOW,NORMAL,No major anomaly detected by the current risk layers.
W10657,Victor Venkataraman,Thane,Zilla Panchayat,Drainage System,17.9,12.9,0.0,0.0,0.0,12.9,5.16,LOW,NORMAL,No major anomaly detected by the current risk layers.
W11259,Pallavi Krish,Dharwad,District Rural Development Agency,Road Construction,29.15,12.91,0.0,0.0,0.0,12.91,5.16,LOW,NORMAL,No major anomaly detected by the current risk layers.
W12987,Jagat Mangat,Nagpur,Municipal Corporation,School Building Repair,11.25,12.89,0.0,0.0,0.0,12.89,5.16,LOW,NORMAL,No major anomaly detected by the current risk layers.
W10435,Ishwar Boase,Kanpur,Municipal Corporation,Drinking Water Supply,10.37,12.91,0.0,0.0,0.0,12.91,5.16,LOW,NORMAL,No major anomaly detected by the current risk layers.
W11661,Yamini Chand,Thane,Municipal Corporation,School Building Repair,5.62,12.91,0.0,0.0,0.0,12.91,5.16,LOW,NORMAL,No major anomaly detected by the current risk layers.
W10316,Azaan Gupta,Mysuru,Zilla Panchayat,Drainage System,4.85,12.91,0.0,0.0,0.0,12.91,5.16,LOW,NORMAL,No major anomaly detected by the current risk layers.
W12873,Varsha Morar,Darjeeling,Public Works Department,School Building Repair,7.38,12.9,0.0,0.0,0.0,12.9,5.16,LOW,NORMAL,No major anomaly detected by the current risk layers.
W11486,Owen Bala,Salem,District Rural Development Agency,Drainage System,13.59,12.89,0.0,0.0,0.0,12.89,5.15,LOW,NORMAL,No major anomaly detected by the current risk layers.
W10307,Advaith Gole,Thane,Municipal Corporation,Drinking Water Supply,9.17,12.89,0.0,0.0,0.0,12.89,5.15,LOW,NORMAL,No major anomaly detected by the current risk layers.
W11908,Vanya Suresh,Howrah,Municipal Corporation,School Building Repair,13.76,12.89,0.0,0.0,0.0,12.89,5.15,LOW,NORMAL,No major anomaly detected by the current risk layers.
W10458,Ria Ratta,Howrah,State Housing Board,School Building Repair,11.96,12.87,0.0,0.0,0.0,12.87,5.15,LOW,NORMAL,No major anomaly detected by the current risk layers.
W10321,Ishwar Boase,Bengaluru Urban,District Rural Development Agency,Drinking Water Supply,7.45,12.88,0.0,0.0,0.0,12.88,5.15,LOW,NORMAL,No major anomaly detected by the current risk layers.
W11061,Vrinda Biswas,Nashik,District Rural Development Agency,School Building Repair,6.25,12.88,0.0,0.0,0.0,12.88,5.15,LOW,NORMAL,No major anomaly detected by the current risk layers.
W10199,Leena Butala,Kolkata,District Rural Development Agency,Drinking Water Supply,7.87,12.88,0.0,0.0,0.0,12.88,5.15,LOW,NORMAL,No major anomaly detected by the current risk layers.
W10216,Pallavi Krish,Salem,Municipal Corporation,Drinking Water Supply,12.97,12.87,0.0,0.0,0.0,12.87,5.15,LOW,NORMAL,No major anomaly detected by the current risk layers.
W12044,Nicholas Gour,Kolkata,Municipal Corporation,Community Health Center,12.14,12.86,0.0,0.0,0.0,12.86,5.15,LOW,NORMAL,No major anomaly detected by the current risk layers.
W12098,Leena Butala,Asansol,Municipal Corporation,School Building Repair,12.64,12.85,0.0,0.0,0.0,12.85,5.14,LOW,NORMAL,No major anomaly detected by the current risk layers.
W10366,Varsha Morar,Bengaluru Urban,State Housing Board,Drinking Water Supply,13.5,12.84,0.0,0.0,0.0,12.84,5.14,LOW,NORMAL,No major anomaly detected by the current risk layers.
W11368,Harrison Kapur,Chennai,State Housing Board,School Building Repair,11.98,12.85,0.0,0.0,0.0,12.85,5.14,LOW,NORMAL,No major anomaly detected by the current risk layers.
W10480,Lucky Prashad,Thane,District Rural Development Agency,Street Lighting,5.85,12.85,0.0,0.0,0.0,12.85,5.14,LOW,NORMAL,No major anomaly detected by the current risk layers.
W12439,Christopher Kadakia,Lucknow,State Housing Board,Drainage System,6.95,12.85,0.0,0.0,0.0,12.85,5.14,LOW,NORMAL,No major anomaly detected by the current risk layers.
W12260,Vanya Suresh,Kanpur,State Housing Board,Drinking Water Supply,17.42,12.85,0.0,0.0,0.0,12.85,5.14,LOW,NORMAL,No major anomaly detected by the current risk layers.
W11124,Krishna Pant,Kolkata,Zilla Panchayat,Public Toilet Complex,3.74,12.85,0.0,0.0,0.0,12.85,5.14,LOW,NORMAL,No major anomaly detected by the current risk layers.
W11827,Yadavi Deshmukh,Coimbatore,State Housing Board,Street Lighting,4.92,12.85,0.0,0.0,0.0,12.85,5.14,LOW,NORMAL,No major anomaly detected by the current risk layers.
W10545,Tanish Iyer,Pune,Municipal Corporation,School Building Repair,8.85,12.86,0.0,0.0,0.0,12.86,5.14,LOW,NORMAL,No major anomaly detected by the current risk layers.
W12641,Yamini Chand,Howrah,Zilla Panchayat,School Building Repair,12.88,12.86,0.0,0.0,0.0,12.86,5.14,LOW,NORMAL,No major anomaly detected by the current risk layers.
W10281,Leena Butala,Coimbatore,State Housing Board,Public Toilet Complex,5.68,12.83,0.0,0.0,0.0,12.83,5.13,LOW,NORMAL,No major anomaly detected by the current risk layers.
W11376,Ria Ratta,Lucknow,Public Works Department,Drinking Water Supply,13.76,12.83,0.0,0.0,0.0,12.83,5.13,LOW,NORMAL,No major anomaly detected by the current risk layers.
W12147,Pallavi Krish,Thane,Zilla Panchayat,Road Construction,8.45,12.83,0.0,0.0,0.0,12.83,5.13,LOW,NORMAL,No major anomaly detected by the current risk layers.
W11207,Sanya Swamy,Darjeeling,State Housing Board,School Building Repair,11.37,12.84,0.0,0.0,0.0,12.84,5.13,LOW,NORMAL,No major anomaly detected by the current risk layers.
W11157,Oliver Sarma,Madurai,Zilla Panchayat,Public Toilet Complex,5.68,12.81,0.0,0.0,0.0,12.81,5.13,LOW,NORMAL,No major anomaly detected by the current risk layers.
W11253,Azaan Gupta,Varanasi,State Housing Board,Drinking Water Supply,7.12,12.82,0.0,0.0,0.0,12.82,5.13,LOW,NORMAL,No major anomaly detected by the current risk layers.
W12525,Vanya Suresh,Nagpur,Zilla Panchayat,Drainage System,4.77,12.82,0.0,0.0,0.0,12.82,5.13,LOW,NORMAL,No major anomaly detected by the current risk layers.
W11488,Eesha Memon,Madurai,State Housing Board,School Building Repair,9.84,12.82,0.0,0.0,0.0,12.82,5.13,LOW,NORMAL,No major anomaly detected by the current risk layers.
W12434,Odika Naik,Madurai,Public Works Department,Public Toilet Complex,4.75,12.82,0.0,0.0,0.0,12.82,5.13,LOW,NORMAL,No major anomaly detected by the current risk layers.
W12872,Rayaan Mand,Madurai,State Housing Board,Public Toilet Complex,5.23,12.82,0.0,0.0,0.0,12.82,5.13,LOW,NORMAL,No major anomaly detected by the current risk layers.
W11408,Pallavi Krish,Coimbatore,Municipal Corporation,Drinking Water Supply,11.55,12.8,0.0,0.0,0.0,12.8,5.12,LOW,NORMAL,No major anomaly detected by the current risk layers.
W10100,Sanya Swamy,Salem,Zilla Panchayat,Public Toilet Complex,7.48,12.79,0.0,0.0,0.0,12.79,5.12,LOW,NORMAL,No major anomaly detected by the current risk layers.
W12712,Odika Naik,Lucknow,Municipal Corporation,Road Construction,9.88,12.8,0.0,0.0,0.0,12.8,5.12,LOW,NORMAL,No major anomaly detected by the current risk layers.
W12534,Vanya Suresh,Darjeeling,District Rural Development Agency,Public Toilet Complex,6.72,12.8,0.0,0.0,0.0,12.8,5.12,LOW,NORMAL,No major anomaly detected by the current risk layers.
W10733,Ekansh Sami,Coimbatore,Zilla Panchayat,Road Construction,14.54,12.81,0.0,0.0,0.0,12.81,5.12,LOW,NORMAL,No major anomaly detected by the current risk layers.
W11744,Azaan Gupta,Madurai,Public Works Department,School Building Repair,7.85,12.81,0.0,0.0,0.0,12.81,5.12,LOW,NORMAL,No major anomaly detected by the current risk layers.
W10536,Hemang Bava,Mysuru,Public Works Department,Road Construction,14.87,12.8,0.0,0.0,0.0,12.8,5.12,LOW,NORMAL,No major anomaly detected by the current risk layers.
W12190,Deepa Gala,Madurai,Municipal Corporation,School Building Repair,6.11,12.79,0.0,0.0,0.0,12.79,5.11,LOW,NORMAL,No major anomaly detected by the current risk layers.
W12699,Owen Bansal,Dharwad,State Housing Board,School Building Repair,14.25,12.78,0.0,0.0,0.0,12.78,5.11,LOW,NORMAL,No major anomaly detected by the current risk layers.
W12945,Ria Ratta,Asansol,Public Works Department,Drainage System,13.13,12.78,0.0,0.0,0.0,12.78,5.11,LOW,NORMAL,No major anomaly detected by the current risk layers.
W11837,Oliver Sarma,Belagavi,Municipal Corporation,Drainage System,5.88,12.77,0.0,0.0,0.0,12.77,5.11,LOW,NORMAL,No major anomaly detected by the current risk layers.
W10567,Christopher Kadakia,Chennai,Public Works Department,Drinking Water Supply,12.64,12.77,0.0,0.0,0.0,12.77,5.11,LOW,NORMAL,No major anomaly detected by the current risk layers.
W12587,Owen Bansal,Mysuru,Municipal Corporation,Street Lighting,5.93,12.77,0.0,0.0,0.0,12.77,5.11,LOW,NORMAL,No major anomaly detected by the current risk layers.
W12273,Ronith Zachariah,Madurai,Municipal Corporation,Drinking Water Supply,19.2,12.77,0.0,0.0,0.0,12.77,5.11,LOW,NORMAL,No major anomaly detected by the current risk layers.
W11142,Victor Venkataraman,Kanpur,Municipal Corporation,Drinking Water Supply,6.77,12.78,0.0,0.0,0.0,12.78,5.11,LOW,NORMAL,No major anomaly detected by the current risk layers.
W10542,Oliver Sarma,Mysuru,Zilla Panchayat,Road Construction,13.26,12.74,0.0,0.0,0.0,12.74,5.1,LOW,NORMAL,No major anomaly detected by the current risk layers.
W10284,Victor Venkataraman,Salem,Public Works Department,Road Construction,9.06,12.74,0.0,0.0,0.0,12.74,5.1,LOW,NORMAL,No major anomaly detected by the current risk layers.
W10693,Ronith Zachariah,Mysuru,Public Works Department,Public Toilet Complex,4.48,12.75,0.0,0.0,0.0,12.75,5.1,LOW,NORMAL,No major anomaly detected by the current risk layers.
W12045,Bachittar Choudhry,Madurai,District Rural Development Agency,Drinking Water Supply,11.78,12.74,0.0,0.0,0.0,12.74,5.1,LOW,NORMAL,No major anomaly detected by the current risk layers.
W11999,Deepa Gala,Agra,Municipal Corporation,Public Toilet Complex,5.94,12.75,0.0,0.0,0.0,12.75,5.1,LOW,NORMAL,No major anomaly detected by the current risk layers.
W11305,Leena Butala,Kanpur,District Rural Development Agency,School Building Repair,8.65,12.76,0.0,0.0,0.0,12.76,5.1,LOW,NORMAL,No major anomaly detected by the current risk layers.
W12294,Oliver Sarma,Salem,Zilla Panchayat,Community Health Center,13.5,12.73,0.0,0.0,0.0,12.73,5.09,LOW,NORMAL,No major anomaly detected by the current risk layers.
W10786,Meera Banerjee,Dharwad,Public Works Department,Drinking Water Supply,8.81,12.72,0.0,0.0,0.0,12.72,5.09,LOW,NORMAL,No major anomaly detected by the current risk layers.
W10978,Bachittar Choudhry,Nashik,Public Works Department,School Building Repair,11.45,12.73,0.0,0.0,0.0,12.73,5.09,LOW,NORMAL,No major anomaly detected by the current risk layers.
W10752,Yamini Chand,Mysuru,Public Works Department,Road Construction,17.73,12.73,0.0,0.0,0.0,12.73,5.09,LOW,NORMAL,No major anomaly detected by the current risk layers.
W12770,Christopher Kadakia,Mysuru,Municipal Corporation,Drinking Water Supply,12.03,12.73,0.0,0.0,0.0,12.73,5.09,LOW,NORMAL,No major anomaly detected by the current risk layers.
W11482,Mugdha Varty,Salem,Public Works Department,Drinking Water Supply,9.83,12.72,0.0,0.0,0.0,12.72,5.09,LOW,NORMAL,No major anomaly detected by the current risk layers.
W12719,Advaith Gole,Darjeeling,Zilla Panchayat,Public Toilet Complex,7.43,12.72,0.0,0.0,0.0,12.72,5.09,LOW,NORMAL,No major anomaly detected by the current risk layers.
W10342,Jagat Mangat,Mysuru,District Rural Development Agency,Drinking Water Supply,10.34,12.72,0.0,0.0,0.0,12.72,5.09,LOW,NORMAL,No major anomaly detected by the current risk layers.
W12184,Ria Ratta,Dharwad,State Housing Board,Drinking Water Supply,8.82,12.71,0.0,0.0,0.0,12.71,5.08,LOW,NORMAL,No major anomaly detected by the current risk layers.
W10264,Owen Bansal,Asansol,Municipal Corporation,Public Toilet Complex,7.38,12.69,0.0,0.0,0.0,12.69,5.08,LOW,NORMAL,No major anomaly detected by the current risk layers.
W10339,Harrison Kapur,Mysuru,State Housing Board,School Building Repair,12.36,12.71,0.0,0.0,0.0,12.71,5.08,LOW,NORMAL,No major anomaly detected by the current risk layers.
W12639,Lucky Prashad,Thane,State Housing Board,Public Toilet Complex,5.45,12.66,0.0,0.0,0.0,12.66,5.07,LOW,NORMAL,No major anomaly detected by the current risk layers.
W10043,Lucky Prashad,Nashik,Zilla Panchayat,Road Construction,8.79,12.68,0.0,0.0,0.0,12.68,5.07,LOW,NORMAL,No major anomaly detected by the current risk layers.
W10192,Yamini Chand,Kolkata,Public Works Department,Drainage System,4.86,12.67,0.0,0.0,0.0,12.67,5.07,LOW,NORMAL,No major anomaly detected by the current risk layers.
W10661,Owen Bala,Belagavi,Municipal Corporation,Drainage System,9.48,12.67,0.0,0.0,0.0,12.67,5.07,LOW,NORMAL,No major anomaly detected by the current risk layers.
W10359,Odika Naik,Nashik,Public Works Department,School Building Repair,10.99,12.68,0.0,0.0,0.0,12.68,5.07,LOW,NORMAL,No major anomaly detected by the current risk layers.
W10983,Jagat Mangat,Salem,Municipal Corporation,Drinking Water Supply,9.93,12.66,0.0,0.0,0.0,12.66,5.06,LOW,NORMAL,No major anomaly detected by the current risk layers.
W10861,Widisha Yohannan,Madurai,District Rural Development Agency,Drinking Water Supply,8.7,12.66,0.0,0.0,0.0,12.66,5.06,LOW,NORMAL,No major anomaly detected by the current risk layers.
W11887,Ekansh Sami,Howrah,Municipal Corporation,Drainage System,10.17,12.63,0.0,0.0,0.0,12.63,5.05,LOW,NORMAL,No major anomaly detected by the current risk layers.
W11845,Christopher Kadakia,Howrah,District Rural Development Agency,Drinking Water Supply,4.31,12.63,0.0,0.0,0.0,12.63,5.05,LOW,NORMAL,No major anomaly detected by the current risk layers.
W12217,Gabriel Thaman,Varanasi,State Housing Board,Public Toilet Complex,6.87,12.63,0.0,0.0,0.0,12.63,5.05,LOW,NORMAL,No major anomaly detected by the current risk layers.
W10836,Christopher Kadakia,Lucknow,Zilla Panchayat,Drainage System,9.24,12.62,0.0,0.0,0.0,12.62,5.05,LOW,NORMAL,No major anomaly detected by the current risk layers.
W11052,Mugdha Varty,Darjeeling,Public Works Department,School Building Repair,10.8,12.62,0.0,0.0,0.0,12.62,5.05,LOW,NORMAL,No major anomaly detected by the current risk layers.
W12856,Victor Venkataraman,Darjeeling,Public Works Department,Street Lighting,5.59,12.61,0.0,0.0,0.0,12.61,5.05,LOW,NORMAL,No major anomaly detected by the current risk layers.
W10671,Jagat Mangat,Kanpur,District Rural Development Agency,Public Toilet Complex,5.84,12.61,0.0,0.0,0.0,12.61,5.05,LOW,NORMAL,No major anomaly detected by the current risk layers.
W12149,Rayaan Mand,Darjeeling,Public Works Department,Drainage System,9.04,12.6,0.0,0.0,0.0,12.6,5.04,LOW,NORMAL,No major anomaly detected by the current risk layers.
W12608,Advaith Gole,Kanpur,Municipal Corporation,Drainage System,5.52,12.59,0.0,0.0,0.0,12.59,5.04,LOW,NORMAL,No major anomaly detected by the current risk layers.
W12343,Lucky Prashad,Agra,District Rural Development Agency,Public Toilet Complex,5.92,12.59,0.0,0.0,0.0,12.59,5.04,LOW,NORMAL,No major anomaly detected by the current risk layers.
W11569,Tanish Iyer,Howrah,Municipal Corporation,Street Lighting,2.41,12.59,0.0,0.0,0.0,12.59,5.04,LOW,NORMAL,No major anomaly detected by the current risk layers.
W10427,Yadavi Deshmukh,Bengaluru Urban,State Housing Board,Drainage System,12.06,12.59,0.0,0.0,0.0,12.59,5.04,LOW,NORMAL,No major anomaly detected by the current risk layers.
W11805,Sanya Swamy,Mysuru,Zilla Panchayat,Community Health Center,18.67,12.6,0.0,0.0,0.0,12.6,5.04,LOW,NORMAL,No major anomaly detected by the current risk layers.
W11593,Yutika Rana,Agra,State Housing Board,School Building Repair,5.22,12.6,0.0,0.0,0.0,12.6,5.04,LOW,NORMAL,No major anomaly detected by the current risk layers.
W10432,Oliver Sarma,Lucknow,State Housing Board,Public Toilet Complex,7.02,12.6,0.0,0.0,0.0,12.6,5.04,LOW,NORMAL,No major anomaly detected by the current risk layers.
W12126,Krishna Pant,Coimbatore,Public Works Department,Drainage System,8.99,12.6,0.0,0.0,0.0,12.6,5.04,LOW,NORMAL,No major anomaly detected by the current risk layers.
W11327,Widisha Yohannan,Nashik,Public Works Department,Community Health Center,13.25,12.57,0.0,0.0,0.0,12.57,5.03,LOW,NORMAL,No major anomaly detected by the current risk layers.
W11856,Odika Naik,Kanpur,Public Works Department,Drainage System,9.39,12.57,0.0,0.0,0.0,12.57,5.03,LOW,NORMAL,No major anomaly detected by the current risk layers.
W11317,Owen Bala,Varanasi,State Housing Board,Street Lighting,1.97,12.58,0.0,0.0,0.0,12.58,5.03,LOW,NORMAL,No major anomaly detected by the current risk layers.
W11316,Yutika Rana,Salem,Public Works Department,School Building Repair,10.4,12.57,0.0,0.0,0.0,12.57,5.03,LOW,NORMAL,No major anomaly detected by the current risk layers.
W12939,Azaan Gupta,Thane,State Housing Board,School Building Repair,13.13,12.58,0.0,0.0,0.0,12.58,5.03,LOW,NORMAL,No major anomaly detected by the current risk layers.
W10081,Harrison Kapur,Dharwad,State Housing Board,Street Lighting,3.98,12.58,0.0,0.0,0.0,12.58,5.03,LOW,NORMAL,No major anomaly detected by the current risk layers.
W11975,Mugdha Varty,Howrah,State Housing Board,Drinking Water Supply,12.55,12.58,0.0,0.0,0.0,12.58,5.03,LOW,NORMAL,No major anomaly detected by the current risk layers.
W12647,Owen Bala,Darjeeling,District Rural Development Agency,Road Construction,18.58,12.56,0.0,0.0,0.0,12.56,5.03,LOW,NORMAL,No major anomaly detected by the current risk layers.
W12187,Gaurav Chandra,Mysuru,District Rural Development Agency,Public Toilet Complex,7.25,12.57,0.0,0.0,0.0,12.57,5.03,LOW,NORMAL,No major anomaly detected by the current risk layers.
W11125,Jagat Mangat,Mysuru,District Rural Development Agency,Drainage System,10.04,12.55,0.0,0.0,0.0,12.55,5.02,LOW,NORMAL,No major anomaly detected by the current risk layers.
W10149,Harrison Kapur,Asansol,State Housing Board,Public Toilet Complex,7.54,12.55,0.0,0.0,0.0,12.55,5.02,LOW,NORMAL,No major anomaly detected by the current risk layers.
W11918,Pallavi Krish,Lucknow,State Housing Board,Drainage System,11.59,12.56,0.0,0.0,0.0,12.56,5.02,LOW,NORMAL,No major anomaly detected by the current risk layers.
W12549,Yamini Chand,Nashik,Public Works Department,School Building Repair,7.51,12.55,0.0,0.0,0.0,12.55,5.02,LOW,NORMAL,No major anomaly detected by the current risk layers.
W10559,Vanya Suresh,Darjeeling,Zilla Panchayat,Drainage System,8.58,12.56,0.0,0.0,0.0,12.56,5.02,LOW,NORMAL,No major anomaly detected by the current risk layers.
W10319,Krishna Pant,Lucknow,District Rural Development Agency,Street Lighting,5.44,12.53,0.0,0.0,0.0,12.53,5.01,LOW,NORMAL,No major anomaly detected by the current risk layers.
W10188,Yutika Rana,Madurai,Public Works Department,Drainage System,5.36,12.51,0.0,0.0,0.0,12.51,5.01,LOW,NORMAL,No major anomaly detected by the current risk layers.
W11123,Owen Bansal,Bengaluru Urban,District Rural Development Agency,Street Lighting,5.66,12.52,0.0,0.0,0.0,12.52,5.01,LOW,NORMAL,No major anomaly detected by the current risk layers.
W12795,Rayaan Mand,Bengaluru Urban,District Rural Development Agency,School Building Repair,7.16,12.52,0.0,0.0,0.0,12.52,5.01,LOW,NORMAL,No major anomaly detected by the current risk layers.
W11252,Ekansh Sami,Asansol,State Housing Board,Street Lighting,4.67,12.49,0.0,0.0,0.0,12.49,5.0,LOW,NORMAL,No major anomaly detected by the current risk layers.
W10369,Victor Venkataraman,Chennai,State Housing Board,Community Health Center,13.51,12.51,0.0,0.0,0.0,12.51,5.0,LOW,NORMAL,No major anomaly detected by the current risk layers.
W12451,Hemang Bava,Bengaluru Urban,District Rural Development Agency,Community Health Center,31.85,12.51,0.0,0.0,0.0,12.51,5.0,LOW,NORMAL,No major anomaly detected by the current risk layers.
W12040,Gaurav Chandra,Chennai,State Housing Board,Street Lighting,5.27,12.49,0.0,0.0,0.0,12.49,5.0,LOW,NORMAL,No major anomaly detected by the current risk layers.
W12611,Deepa Gala,Lucknow,District Rural Development Agency,School Building Repair,5.36,12.51,0.0,0.0,0.0,12.51,5.0,LOW,NORMAL,No major anomaly detected by the current risk layers.
W11596,Jagat Mangat,Nagpur,Zilla Panchayat,Drainage System,8.01,12.47,0.0,0.0,0.0,12.47,4.99,LOW,NORMAL,No major anomaly detected by the current risk layers.
W10919,Krishna Pant,Nagpur,Public Works Department,School Building Repair,8.42,12.47,0.0,0.0,0.0,12.47,4.99,LOW,NORMAL,No major anomaly detected by the current risk layers.
W12552,Mugdha Varty,Agra,Municipal Corporation,School Building Repair,9.21,12.47,0.0,0.0,0.0,12.47,4.99,LOW,NORMAL,No major anomaly detected by the current risk layers.
W11635,Mugdha Varty,Agra,Zilla Panchayat,School Building Repair,4.19,12.47,0.0,0.0,0.0,12.47,4.99,LOW,NORMAL,No major anomaly detected by the current risk layers.
W12142,Azaan Gupta,Asansol,Public Works Department,Drainage System,6.69,12.44,0.0,0.0,0.0,12.44,4.98,LOW,NORMAL,No major anomaly detected by the current risk layers.
W11851,Triya Khatri,Kolkata,State Housing Board,Public Toilet Complex,7.77,12.44,0.0,0.0,0.0,12.44,4.98,LOW,NORMAL,No major anomaly detected by the current risk layers.
W11423,Yug Choudhry,Kanpur,Public Works Department,Public Toilet Complex,3.98,12.44,0.0,0.0,0.0,12.44,4.98,LOW,NORMAL,No major anomaly detected by the current risk layers.
W11702,Lucky Prashad,Belagavi,State Housing Board,School Building Repair,3.78,12.44,0.0,0.0,0.0,12.44,4.98,LOW,NORMAL,No major anomaly detected by the current risk layers.
W10903,Ronith Zachariah,Mysuru,State Housing Board,Drinking Water Supply,13.35,12.45,0.0,0.0,0.0,12.45,4.98,LOW,NORMAL,No major anomaly detected by the current risk layers.
W11676,Meera Banerjee,Chennai,Zilla Panchayat,Street Lighting,5.52,12.45,0.0,0.0,0.0,12.45,4.98,LOW,NORMAL,No major anomaly detected by the current risk layers.
W10438,Ekansh Sami,Asansol,Zilla Panchayat,Street Lighting,3.85,12.45,0.0,0.0,0.0,12.45,4.98,LOW,NORMAL,No major anomaly detected by the current risk layers.
W12188,Yadavi Deshmukh,Salem,State Housing Board,Drainage System,8.34,12.46,0.0,0.0,0.0,12.46,4.98,LOW,NORMAL,No major anomaly detected by the current risk layers.
W12424,Hemang Bava,Nagpur,State Housing Board,Public Toilet Complex,7.21,12.42,0.0,0.0,0.0,12.42,4.97,LOW,NORMAL,No major anomaly detected by the current risk layers.
W12268,Oliver Sarma,Bengaluru Urban,Municipal Corporation,School Building Repair,3.55,12.42,0.0,0.0,0.0,12.42,4.97,LOW,NORMAL,No major anomaly detected by the current risk layers.
W12936,Sanya Swamy,Kolkata,Municipal Corporation,Drinking Water Supply,4.38,12.42,0.0,0.0,0.0,12.42,4.97,LOW,NORMAL,No major anomaly detected by the current risk layers.
W11149,Advaith Gole,Asansol,Municipal Corporation,Public Toilet Complex,6.54,12.43,0.0,0.0,0.0,12.43,4.97,LOW,NORMAL,No major anomaly detected by the current risk layers.
W10652,Varsha Morar,Belagavi,Municipal Corporation,Public Toilet Complex,6.71,12.43,0.0,0.0,0.0,12.43,4.97,LOW,NORMAL,No major anomaly detected by the current risk layers.
W10254,Vanya Suresh,Agra,Municipal Corporation,School Building Repair,11.79,12.41,0.0,0.0,0.0,12.41,4.97,LOW,NORMAL,No major anomaly detected by the current risk layers.
W10268,Leena Butala,Varanasi,District Rural Development Agency,Drinking Water Supply,5.7,12.42,0.0,0.0,0.0,12.42,4.97,LOW,NORMAL,No major anomaly detected by the current risk layers.
W11004,Leena Butala,Kolkata,Public Works Department,Public Toilet Complex,6.71,12.42,0.0,0.0,0.0,12.42,4.97,LOW,NORMAL,No major anomaly detected by the current risk layers.
W11789,Krishna Pant,Coimbatore,District Rural Development Agency,Drinking Water Supply,9.91,12.42,0.0,0.0,0.0,12.42,4.97,LOW,NORMAL,No major anomaly detected by the current risk layers.
W10703,Krishna Pant,Thane,Municipal Corporation,School Building Repair,12.48,12.42,0.0,0.0,0.0,12.42,4.97,LOW,NORMAL,No major anomaly detected by the current risk layers.
W11192,Jagat Mangat,Nashik,State Housing Board,Drainage System,6.64,12.4,0.0,0.0,0.0,12.4,4.96,LOW,NORMAL,No major anomaly detected by the current risk layers.
W12803,Vanya Suresh,Darjeeling,Municipal Corporation,Drinking Water Supply,18.64,12.4,0.0,0.0,0.0,12.4,4.96,LOW,NORMAL,No major anomaly detected by the current risk layers.
W12646,Yadavi Deshmukh,Mysuru,State Housing Board,School Building Repair,5.46,12.41,0.0,0.0,0.0,12.41,4.96,LOW,NORMAL,No major anomaly detected by the current risk layers.
W10646,Lucky Prashad,Agra,Zilla Panchayat,Street Lighting,5.1,12.41,0.0,0.0,0.0,12.41,4.96,LOW,NORMAL,No major anomaly detected by the current risk layers.
W12931,Owen Bansal,Agra,Zilla Panchayat,Street Lighting,5.88,12.41,0.0,0.0,0.0,12.41,4.96,LOW,NORMAL,No major anomaly detected by the current risk layers.
W10535,Vanya Suresh,Varanasi,Public Works Department,Public Toilet Complex,5.74,12.41,0.0,0.0,0.0,12.41,4.96,LOW,NORMAL,No major anomaly detected by the current risk layers.
W10771,Ishwar Boase,Chennai,State Housing Board,Public Toilet Complex,6.94,12.4,0.0,0.0,0.0,12.4,4.96,LOW,NORMAL,No major anomaly detected by the current risk layers.
W10574,Eesha Memon,Nagpur,District Rural Development Agency,Public Toilet Complex,4.24,12.39,0.0,0.0,0.0,12.39,4.96,LOW,NORMAL,No major anomaly detected by the current risk layers.
W12265,Yadavi Deshmukh,Mysuru,State Housing Board,Road Construction,24.47,12.38,0.0,0.0,0.0,12.38,4.95,LOW,NORMAL,No major anomaly detected by the current risk layers.
W12986,Sanya Swamy,Belagavi,Zilla Panchayat,Drinking Water Supply,11.91,12.37,0.0,0.0,0.0,12.37,4.95,LOW,NORMAL,No major anomaly detected by the current risk layers.
W10899,Yug Choudhry,Dharwad,State Housing Board,School Building Repair,13.37,12.36,0.0,0.0,0.0,12.36,4.95,LOW,NORMAL,No major anomaly detected by the current risk layers.
W11263,Oliver Sarma,Darjeeling,Zilla Panchayat,Public Toilet Complex,5.9,12.37,0.0,0.0,0.0,12.37,4.95,LOW,NORMAL,No major anomaly detected by the current risk layers.
W11476,Yadavi Deshmukh,Mysuru,State Housing Board,Road Construction,8.17,12.34,0.0,0.0,0.0,12.34,4.94,LOW,NORMAL,No major anomaly detected by the current risk layers.
W11433,Yug Choudhry,Dharwad,District Rural Development Agency,Drainage System,9.3,12.35,0.0,0.0,0.0,12.35,4.94,LOW,NORMAL,No major anomaly detected by the current risk layers.
W11865,Owen Bansal,Darjeeling,Public Works Department,Street Lighting,5.85,12.32,0.0,0.0,0.0,12.32,4.93,LOW,NORMAL,No major anomaly detected by the current risk layers.
W12043,Owen Bansal,Asansol,Public Works Department,School Building Repair,8.23,12.33,0.0,0.0,0.0,12.33,4.93,LOW,NORMAL,No major anomaly detected by the current risk layers.
W10791,Hemang Bava,Kanpur,State Housing Board,Drinking Water Supply,6.78,12.33,0.0,0.0,0.0,12.33,4.93,LOW,NORMAL,No major anomaly detected by the current risk layers.
W10811,Christopher Kadakia,Chennai,Zilla Panchayat,Public Toilet Complex,5.73,12.31,0.0,0.0,0.0,12.31,4.93,LOW,NORMAL,No major anomaly detected by the current risk layers.
W10755,Advaith Gole,Kanpur,District Rural Development Agency,Public Toilet Complex,7.65,12.32,0.0,0.0,0.0,12.32,4.93,LOW,NORMAL,No major anomaly detected by the current risk layers.
W11062,Ishwar Boase,Belagavi,Municipal Corporation,Public Toilet Complex,5.63,12.31,0.0,0.0,0.0,12.31,4.92,LOW,NORMAL,No major anomaly detected by the current risk layers.
W11230,Ekansh Sami,Varanasi,Municipal Corporation,Drainage System,6.3,12.31,0.0,0.0,0.0,12.31,4.92,LOW,NORMAL,No major anomaly detected by the current risk layers.
W11474,Meera Banerjee,Salem,Zilla Panchayat,Drinking Water Supply,9.39,12.29,0.0,0.0,0.0,12.29,4.92,LOW,NORMAL,No major anomaly detected by the current risk layers.
W10829,Yug Choudhry,Nashik,Zilla Panchayat,Street Lighting,5.15,12.3,0.0,0.0,0.0,12.3,4.92,LOW,NORMAL,No major anomaly detected by the current risk layers.
W12027,Christopher Kadakia,Bengaluru Urban,Municipal Corporation,Drainage System,7.43,12.3,0.0,0.0,0.0,12.3,4.92,LOW,NORMAL,No major anomaly detected by the current risk layers.
W12002,Bachittar Choudhry,Agra,State Housing Board,Public Toilet Complex,4.97,12.3,0.0,0.0,0.0,12.3,4.92,LOW,NORMAL,No major anomaly detected by the current risk layers.
W12252,Ria Ratta,Salem,District Rural Development Agency,School Building Repair,11.81,12.3,0.0,0.0,0.0,12.3,4.92,LOW,NORMAL,No major anomaly detected by the current risk layers.
W10554,Onveer Kata,Lucknow,Zilla Panchayat,Drinking Water Supply,12.93,12.29,0.0,0.0,0.0,12.29,4.92,LOW,NORMAL,No major anomaly detected by the current risk layers.
W12337,Eesha Memon,Nagpur,Public Works Department,Drinking Water Supply,9.94,12.28,0.0,0.0,0.0,12.28,4.91,LOW,NORMAL,No major anomaly detected by the current risk layers.
W11809,Gabriel Thaman,Salem,Municipal Corporation,Public Toilet Complex,6.22,12.29,0.0,0.0,0.0,12.29,4.91,LOW,NORMAL,No major anomaly detected by the current risk layers.
W11022,Ekansh Sami,Nashik,Public Works Department,Road Construction,8.43,12.28,0.0,0.0,0.0,12.28,4.91,LOW,NORMAL,No major anomaly detected by the current risk layers.
W10994,Bachittar Choudhry,Coimbatore,State Housing Board,Public Toilet Complex,7.65,12.27,0.0,0.0,0.0,12.27,4.91,LOW,NORMAL,No major anomaly detected by the current risk layers.
W11313,Hemang Bava,Agra,Zilla Panchayat,Drainage System,8.78,12.25,0.0,0.0,0.0,12.25,4.9,LOW,NORMAL,No major anomaly detected by the current risk layers.
W11953,Owen Bala,Coimbatore,District Rural Development Agency,Public Toilet Complex,7.98,12.24,0.0,0.0,0.0,12.24,4.9,LOW,NORMAL,No major anomaly detected by the current risk layers.
W10825,Gabriel Thaman,Madurai,Zilla Panchayat,Public Toilet Complex,6.04,12.22,0.0,0.0,0.0,12.22,4.89,LOW,NORMAL,No major anomaly detected by the current risk layers.
W11607,Gaurav Chandra,Howrah,Municipal Corporation,Drinking Water Supply,15.76,12.21,0.0,0.0,0.0,12.21,4.89,LOW,NORMAL,No major anomaly detected by the current risk layers.
W10914,Lucky Prashad,Nagpur,State Housing Board,Drainage System,5.84,12.24,0.0,0.0,0.0,12.24,4.89,LOW,NORMAL,No major anomaly detected by the current risk layers.
W10674,Gaurav Chandra,Lucknow,District Rural Development Agency,Public Toilet Complex,7.98,12.21,0.0,0.0,0.0,12.21,4.88,LOW,NORMAL,No major anomaly detected by the current risk layers.
W12743,Ronith Zachariah,Coimbatore,State Housing Board,Public Toilet Complex,2.33,12.2,0.0,0.0,0.0,12.2,4.88,LOW,NORMAL,No major anomaly detected by the current risk layers.
W10269,Pallavi Krish,Pune,State Housing Board,School Building Repair,8.17,12.2,0.0,0.0,0.0,12.2,4.88,LOW,NORMAL,No major anomaly detected by the current risk layers.
W11558,Harrison Kapur,Pune,Municipal Corporation,Road Construction,7.2,12.19,0.0,0.0,0.0,12.19,4.88,LOW,NORMAL,No major anomaly detected by the current risk layers.
W11931,Ria Ratta,Lucknow,Zilla Panchayat,School Building Repair,6.31,12.21,0.0,0.0,0.0,12.21,4.88,LOW,NORMAL,No major anomaly detected by the current risk layers.
W12210,Yutika Rana,Darjeeling,State Housing Board,Public Toilet Complex,3.53,12.19,0.0,0.0,0.0,12.19,4.88,LOW,NORMAL,No major anomaly detected by the current risk layers.
W10932,Hemang Bava,Lucknow,Zilla Panchayat,Street Lighting,2.93,12.16,0.0,0.0,0.0,12.16,4.87,LOW,NORMAL,No major anomaly detected by the current risk layers.
W11449,Ekansh Sami,Madurai,State Housing Board,Drainage System,16.08,12.17,0.0,0.0,0.0,12.17,4.87,LOW,NORMAL,No major anomaly detected by the current risk layers.
W12349,Vrinda Biswas,Nagpur,Municipal Corporation,Road Construction,5.87,12.16,0.0,0.0,0.0,12.16,4.87,LOW,NORMAL,No major anomaly detected by the current risk layers.
W11915,Gaurav Chandra,Howrah,District Rural Development Agency,School Building Repair,3.45,12.18,0.0,0.0,0.0,12.18,4.87,LOW,NORMAL,No major anomaly detected by the current risk layers.
W11109,Onveer Kata,Chennai,State Housing Board,Drinking Water Supply,9.48,12.16,0.0,0.0,0.0,12.16,4.86,LOW,NORMAL,No major anomaly detected by the current risk layers.
W10683,Ria Ratta,Mysuru,Municipal Corporation,Drinking Water Supply,5.01,12.16,0.0,0.0,0.0,12.16,4.86,LOW,NORMAL,No major anomaly detected by the current risk layers.
W10759,Yug Choudhry,Agra,State Housing Board,Road Construction,6.15,12.16,0.0,0.0,0.0,12.16,4.86,LOW,NORMAL,No major anomaly detected by the current risk layers.
W10091,Gabriel Thaman,Lucknow,Municipal Corporation,Community Health Center,13.52,12.15,0.0,0.0,0.0,12.15,4.86,LOW,NORMAL,No major anomaly detected by the current risk layers.
W12235,Deepa Gala,Thane,District Rural Development Agency,Drainage System,5.17,12.13,0.0,0.0,0.0,12.13,4.85,LOW,NORMAL,No major anomaly detected by the current risk layers.
W10464,Azaan Gupta,Coimbatore,Municipal Corporation,Street Lighting,3.83,12.12,0.0,0.0,0.0,12.12,4.85,LOW,NORMAL,No major anomaly detected by the current risk layers.
W10558,Meera Banerjee,Thane,Public Works Department,Street Lighting,2.69,12.12,0.0,0.0,0.0,12.12,4.85,LOW,NORMAL,No major anomaly detected by the current risk layers.
W11165,Ekansh Sami,Bengaluru Urban,Zilla Panchayat,School Building Repair,3.2,12.1,0.0,0.0,0.0,12.1,4.84,LOW,NORMAL,No major anomaly detected by the current risk layers.
W11963,Pallavi Krish,Dharwad,Public Works Department,Drinking Water Supply,8.87,12.11,0.0,0.0,0.0,12.11,4.84,LOW,NORMAL,No major anomaly detected by the current risk layers.
W11366,Victor Venkataraman,Lucknow,Municipal Corporation,Drinking Water Supply,9.45,12.07,0.0,0.0,0.0,12.07,4.83,LOW,NORMAL,No major anomaly detected by the current risk layers.
W11362,Jagat Mangat,Kanpur,Municipal Corporation,Drainage System,17.03,12.08,0.0,0.0,0.0,12.08,4.83,LOW,NORMAL,No major anomaly detected by the current risk layers.
W11909,Advaith Gole,Nashik,Municipal Corporation,Street Lighting,5.7,12.09,0.0,0.0,0.0,12.09,4.83,LOW,NORMAL,No major anomaly detected by the current risk layers.
W11764,Oliver Sarma,Nashik,District Rural Development Agency,Road Construction,6.28,12.04,0.0,0.0,0.0,12.04,4.82,LOW,NORMAL,No major anomaly detected by the current risk layers.
W10087,Meera Banerjee,Varanasi,Zilla Panchayat,Street Lighting,3.7,12.05,0.0,0.0,0.0,12.05,4.82,LOW,NORMAL,No major anomaly detected by the current risk layers.
W10711,Ishwar Boase,Mysuru,Public Works Department,Community Health Center,16.02,12.05,0.0,0.0,0.0,12.05,4.82,LOW,NORMAL,No major anomaly detected by the current risk layers.
W10982,Ronith Zachariah,Bengaluru Urban,District Rural Development Agency,School Building Repair,9.27,12.06,0.0,0.0,0.0,12.06,4.82,LOW,NORMAL,No major anomaly detected by the current risk layers.
W10594,Widisha Yohannan,Lucknow,District Rural Development Agency,Street Lighting,2.94,12.05,0.0,0.0,0.0,12.05,4.82,LOW,NORMAL,No major anomaly detected by the current risk layers.
W10557,Varsha Morar,Lucknow,Municipal Corporation,Drainage System,12.58,12.05,0.0,0.0,0.0,12.05,4.82,LOW,NORMAL,No major anomaly detected by the current risk layers.
W12697,Ishwar Boase,Nagpur,Municipal Corporation,Public Toilet Complex,7.84,12.01,0.0,0.0,0.0,12.01,4.81,LOW,NORMAL,No major anomaly detected by the current risk layers.
W12123,Owen Bansal,Coimbatore,Zilla Panchayat,Community Health Center,24.83,12.04,0.0,0.0,0.0,12.04,4.81,LOW,NORMAL,No major anomaly detected by the current risk layers.
W11572,Rayaan Mand,Nagpur,District Rural Development Agency,Community Health Center,32.53,12.01,0.0,0.0,0.0,12.01,4.8,LOW,NORMAL,No major anomaly detected by the current risk layers.
W12016,Vanya Suresh,Madurai,Municipal Corporation,Drinking Water Supply,18.67,11.99,0.0,0.0,0.0,11.99,4.8,LOW,NORMAL,No major anomaly detected by the current risk layers.
W10364,Sanya Swamy,Lucknow,State Housing Board,Drainage System,10.19,11.99,0.0,0.0,0.0,11.99,4.8,LOW,NORMAL,No major anomaly detected by the current risk layers.
W11133,Onveer Kata,Nashik,Public Works Department,School Building Repair,9.43,12.0,0.0,0.0,0.0,12.0,4.8,LOW,NORMAL,No major anomaly detected by the current risk layers.
W11934,Yug Choudhry,Chennai,District Rural Development Agency,School Building Repair,10.19,12.0,0.0,0.0,0.0,12.0,4.8,LOW,NORMAL,No major anomaly detected by the current risk layers.
W10292,Ria Ratta,Kolkata,District Rural Development Agency,Public Toilet Complex,2.8,11.99,0.0,0.0,0.0,11.99,4.8,LOW,NORMAL,No major anomaly detected by the current risk layers.
W10722,Jagat Mangat,Nashik,State Housing Board,School Building Repair,3.27,11.94,0.0,0.0,0.0,11.94,4.78,LOW,NORMAL,No major anomaly detected by the current risk layers.
W11365,Krishna Pant,Pune,State Housing Board,Street Lighting,2.44,11.94,0.0,0.0,0.0,11.94,4.78,LOW,NORMAL,No major anomaly detected by the current risk layers.
W10102,Yadavi Deshmukh,Kanpur,Municipal Corporation,Road Construction,21.43,11.94,0.0,0.0,0.0,11.94,4.78,LOW,NORMAL,No major anomaly detected by the current risk layers.
W12685,Owen Bansal,Kolkata,State Housing Board,School Building Repair,14.14,11.93,0.0,0.0,0.0,11.93,4.77,LOW,NORMAL,No major anomaly detected by the current risk layers.
W12435,Nicholas Gour,Madurai,State Housing Board,Drainage System,14.28,11.9,0.0,0.0,0.0,11.9,4.76,LOW,NORMAL,No major anomaly detected by the current risk layers.
W12038,Mugdha Varty,Asansol,State Housing Board,Community Health Center,10.93,11.89,0.0,0.0,0.0,11.89,4.76,LOW,NORMAL,No major anomaly detected by the current risk layers.
W12118,Yamini Chand,Dharwad,Municipal Corporation,School Building Repair,10.67,11.9,0.0,0.0,0.0,11.9,4.76,LOW,NORMAL,No major anomaly detected by the current risk layers.
W12761,Tanish Iyer,Agra,Zilla Panchayat,Public Toilet Complex,3.75,11.89,0.0,0.0,0.0,11.89,4.76,LOW,NORMAL,No major anomaly detected by the current risk layers.
W10979,Eesha Memon,Nagpur,Public Works Department,School Building Repair,3.71,11.88,0.0,0.0,0.0,11.88,4.75,LOW,NORMAL,No major anomaly detected by the current risk layers.
W11988,Ronith Zachariah,Dharwad,Zilla Panchayat,Drinking Water Supply,7.94,11.87,0.0,0.0,0.0,11.87,4.75,LOW,NORMAL,No major anomaly detected by the current risk layers.
W11762,Gaurav Chandra,Bengaluru Urban,Public Works Department,Road Construction,24.78,11.88,0.0,0.0,0.0,11.88,4.75,LOW,NORMAL,No major anomaly detected by the current risk layers.
W11024,Oliver Sarma,Mysuru,Zilla Panchayat,Drinking Water Supply,19.14,11.87,0.0,0.0,0.0,11.87,4.75,LOW,NORMAL,No major anomaly detected by the current risk layers.
W10505,Advaith Gole,Howrah,Public Works Department,Community Health Center,22.55,11.85,0.0,0.0,0.0,11.85,4.74,LOW,NORMAL,No major anomaly detected by the current risk layers.
W10854,Azaan Gupta,Howrah,State Housing Board,Drinking Water Supply,8.79,11.86,0.0,0.0,0.0,11.86,4.74,LOW,NORMAL,No major anomaly detected by the current risk layers.
W12863,Azaan Gupta,Kolkata,District Rural Development Agency,Drinking Water Supply,8.08,11.86,0.0,0.0,0.0,11.86,4.74,LOW,NORMAL,No major anomaly detected by the current risk layers.
W10358,Meera Banerjee,Lucknow,Public Works Department,Drinking Water Supply,8.83,11.85,0.0,0.0,0.0,11.85,4.74,LOW,NORMAL,No major anomaly detected by the current risk layers.
W10525,Yamini Chand,Kolkata,Public Works Department,Road Construction,14.19,11.85,0.0,0.0,0.0,11.85,4.74,LOW,NORMAL,No major anomaly detected by the current risk layers.
W11679,Ria Ratta,Coimbatore,District Rural Development Agency,Community Health Center,15.22,11.8,0.0,0.0,0.0,11.8,4.72,LOW,NORMAL,No major anomaly detected by the current risk layers.
W12951,Owen Bansal,Kanpur,District Rural Development Agency,Drainage System,9.38,11.77,0.0,0.0,0.0,11.77,4.71,LOW,NORMAL,No major anomaly detected by the current risk layers.
W10326,Ekansh Sami,Nashik,District Rural Development Agency,Public Toilet Complex,7.32,11.76,0.0,0.0,0.0,11.76,4.7,LOW,NORMAL,No major anomaly detected by the current risk layers.
W11088,Varsha Morar,Chennai,District Rural Development Agency,School Building Repair,3.72,11.75,0.0,0.0,0.0,11.75,4.7,LOW,NORMAL,No major anomaly detected by the current risk layers.
W12448,Oliver Sarma,Salem,District Rural Development Agency,Street Lighting,3.77,11.75,0.0,0.0,0.0,11.75,4.7,LOW,NORMAL,No major anomaly detected by the current risk layers.
W10407,Owen Bansal,Thane,Public Works Department,Road Construction,12.99,11.74,0.0,0.0,0.0,11.74,4.7,LOW,NORMAL,No major anomaly detected by the current risk layers.
W12324,Owen Bala,Belagavi,Public Works Department,School Building Repair,8.84,11.72,0.0,0.0,0.0,11.72,4.69,LOW,NORMAL,No major anomaly detected by the current risk layers.
W10568,Jagat Mangat,Agra,State Housing Board,Drainage System,11.93,11.71,0.0,0.0,0.0,11.71,4.68,LOW,NORMAL,No major anomaly detected by the current risk layers.
W11257,Odika Naik,Chennai,State Housing Board,Road Construction,19.3,11.69,0.0,0.0,0.0,11.69,4.68,LOW,NORMAL,No major anomaly detected by the current risk layers.
W12883,Ronith Zachariah,Coimbatore,Municipal Corporation,School Building Repair,6.54,11.7,0.0,0.0,0.0,11.7,4.68,LOW,NORMAL,No major anomaly detected by the current risk layers.
W11222,Sanya Swamy,Kolkata,Public Works Department,Street Lighting,3.39,11.7,0.0,0.0,0.0,11.7,4.68,LOW,NORMAL,No major anomaly detected by the current risk layers.
W11236,Oliver Sarma,Chennai,District Rural Development Agency,Street Lighting,4.81,11.71,0.0,0.0,0.0,11.71,4.68,LOW,NORMAL,No major anomaly detected by the current risk layers.
W12742,Yutika Rana,Agra,Municipal Corporation,Drainage System,3.07,11.66,0.0,0.0,0.0,11.66,4.66,LOW,NORMAL,No major anomaly detected by the current risk layers.
W11108,Jagat Mangat,Agra,District Rural Development Agency,Road Construction,8.0,11.66,0.0,0.0,0.0,11.66,4.66,LOW,NORMAL,No major anomaly detected by the current risk layers.
W10648,Ekansh Sami,Asansol,State Housing Board,Public Toilet Complex,4.21,11.62,0.0,0.0,0.0,11.62,4.65,LOW,NORMAL,No major anomaly detected by the current risk layers.
W12206,Advaith Gole,Agra,State Housing Board,Drainage System,6.88,11.62,0.0,0.0,0.0,11.62,4.65,LOW,NORMAL,No major anomaly detected by the current risk layers.
W10834,Eesha Memon,Nashik,Zilla Panchayat,Public Toilet Complex,6.27,11.63,0.0,0.0,0.0,11.63,4.65,LOW,NORMAL,No major anomaly detected by the current risk layers.
W10550,Rayaan Mand,Howrah,State Housing Board,Drinking Water Supply,15.54,11.64,0.0,0.0,0.0,11.64,4.65,LOW,NORMAL,No major anomaly detected by the current risk layers.
W11551,Vrinda Biswas,Mysuru,Zilla Panchayat,Street Lighting,4.13,11.58,0.0,0.0,0.0,11.58,4.63,LOW,NORMAL,No major anomaly detected by the current risk layers.
W10492,Nicholas Gour,Thane,Public Works Department,Drainage System,13.49,11.57,0.0,0.0,0.0,11.57,4.63,LOW,NORMAL,No major anomaly detected by the current risk layers.
W10265,Tanish Iyer,Chennai,District Rural Development Agency,Road Construction,20.3,11.57,0.0,0.0,0.0,11.57,4.63,LOW,NORMAL,No major anomaly detected by the current risk layers.
W10565,Yadavi Deshmukh,Kolkata,District Rural Development Agency,Street Lighting,4.21,11.54,0.0,0.0,0.0,11.54,4.62,LOW,NORMAL,No major anomaly detected by the current risk layers.
W10768,Vanya Suresh,Darjeeling,Municipal Corporation,School Building Repair,10.38,11.55,0.0,0.0,0.0,11.55,4.62,LOW,NORMAL,No major anomaly detected by the current risk layers.
W11147,Meera Banerjee,Chennai,District Rural Development Agency,Road Construction,16.15,11.55,0.0,0.0,0.0,11.55,4.62,LOW,NORMAL,No major anomaly detected by the current risk layers.
W11663,Hemang Bava,Varanasi,Zilla Panchayat,Drinking Water Supply,10.1,11.56,0.0,0.0,0.0,11.56,4.62,LOW,NORMAL,No major anomaly detected by the current risk layers.
W11794,Triya Khatri,Dharwad,District Rural Development Agency,Drinking Water Supply,7.88,11.55,0.0,0.0,0.0,11.55,4.62,LOW,NORMAL,No major anomaly detected by the current risk layers.
W12881,Krishna Pant,Bengaluru Urban,Public Works Department,Drainage System,10.52,11.54,0.0,0.0,0.0,11.54,4.61,LOW,NORMAL,No major anomaly detected by the current risk layers.
W11788,Rayaan Mand,Darjeeling,Zilla Panchayat,Street Lighting,1.75,11.51,0.0,0.0,0.0,11.51,4.6,LOW,NORMAL,No major anomaly detected by the current risk layers.
W12440,Lucky Prashad,Madurai,District Rural Development Agency,Drainage System,6.53,11.47,0.0,0.0,0.0,11.47,4.59,LOW,NORMAL,No major anomaly detected by the current risk layers.
W11379,Yadavi Deshmukh,Asansol,Zilla Panchayat,School Building Repair,12.56,11.45,0.0,0.0,0.0,11.45,4.58,LOW,NORMAL,No major anomaly detected by the current risk layers.
W11768,Yutika Rana,Salem,District Rural Development Agency,Street Lighting,4.48,11.39,0.0,0.0,0.0,11.39,4.56,LOW,NORMAL,No major anomaly detected by the current risk layers.
W11613,Yutika Rana,Agra,Zilla Panchayat,School Building Repair,9.92,11.39,0.0,0.0,0.0,11.39,4.56,LOW,NORMAL,No major anomaly detected by the current risk layers.
W11651,Deepa Gala,Varanasi,District Rural Development Agency,Road Construction,9.89,11.4,0.0,0.0,0.0,11.4,4.56,LOW,NORMAL,No major anomaly detected by the current risk layers.
W10349,Pallavi Krish,Kanpur,State Housing Board,Community Health Center,17.98,11.41,0.0,0.0,0.0,11.41,4.56,LOW,NORMAL,No major anomaly detected by the current risk layers.
W11538,Azaan Gupta,Nagpur,State Housing Board,Community Health Center,14.74,11.39,0.0,0.0,0.0,11.39,4.55,LOW,NORMAL,No major anomaly detected by the current risk layers.
W11989,Ishwar Boase,Dharwad,Public Works Department,Public Toilet Complex,6.37,11.38,0.0,0.0,0.0,11.38,4.55,LOW,NORMAL,No major anomaly detected by the current risk layers.
W10448,Gabriel Thaman,Nagpur,Municipal Corporation,Public Toilet Complex,3.99,11.36,0.0,0.0,0.0,11.36,4.55,LOW,NORMAL,No major anomaly detected by the current risk layers.
W12332,Gabriel Thaman,Salem,Municipal Corporation,Community Health Center,10.56,11.38,0.0,0.0,0.0,11.38,4.55,LOW,NORMAL,No major anomaly detected by the current risk layers.
W11231,Advaith Gole,Madurai,District Rural Development Agency,Public Toilet Complex,5.25,11.36,0.0,0.0,0.0,11.36,4.54,LOW,NORMAL,No major anomaly detected by the current risk layers.
W11001,Mugdha Varty,Lucknow,Municipal Corporation,Street Lighting,4.63,11.34,0.0,0.0,0.0,11.34,4.54,LOW,NORMAL,No major anomaly detected by the current risk layers.
W10483,Lucky Prashad,Kanpur,State Housing Board,Road Construction,5.58,11.35,0.0,0.0,0.0,11.35,4.54,LOW,NORMAL,No major anomaly detected by the current risk layers.
W10494,Jagat Mangat,Lucknow,Municipal Corporation,Road Construction,14.21,11.31,0.0,0.0,0.0,11.31,4.52,LOW,NORMAL,No major anomaly detected by the current risk layers.
W12089,Yamini Chand,Pune,State Housing Board,School Building Repair,10.12,11.31,0.0,0.0,0.0,11.31,4.52,LOW,NORMAL,No major anomaly detected by the current risk layers.
W10221,Bachittar Choudhry,Kanpur,Municipal Corporation,Drainage System,17.46,11.28,0.0,0.0,0.0,11.28,4.51,LOW,NORMAL,No major anomaly detected by the current risk layers.
W12035,Gaurav Chandra,Thane,State Housing Board,Street Lighting,4.63,11.27,0.0,0.0,0.0,11.27,4.51,LOW,NORMAL,No major anomaly detected by the current risk layers.
W11866,Harrison Kapur,Kolkata,Municipal Corporation,Public Toilet Complex,2.5,11.26,0.0,0.0,0.0,11.26,4.51,LOW,NORMAL,No major anomaly detected by the current risk layers.
W10218,Oliver Sarma,Nagpur,State Housing Board,Drainage System,11.08,11.25,0.0,0.0,0.0,11.25,4.5,LOW,NORMAL,No major anomaly detected by the current risk layers.
W12788,Harrison Kapur,Dharwad,Zilla Panchayat,Street Lighting,4.24,11.22,0.0,0.0,0.0,11.22,4.49,LOW,NORMAL,No major anomaly detected by the current risk layers.
W10812,Jagat Mangat,Madurai,District Rural Development Agency,Drainage System,3.83,11.23,0.0,0.0,0.0,11.23,4.49,LOW,NORMAL,No major anomaly detected by the current risk layers.
W11913,Mugdha Varty,Asansol,Zilla Panchayat,Drainage System,10.91,11.22,0.0,0.0,0.0,11.22,4.49,LOW,NORMAL,No major anomaly detected by the current risk layers.
W12775,Lucky Prashad,Mysuru,Municipal Corporation,Drainage System,11.0,11.2,0.0,0.0,0.0,11.2,4.48,LOW,NORMAL,No major anomaly detected by the current risk layers.
W10564,Advaith Gole,Dharwad,District Rural Development Agency,Street Lighting,5.59,11.21,0.0,0.0,0.0,11.21,4.48,LOW,NORMAL,No major anomaly detected by the current risk layers.
W11284,Krishna Pant,Nagpur,State Housing Board,Drainage System,12.38,11.18,0.0,0.0,0.0,11.18,4.47,LOW,NORMAL,No major anomaly detected by the current risk layers.
W12705,Onveer Kata,Belagavi,Municipal Corporation,Public Toilet Complex,5.79,11.18,0.0,0.0,0.0,11.18,4.47,LOW,NORMAL,No major anomaly detected by the current risk layers.
W12113,Yug Choudhry,Belagavi,Municipal Corporation,Street Lighting,2.43,11.12,0.0,0.0,0.0,11.12,4.45,LOW,NORMAL,No major anomaly detected by the current risk layers.
W10935,Vanya Suresh,Kolkata,Zilla Panchayat,School Building Repair,6.92,11.12,0.0,0.0,0.0,11.12,4.45,LOW,NORMAL,No major anomaly detected by the current risk layers.
W11738,Ishwar Boase,Darjeeling,District Rural Development Agency,Street Lighting,4.29,11.14,0.0,0.0,0.0,11.14,4.45,LOW,NORMAL,No major anomaly detected by the current risk layers.
W11058,Gabriel Thaman,Asansol,Zilla Panchayat,Street Lighting,4.9,11.12,0.0,0.0,0.0,11.12,4.45,LOW,NORMAL,No major anomaly detected by the current risk layers.
W10155,Krishna Pant,Chennai,Municipal Corporation,Drainage System,12.46,11.13,0.0,0.0,0.0,11.13,4.45,LOW,NORMAL,No major anomaly detected by the current risk layers.
W12009,Hemang Bava,Mysuru,Zilla Panchayat,School Building Repair,4.85,11.1,0.0,0.0,0.0,11.1,4.44,LOW,NORMAL,No major anomaly detected by the current risk layers.
W11660,Krishna Pant,Asansol,Public Works Department,Drainage System,9.63,11.09,0.0,0.0,0.0,11.09,4.44,LOW,NORMAL,No major anomaly detected by the current risk layers.
W11202,Widisha Yohannan,Kanpur,District Rural Development Agency,Road Construction,14.92,11.07,0.0,0.0,0.0,11.07,4.43,LOW,NORMAL,No major anomaly detected by the current risk layers.
W10541,Ria Ratta,Pune,Zilla Panchayat,Public Toilet Complex,7.62,11.07,0.0,0.0,0.0,11.07,4.43,LOW,NORMAL,No major anomaly detected by the current risk layers.
W10667,Owen Bala,Salem,Zilla Panchayat,Public Toilet Complex,7.62,11.05,0.0,0.0,0.0,11.05,4.42,LOW,NORMAL,No major anomaly detected by the current risk layers.
W12952,Eesha Memon,Chennai,Zilla Panchayat,Street Lighting,5.88,11.04,0.0,0.0,0.0,11.04,4.42,LOW,NORMAL,No major anomaly detected by the current risk layers.
W12817,Triya Khatri,Kanpur,District Rural Development Agency,Public Toilet Complex,5.7,11.06,0.0,0.0,0.0,11.06,4.42,LOW,NORMAL,No major anomaly detected by the current risk layers.
W11518,Christopher Kadakia,Mysuru,Municipal Corporation,Drinking Water Supply,17.75,11.05,0.0,0.0,0.0,11.05,4.42,LOW,NORMAL,No major anomaly detected by the current risk layers.
W10923,Yamini Chand,Kanpur,Municipal Corporation,Drinking Water Supply,14.33,11.02,0.0,0.0,0.0,11.02,4.41,LOW,NORMAL,No major anomaly detected by the current risk layers.
W11903,Gaurav Chandra,Kanpur,District Rural Development Agency,Drainage System,11.57,11.03,0.0,0.0,0.0,11.03,4.41,LOW,NORMAL,No major anomaly detected by the current risk layers.
W10172,Vanya Suresh,Coimbatore,District Rural Development Agency,Street Lighting,3.08,11.03,0.0,0.0,0.0,11.03,4.41,LOW,NORMAL,No major anomaly detected by the current risk layers.
W12174,Meera Banerjee,Agra,State Housing Board,Road Construction,8.85,11.03,0.0,0.0,0.0,11.03,4.41,LOW,NORMAL,No major anomaly detected by the current risk layers.
W12961,Varsha Morar,Mysuru,Zilla Panchayat,Public Toilet Complex,3.79,11.02,0.0,0.0,0.0,11.02,4.41,LOW,NORMAL,No major anomaly detected by the current risk layers.
W11620,Krishna Pant,Dharwad,District Rural Development Agency,Drinking Water Supply,12.7,11.01,0.0,0.0,0.0,11.01,4.41,LOW,NORMAL,No major anomaly detected by the current risk layers.
W10026,Christopher Kadakia,Asansol,Public Works Department,School Building Repair,5.28,11.02,0.0,0.0,0.0,11.02,4.41,LOW,NORMAL,No major anomaly detected by the current risk layers.
W12251,Widisha Yohannan,Lucknow,Zilla Panchayat,Drinking Water Supply,19.52,10.99,0.0,0.0,0.0,10.99,4.4,LOW,NORMAL,No major anomaly detected by the current risk layers.
W10035,Yug Choudhry,Varanasi,Public Works Department,Road Construction,5.12,10.99,0.0,0.0,0.0,10.99,4.4,LOW,NORMAL,No major anomaly detected by the current risk layers.
W11730,Gaurav Chandra,Chennai,Municipal Corporation,Public Toilet Complex,7.6,11.0,0.0,0.0,0.0,11.0,4.4,LOW,NORMAL,No major anomaly detected by the current risk layers.
W10746,Pallavi Krish,Asansol,Public Works Department,Drinking Water Supply,15.17,10.97,0.0,0.0,0.0,10.97,4.39,LOW,NORMAL,No major anomaly detected by the current risk layers.
W11545,Eesha Memon,Agra,Zilla Panchayat,Drinking Water Supply,4.65,10.98,0.0,0.0,0.0,10.98,4.39,LOW,NORMAL,No major anomaly detected by the current risk layers.
W10980,Tanish Iyer,Mysuru,Zilla Panchayat,Road Construction,15.26,10.98,0.0,0.0,0.0,10.98,4.39,LOW,NORMAL,No major anomaly detected by the current risk layers.
W10158,Ria Ratta,Varanasi,State Housing Board,Drainage System,4.92,10.98,0.0,0.0,0.0,10.98,4.39,LOW,NORMAL,No major anomaly detected by the current risk layers.
W12585,Krishna Pant,Kolkata,Public Works Department,School Building Repair,7.7,10.97,0.0,0.0,0.0,10.97,4.39,LOW,NORMAL,No major anomaly detected by the current risk layers.
W10964,Lucky Prashad,Dharwad,Public Works Department,Public Toilet Complex,4.8,10.97,0.0,0.0,0.0,10.97,4.39,LOW,NORMAL,No major anomaly detected by the current risk layers.
W11325,Vrinda Biswas,Madurai,State Housing Board,Road Construction,16.95,10.94,0.0,0.0,0.0,10.94,4.38,LOW,NORMAL,No major anomaly detected by the current risk layers.
W12638,Ekansh Sami,Belagavi,Municipal Corporation,Street Lighting,3.24,10.92,0.0,0.0,0.0,10.92,4.37,LOW,NORMAL,No major anomaly detected by the current risk layers.
W12490,Varsha Morar,Asansol,Municipal Corporation,School Building Repair,10.07,10.93,0.0,0.0,0.0,10.93,4.37,LOW,NORMAL,No major anomaly detected by the current risk layers.
W10636,Odika Naik,Asansol,Zilla Panchayat,Road Construction,25.73,10.91,0.0,0.0,0.0,10.91,4.37,LOW,NORMAL,No major anomaly detected by the current risk layers.
W10758,Krishna Pant,Kolkata,Zilla Panchayat,Drainage System,3.47,10.93,0.0,0.0,0.0,10.93,4.37,LOW,NORMAL,No major anomaly detected by the current risk layers.
W12887,Yutika Rana,Darjeeling,Municipal Corporation,School Building Repair,4.94,10.91,0.0,0.0,0.0,10.91,4.36,LOW,NORMAL,No major anomaly detected by the current risk layers.
W10590,Ishwar Boase,Agra,Public Works Department,School Building Repair,4.97,10.86,0.0,0.0,0.0,10.86,4.34,LOW,NORMAL,No major anomaly detected by the current risk layers.
W11107,Gaurav Chandra,Thane,Zilla Panchayat,Drainage System,4.09,10.83,0.0,0.0,0.0,10.83,4.33,LOW,NORMAL,No major anomaly detected by the current risk layers.
W12161,Eesha Memon,Mysuru,Zilla Panchayat,Road Construction,13.88,10.84,0.0,0.0,0.0,10.84,4.33,LOW,NORMAL,No major anomaly detected by the current risk layers.
W12924,Lucky Prashad,Dharwad,Zilla Panchayat,Drainage System,12.38,10.81,0.0,0.0,0.0,10.81,4.33,LOW,NORMAL,No major anomaly detected by the current risk layers.
W11264,Meera Banerjee,Chennai,Municipal Corporation,School Building Repair,6.57,10.79,0.0,0.0,0.0,10.79,4.32,LOW,NORMAL,No major anomaly detected by the current risk layers.
W12028,Onveer Kata,Nashik,District Rural Development Agency,Drinking Water Supply,14.4,10.8,0.0,0.0,0.0,10.8,4.32,LOW,NORMAL,No major anomaly detected by the current risk layers.
W12019,Ronith Zachariah,Asansol,Public Works Department,Street Lighting,3.64,10.81,0.0,0.0,0.0,10.81,4.32,LOW,NORMAL,No major anomaly detected by the current risk layers.
W10011,Gaurav Chandra,Nagpur,State Housing Board,Drainage System,13.21,10.81,0.0,0.0,0.0,10.81,4.32,LOW,NORMAL,No major anomaly detected by the current risk layers.
W11668,Lucky Prashad,Mysuru,Zilla Panchayat,Drinking Water Supply,12.77,10.79,0.0,0.0,0.0,10.79,4.32,LOW,NORMAL,No major anomaly detected by the current risk layers.
W10933,Yutika Rana,Pune,District Rural Development Agency,Public Toilet Complex,5.32,10.77,0.0,0.0,0.0,10.77,4.31,LOW,NORMAL,No major anomaly detected by the current risk layers.
W10048,Triya Khatri,Darjeeling,Public Works Department,Community Health Center,27.67,10.78,0.0,0.0,0.0,10.78,4.31,LOW,NORMAL,No major anomaly detected by the current risk layers.
W11790,Eesha Memon,Bengaluru Urban,Zilla Panchayat,Public Toilet Complex,4.82,10.75,0.0,0.0,0.0,10.75,4.3,LOW,NORMAL,No major anomaly detected by the current risk layers.
W10008,Advaith Gole,Belagavi,Public Works Department,Community Health Center,20.71,10.75,0.0,0.0,0.0,10.75,4.3,LOW,NORMAL,No major anomaly detected by the current risk layers.
W11638,Azaan Gupta,Nashik,Public Works Department,Community Health Center,27.99,10.73,0.0,0.0,0.0,10.73,4.29,LOW,NORMAL,No major anomaly detected by the current risk layers.
W12311,Bachittar Choudhry,Coimbatore,Municipal Corporation,Public Toilet Complex,7.2,10.72,0.0,0.0,0.0,10.72,4.29,LOW,NORMAL,No major anomaly detected by the current risk layers.
W12824,Owen Bansal,Kanpur,Zilla Panchayat,School Building Repair,13.1,10.73,0.0,0.0,0.0,10.73,4.29,LOW,NORMAL,No major anomaly detected by the current risk layers.
W10391,Owen Bansal,Coimbatore,State Housing Board,Community Health Center,22.09,10.73,0.0,0.0,0.0,10.73,4.29,LOW,NORMAL,No major anomaly detected by the current risk layers.
W12497,Christopher Kadakia,Agra,Zilla Panchayat,Public Toilet Complex,2.22,10.7,0.0,0.0,0.0,10.7,4.28,LOW,NORMAL,No major anomaly detected by the current risk layers.
W11235,Christopher Kadakia,Agra,Public Works Department,Community Health Center,11.78,10.71,0.0,0.0,0.0,10.71,4.28,LOW,NORMAL,No major anomaly detected by the current risk layers.
W10497,Jagat Mangat,Belagavi,Public Works Department,School Building Repair,10.86,10.67,0.0,0.0,0.0,10.67,4.27,LOW,NORMAL,No major anomaly detected by the current risk layers.
W12214,Leena Butala,Darjeeling,State Housing Board,Public Toilet Complex,4.13,10.67,0.0,0.0,0.0,10.67,4.27,LOW,NORMAL,No major anomaly detected by the current risk layers.
W10571,Yug Choudhry,Howrah,State Housing Board,Street Lighting,4.08,10.67,0.0,0.0,0.0,10.67,4.27,LOW,NORMAL,No major anomaly detected by the current risk layers.
W11611,Nicholas Gour,Lucknow,State Housing Board,Street Lighting,3.72,10.68,0.0,0.0,0.0,10.68,4.27,LOW,NORMAL,No major anomaly detected by the current risk layers.
W12092,Yutika Rana,Bengaluru Urban,Public Works Department,Drainage System,8.16,10.68,0.0,0.0,0.0,10.68,4.27,LOW,NORMAL,No major anomaly detected by the current risk layers.
W10257,Yug Choudhry,Asansol,Municipal Corporation,Road Construction,5.59,10.66,0.0,0.0,0.0,10.66,4.26,LOW,NORMAL,No major anomaly detected by the current risk layers.
W12503,Sanya Swamy,Dharwad,Municipal Corporation,Drainage System,13.39,10.65,0.0,0.0,0.0,10.65,4.26,LOW,NORMAL,No major anomaly detected by the current risk layers.
W12356,Krishna Pant,Nashik,Municipal Corporation,Drinking Water Supply,17.23,10.64,0.0,0.0,0.0,10.64,4.26,LOW,NORMAL,No major anomaly detected by the current risk layers.
W11246,Owen Bansal,Chennai,District Rural Development Agency,Street Lighting,2.17,10.62,0.0,0.0,0.0,10.62,4.25,LOW,NORMAL,No major anomaly detected by the current risk layers.
W10383,Ekansh Sami,Salem,Public Works Department,Street Lighting,4.23,10.61,0.0,0.0,0.0,10.61,4.24,LOW,NORMAL,No major anomaly detected by the current risk layers.
W10796,Ishwar Boase,Salem,Public Works Department,Community Health Center,15.21,10.59,0.0,0.0,0.0,10.59,4.24,LOW,NORMAL,No major anomaly detected by the current risk layers.
W11443,Jagat Mangat,Howrah,Public Works Department,School Building Repair,5.63,10.56,0.0,0.0,0.0,10.56,4.22,LOW,NORMAL,No major anomaly detected by the current risk layers.
W11842,Christopher Kadakia,Kanpur,Public Works Department,Drainage System,12.44,10.55,0.0,0.0,0.0,10.55,4.22,LOW,NORMAL,No major anomaly detected by the current risk layers.
W10077,Nicholas Gour,Nashik,State Housing Board,School Building Repair,6.63,10.51,0.0,0.0,0.0,10.51,4.21,LOW,NORMAL,No major anomaly detected by the current risk layers.
W10938,Yadavi Deshmukh,Mysuru,Zilla Panchayat,Community Health Center,12.56,10.52,0.0,0.0,0.0,10.52,4.21,LOW,NORMAL,No major anomaly detected by the current risk layers.
W11201,Ishwar Boase,Dharwad,Zilla Panchayat,Drinking Water Supply,14.68,10.52,0.0,0.0,0.0,10.52,4.21,LOW,NORMAL,No major anomaly detected by the current risk layers.
W11567,Ishwar Boase,Belagavi,Municipal Corporation,Public Toilet Complex,4.86,10.53,0.0,0.0,0.0,10.53,4.21,LOW,NORMAL,No major anomaly detected by the current risk layers.
W10664,Eesha Memon,Dharwad,Municipal Corporation,Drinking Water Supply,7.51,10.49,0.0,0.0,0.0,10.49,4.2,LOW,NORMAL,No major anomaly detected by the current risk layers.
W10604,Christopher Kadakia,Chennai,State Housing Board,School Building Repair,13.25,10.49,0.0,0.0,0.0,10.49,4.2,LOW,NORMAL,No major anomaly detected by the current risk layers.
W12012,Yadavi Deshmukh,Bengaluru Urban,State Housing Board,Drainage System,15.7,10.5,0.0,0.0,0.0,10.5,4.2,LOW,NORMAL,No major anomaly detected by the current risk layers.
W12461,Varsha Morar,Asansol,Zilla Panchayat,Drinking Water Supply,17.06,10.51,0.0,0.0,0.0,10.51,4.2,LOW,NORMAL,No major anomaly detected by the current risk layers.
W10927,Yadavi Deshmukh,Thane,Public Works Department,School Building Repair,5.72,10.47,0.0,0.0,0.0,10.47,4.19,LOW,NORMAL,No major anomaly detected by the current risk layers.
W12360,Yamini Chand,Bengaluru Urban,Municipal Corporation,Street Lighting,3.63,10.48,0.0,0.0,0.0,10.48,4.19,LOW,NORMAL,No major anomaly detected by the current risk layers.
W11226,Gabriel Thaman,Madurai,District Rural Development Agency,School Building Repair,7.12,10.49,0.0,0.0,0.0,10.49,4.19,LOW,NORMAL,No major anomaly detected by the current risk layers.
W12112,Ria Ratta,Kanpur,Public Works Department,Public Toilet Complex,4.36,10.49,0.0,0.0,0.0,10.49,4.19,LOW,NORMAL,No major anomaly detected by the current risk layers.
W10341,Rayaan Mand,Bengaluru Urban,Municipal Corporation,School Building Repair,12.69,10.46,0.0,0.0,0.0,10.46,4.18,LOW,NORMAL,No major anomaly detected by the current risk layers.
W10622,Widisha Yohannan,Howrah,Zilla Panchayat,School Building Repair,11.69,10.46,0.0,0.0,0.0,10.46,4.18,LOW,NORMAL,No major anomaly detected by the current risk layers.
W12615,Gaurav Chandra,Chennai,Municipal Corporation,Public Toilet Complex,4.25,10.45,0.0,0.0,0.0,10.45,4.18,LOW,NORMAL,No major anomaly detected by the current risk layers.
W11361,Bachittar Choudhry,Darjeeling,State Housing Board,Drinking Water Supply,13.85,10.45,0.0,0.0,0.0,10.45,4.18,LOW,NORMAL,No major anomaly detected by the current risk layers.
W10516,Christopher Kadakia,Salem,State Housing Board,Drinking Water Supply,8.02,10.45,0.0,0.0,0.0,10.45,4.18,LOW,NORMAL,No major anomaly detected by the current risk layers.
W12088,Bachittar Choudhry,Belagavi,Zilla Panchayat,Public Toilet Complex,4.01,10.39,0.0,0.0,0.0,10.39,4.16,LOW,NORMAL,No major anomaly detected by the current risk layers.
W10095,Onveer Kata,Dharwad,Public Works Department,Road Construction,27.67,10.41,0.0,0.0,0.0,10.41,4.16,LOW,NORMAL,No major anomaly detected by the current risk layers.
W11798,Ronith Zachariah,Nashik,Public Works Department,Drinking Water Supply,12.7,10.39,0.0,0.0,0.0,10.39,4.16,LOW,NORMAL,No major anomaly detected by the current risk layers.
W12240,Leena Butala,Belagavi,State Housing Board,School Building Repair,11.98,10.41,0.0,0.0,0.0,10.41,4.16,LOW,NORMAL,No major anomaly detected by the current risk layers.
W11589,Pallavi Krish,Lucknow,District Rural Development Agency,Road Construction,12.0,10.4,0.0,0.0,0.0,10.4,4.16,LOW,NORMAL,No major anomaly detected by the current risk layers.
W11218,Christopher Kadakia,Chennai,State Housing Board,Street Lighting,3.88,10.38,0.0,0.0,0.0,10.38,4.15,LOW,NORMAL,No major anomaly detected by the current risk layers.
W11426,Vanya Suresh,Coimbatore,Public Works Department,School Building Repair,12.28,10.38,0.0,0.0,0.0,10.38,4.15,LOW,NORMAL,No major anomaly detected by the current risk layers.
W10881,Yadavi Deshmukh,Varanasi,Municipal Corporation,School Building Repair,10.95,10.34,0.0,0.0,0.0,10.34,4.14,LOW,NORMAL,No major anomaly detected by the current risk layers.
W10972,Ria Ratta,Chennai,Zilla Panchayat,Public Toilet Complex,4.31,10.35,0.0,0.0,0.0,10.35,4.14,LOW,NORMAL,No major anomaly detected by the current risk layers.
W10731,Ria Ratta,Darjeeling,Zilla Panchayat,Street Lighting,3.4,10.34,0.0,0.0,0.0,10.34,4.14,LOW,NORMAL,No major anomaly detected by the current risk layers.
W12941,Yadavi Deshmukh,Pune,District Rural Development Agency,Drinking Water Supply,19.88,10.33,0.0,0.0,0.0,10.33,4.13,LOW,NORMAL,No major anomaly detected by the current risk layers.
W10814,Widisha Yohannan,Varanasi,Public Works Department,Public Toilet Complex,6.52,10.32,0.0,0.0,0.0,10.32,4.13,LOW,NORMAL,No major anomaly detected by the current risk layers.
W11015,Sanya Swamy,Varanasi,Municipal Corporation,Street Lighting,5.55,10.34,0.0,0.0,0.0,10.34,4.13,LOW,NORMAL,No major anomaly detected by the current risk layers.
W12276,Azaan Gupta,Kanpur,Public Works Department,School Building Repair,14.27,10.29,0.0,0.0,0.0,10.29,4.12,LOW,NORMAL,No major anomaly detected by the current risk layers.
W10402,Jagat Mangat,Thane,District Rural Development Agency,Drainage System,14.45,10.29,0.0,0.0,0.0,10.29,4.12,LOW,NORMAL,No major anomaly detected by the current risk layers.
W12619,Hemang Bava,Lucknow,District Rural Development Agency,Drinking Water Supply,14.99,10.3,0.0,0.0,0.0,10.3,4.12,LOW,NORMAL,No major anomaly detected by the current risk layers.
W12692,Ronith Zachariah,Salem,Municipal Corporation,Public Toilet Complex,7.43,10.29,0.0,0.0,0.0,10.29,4.12,LOW,NORMAL,No major anomaly detected by the current risk layers.
W12874,Yadavi Deshmukh,Agra,Zilla Panchayat,Public Toilet Complex,2.85,10.3,0.0,0.0,0.0,10.3,4.12,LOW,NORMAL,No major anomaly detected by the current risk layers.
W10224,Varsha Morar,Asansol,Zilla Panchayat,School Building Repair,13.21,10.31,0.0,0.0,0.0,10.31,4.12,LOW,NORMAL,No major anomaly detected by the current risk layers.
W12802,Yadavi Deshmukh,Thane,Public Works Department,Drinking Water Supply,18.9,10.27,0.0,0.0,0.0,10.27,4.11,LOW,NORMAL,No major anomaly detected by the current risk layers.
W10159,Yamini Chand,Belagavi,Public Works Department,Drinking Water Supply,6.88,10.28,0.0,0.0,0.0,10.28,4.11,LOW,NORMAL,No major anomaly detected by the current risk layers.
W11318,Onveer Kata,Kolkata,Municipal Corporation,Street Lighting,2.37,10.25,0.0,0.0,0.0,10.25,4.1,LOW,NORMAL,No major anomaly detected by the current risk layers.
W12862,Ekansh Sami,Dharwad,State Housing Board,Drinking Water Supply,16.59,10.26,0.0,0.0,0.0,10.26,4.1,LOW,NORMAL,No major anomaly detected by the current risk layers.
W12128,Triya Khatri,Nashik,District Rural Development Agency,Drainage System,13.76,10.25,0.0,0.0,0.0,10.25,4.1,LOW,NORMAL,No major anomaly detected by the current risk layers.
W12852,Rayaan Mand,Nagpur,Public Works Department,Public Toilet Complex,5.67,10.22,0.0,0.0,0.0,10.22,4.09,LOW,NORMAL,No major anomaly detected by the current risk layers.
W12213,Oliver Sarma,Dharwad,Public Works Department,Drinking Water Supply,15.1,10.21,0.0,0.0,0.0,10.21,4.08,LOW,NORMAL,No major anomaly detected by the current risk layers.
W12653,Owen Bala,Varanasi,Municipal Corporation,Drinking Water Supply,16.03,10.21,0.0,0.0,0.0,10.21,4.08,LOW,NORMAL,No major anomaly detected by the current risk layers.
W12575,Yamini Chand,Kolkata,Zilla Panchayat,Drainage System,7.06,10.19,0.0,0.0,0.0,10.19,4.07,LOW,NORMAL,No major anomaly detected by the current risk layers.
W10030,Gaurav Chandra,Nashik,Municipal Corporation,Community Health Center,15.24,10.15,0.0,0.0,0.0,10.15,4.06,LOW,NORMAL,No major anomaly detected by the current risk layers.
W11520,Varsha Morar,Lucknow,Public Works Department,Drainage System,9.61,10.15,0.0,0.0,0.0,10.15,4.06,LOW,NORMAL,No major anomaly detected by the current risk layers.
W10642,Jagat Mangat,Belagavi,Zilla Panchayat,Drainage System,3.47,10.14,0.0,0.0,0.0,10.14,4.06,LOW,NORMAL,No major anomaly detected by the current risk layers.
W11016,Pallavi Krish,Pune,Public Works Department,School Building Repair,4.7,10.15,0.0,0.0,0.0,10.15,4.06,LOW,NORMAL,No major anomaly detected by the current risk layers.
W11290,Oliver Sarma,Dharwad,State Housing Board,Road Construction,5.52,10.15,0.0,0.0,0.0,10.15,4.06,LOW,NORMAL,No major anomaly detected by the current risk layers.
W12406,Ishwar Boase,Lucknow,Zilla Panchayat,School Building Repair,4.28,10.12,0.0,0.0,0.0,10.12,4.05,LOW,NORMAL,No major anomaly detected by the current risk layers.
W12813,Odika Naik,Lucknow,Municipal Corporation,Drinking Water Supply,12.55,10.12,0.0,0.0,0.0,10.12,4.05,LOW,NORMAL,No major anomaly detected by the current risk layers.
W10740,Tanish Iyer,Coimbatore,District Rural Development Agency,School Building Repair,4.56,10.12,0.0,0.0,0.0,10.12,4.05,LOW,NORMAL,No major anomaly detected by the current risk layers.
W12904,Yamini Chand,Belagavi,State Housing Board,Street Lighting,5.4,10.09,0.0,0.0,0.0,10.09,4.04,LOW,NORMAL,No major anomaly detected by the current risk layers.
W12899,Victor Venkataraman,Salem,District Rural Development Agency,Drainage System,3.26,10.1,0.0,0.0,0.0,10.1,4.04,LOW,NORMAL,No major anomaly detected by the current risk layers.
W12801,Leena Butala,Lucknow,Zilla Panchayat,Public Toilet Complex,7.97,10.09,0.0,0.0,0.0,10.09,4.04,LOW,NORMAL,No major anomaly detected by the current risk layers.
W11976,Tanish Iyer,Salem,State Housing Board,Community Health Center,16.05,10.1,0.0,0.0,0.0,10.1,4.04,LOW,NORMAL,No major anomaly detected by the current risk layers.
W11970,Pallavi Krish,Nagpur,State Housing Board,Community Health Center,21.36,10.11,0.0,0.0,0.0,10.11,4.04,LOW,NORMAL,No major anomaly detected by the current risk layers.
W12665,Yug Choudhry,Kanpur,District Rural Development Agency,Street Lighting,2.26,10.09,0.0,0.0,0.0,10.09,4.04,LOW,NORMAL,No major anomaly detected by the current risk layers.
W10908,Gabriel Thaman,Howrah,Municipal Corporation,School Building Repair,8.77,10.07,0.0,0.0,0.0,10.07,4.03,LOW,NORMAL,No major anomaly detected by the current risk layers.
W11741,Victor Venkataraman,Pune,State Housing Board,Drinking Water Supply,6.69,10.07,0.0,0.0,0.0,10.07,4.03,LOW,NORMAL,No major anomaly detected by the current risk layers.
W11735,Ekansh Sami,Madurai,Municipal Corporation,Community Health Center,10.91,10.09,0.0,0.0,0.0,10.09,4.03,LOW,NORMAL,No major anomaly detected by the current risk layers.
W10675,Pallavi Krish,Coimbatore,Zilla Panchayat,School Building Repair,9.65,10.08,0.0,0.0,0.0,10.08,4.03,LOW,NORMAL,No major anomaly detected by the current risk layers.
W12192,Leena Butala,Mysuru,Municipal Corporation,School Building Repair,6.72,10.09,0.0,0.0,0.0,10.09,4.03,LOW,NORMAL,No major anomaly detected by the current risk layers.
W11373,Odika Naik,Asansol,Zilla Panchayat,School Building Repair,13.31,10.05,0.0,0.0,0.0,10.05,4.02,LOW,NORMAL,No major anomaly detected by the current risk layers.
W12052,Bachittar Choudhry,Belagavi,District Rural Development Agency,School Building Repair,8.13,10.04,0.0,0.0,0.0,10.04,4.02,LOW,NORMAL,No major anomaly detected by the current risk layers.
W10534,Eesha Memon,Salem,Public Works Department,School Building Repair,13.24,10.04,0.0,0.0,0.0,10.04,4.01,LOW,NORMAL,No major anomaly detected by the current risk layers.
W11128,Bachittar Choudhry,Asansol,Zilla Panchayat,School Building Repair,9.67,10.03,0.0,0.0,0.0,10.03,4.01,LOW,NORMAL,No major anomaly detected by the current risk layers.
W11614,Victor Venkataraman,Bengaluru Urban,District Rural Development Agency,Community Health Center,15.77,10.02,0.0,0.0,0.0,10.02,4.01,LOW,NORMAL,No major anomaly detected by the current risk layers.
W12168,Advaith Gole,Mysuru,State Housing Board,Road Construction,10.55,10.02,0.0,0.0,0.0,10.02,4.01,LOW,NORMAL,No major anomaly detected by the current risk layers.
W12727,Victor Venkataraman,Kolkata,State Housing Board,Road Construction,8.5,10.02,0.0,0.0,0.0,10.02,4.01,LOW,NORMAL,No major anomaly detected by the current risk layers.
W12031,Yug Choudhry,Agra,District Rural Development Agency,Drainage System,4.12,10.0,0.0,0.0,0.0,10.0,4.0,LOW,NORMAL,No major anomaly detected by the current risk layers.
W12367,Gabriel Thaman,Kanpur,Zilla Panchayat,Drainage System,7.38,10.0,0.0,0.0,0.0,10.0,4.0,LOW,NORMAL,No major anomaly detected by the current risk layers.
W12361,Yug Choudhry,Lucknow,District Rural Development Agency,Street Lighting,1.55,10.0,0.0,0.0,0.0,10.0,4.0,LOW,NORMAL,No major anomaly detected by the current risk layers.
W12400,Tanish Iyer,Coimbatore,State Housing Board,Public Toilet Complex,2.39,10.0,0.0,0.0,0.0,10.0,4.0,LOW,NORMAL,No major anomaly detected by the current risk layers.
W11026,Harrison Kapur,Belagavi,State Housing Board,Public Toilet Complex,6.67,10.01,0.0,0.0,0.0,10.01,4.0,LOW,NORMAL,No major anomaly detected by the current risk layers.
W12977,Gabriel Thaman,Kolkata,Zilla Panchayat,Public Toilet Complex,7.63,9.97,0.0,0.0,0.0,9.97,3.99,LOW,NORMAL,No major anomaly detected by the current risk layers.
W10569,Hemang Bava,Nagpur,State Housing Board,Drinking Water Supply,5.32,9.98,0.0,0.0,0.0,9.98,3.99,LOW,NORMAL,No major anomaly detected by the current risk layers.
W11691,Oliver Sarma,Pune,Municipal Corporation,Community Health Center,29.34,9.98,0.0,0.0,0.0,9.98,3.99,LOW,NORMAL,No major anomaly detected by the current risk layers.
W10384,Ekansh Sami,Chennai,District Rural Development Agency,Street Lighting,4.96,9.99,0.0,0.0,0.0,9.99,3.99,LOW,NORMAL,No major anomaly detected by the current risk layers.
W12122,Yutika Rana,Salem,Zilla Panchayat,Drinking Water Supply,16.74,9.96,0.0,0.0,0.0,9.96,3.99,LOW,NORMAL,No major anomaly detected by the current risk layers.
W12666,Hemang Bava,Mysuru,Municipal Corporation,Public Toilet Complex,5.7,9.97,0.0,0.0,0.0,9.97,3.99,LOW,NORMAL,No major anomaly detected by the current risk layers.
W12073,Oliver Sarma,Dharwad,Public Works Department,Public Toilet Complex,3.15,9.97,0.0,0.0,0.0,9.97,3.99,LOW,NORMAL,No major anomaly detected by the current risk layers.
W12330,Advaith Gole,Chennai,Public Works Department,School Building Repair,6.66,9.91,0.0,0.0,0.0,9.91,3.97,LOW,NORMAL,No major anomaly detected by the current risk layers.
W12689,Eesha Memon,Mysuru,Zilla Panchayat,Public Toilet Complex,3.9,9.93,0.0,0.0,0.0,9.93,3.97,LOW,NORMAL,No major anomaly detected by the current risk layers.
W11137,Bachittar Choudhry,Varanasi,Public Works Department,Public Toilet Complex,7.45,9.93,0.0,0.0,0.0,9.93,3.97,LOW,NORMAL,No major anomaly detected by the current risk layers.
W11167,Krishna Pant,Agra,Zilla Panchayat,Street Lighting,2.67,9.92,0.0,0.0,0.0,9.92,3.97,LOW,NORMAL,No major anomaly detected by the current risk layers.
W12744,Pallavi Krish,Nashik,Municipal Corporation,Public Toilet Complex,5.44,9.92,0.0,0.0,0.0,9.92,3.97,LOW,NORMAL,No major anomaly detected by the current risk layers.
W11166,Rayaan Mand,Varanasi,State Housing Board,Drinking Water Supply,5.89,9.93,0.0,0.0,0.0,9.93,3.97,LOW,NORMAL,No major anomaly detected by the current risk layers.
W11786,Lucky Prashad,Belagavi,State Housing Board,Community Health Center,28.75,9.89,0.0,0.0,0.0,9.89,3.96,LOW,NORMAL,No major anomaly detected by the current risk layers.
W11901,Odika Naik,Chennai,Zilla Panchayat,Street Lighting,1.83,9.9,0.0,0.0,0.0,9.9,3.96,LOW,NORMAL,No major anomaly detected by the current risk layers.
W11490,Jagat Mangat,Nagpur,Zilla Panchayat,Drainage System,5.72,9.87,0.0,0.0,0.0,9.87,3.95,LOW,NORMAL,No major anomaly detected by the current risk layers.
W10456,Widisha Yohannan,Kolkata,District Rural Development Agency,Drainage System,14.19,9.86,0.0,0.0,0.0,9.86,3.95,LOW,NORMAL,No major anomaly detected by the current risk layers.
W12955,Victor Venkataraman,Howrah,Zilla Panchayat,Drainage System,4.88,9.88,0.0,0.0,0.0,9.88,3.95,LOW,NORMAL,No major anomaly detected by the current risk layers.
W10968,Yadavi Deshmukh,Salem,Municipal Corporation,Community Health Center,22.23,9.86,0.0,0.0,0.0,9.86,3.94,LOW,NORMAL,No major anomaly detected by the current risk layers.
W12269,Owen Bala,Darjeeling,Municipal Corporation,Public Toilet Complex,3.22,9.84,0.0,0.0,0.0,9.84,3.93,LOW,NORMAL,No major anomaly detected by the current risk layers.
W11732,Azaan Gupta,Agra,Municipal Corporation,Street Lighting,5.98,9.83,0.0,0.0,0.0,9.83,3.93,LOW,NORMAL,No major anomaly detected by the current risk layers.
W10495,Gabriel Thaman,Darjeeling,District Rural Development Agency,Public Toilet Complex,7.78,9.81,0.0,0.0,0.0,9.81,3.92,LOW,NORMAL,No major anomaly detected by the current risk layers.
W12728,Vanya Suresh,Kolkata,District Rural Development Agency,Drinking Water Supply,5.47,9.81,0.0,0.0,0.0,9.81,3.92,LOW,NORMAL,No major anomaly detected by the current risk layers.
W12825,Gabriel Thaman,Madurai,Zilla Panchayat,Street Lighting,2.55,9.78,0.0,0.0,0.0,9.78,3.91,LOW,NORMAL,No major anomaly detected by the current risk layers.
W12769,Rayaan Mand,Kolkata,State Housing Board,Public Toilet Complex,7.79,9.76,0.0,0.0,0.0,9.76,3.91,LOW,NORMAL,No major anomaly detected by the current risk layers.
W11568,Vrinda Biswas,Lucknow,Municipal Corporation,Drinking Water Supply,14.1,9.79,0.0,0.0,0.0,9.79,3.91,LOW,NORMAL,No major anomaly detected by the current risk layers.
W10741,Vrinda Biswas,Agra,District Rural Development Agency,Road Construction,11.87,9.75,0.0,0.0,0.0,9.75,3.9,LOW,NORMAL,No major anomaly detected by the current risk layers.
W10797,Ria Ratta,Thane,Municipal Corporation,Drainage System,5.19,9.73,0.0,0.0,0.0,9.73,3.89,LOW,NORMAL,No major anomaly detected by the current risk layers.
W12473,Mugdha Varty,Darjeeling,Public Works Department,Public Toilet Complex,2.56,9.69,0.0,0.0,0.0,9.69,3.88,LOW,NORMAL,No major anomaly detected by the current risk layers.
W11880,Bachittar Choudhry,Varanasi,District Rural Development Agency,Drainage System,6.93,9.71,0.0,0.0,0.0,9.71,3.88,LOW,NORMAL,No major anomaly detected by the current risk layers.
W11971,Ishwar Boase,Dharwad,Zilla Panchayat,Street Lighting,4.99,9.67,0.0,0.0,0.0,9.67,3.87,LOW,NORMAL,No major anomaly detected by the current risk layers.
W12293,Triya Khatri,Lucknow,District Rural Development Agency,Road Construction,22.92,9.66,0.0,0.0,0.0,9.66,3.87,LOW,NORMAL,No major anomaly detected by the current risk layers.
W10801,Mugdha Varty,Kolkata,Public Works Department,Street Lighting,1.9,9.68,0.0,0.0,0.0,9.68,3.87,LOW,NORMAL,No major anomaly detected by the current risk layers.
W11031,Harrison Kapur,Dharwad,Municipal Corporation,Public Toilet Complex,5.21,9.67,0.0,0.0,0.0,9.67,3.87,LOW,NORMAL,No major anomaly detected by the current risk layers.
W12724,Ekansh Sami,Coimbatore,District Rural Development Agency,School Building Repair,7.29,9.65,0.0,0.0,0.0,9.65,3.86,LOW,NORMAL,No major anomaly detected by the current risk layers.
W10380,Jagat Mangat,Asansol,Zilla Panchayat,Road Construction,11.03,9.65,0.0,0.0,0.0,9.65,3.86,LOW,NORMAL,No major anomaly detected by the current risk layers.
W11179,Krishna Pant,Salem,Zilla Panchayat,Road Construction,13.55,9.64,0.0,0.0,0.0,9.64,3.86,LOW,NORMAL,No major anomaly detected by the current risk layers.
W12877,Christopher Kadakia,Agra,Public Works Department,Street Lighting,3.8,9.61,0.0,0.0,0.0,9.61,3.85,LOW,NORMAL,No major anomaly detected by the current risk layers.
W11594,Gaurav Chandra,Darjeeling,Public Works Department,Drainage System,13.35,9.62,0.0,0.0,0.0,9.62,3.85,LOW,NORMAL,No major anomaly detected by the current risk layers.
W10734,Meera Banerjee,Mysuru,District Rural Development Agency,Drainage System,12.42,9.62,0.0,0.0,0.0,9.62,3.85,LOW,NORMAL,No major anomaly detected by the current risk layers.
W10338,Yamini Chand,Nashik,Zilla Panchayat,Drinking Water Supply,17.61,9.6,0.0,0.0,0.0,9.6,3.84,LOW,NORMAL,No major anomaly detected by the current risk layers.
W11309,Bachittar Choudhry,Coimbatore,Public Works Department,Drinking Water Supply,13.02,9.6,0.0,0.0,0.0,9.6,3.84,LOW,NORMAL,No major anomaly detected by the current risk layers.
W12560,Jagat Mangat,Belagavi,Public Works Department,School Building Repair,10.24,9.56,0.0,0.0,0.0,9.56,3.83,LOW,NORMAL,No major anomaly detected by the current risk layers.
W11329,Hemang Bava,Nashik,Municipal Corporation,School Building Repair,5.13,9.49,0.0,0.0,0.0,9.49,3.8,LOW,NORMAL,No major anomaly detected by the current risk layers.
W12578,Deepa Gala,Darjeeling,Zilla Panchayat,Road Construction,14.38,9.49,0.0,0.0,0.0,9.49,3.8,LOW,NORMAL,No major anomaly detected by the current risk layers.
W11392,Pallavi Krish,Belagavi,Public Works Department,School Building Repair,6.71,9.46,0.0,0.0,0.0,9.46,3.79,LOW,NORMAL,No major anomaly detected by the current risk layers.
W12664,Meera Banerjee,Dharwad,Zilla Panchayat,School Building Repair,7.25,9.47,0.0,0.0,0.0,9.47,3.79,LOW,NORMAL,No major anomaly detected by the current risk layers.
W10211,Azaan Gupta,Coimbatore,Zilla Panchayat,Public Toilet Complex,2.31,9.45,0.0,0.0,0.0,9.45,3.78,LOW,NORMAL,No major anomaly detected by the current risk layers.
W11387,Harrison Kapur,Madurai,Public Works Department,Drinking Water Supply,19.12,9.45,0.0,0.0,0.0,9.45,3.78,LOW,NORMAL,No major anomaly detected by the current risk layers.
W10501,Bachittar Choudhry,Darjeeling,State Housing Board,Street Lighting,5.07,9.44,0.0,0.0,0.0,9.44,3.78,LOW,NORMAL,No major anomaly detected by the current risk layers.
W12686,Christopher Kadakia,Pune,District Rural Development Agency,Public Toilet Complex,6.97,9.37,0.0,0.0,0.0,9.37,3.75,LOW,NORMAL,No major anomaly detected by the current risk layers.
W10966,Ronith Zachariah,Agra,Zilla Panchayat,School Building Repair,8.65,9.37,0.0,0.0,0.0,9.37,3.75,LOW,NORMAL,No major anomaly detected by the current risk layers.
W12162,Bachittar Choudhry,Lucknow,District Rural Development Agency,School Building Repair,11.75,9.34,0.0,0.0,0.0,9.34,3.74,LOW,NORMAL,No major anomaly detected by the current risk layers.
W11536,Eesha Memon,Belagavi,Public Works Department,Drinking Water Supply,7.25,9.34,0.0,0.0,0.0,9.34,3.73,LOW,NORMAL,No major anomaly detected by the current risk layers.
W11642,Onveer Kata,Howrah,Zilla Panchayat,Community Health Center,23.48,9.27,0.0,0.0,0.0,9.27,3.71,LOW,NORMAL,No major anomaly detected by the current risk layers.
W10640,Owen Bansal,Salem,Municipal Corporation,Public Toilet Complex,7.9,9.28,0.0,0.0,0.0,9.28,3.71,LOW,NORMAL,No major anomaly detected by the current risk layers.
W12479,Azaan Gupta,Chennai,Public Works Department,Drinking Water Supply,7.36,9.28,0.0,0.0,0.0,9.28,3.71,LOW,NORMAL,No major anomaly detected by the current risk layers.
W12865,Pallavi Krish,Kolkata,Public Works Department,Drinking Water Supply,12.24,9.27,0.0,0.0,0.0,9.27,3.71,LOW,NORMAL,No major anomaly detected by the current risk layers.
W10171,Eesha Memon,Kolkata,Public Works Department,Public Toilet Complex,5.09,9.27,0.0,0.0,0.0,9.27,3.71,LOW,NORMAL,No major anomaly detected by the current risk layers.
W10089,Hemang Bava,Thane,Municipal Corporation,Street Lighting,4.26,9.27,0.0,0.0,0.0,9.27,3.71,LOW,NORMAL,No major anomaly detected by the current risk layers.
W11943,Harrison Kapur,Belagavi,District Rural Development Agency,Public Toilet Complex,2.36,9.27,0.0,0.0,0.0,9.27,3.71,LOW,NORMAL,No major anomaly detected by the current risk layers.
W12832,Harrison Kapur,Kolkata,District Rural Development Agency,School Building Repair,4.58,9.24,0.0,0.0,0.0,9.24,3.7,LOW,NORMAL,No major anomaly detected by the current risk layers.
W11965,Odika Naik,Bengaluru Urban,Zilla Panchayat,Drinking Water Supply,12.64,9.24,0.0,0.0,0.0,9.24,3.7,LOW,NORMAL,No major anomaly detected by the current risk layers.
W11032,Advaith Gole,Nagpur,Public Works Department,School Building Repair,3.9,9.24,0.0,0.0,0.0,9.24,3.7,LOW,NORMAL,No major anomaly detected by the current risk layers.
W12720,Victor Venkataraman,Agra,District Rural Development Agency,Drainage System,16.21,9.25,0.0,0.0,0.0,9.25,3.7,LOW,NORMAL,No major anomaly detected by the current risk layers.
W10119,Eesha Memon,Salem,Public Works Department,Street Lighting,4.71,9.21,0.0,0.0,0.0,9.21,3.69,LOW,NORMAL,No major anomaly detected by the current risk layers.
W10833,Gaurav Chandra,Coimbatore,Public Works Department,Community Health Center,23.75,9.2,0.0,0.0,0.0,9.2,3.68,LOW,NORMAL,No major anomaly detected by the current risk layers.
W10585,Vanya Suresh,Thane,State Housing Board,Drainage System,5.18,9.2,0.0,0.0,0.0,9.2,3.68,LOW,NORMAL,No major anomaly detected by the current risk layers.
W11159,Hemang Bava,Howrah,Zilla Panchayat,Street Lighting,3.39,9.19,0.0,0.0,0.0,9.19,3.68,LOW,NORMAL,No major anomaly detected by the current risk layers.
W11407,Ishwar Boase,Thane,Public Works Department,Drainage System,5.58,9.16,0.0,0.0,0.0,9.16,3.67,LOW,NORMAL,No major anomaly detected by the current risk layers.
W10970,Sanya Swamy,Agra,Zilla Panchayat,Public Toilet Complex,4.24,9.17,0.0,0.0,0.0,9.17,3.67,LOW,NORMAL,No major anomaly detected by the current risk layers.
W10279,Owen Bansal,Thane,Zilla Panchayat,Drainage System,8.65,9.14,0.0,0.0,0.0,9.14,3.66,LOW,NORMAL,No major anomaly detected by the current risk layers.
W10332,Ria Ratta,Varanasi,Municipal Corporation,Drainage System,15.67,9.16,0.0,0.0,0.0,9.16,3.66,LOW,NORMAL,No major anomaly detected by the current risk layers.
W10056,Christopher Kadakia,Kanpur,Zilla Panchayat,Public Toilet Complex,3.28,9.14,0.0,0.0,0.0,9.14,3.66,LOW,NORMAL,No major anomaly detected by the current risk layers.
W10992,Krishna Pant,Belagavi,State Housing Board,Drainage System,6.36,9.16,0.0,0.0,0.0,9.16,3.66,LOW,NORMAL,No major anomaly detected by the current risk layers.
W10140,Yamini Chand,Pune,Municipal Corporation,Drinking Water Supply,10.88,9.12,0.0,0.0,0.0,9.12,3.65,LOW,NORMAL,No major anomaly detected by the current risk layers.
W12261,Meera Banerjee,Kolkata,State Housing Board,Community Health Center,21.72,9.13,0.0,0.0,0.0,9.13,3.65,LOW,NORMAL,No major anomaly detected by the current risk layers.
W12022,Azaan Gupta,Nagpur,Public Works Department,Drainage System,11.35,9.1,0.0,0.0,0.0,9.1,3.64,LOW,NORMAL,No major anomaly detected by the current risk layers.
W10045,Owen Bansal,Howrah,Municipal Corporation,Drinking Water Supply,10.9,9.06,0.0,0.0,0.0,9.06,3.63,LOW,NORMAL,No major anomaly detected by the current risk layers.
W11647,Onveer Kata,Darjeeling,Zilla Panchayat,School Building Repair,13.65,9.08,0.0,0.0,0.0,9.08,3.63,LOW,NORMAL,No major anomaly detected by the current risk layers.
W11254,Hemang Bava,Coimbatore,District Rural Development Agency,Community Health Center,22.59,9.08,0.0,0.0,0.0,9.08,3.63,LOW,NORMAL,No major anomaly detected by the current risk layers.
W10099,Sanya Swamy,Agra,Public Works Department,Drinking Water Supply,17.91,9.03,0.0,0.0,0.0,9.03,3.61,LOW,NORMAL,No major anomaly detected by the current risk layers.
W11707,Sanya Swamy,Agra,State Housing Board,Community Health Center,14.9,9.03,0.0,0.0,0.0,9.03,3.61,LOW,NORMAL,No major anomaly detected by the current risk layers.
W11103,Harrison Kapur,Madurai,Public Works Department,Drinking Water Supply,5.43,9.03,0.0,0.0,0.0,9.03,3.61,LOW,NORMAL,No major anomaly detected by the current risk layers.
W12108,Sanya Swamy,Dharwad,District Rural Development Agency,Public Toilet Complex,7.3,9.01,0.0,0.0,0.0,9.01,3.61,LOW,NORMAL,No major anomaly detected by the current risk layers.
W10481,Owen Bansal,Agra,Zilla Panchayat,School Building Repair,5.63,9.02,0.0,0.0,0.0,9.02,3.61,LOW,NORMAL,No major anomaly detected by the current risk layers.
W12412,Vrinda Biswas,Nagpur,State Housing Board,School Building Repair,11.12,9.0,0.0,0.0,0.0,9.0,3.6,LOW,NORMAL,No major anomaly detected by the current risk layers.
W12990,Owen Bala,Dharwad,Public Works Department,Street Lighting,4.69,9.01,0.0,0.0,0.0,9.01,3.6,LOW,NORMAL,No major anomaly detected by the current risk layers.
W10779,Mugdha Varty,Madurai,Zilla Panchayat,Drainage System,3.95,9.01,0.0,0.0,0.0,9.01,3.6,LOW,NORMAL,No major anomaly detected by the current risk layers.
W11610,Hemang Bava,Howrah,Public Works Department,Street Lighting,2.71,8.98,0.0,0.0,0.0,8.98,3.59,LOW,NORMAL,No major anomaly detected by the current risk layers.
W11153,Widisha Yohannan,Madurai,Municipal Corporation,Community Health Center,13.19,8.98,0.0,0.0,0.0,8.98,3.59,LOW,NORMAL,No major anomaly detected by the current risk layers.
W12681,Oliver Sarma,Lucknow,Municipal Corporation,Drinking Water Supply,13.33,8.92,0.0,0.0,0.0,8.92,3.57,LOW,NORMAL,No major anomaly detected by the current risk layers.
W10379,Bachittar Choudhry,Belagavi,Municipal Corporation,Drainage System,11.03,8.92,0.0,0.0,0.0,8.92,3.57,LOW,NORMAL,No major anomaly detected by the current risk layers.
W10959,Lucky Prashad,Salem,Zilla Panchayat,Drinking Water Supply,7.23,8.93,0.0,0.0,0.0,8.93,3.57,LOW,NORMAL,No major anomaly detected by the current risk layers.
W10489,Ria Ratta,Chennai,State Housing Board,School Building Repair,8.11,8.92,0.0,0.0,0.0,8.92,3.57,LOW,NORMAL,No major anomaly detected by the current risk layers.
W10507,Sanya Swamy,Coimbatore,District Rural Development Agency,Drainage System,4.6,8.89,0.0,0.0,0.0,8.89,3.56,LOW,NORMAL,No major anomaly detected by the current risk layers.
W10798,Krishna Pant,Asansol,Public Works Department,Road Construction,5.36,8.9,0.0,0.0,0.0,8.9,3.56,LOW,NORMAL,No major anomaly detected by the current risk layers.
W12888,Eesha Memon,Kanpur,District Rural Development Agency,Public Toilet Complex,3.09,8.88,0.0,0.0,0.0,8.88,3.55,LOW,NORMAL,No major anomaly detected by the current risk layers.
W10053,Ronith Zachariah,Darjeeling,State Housing Board,Drainage System,16.37,8.88,0.0,0.0,0.0,8.88,3.55,LOW,NORMAL,No major anomaly detected by the current risk layers.
W10582,Hemang Bava,Lucknow,Public Works Department,Street Lighting,5.75,8.89,0.0,0.0,0.0,8.89,3.55,LOW,NORMAL,No major anomaly detected by the current risk layers.
W10156,Rayaan Mand,Madurai,State Housing Board,Public Toilet Complex,7.11,8.86,0.0,0.0,0.0,8.86,3.54,LOW,NORMAL,No major anomaly detected by the current risk layers.
W10245,Ekansh Sami,Coimbatore,District Rural Development Agency,Drainage System,9.95,8.86,0.0,0.0,0.0,8.86,3.54,LOW,NORMAL,No major anomaly detected by the current risk layers.
W12133,Onveer Kata,Nashik,Municipal Corporation,Drainage System,17.54,8.83,0.0,0.0,0.0,8.83,3.53,LOW,NORMAL,No major anomaly detected by the current risk layers.
W10157,Nicholas Gour,Madurai,Zilla Panchayat,Public Toilet Complex,6.19,8.8,0.0,0.0,0.0,8.8,3.52,LOW,NORMAL,No major anomaly detected by the current risk layers.
W11204,Deepa Gala,Nashik,State Housing Board,Street Lighting,5.28,8.81,0.0,0.0,0.0,8.81,3.52,LOW,NORMAL,No major anomaly detected by the current risk layers.
W12935,Yadavi Deshmukh,Kanpur,Municipal Corporation,Public Toilet Complex,6.97,8.78,0.0,0.0,0.0,8.78,3.51,LOW,NORMAL,No major anomaly detected by the current risk layers.
W10963,Owen Bansal,Mysuru,Public Works Department,School Building Repair,4.51,8.75,0.0,0.0,0.0,8.75,3.5,LOW,NORMAL,No major anomaly detected by the current risk layers.
W10377,Gaurav Chandra,Chennai,Zilla Panchayat,Road Construction,18.58,8.76,0.0,0.0,0.0,8.76,3.5,LOW,NORMAL,No major anomaly detected by the current risk layers.
W10608,Lucky Prashad,Pune,State Housing Board,Road Construction,25.0,8.73,0.0,0.0,0.0,8.73,3.49,LOW,NORMAL,No major anomaly detected by the current risk layers.
W12655,Owen Bala,Kanpur,Municipal Corporation,Drinking Water Supply,14.93,8.73,0.0,0.0,0.0,8.73,3.49,LOW,NORMAL,No major anomaly detected by the current risk layers.
W12851,Tanish Iyer,Kanpur,State Housing Board,Drinking Water Supply,5.86,8.74,0.0,0.0,0.0,8.74,3.49,LOW,NORMAL,No major anomaly detected by the current risk layers.
W12114,Gabriel Thaman,Kanpur,Public Works Department,Public Toilet Complex,3.84,8.67,0.0,0.0,0.0,8.67,3.47,LOW,NORMAL,No major anomaly detected by the current risk layers.
W10605,Oliver Sarma,Dharwad,Municipal Corporation,School Building Repair,4.94,8.68,0.0,0.0,0.0,8.68,3.47,LOW,NORMAL,No major anomaly detected by the current risk layers.
W11307,Widisha Yohannan,Howrah,Public Works Department,Drinking Water Supply,14.06,8.67,0.0,0.0,0.0,8.67,3.47,LOW,NORMAL,No major anomaly detected by the current risk layers.
W10874,Tanish Iyer,Lucknow,Zilla Panchayat,Drinking Water Supply,4.97,8.66,0.0,0.0,0.0,8.66,3.46,LOW,NORMAL,No major anomaly detected by the current risk layers.
W12753,Leena Butala,Kanpur,State Housing Board,Drinking Water Supply,13.05,8.59,0.0,0.0,0.0,8.59,3.44,LOW,NORMAL,No major anomaly detected by the current risk layers.
W10272,Ria Ratta,Kanpur,Municipal Corporation,Road Construction,10.85,8.58,0.0,0.0,0.0,8.58,3.43,LOW,NORMAL,No major anomaly detected by the current risk layers.
W11288,Azaan Gupta,Asansol,Public Works Department,Drainage System,10.27,8.57,0.0,0.0,0.0,8.57,3.43,LOW,NORMAL,No major anomaly detected by the current risk layers.
W11653,Yamini Chand,Kolkata,State Housing Board,Road Construction,8.9,8.54,0.0,0.0,0.0,8.54,3.42,LOW,NORMAL,No major anomaly detected by the current risk layers.
W10289,Meera Banerjee,Nagpur,District Rural Development Agency,Drinking Water Supply,16.04,8.55,0.0,0.0,0.0,8.55,3.42,LOW,NORMAL,No major anomaly detected by the current risk layers.
W12364,Rayaan Mand,Mysuru,Zilla Panchayat,Street Lighting,5.83,8.56,0.0,0.0,0.0,8.56,3.42,LOW,NORMAL,No major anomaly detected by the current risk layers.
W12843,Triya Khatri,Varanasi,Zilla Panchayat,Drainage System,8.79,8.56,0.0,0.0,0.0,8.56,3.42,LOW,NORMAL,No major anomaly detected by the current risk layers.
W12656,Oliver Sarma,Chennai,Municipal Corporation,School Building Repair,5.1,8.5,0.0,0.0,0.0,8.5,3.4,LOW,NORMAL,No major anomaly detected by the current risk layers.
W12096,Yadavi Deshmukh,Asansol,Public Works Department,Public Toilet Complex,7.84,8.49,0.0,0.0,0.0,8.49,3.4,LOW,NORMAL,No major anomaly detected by the current risk layers.
W11776,Oliver Sarma,Pune,State Housing Board,School Building Repair,11.84,8.47,0.0,0.0,0.0,8.47,3.39,LOW,NORMAL,No major anomaly detected by the current risk layers.
W10283,Leena Butala,Agra,State Housing Board,Drainage System,13.19,8.45,0.0,0.0,0.0,8.45,3.38,LOW,NORMAL,No major anomaly detected by the current risk layers.
W12932,Ishwar Boase,Nashik,Public Works Department,Street Lighting,4.71,8.37,0.0,0.0,0.0,8.37,3.35,LOW,NORMAL,No major anomaly detected by the current risk layers.
W11878,Ria Ratta,Darjeeling,State Housing Board,Road Construction,12.82,8.37,0.0,0.0,0.0,8.37,3.35,LOW,NORMAL,No major anomaly detected by the current risk layers.
W12547,Nicholas Gour,Kolkata,Zilla Panchayat,School Building Repair,14.48,8.37,0.0,0.0,0.0,8.37,3.35,LOW,NORMAL,No major anomaly detected by the current risk layers.
W10530,Gabriel Thaman,Bengaluru Urban,Public Works Department,Street Lighting,5.08,8.37,0.0,0.0,0.0,8.37,3.35,LOW,NORMAL,No major anomaly detected by the current risk layers.
W10538,Yutika Rana,Mysuru,Zilla Panchayat,Road Construction,14.33,8.37,0.0,0.0,0.0,8.37,3.35,LOW,NORMAL,No major anomaly detected by the current risk layers.
W12798,Yadavi Deshmukh,Belagavi,State Housing Board,Drainage System,13.68,8.35,0.0,0.0,0.0,8.35,3.34,LOW,NORMAL,No major anomaly detected by the current risk layers.
W12223,Lucky Prashad,Coimbatore,Zilla Panchayat,Road Construction,19.64,8.32,0.0,0.0,0.0,8.32,3.33,LOW,NORMAL,No major anomaly detected by the current risk layers.
W12993,Christopher Kadakia,Belagavi,Public Works Department,Street Lighting,5.88,8.32,0.0,0.0,0.0,8.32,3.33,LOW,NORMAL,No major anomaly detected by the current risk layers.
W11370,Jagat Mangat,Salem,State Housing Board,School Building Repair,7.5,8.32,0.0,0.0,0.0,8.32,3.33,LOW,NORMAL,No major anomaly detected by the current risk layers.
W11801,Azaan Gupta,Lucknow,District Rural Development Agency,Public Toilet Complex,6.13,8.31,0.0,0.0,0.0,8.31,3.32,LOW,NORMAL,No major anomaly detected by the current risk layers.
W11007,Gabriel Thaman,Lucknow,Zilla Panchayat,Drainage System,9.96,8.27,0.0,0.0,0.0,8.27,3.31,LOW,NORMAL,No major anomaly detected by the current risk layers.
W11650,Yug Choudhry,Kanpur,Zilla Panchayat,Drinking Water Supply,4.82,8.27,0.0,0.0,0.0,8.27,3.31,LOW,NORMAL,No major anomaly detected by the current risk layers.
W12464,Pallavi Krish,Madurai,District Rural Development Agency,Street Lighting,3.86,8.28,0.0,0.0,0.0,8.28,3.31,LOW,NORMAL,No major anomaly detected by the current risk layers.
W10857,Harrison Kapur,Asansol,Zilla Panchayat,Street Lighting,3.79,8.28,0.0,0.0,0.0,8.28,3.31,LOW,NORMAL,No major anomaly detected by the current risk layers.
W11413,Leena Butala,Lucknow,Zilla Panchayat,Drainage System,12.89,8.25,0.0,0.0,0.0,8.25,3.3,LOW,NORMAL,No major anomaly detected by the current risk layers.
W10344,Tanish Iyer,Thane,District Rural Development Agency,Drinking Water Supply,14.98,8.21,0.0,0.0,0.0,8.21,3.29,LOW,NORMAL,No major anomaly detected by the current risk layers.
W10596,Harrison Kapur,Bengaluru Urban,State Housing Board,School Building Repair,12.34,8.22,0.0,0.0,0.0,8.22,3.29,LOW,NORMAL,No major anomaly detected by the current risk layers.
W11470,Meera Banerjee,Madurai,Municipal Corporation,Drainage System,13.25,8.19,0.0,0.0,0.0,8.19,3.28,LOW,NORMAL,No major anomaly detected by the current risk layers.
W10463,Eesha Memon,Belagavi,Public Works Department,Street Lighting,1.35,8.2,0.0,0.0,0.0,8.2,3.28,LOW,NORMAL,No major anomaly detected by the current risk layers.
W10533,Vanya Suresh,Nashik,Public Works Department,Road Construction,19.78,8.17,0.0,0.0,0.0,8.17,3.27,LOW,NORMAL,No major anomaly detected by the current risk layers.
W12586,Yutika Rana,Salem,Public Works Department,Public Toilet Complex,5.6,8.18,0.0,0.0,0.0,8.18,3.27,LOW,NORMAL,No major anomaly detected by the current risk layers.
W11342,Ronith Zachariah,Chennai,District Rural Development Agency,Community Health Center,16.37,8.15,0.0,0.0,0.0,8.15,3.26,LOW,NORMAL,No major anomaly detected by the current risk layers.
W12407,Owen Bala,Bengaluru Urban,Public Works Department,Public Toilet Complex,6.55,8.15,0.0,0.0,0.0,8.15,3.26,LOW,NORMAL,No major anomaly detected by the current risk layers.
W10766,Bachittar Choudhry,Agra,Zilla Panchayat,Drinking Water Supply,4.33,8.15,0.0,0.0,0.0,8.15,3.26,LOW,NORMAL,No major anomaly detected by the current risk layers.
W12858,Owen Bala,Agra,District Rural Development Agency,Public Toilet Complex,6.44,8.13,0.0,0.0,0.0,8.13,3.25,LOW,NORMAL,No major anomaly detected by the current risk layers.
W10513,Bachittar Choudhry,Thane,Municipal Corporation,Public Toilet Complex,6.51,8.13,0.0,0.0,0.0,8.13,3.25,LOW,NORMAL,No major anomaly detected by the current risk layers.
W10958,Mugdha Varty,Kolkata,Zilla Panchayat,Drinking Water Supply,7.78,8.1,0.0,0.0,0.0,8.1,3.24,LOW,NORMAL,No major anomaly detected by the current risk layers.
W10886,Advaith Gole,Darjeeling,Public Works Department,Drainage System,13.77,8.1,0.0,0.0,0.0,8.1,3.24,LOW,NORMAL,No major anomaly detected by the current risk layers.
W12614,Bachittar Choudhry,Nashik,Public Works Department,Drinking Water Supply,5.2,8.08,0.0,0.0,0.0,8.08,3.23,LOW,NORMAL,No major anomaly detected by the current risk layers.
W12173,Odika Naik,Thane,Zilla Panchayat,School Building Repair,3.45,8.07,0.0,0.0,0.0,8.07,3.23,LOW,NORMAL,No major anomaly detected by the current risk layers.
W10136,Rayaan Mand,Madurai,Public Works Department,Drinking Water Supply,9.62,8.05,0.0,0.0,0.0,8.05,3.22,LOW,NORMAL,No major anomaly detected by the current risk layers.
W10214,Eesha Memon,Agra,Zilla Panchayat,Drinking Water Supply,19.31,8.05,0.0,0.0,0.0,8.05,3.22,LOW,NORMAL,No major anomaly detected by the current risk layers.
W12687,Nicholas Gour,Kanpur,Public Works Department,School Building Repair,8.77,7.99,0.0,0.0,0.0,7.99,3.2,LOW,NORMAL,No major anomaly detected by the current risk layers.
W11935,Meera Banerjee,Kolkata,Public Works Department,Community Health Center,19.13,8.0,0.0,0.0,0.0,8.0,3.2,LOW,NORMAL,No major anomaly detected by the current risk layers.
W10846,Sanya Swamy,Kolkata,Zilla Panchayat,Road Construction,16.84,8.01,0.0,0.0,0.0,8.01,3.2,LOW,NORMAL,No major anomaly detected by the current risk layers.
W12266,Leena Butala,Varanasi,State Housing Board,Public Toilet Complex,6.89,8.01,0.0,0.0,0.0,8.01,3.2,LOW,NORMAL,No major anomaly detected by the current risk layers.
W12938,Harrison Kapur,Nashik,State Housing Board,School Building Repair,14.01,7.97,0.0,0.0,0.0,7.97,3.19,LOW,NORMAL,No major anomaly detected by the current risk layers.
W10295,Advaith Gole,Chennai,Zilla Panchayat,Community Health Center,15.46,7.95,0.0,0.0,0.0,7.95,3.18,LOW,NORMAL,No major anomaly detected by the current risk layers.
W11938,Azaan Gupta,Chennai,Municipal Corporation,Drinking Water Supply,11.08,7.93,0.0,0.0,0.0,7.93,3.17,LOW,NORMAL,No major anomaly detected by the current risk layers.
W11092,Onveer Kata,Salem,District Rural Development Agency,Drainage System,8.71,7.93,0.0,0.0,0.0,7.93,3.17,LOW,NORMAL,No major anomaly detected by the current risk layers.
W12363,Varsha Morar,Nashik,Zilla Panchayat,Street Lighting,2.35,7.9,0.0,0.0,0.0,7.9,3.16,LOW,NORMAL,No major anomaly detected by the current risk layers.
W11958,Bachittar Choudhry,Nagpur,State Housing Board,Public Toilet Complex,6.13,7.9,0.0,0.0,0.0,7.9,3.16,LOW,NORMAL,No major anomaly detected by the current risk layers.
W11415,Hemang Bava,Salem,Public Works Department,Drainage System,5.28,7.87,0.0,0.0,0.0,7.87,3.15,LOW,NORMAL,No major anomaly detected by the current risk layers.
W12082,Varsha Morar,Agra,Public Works Department,Drainage System,15.72,7.86,0.0,0.0,0.0,7.86,3.15,LOW,NORMAL,No major anomaly detected by the current risk layers.
W11582,Christopher Kadakia,Nashik,District Rural Development Agency,Street Lighting,5.18,7.84,0.0,0.0,0.0,7.84,3.14,LOW,NORMAL,No major anomaly detected by the current risk layers.
W12233,Jagat Mangat,Kanpur,Municipal Corporation,Drainage System,7.71,7.86,0.0,0.0,0.0,7.86,3.14,LOW,NORMAL,No major anomaly detected by the current risk layers.
W12180,Owen Bala,Madurai,Public Works Department,Street Lighting,3.25,7.86,0.0,0.0,0.0,7.86,3.14,LOW,NORMAL,No major anomaly detected by the current risk layers.
W12818,Odika Naik,Nagpur,Municipal Corporation,Drainage System,4.97,7.79,0.0,0.0,0.0,7.79,3.12,LOW,NORMAL,No major anomaly detected by the current risk layers.
W12794,Ria Ratta,Bengaluru Urban,Municipal Corporation,Public Toilet Complex,6.51,7.8,0.0,0.0,0.0,7.8,3.12,LOW,NORMAL,No major anomaly detected by the current risk layers.
W12965,Harrison Kapur,Nagpur,State Housing Board,School Building Repair,4.18,7.8,0.0,0.0,0.0,7.8,3.12,LOW,NORMAL,No major anomaly detected by the current risk layers.
W12095,Meera Banerjee,Asansol,Municipal Corporation,School Building Repair,9.43,7.79,0.0,0.0,0.0,7.79,3.12,LOW,NORMAL,No major anomaly detected by the current risk layers.
W11418,Vrinda Biswas,Varanasi,Municipal Corporation,Drinking Water Supply,7.18,7.8,0.0,0.0,0.0,7.8,3.12,LOW,NORMAL,No major anomaly detected by the current risk layers.
W12922,Yamini Chand,Howrah,State Housing Board,Street Lighting,5.74,7.78,0.0,0.0,0.0,7.78,3.11,LOW,NORMAL,No major anomaly detected by the current risk layers.
W10276,Vrinda Biswas,Salem,Municipal Corporation,Street Lighting,4.91,7.78,0.0,0.0,0.0,7.78,3.11,LOW,NORMAL,No major anomaly detected by the current risk layers.
W11451,Nicholas Gour,Bengaluru Urban,Public Works Department,Street Lighting,4.56,7.77,0.0,0.0,0.0,7.77,3.11,LOW,NORMAL,No major anomaly detected by the current risk layers.
W10032,Widisha Yohannan,Madurai,State Housing Board,School Building Repair,8.26,7.77,0.0,0.0,0.0,7.77,3.11,LOW,NORMAL,No major anomaly detected by the current risk layers.
W10800,Mugdha Varty,Kolkata,State Housing Board,Road Construction,13.88,7.76,0.0,0.0,0.0,7.76,3.1,LOW,NORMAL,No major anomaly detected by the current risk layers.
W12427,Advaith Gole,Nashik,District Rural Development Agency,Drinking Water Supply,15.91,7.75,0.0,0.0,0.0,7.75,3.1,LOW,NORMAL,No major anomaly detected by the current risk layers.
W12606,Vrinda Biswas,Madurai,District Rural Development Agency,Drinking Water Supply,7.6,7.73,0.0,0.0,0.0,7.73,3.09,LOW,NORMAL,No major anomaly detected by the current risk layers.
W12971,Rayaan Mand,Howrah,Zilla Panchayat,Drinking Water Supply,10.53,7.72,0.0,0.0,0.0,7.72,3.09,LOW,NORMAL,No major anomaly detected by the current risk layers.
W12637,Ishwar Boase,Mysuru,State Housing Board,Public Toilet Complex,4.43,7.73,0.0,0.0,0.0,7.73,3.09,LOW,NORMAL,No major anomaly detected by the current risk layers.
W11351,Vanya Suresh,Chennai,Zilla Panchayat,Street Lighting,5.04,7.69,0.0,0.0,0.0,7.69,3.08,LOW,NORMAL,No major anomaly detected by the current risk layers.
W12465,Rayaan Mand,Nagpur,Public Works Department,School Building Repair,5.08,7.68,0.0,0.0,0.0,7.68,3.07,LOW,NORMAL,No major anomaly detected by the current risk layers.
W11334,Yadavi Deshmukh,Chennai,District Rural Development Agency,Public Toilet Complex,4.15,7.66,0.0,0.0,0.0,7.66,3.07,LOW,NORMAL,No major anomaly detected by the current risk layers.
W11900,Gaurav Chandra,Bengaluru Urban,Municipal Corporation,Street Lighting,2.22,7.68,0.0,0.0,0.0,7.68,3.07,LOW,NORMAL,No major anomaly detected by the current risk layers.
W10940,Bachittar Choudhry,Kanpur,State Housing Board,Community Health Center,19.97,7.64,0.0,0.0,0.0,7.64,3.06,LOW,NORMAL,No major anomaly detected by the current risk layers.
W12773,Mugdha Varty,Lucknow,District Rural Development Agency,School Building Repair,13.52,7.62,0.0,0.0,0.0,7.62,3.05,LOW,NORMAL,No major anomaly detected by the current risk layers.
W12695,Meera Banerjee,Nagpur,District Rural Development Agency,Public Toilet Complex,6.76,7.62,0.0,0.0,0.0,7.62,3.05,LOW,NORMAL,No major anomaly detected by the current risk layers.
W10616,Deepa Gala,Madurai,Public Works Department,Street Lighting,3.68,7.6,0.0,0.0,0.0,7.6,3.04,LOW,NORMAL,No major anomaly detected by the current risk layers.
W12297,Varsha Morar,Belagavi,District Rural Development Agency,Community Health Center,19.12,7.57,0.0,0.0,0.0,7.57,3.03,LOW,NORMAL,No major anomaly detected by the current risk layers.
W11464,Leena Butala,Madurai,Zilla Panchayat,Public Toilet Complex,5.05,7.58,0.0,0.0,0.0,7.58,3.03,LOW,NORMAL,No major anomaly detected by the current risk layers.
W12299,Ria Ratta,Varanasi,State Housing Board,Public Toilet Complex,7.63,7.55,0.0,0.0,0.0,7.55,3.02,LOW,NORMAL,No major anomaly detected by the current risk layers.
W12353,Ronith Zachariah,Darjeeling,District Rural Development Agency,Drainage System,4.23,7.56,0.0,0.0,0.0,7.56,3.02,LOW,NORMAL,No major anomaly detected by the current risk layers.
W12613,Mugdha Varty,Belagavi,State Housing Board,Community Health Center,12.16,7.55,0.0,0.0,0.0,7.55,3.02,LOW,NORMAL,No major anomaly detected by the current risk layers.
W10443,Triya Khatri,Asansol,Municipal Corporation,Drainage System,6.38,7.56,0.0,0.0,0.0,7.56,3.02,LOW,NORMAL,No major anomaly detected by the current risk layers.
W12657,Yug Choudhry,Asansol,Public Works Department,Drinking Water Supply,4.08,7.53,0.0,0.0,0.0,7.53,3.01,LOW,NORMAL,No major anomaly detected by the current risk layers.
W11657,Victor Venkataraman,Chennai,Municipal Corporation,Road Construction,13.36,7.49,0.0,0.0,0.0,7.49,3.0,LOW,NORMAL,No major anomaly detected by the current risk layers.
W12032,Yamini Chand,Chennai,Zilla Panchayat,Road Construction,5.46,7.49,0.0,0.0,0.0,7.49,3.0,LOW,NORMAL,No major anomaly detected by the current risk layers.
W10177,Onveer Kata,Asansol,Public Works Department,Drinking Water Supply,4.59,7.48,0.0,0.0,0.0,7.48,2.99,LOW,NORMAL,No major anomaly detected by the current risk layers.
W10883,Vrinda Biswas,Asansol,District Rural Development Agency,Drainage System,8.89,7.48,0.0,0.0,0.0,7.48,2.99,LOW,NORMAL,No major anomaly detected by the current risk layers.
W10457,Varsha Morar,Kolkata,Zilla Panchayat,Drinking Water Supply,16.24,7.44,0.0,0.0,0.0,7.44,2.98,LOW,NORMAL,No major anomaly detected by the current risk layers.
W10092,Christopher Kadakia,Asansol,State Housing Board,Community Health Center,12.17,7.42,0.0,0.0,0.0,7.42,2.97,LOW,NORMAL,No major anomaly detected by the current risk layers.
W12947,Hemang Bava,Lucknow,District Rural Development Agency,Drainage System,12.05,7.43,0.0,0.0,0.0,7.43,2.97,LOW,NORMAL,No major anomaly detected by the current risk layers.
W10607,Victor Venkataraman,Kolkata,District Rural Development Agency,Drinking Water Supply,11.53,7.4,0.0,0.0,0.0,7.4,2.96,LOW,NORMAL,No major anomaly detected by the current risk layers.
W10659,Owen Bala,Salem,State Housing Board,Public Toilet Complex,7.69,7.4,0.0,0.0,0.0,7.4,2.96,LOW,NORMAL,No major anomaly detected by the current risk layers.
W12317,Odika Naik,Belagavi,Zilla Panchayat,Drainage System,8.79,7.4,0.0,0.0,0.0,7.4,2.96,LOW,NORMAL,No major anomaly detected by the current risk layers.
W10132,Ishwar Boase,Belagavi,District Rural Development Agency,Drainage System,4.95,7.39,0.0,0.0,0.0,7.39,2.95,LOW,NORMAL,No major anomaly detected by the current risk layers.
W10386,Azaan Gupta,Coimbatore,Zilla Panchayat,Drinking Water Supply,9.89,7.37,0.0,0.0,0.0,7.37,2.95,LOW,NORMAL,No major anomaly detected by the current risk layers.
W11440,Ronith Zachariah,Nagpur,Public Works Department,Road Construction,5.52,7.35,0.0,0.0,0.0,7.35,2.94,LOW,NORMAL,No major anomaly detected by the current risk layers.
W12571,Yutika Rana,Darjeeling,District Rural Development Agency,Drainage System,9.07,7.34,0.0,0.0,0.0,7.34,2.94,LOW,NORMAL,No major anomaly detected by the current risk layers.
W12313,Ekansh Sami,Chennai,Zilla Panchayat,School Building Repair,6.59,7.35,0.0,0.0,0.0,7.35,2.94,LOW,NORMAL,No major anomaly detected by the current risk layers.
W12545,Hemang Bava,Nashik,Public Works Department,Drainage System,11.92,7.32,0.0,0.0,0.0,7.32,2.93,LOW,NORMAL,No major anomaly detected by the current risk layers.
W12441,Owen Bala,Thane,District Rural Development Agency,School Building Repair,9.93,7.33,0.0,0.0,0.0,7.33,2.93,LOW,NORMAL,No major anomaly detected by the current risk layers.
W11888,Christopher Kadakia,Darjeeling,Public Works Department,Community Health Center,16.51,7.31,0.0,0.0,0.0,7.31,2.92,LOW,NORMAL,No major anomaly detected by the current risk layers.
W11293,Tanish Iyer,Thane,Municipal Corporation,Street Lighting,2.39,7.26,0.0,0.0,0.0,7.26,2.91,LOW,NORMAL,No major anomaly detected by the current risk layers.
W11621,Eesha Memon,Coimbatore,District Rural Development Agency,Street Lighting,5.92,7.27,0.0,0.0,0.0,7.27,2.91,LOW,NORMAL,No major anomaly detected by the current risk layers.
W10314,Varsha Morar,Kanpur,Public Works Department,Public Toilet Complex,7.96,7.27,0.0,0.0,0.0,7.27,2.91,LOW,NORMAL,No major anomaly detected by the current risk layers.
W11442,Advaith Gole,Varanasi,State Housing Board,School Building Repair,6.87,7.24,0.0,0.0,0.0,7.24,2.9,LOW,NORMAL,No major anomaly detected by the current risk layers.
W11385,Bachittar Choudhry,Kanpur,Municipal Corporation,Drainage System,6.9,7.25,0.0,0.0,0.0,7.25,2.9,LOW,NORMAL,No major anomaly detected by the current risk layers.
W11299,Yug Choudhry,Coimbatore,Zilla Panchayat,Drinking Water Supply,11.38,7.26,0.0,0.0,0.0,7.26,2.9,LOW,NORMAL,No major anomaly detected by the current risk layers.
W11079,Ronith Zachariah,Belagavi,Zilla Panchayat,School Building Repair,5.18,7.25,0.0,0.0,0.0,7.25,2.9,LOW,NORMAL,No major anomaly detected by the current risk layers.
W11904,Vrinda Biswas,Kanpur,District Rural Development Agency,Public Toilet Complex,2.61,7.26,0.0,0.0,0.0,7.26,2.9,LOW,NORMAL,No major anomaly detected by the current risk layers.
W11436,Ishwar Boase,Mysuru,Municipal Corporation,Drainage System,14.1,7.26,0.0,0.0,0.0,7.26,2.9,LOW,NORMAL,No major anomaly detected by the current risk layers.
W11659,Owen Bansal,Coimbatore,State Housing Board,Public Toilet Complex,4.95,7.24,0.0,0.0,0.0,7.24,2.89,LOW,NORMAL,No major anomaly detected by the current risk layers.
W11641,Nicholas Gour,Madurai,Zilla Panchayat,Drinking Water Supply,17.69,7.21,0.0,0.0,0.0,7.21,2.88,LOW,NORMAL,No major anomaly detected by the current risk layers.
W11771,Ria Ratta,Salem,Public Works Department,School Building Repair,11.26,7.2,0.0,0.0,0.0,7.2,2.88,LOW,NORMAL,No major anomaly detected by the current risk layers.
W12145,Christopher Kadakia,Thane,Municipal Corporation,Community Health Center,13.48,7.18,0.0,0.0,0.0,7.18,2.87,LOW,NORMAL,No major anomaly detected by the current risk layers.
W10088,Sanya Swamy,Darjeeling,State Housing Board,Road Construction,8.2,7.15,0.0,0.0,0.0,7.15,2.86,LOW,NORMAL,No major anomaly detected by the current risk layers.
W12827,Harrison Kapur,Agra,District Rural Development Agency,Drainage System,11.02,7.16,0.0,0.0,0.0,7.16,2.86,LOW,NORMAL,No major anomaly detected by the current risk layers.
W12912,Azaan Gupta,Agra,State Housing Board,Drainage System,16.47,7.14,0.0,0.0,0.0,7.14,2.86,LOW,NORMAL,No major anomaly detected by the current risk layers.
W10930,Sanya Swamy,Agra,State Housing Board,Public Toilet Complex,6.52,7.12,0.0,0.0,0.0,7.12,2.85,LOW,NORMAL,No major anomaly detected by the current risk layers.
W11749,Ekansh Sami,Kanpur,District Rural Development Agency,School Building Repair,11.69,7.09,0.0,0.0,0.0,7.09,2.84,LOW,NORMAL,No major anomaly detected by the current risk layers.
W12225,Azaan Gupta,Pune,Municipal Corporation,School Building Repair,10.1,7.07,0.0,0.0,0.0,7.07,2.83,LOW,NORMAL,No major anomaly detected by the current risk layers.
W11616,Lucky Prashad,Bengaluru Urban,District Rural Development Agency,Drinking Water Supply,11.24,7.07,0.0,0.0,0.0,7.07,2.83,LOW,NORMAL,No major anomaly detected by the current risk layers.
W10690,Leena Butala,Belagavi,Municipal Corporation,Drinking Water Supply,7.35,7.04,0.0,0.0,0.0,7.04,2.82,LOW,NORMAL,No major anomaly detected by the current risk layers.
W10101,Rayaan Mand,Nashik,Zilla Panchayat,Drainage System,4.51,7.04,0.0,0.0,0.0,7.04,2.82,LOW,NORMAL,No major anomaly detected by the current risk layers.
W10547,Lucky Prashad,Asansol,State Housing Board,School Building Repair,9.8,7.05,0.0,0.0,0.0,7.05,2.82,LOW,NORMAL,No major anomaly detected by the current risk layers.
W12584,Harrison Kapur,Mysuru,State Housing Board,Street Lighting,2.86,7.02,0.0,0.0,0.0,7.02,2.81,LOW,NORMAL,No major anomaly detected by the current risk layers.
W11712,Ronith Zachariah,Bengaluru Urban,Municipal Corporation,Public Toilet Complex,4.16,7.04,0.0,0.0,0.0,7.04,2.81,LOW,NORMAL,No major anomaly detected by the current risk layers.
W10514,Yutika Rana,Nagpur,Municipal Corporation,Drainage System,4.5,6.99,0.0,0.0,0.0,6.99,2.8,LOW,NORMAL,No major anomaly detected by the current risk layers.
W10174,Sanya Swamy,Belagavi,District Rural Development Agency,School Building Repair,11.8,6.99,0.0,0.0,0.0,6.99,2.8,LOW,NORMAL,No major anomaly detected by the current risk layers.
W10487,Yutika Rana,Salem,District Rural Development Agency,Drainage System,6.49,6.97,0.0,0.0,0.0,6.97,2.79,LOW,NORMAL,No major anomaly detected by the current risk layers.
W12170,Jagat Mangat,Thane,Municipal Corporation,Street Lighting,3.32,6.97,0.0,0.0,0.0,6.97,2.79,LOW,NORMAL,No major anomaly detected by the current risk layers.
W11890,Yug Choudhry,Varanasi,Municipal Corporation,Street Lighting,2.69,6.98,0.0,0.0,0.0,6.98,2.79,LOW,NORMAL,No major anomaly detected by the current risk layers.
W12153,Jagat Mangat,Thane,District Rural Development Agency,Drainage System,14.98,6.98,0.0,0.0,0.0,6.98,2.79,LOW,NORMAL,No major anomaly detected by the current risk layers.
W12306,Eesha Memon,Asansol,Municipal Corporation,Drainage System,11.08,6.95,0.0,0.0,0.0,6.95,2.78,LOW,NORMAL,No major anomaly detected by the current risk layers.
W10625,Vanya Suresh,Coimbatore,District Rural Development Agency,School Building Repair,6.28,6.92,0.0,0.0,0.0,6.92,2.77,LOW,NORMAL,No major anomaly detected by the current risk layers.
W11736,Bachittar Choudhry,Kolkata,Municipal Corporation,Drinking Water Supply,5.81,6.93,0.0,0.0,0.0,6.93,2.77,LOW,NORMAL,No major anomaly detected by the current risk layers.
W10918,Sanya Swamy,Salem,Zilla Panchayat,Public Toilet Complex,7.73,6.93,0.0,0.0,0.0,6.93,2.77,LOW,NORMAL,No major anomaly detected by the current risk layers.
W11425,Bachittar Choudhry,Kanpur,Public Works Department,Drinking Water Supply,17.69,6.91,0.0,0.0,0.0,6.91,2.76,LOW,NORMAL,No major anomaly detected by the current risk layers.
W10323,Yug Choudhry,Howrah,Municipal Corporation,Drainage System,5.33,6.88,0.0,0.0,0.0,6.88,2.75,LOW,NORMAL,No major anomaly detected by the current risk layers.
W12774,Hemang Bava,Salem,Public Works Department,Public Toilet Complex,7.2,6.87,0.0,0.0,0.0,6.87,2.75,LOW,NORMAL,No major anomaly detected by the current risk layers.
W12408,Vrinda Biswas,Belagavi,Zilla Panchayat,Drainage System,17.67,6.88,0.0,0.0,0.0,6.88,2.75,LOW,NORMAL,No major anomaly detected by the current risk layers.
W11027,Hemang Bava,Salem,Zilla Panchayat,Street Lighting,2.43,6.88,0.0,0.0,0.0,6.88,2.75,LOW,NORMAL,No major anomaly detected by the current risk layers.
W10194,Lucky Prashad,Kolkata,State Housing Board,Street Lighting,4.2,6.84,0.0,0.0,0.0,6.84,2.74,LOW,NORMAL,No major anomaly detected by the current risk layers.
W10563,Widisha Yohannan,Varanasi,Municipal Corporation,School Building Repair,4.66,6.86,0.0,0.0,0.0,6.86,2.74,LOW,NORMAL,No major anomaly detected by the current risk layers.
W12771,Oliver Sarma,Nashik,District Rural Development Agency,School Building Repair,3.9,6.82,0.0,0.0,0.0,6.82,2.73,LOW,NORMAL,No major anomaly detected by the current risk layers.
W11444,Ekansh Sami,Chennai,Public Works Department,School Building Repair,5.71,6.83,0.0,0.0,0.0,6.83,2.73,LOW,NORMAL,No major anomaly detected by the current risk layers.
W12679,Harrison Kapur,Belagavi,Zilla Panchayat,Drainage System,9.99,6.8,0.0,0.0,0.0,6.8,2.72,LOW,NORMAL,No major anomaly detected by the current risk layers.
W11333,Sanya Swamy,Mysuru,State Housing Board,Community Health Center,15.59,6.8,0.0,0.0,0.0,6.8,2.72,LOW,NORMAL,No major anomaly detected by the current risk layers.
W10145,Yug Choudhry,Thane,Municipal Corporation,Drainage System,13.34,6.77,0.0,0.0,0.0,6.77,2.71,LOW,NORMAL,No major anomaly detected by the current risk layers.
W10524,Jagat Mangat,Nagpur,District Rural Development Agency,Community Health Center,14.12,6.71,0.0,0.0,0.0,6.71,2.69,LOW,NORMAL,No major anomaly detected by the current risk layers.
W10447,Pallavi Krish,Howrah,State Housing Board,School Building Repair,9.25,6.72,0.0,0.0,0.0,6.72,2.69,LOW,NORMAL,No major anomaly detected by the current risk layers.
W10687,Nicholas Gour,Mysuru,District Rural Development Agency,Public Toilet Complex,5.0,6.7,0.0,0.0,0.0,6.7,2.68,LOW,NORMAL,No major anomaly detected by the current risk layers.
W11493,Owen Bala,Nagpur,District Rural Development Agency,Drinking Water Supply,19.77,6.7,0.0,0.0,0.0,6.7,2.68,LOW,NORMAL,No major anomaly detected by the current risk layers.
W10169,Triya Khatri,Lucknow,Public Works Department,Road Construction,5.67,6.68,0.0,0.0,0.0,6.68,2.67,LOW,NORMAL,No major anomaly detected by the current risk layers.
W12709,Azaan Gupta,Chennai,State Housing Board,Public Toilet Complex,7.98,6.67,0.0,0.0,0.0,6.67,2.67,LOW,NORMAL,No major anomaly detected by the current risk layers.
W11354,Ria Ratta,Varanasi,Zilla Panchayat,Road Construction,9.25,6.67,0.0,0.0,0.0,6.67,2.67,LOW,NORMAL,No major anomaly detected by the current risk layers.
W11843,Triya Khatri,Coimbatore,District Rural Development Agency,Public Toilet Complex,3.68,6.64,0.0,0.0,0.0,6.64,2.66,LOW,NORMAL,No major anomaly detected by the current risk layers.
W12289,Yutika Rana,Kolkata,State Housing Board,School Building Repair,5.34,6.56,0.0,0.0,0.0,6.56,2.62,LOW,NORMAL,No major anomaly detected by the current risk layers.
W10943,Gaurav Chandra,Agra,State Housing Board,School Building Repair,6.03,6.54,0.0,0.0,0.0,6.54,2.62,LOW,NORMAL,No major anomaly detected by the current risk layers.
W10023,Vanya Suresh,Thane,Public Works Department,School Building Repair,6.34,6.56,0.0,0.0,0.0,6.56,2.62,LOW,NORMAL,No major anomaly detected by the current risk layers.
W12393,Gabriel Thaman,Agra,Public Works Department,Drainage System,4.21,6.55,0.0,0.0,0.0,6.55,2.62,LOW,NORMAL,No major anomaly detected by the current risk layers.
W11875,Jagat Mangat,Darjeeling,Public Works Department,Drainage System,8.87,6.54,0.0,0.0,0.0,6.54,2.62,LOW,NORMAL,No major anomaly detected by the current risk layers.
W12976,Vanya Suresh,Kolkata,Zilla Panchayat,Public Toilet Complex,6.68,6.52,0.0,0.0,0.0,6.52,2.61,LOW,NORMAL,No major anomaly detected by the current risk layers.
W11250,Krishna Pant,Nashik,State Housing Board,Street Lighting,4.58,6.52,0.0,0.0,0.0,6.52,2.61,LOW,NORMAL,No major anomaly detected by the current risk layers.
W12723,Ronith Zachariah,Nagpur,Municipal Corporation,Road Construction,13.84,6.48,0.0,0.0,0.0,6.48,2.59,LOW,NORMAL,No major anomaly detected by the current risk layers.
W12130,Gaurav Chandra,Madurai,District Rural Development Agency,Drinking Water Supply,7.42,6.42,0.0,0.0,0.0,6.42,2.57,LOW,NORMAL,No major anomaly detected by the current risk layers.
W11241,Harrison Kapur,Belagavi,Municipal Corporation,Street Lighting,4.3,6.42,0.0,0.0,0.0,6.42,2.57,LOW,NORMAL,No major anomaly detected by the current risk layers.
W12920,Vrinda Biswas,Nashik,District Rural Development Agency,Drainage System,8.95,6.42,0.0,0.0,0.0,6.42,2.57,LOW,NORMAL,No major anomaly detected by the current risk layers.
W11188,Mugdha Varty,Darjeeling,Municipal Corporation,School Building Repair,9.77,6.43,0.0,0.0,0.0,6.43,2.57,LOW,NORMAL,No major anomaly detected by the current risk layers.
W12418,Hemang Bava,Dharwad,Public Works Department,Street Lighting,4.45,6.39,0.0,0.0,0.0,6.39,2.56,LOW,NORMAL,No major anomaly detected by the current risk layers.
W11455,Gaurav Chandra,Kanpur,Zilla Panchayat,Drinking Water Supply,4.78,6.37,0.0,0.0,0.0,6.37,2.55,LOW,NORMAL,No major anomaly detected by the current risk layers.
W10780,Hemang Bava,Pune,District Rural Development Agency,Street Lighting,4.67,6.36,0.0,0.0,0.0,6.36,2.55,LOW,NORMAL,No major anomaly detected by the current risk layers.
W12831,Deepa Gala,Kolkata,Municipal Corporation,Drainage System,13.5,6.37,0.0,0.0,0.0,6.37,2.55,LOW,NORMAL,No major anomaly detected by the current risk layers.
W11046,Yutika Rana,Thane,Public Works Department,Road Construction,14.59,6.36,0.0,0.0,0.0,6.36,2.54,LOW,NORMAL,No major anomaly detected by the current risk layers.
W10209,Tanish Iyer,Darjeeling,State Housing Board,Street Lighting,2.68,6.34,0.0,0.0,0.0,6.34,2.54,LOW,NORMAL,No major anomaly detected by the current risk layers.
W11742,Onveer Kata,Nagpur,State Housing Board,Public Toilet Complex,7.74,6.32,0.0,0.0,0.0,6.32,2.53,LOW,NORMAL,No major anomaly detected by the current risk layers.
W11698,Hemang Bava,Bengaluru Urban,District Rural Development Agency,Road Construction,7.88,6.33,0.0,0.0,0.0,6.33,2.53,LOW,NORMAL,No major anomaly detected by the current risk layers.
W11394,Vanya Suresh,Dharwad,Municipal Corporation,Public Toilet Complex,2.59,6.32,0.0,0.0,0.0,6.32,2.53,LOW,NORMAL,No major anomaly detected by the current risk layers.
W12786,Krishna Pant,Agra,Municipal Corporation,School Building Repair,12.13,6.31,0.0,0.0,0.0,6.31,2.53,LOW,NORMAL,No major anomaly detected by the current risk layers.
W12905,Ishwar Boase,Belagavi,Zilla Panchayat,Public Toilet Complex,3.32,6.31,0.0,0.0,0.0,6.31,2.52,LOW,NORMAL,No major anomaly detected by the current risk layers.
W12398,Rayaan Mand,Bengaluru Urban,Zilla Panchayat,Public Toilet Complex,6.26,6.23,0.0,0.0,0.0,6.23,2.49,LOW,NORMAL,No major anomaly detected by the current risk layers.
W10990,Meera Banerjee,Howrah,District Rural Development Agency,School Building Repair,5.54,6.22,0.0,0.0,0.0,6.22,2.49,LOW,NORMAL,No major anomaly detected by the current risk layers.
W12339,Odika Naik,Dharwad,Municipal Corporation,School Building Repair,11.93,6.19,0.0,0.0,0.0,6.19,2.48,LOW,NORMAL,No major anomaly detected by the current risk layers.
W12307,Rayaan Mand,Howrah,Zilla Panchayat,Drainage System,4.58,6.16,0.0,0.0,0.0,6.16,2.47,LOW,NORMAL,No major anomaly detected by the current risk layers.
W12177,Jagat Mangat,Darjeeling,State Housing Board,Street Lighting,4.1,6.18,0.0,0.0,0.0,6.18,2.47,LOW,NORMAL,No major anomaly detected by the current risk layers.
W11181,Vrinda Biswas,Agra,District Rural Development Agency,Drinking Water Supply,8.95,6.18,0.0,0.0,0.0,6.18,2.47,LOW,NORMAL,No major anomaly detected by the current risk layers.
W11780,Varsha Morar,Mysuru,Zilla Panchayat,Street Lighting,3.21,6.18,0.0,0.0,0.0,6.18,2.47,LOW,NORMAL,No major anomaly detected by the current risk layers.
W10304,Hemang Bava,Agra,Municipal Corporation,School Building Repair,9.93,6.1,0.0,0.0,0.0,6.1,2.44,LOW,NORMAL,No major anomaly detected by the current risk layers.
W10580,Varsha Morar,Lucknow,State Housing Board,Road Construction,13.66,6.08,0.0,0.0,0.0,6.08,2.43,LOW,NORMAL,No major anomaly detected by the current risk layers.
W11715,Lucky Prashad,Belagavi,State Housing Board,Drinking Water Supply,4.29,6.08,0.0,0.0,0.0,6.08,2.43,LOW,NORMAL,No major anomaly detected by the current risk layers.
W11673,Nicholas Gour,Bengaluru Urban,Municipal Corporation,Community Health Center,15.44,6.09,0.0,0.0,0.0,6.09,2.43,LOW,NORMAL,No major anomaly detected by the current risk layers.
W10562,Sanya Swamy,Chennai,Municipal Corporation,Drainage System,15.33,6.02,0.0,0.0,0.0,6.02,2.41,LOW,NORMAL,No major anomaly detected by the current risk layers.
W12839,Victor Venkataraman,Howrah,Zilla Panchayat,Drainage System,13.25,5.98,0.0,0.0,0.0,5.98,2.39,LOW,NORMAL,No major anomaly detected by the current risk layers.
W10352,Bachittar Choudhry,Howrah,Public Works Department,School Building Repair,4.2,5.95,0.0,0.0,0.0,5.95,2.38,LOW,NORMAL,No major anomaly detected by the current risk layers.
W12428,Ria Ratta,Chennai,Municipal Corporation,School Building Repair,5.81,5.95,0.0,0.0,0.0,5.95,2.38,LOW,NORMAL,No major anomaly detected by the current risk layers.
W12595,Onveer Kata,Lucknow,District Rural Development Agency,Drinking Water Supply,10.25,5.92,0.0,0.0,0.0,5.92,2.37,LOW,NORMAL,No major anomaly detected by the current risk layers.
W12509,Deepa Gala,Lucknow,Public Works Department,Drinking Water Supply,15.01,5.89,0.0,0.0,0.0,5.89,2.36,LOW,NORMAL,No major anomaly detected by the current risk layers.
W12125,Hemang Bava,Chennai,District Rural Development Agency,Street Lighting,4.49,5.9,0.0,0.0,0.0,5.9,2.36,LOW,NORMAL,No major anomaly detected by the current risk layers.
W12432,Christopher Kadakia,Asansol,Municipal Corporation,Road Construction,17.66,5.87,0.0,0.0,0.0,5.87,2.35,LOW,NORMAL,No major anomaly detected by the current risk layers.
W12041,Hemang Bava,Madurai,District Rural Development Agency,Street Lighting,2.57,5.84,0.0,0.0,0.0,5.84,2.34,LOW,NORMAL,No major anomaly detected by the current risk layers.
W10809,Rayaan Mand,Belagavi,District Rural Development Agency,Public Toilet Complex,7.89,5.86,0.0,0.0,0.0,5.86,2.34,LOW,NORMAL,No major anomaly detected by the current risk layers.
W10070,Meera Banerjee,Kanpur,State Housing Board,Drainage System,9.97,5.82,0.0,0.0,0.0,5.82,2.33,LOW,NORMAL,No major anomaly detected by the current risk layers.
W10368,Christopher Kadakia,Madurai,District Rural Development Agency,Drinking Water Supply,7.8,5.82,0.0,0.0,0.0,5.82,2.33,LOW,NORMAL,No major anomaly detected by the current risk layers.
W10928,Tanish Iyer,Belagavi,Zilla Panchayat,Drainage System,5.82,5.83,0.0,0.0,0.0,5.83,2.33,LOW,NORMAL,No major anomaly detected by the current risk layers.
W11625,Gabriel Thaman,Lucknow,District Rural Development Agency,Public Toilet Complex,2.93,5.79,0.0,0.0,0.0,5.79,2.32,LOW,NORMAL,No major anomaly detected by the current risk layers.
W11796,Triya Khatri,Asansol,Municipal Corporation,School Building Repair,4.25,5.74,0.0,0.0,0.0,5.74,2.3,LOW,NORMAL,No major anomaly detected by the current risk layers.
W11791,Christopher Kadakia,Asansol,District Rural Development Agency,Street Lighting,2.78,5.76,0.0,0.0,0.0,5.76,2.3,LOW,NORMAL,No major anomaly detected by the current risk layers.
W10348,Onveer Kata,Howrah,Zilla Panchayat,Public Toilet Complex,3.77,5.74,0.0,0.0,0.0,5.74,2.3,LOW,NORMAL,No major anomaly detected by the current risk layers.
W10109,Jagat Mangat,Lucknow,Municipal Corporation,School Building Repair,7.58,5.75,0.0,0.0,0.0,5.75,2.3,LOW,NORMAL,No major anomaly detected by the current risk layers.
W10197,Gaurav Chandra,Varanasi,District Rural Development Agency,Community Health Center,12.92,5.72,0.0,0.0,0.0,5.72,2.29,LOW,NORMAL,No major anomaly detected by the current risk layers.
W11471,Pallavi Krish,Varanasi,Public Works Department,Drainage System,14.9,5.73,0.0,0.0,0.0,5.73,2.29,LOW,NORMAL,No major anomaly detected by the current risk layers.
W11054,Mugdha Varty,Darjeeling,Public Works Department,Drinking Water Supply,15.61,5.69,0.0,0.0,0.0,5.69,2.28,LOW,NORMAL,No major anomaly detected by the current risk layers.
W12590,Yadavi Deshmukh,Mysuru,Public Works Department,Public Toilet Complex,7.14,5.71,0.0,0.0,0.0,5.71,2.28,LOW,NORMAL,No major anomaly detected by the current risk layers.
W10476,Rayaan Mand,Howrah,District Rural Development Agency,Community Health Center,16.62,5.65,0.0,0.0,0.0,5.65,2.26,LOW,NORMAL,No major anomaly detected by the current risk layers.
W10490,Ria Ratta,Darjeeling,Public Works Department,Public Toilet Complex,4.38,5.66,0.0,0.0,0.0,5.66,2.26,LOW,NORMAL,No major anomaly detected by the current risk layers.
W12645,Advaith Gole,Salem,Public Works Department,Drinking Water Supply,6.76,5.63,0.0,0.0,0.0,5.63,2.25,LOW,NORMAL,No major anomaly detected by the current risk layers.
W11187,Widisha Yohannan,Dharwad,Zilla Panchayat,Drinking Water Supply,7.98,5.61,0.0,0.0,0.0,5.61,2.24,LOW,NORMAL,No major anomaly detected by the current risk layers.
W10527,Vanya Suresh,Madurai,State Housing Board,Drainage System,10.14,5.59,0.0,0.0,0.0,5.59,2.23,LOW,NORMAL,No major anomaly detected by the current risk layers.
W10672,Vanya Suresh,Kolkata,Zilla Panchayat,Street Lighting,4.54,5.58,0.0,0.0,0.0,5.58,2.23,LOW,NORMAL,No major anomaly detected by the current risk layers.
W11584,Christopher Kadakia,Madurai,Municipal Corporation,Drinking Water Supply,5.3,5.54,0.0,0.0,0.0,5.54,2.22,LOW,NORMAL,No major anomaly detected by the current risk layers.
W10806,Vrinda Biswas,Lucknow,Municipal Corporation,Community Health Center,11.63,5.5,0.0,0.0,0.0,5.5,2.2,LOW,NORMAL,No major anomaly detected by the current risk layers.
W10626,Widisha Yohannan,Madurai,Municipal Corporation,Drinking Water Supply,6.26,5.47,0.0,0.0,0.0,5.47,2.19,LOW,NORMAL,No major anomaly detected by the current risk layers.
W12254,Meera Banerjee,Kanpur,State Housing Board,Drinking Water Supply,13.87,5.47,0.0,0.0,0.0,5.47,2.19,LOW,NORMAL,No major anomaly detected by the current risk layers.
W10556,Nicholas Gour,Asansol,Public Works Department,School Building Repair,5.32,5.49,0.0,0.0,0.0,5.49,2.19,LOW,NORMAL,No major anomaly detected by the current risk layers.
W10139,Onveer Kata,Kolkata,Zilla Panchayat,Public Toilet Complex,2.49,5.47,0.0,0.0,0.0,5.47,2.19,LOW,NORMAL,No major anomaly detected by the current risk layers.
W11082,Vrinda Biswas,Chennai,District Rural Development Agency,School Building Repair,14.93,5.47,0.0,0.0,0.0,5.47,2.19,LOW,NORMAL,No major anomaly detected by the current risk layers.
W12048,Gabriel Thaman,Nashik,Public Works Department,Drainage System,15.97,5.46,0.0,0.0,0.0,5.46,2.18,LOW,NORMAL,No major anomaly detected by the current risk layers.
W11463,Onveer Kata,Darjeeling,Zilla Panchayat,School Building Repair,13.43,5.45,0.0,0.0,0.0,5.45,2.18,LOW,NORMAL,No major anomaly detected by the current risk layers.
W12160,Ronith Zachariah,Howrah,State Housing Board,Street Lighting,2.61,5.4,0.0,0.0,0.0,5.4,2.16,LOW,NORMAL,No major anomaly detected by the current risk layers.
W11145,Odika Naik,Asansol,State Housing Board,Drinking Water Supply,13.66,5.37,0.0,0.0,0.0,5.37,2.15,LOW,NORMAL,No major anomaly detected by the current risk layers.
W11355,Pallavi Krish,Salem,District Rural Development Agency,Drinking Water Supply,14.8,5.37,0.0,0.0,0.0,5.37,2.15,LOW,NORMAL,No major anomaly detected by the current risk layers.
W11369,Tanish Iyer,Lucknow,Public Works Department,School Building Repair,10.5,5.36,0.0,0.0,0.0,5.36,2.14,LOW,NORMAL,No major anomaly detected by the current risk layers.
W12620,Lucky Prashad,Darjeeling,District Rural Development Agency,School Building Repair,13.27,5.36,0.0,0.0,0.0,5.36,2.14,LOW,NORMAL,No major anomaly detected by the current risk layers.
W11448,Odika Naik,Varanasi,Municipal Corporation,Street Lighting,3.2,5.34,0.0,0.0,0.0,5.34,2.14,LOW,NORMAL,No major anomaly detected by the current risk layers.
W12194,Oliver Sarma,Belagavi,Public Works Department,Public Toilet Complex,6.25,5.33,0.0,0.0,0.0,5.33,2.13,LOW,NORMAL,No major anomaly detected by the current risk layers.
W11533,Bachittar Choudhry,Thane,Municipal Corporation,Street Lighting,4.33,5.31,0.0,0.0,0.0,5.31,2.13,LOW,NORMAL,No major anomaly detected by the current risk layers.
W11194,Vrinda Biswas,Chennai,Municipal Corporation,Drinking Water Supply,13.51,5.3,0.0,0.0,0.0,5.3,2.12,LOW,NORMAL,No major anomaly detected by the current risk layers.
W11939,Sanya Swamy,Salem,Municipal Corporation,Drainage System,4.6,5.26,0.0,0.0,0.0,5.26,2.11,LOW,NORMAL,No major anomaly detected by the current risk layers.
W11198,Azaan Gupta,Dharwad,District Rural Development Agency,Community Health Center,12.23,5.28,0.0,0.0,0.0,5.28,2.11,LOW,NORMAL,No major anomaly detected by the current risk layers.
W10180,Harrison Kapur,Chennai,Municipal Corporation,Road Construction,16.48,5.25,0.0,0.0,0.0,5.25,2.1,LOW,NORMAL,No major anomaly detected by the current risk layers.
W10906,Yadavi Deshmukh,Agra,State Housing Board,Street Lighting,4.46,5.25,0.0,0.0,0.0,5.25,2.1,LOW,NORMAL,No major anomaly detected by the current risk layers.
W12199,Victor Venkataraman,Howrah,Public Works Department,Road Construction,9.77,5.23,0.0,0.0,0.0,5.23,2.09,LOW,NORMAL,No major anomaly detected by the current risk layers.
W12563,Vanya Suresh,Nashik,State Housing Board,Road Construction,5.58,5.23,0.0,0.0,0.0,5.23,2.09,LOW,NORMAL,No major anomaly detected by the current risk layers.
W10617,Lucky Prashad,Nashik,Zilla Panchayat,Drainage System,3.47,5.21,0.0,0.0,0.0,5.21,2.09,LOW,NORMAL,No major anomaly detected by the current risk layers.
W12785,Rayaan Mand,Madurai,Public Works Department,Drainage System,10.57,5.22,0.0,0.0,0.0,5.22,2.09,LOW,NORMAL,No major anomaly detected by the current risk layers.
W11561,Meera Banerjee,Howrah,District Rural Development Agency,School Building Repair,10.05,5.19,0.0,0.0,0.0,5.19,2.08,LOW,NORMAL,No major anomaly detected by the current risk layers.
W11057,Harrison Kapur,Bengaluru Urban,Public Works Department,Drainage System,17.59,5.2,0.0,0.0,0.0,5.2,2.08,LOW,NORMAL,No major anomaly detected by the current risk layers.
W10278,Owen Bala,Chennai,Zilla Panchayat,Drainage System,15.72,5.15,0.0,0.0,0.0,5.15,2.06,LOW,NORMAL,No major anomaly detected by the current risk layers.
W10428,Harrison Kapur,Chennai,Zilla Panchayat,Drainage System,6.34,5.13,0.0,0.0,0.0,5.13,2.05,LOW,NORMAL,No major anomaly detected by the current risk layers.
W12518,Yadavi Deshmukh,Asansol,Public Works Department,Road Construction,15.15,5.11,0.0,0.0,0.0,5.11,2.05,LOW,NORMAL,No major anomaly detected by the current risk layers.
W11382,Vrinda Biswas,Belagavi,District Rural Development Agency,Drainage System,8.98,5.11,0.0,0.0,0.0,5.11,2.04,LOW,NORMAL,No major anomaly detected by the current risk layers.
W12203,Varsha Morar,Bengaluru Urban,State Housing Board,School Building Repair,13.92,5.09,0.0,0.0,0.0,5.09,2.03,LOW,NORMAL,No major anomaly detected by the current risk layers.
W10824,Advaith Gole,Bengaluru Urban,Public Works Department,Community Health Center,14.67,5.05,0.0,0.0,0.0,5.05,2.02,LOW,NORMAL,No major anomaly detected by the current risk layers.
W10086,Widisha Yohannan,Nashik,State Housing Board,Street Lighting,4.74,5.04,0.0,0.0,0.0,5.04,2.02,LOW,NORMAL,No major anomaly detected by the current risk layers.
W10105,Odika Naik,Belagavi,Public Works Department,Drinking Water Supply,10.0,5.03,0.0,0.0,0.0,5.03,2.01,LOW,NORMAL,No major anomaly detected by the current risk layers.
W11718,Owen Bansal,Lucknow,District Rural Development Agency,Community Health Center,11.91,5.02,0.0,0.0,0.0,5.02,2.01,LOW,NORMAL,No major anomaly detected by the current risk layers.
W10575,Yadavi Deshmukh,Nashik,District Rural Development Agency,Road Construction,17.01,5.01,0.0,0.0,0.0,5.01,2.0,LOW,NORMAL,No major anomaly detected by the current risk layers.
W11282,Christopher Kadakia,Madurai,Zilla Panchayat,Public Toilet Complex,3.91,5.0,0.0,0.0,0.0,5.0,2.0,LOW,NORMAL,No major anomaly detected by the current risk layers.
W11255,Bachittar Choudhry,Chennai,State Housing Board,Drinking Water Supply,14.45,4.98,0.0,0.0,0.0,4.98,1.99,LOW,NORMAL,No major anomaly detected by the current risk layers.
W11546,Krishna Pant,Bengaluru Urban,Zilla Panchayat,Drinking Water Supply,10.09,4.97,0.0,0.0,0.0,4.97,1.99,LOW,NORMAL,No major anomaly detected by the current risk layers.
W10436,Victor Venkataraman,Darjeeling,Municipal Corporation,Drainage System,13.52,4.94,0.0,0.0,0.0,4.94,1.98,LOW,NORMAL,No major anomaly detected by the current risk layers.
W10879,Jagat Mangat,Nashik,State Housing Board,Road Construction,10.65,4.93,0.0,0.0,0.0,4.93,1.97,LOW,NORMAL,No major anomaly detected by the current risk layers.
W10203,Yug Choudhry,Salem,Zilla Panchayat,Street Lighting,5.41,4.89,0.0,0.0,0.0,4.89,1.96,LOW,NORMAL,No major anomaly detected by the current risk layers.
W11220,Azaan Gupta,Nashik,Public Works Department,Drainage System,3.89,4.91,0.0,0.0,0.0,4.91,1.96,LOW,NORMAL,No major anomaly detected by the current risk layers.
W12499,Yug Choudhry,Darjeeling,Public Works Department,School Building Repair,8.56,4.89,0.0,0.0,0.0,4.89,1.96,LOW,NORMAL,No major anomaly detected by the current risk layers.
W11416,Mugdha Varty,Kanpur,Municipal Corporation,Drinking Water Supply,13.16,4.9,0.0,0.0,0.0,4.9,1.96,LOW,NORMAL,No major anomaly detected by the current risk layers.
W10394,Bachittar Choudhry,Dharwad,Zilla Panchayat,Drinking Water Supply,8.15,4.91,0.0,0.0,0.0,4.91,1.96,LOW,NORMAL,No major anomaly detected by the current risk layers.
W11557,Triya Khatri,Darjeeling,Municipal Corporation,School Building Repair,8.12,4.84,0.0,0.0,0.0,4.84,1.94,LOW,NORMAL,No major anomaly detected by the current risk layers.
W11906,Varsha Morar,Pune,Public Works Department,Drinking Water Supply,6.91,4.86,0.0,0.0,0.0,4.86,1.94,LOW,NORMAL,No major anomaly detected by the current risk layers.
W11475,Eesha Memon,Bengaluru Urban,State Housing Board,School Building Repair,9.98,4.83,0.0,0.0,0.0,4.83,1.93,LOW,NORMAL,No major anomaly detected by the current risk layers.
W10496,Varsha Morar,Nashik,State Housing Board,School Building Repair,3.4,4.83,0.0,0.0,0.0,4.83,1.93,LOW,NORMAL,No major anomaly detected by the current risk layers.
W10602,Lucky Prashad,Nagpur,Zilla Panchayat,Street Lighting,4.3,4.83,0.0,0.0,0.0,4.83,1.93,LOW,NORMAL,No major anomaly detected by the current risk layers.
W12488,Pallavi Krish,Chennai,Public Works Department,Drainage System,11.78,4.77,0.0,0.0,0.0,4.77,1.91,LOW,NORMAL,No major anomaly detected by the current risk layers.
W12230,Gabriel Thaman,Coimbatore,Zilla Panchayat,Drainage System,9.53,4.79,0.0,0.0,0.0,4.79,1.91,LOW,NORMAL,No major anomaly detected by the current risk layers.
W12055,Nicholas Gour,Coimbatore,State Housing Board,Drainage System,12.69,4.78,0.0,0.0,0.0,4.78,1.91,LOW,NORMAL,No major anomaly detected by the current risk layers.
W11713,Oliver Sarma,Howrah,State Housing Board,School Building Repair,4.77,4.77,0.0,0.0,0.0,4.77,1.91,LOW,NORMAL,No major anomaly detected by the current risk layers.
W12765,Sanya Swamy,Agra,Public Works Department,Drainage System,10.23,4.76,0.0,0.0,0.0,4.76,1.91,LOW,NORMAL,No major anomaly detected by the current risk layers.
W11595,Gabriel Thaman,Mysuru,Municipal Corporation,Street Lighting,5.45,4.77,0.0,0.0,0.0,4.77,1.91,LOW,NORMAL,No major anomaly detected by the current risk layers.
W12462,Sanya Swamy,Bengaluru Urban,District Rural Development Agency,Public Toilet Complex,6.29,4.73,0.0,0.0,0.0,4.73,1.89,LOW,NORMAL,No major anomaly detected by the current risk layers.
W12197,Odika Naik,Mysuru,State Housing Board,School Building Repair,12.78,4.7,0.0,0.0,0.0,4.7,1.88,LOW,NORMAL,No major anomaly detected by the current risk layers.
W10390,Gaurav Chandra,Mysuru,Municipal Corporation,Drinking Water Supply,13.73,4.69,0.0,0.0,0.0,4.69,1.87,LOW,NORMAL,No major anomaly detected by the current risk layers.
W11755,Owen Bansal,Thane,Public Works Department,School Building Repair,3.21,4.68,0.0,0.0,0.0,4.68,1.87,LOW,NORMAL,No major anomaly detected by the current risk layers.
W12829,Christopher Kadakia,Bengaluru Urban,Zilla Panchayat,Public Toilet Complex,4.71,4.66,0.0,0.0,0.0,4.66,1.86,LOW,NORMAL,No major anomaly detected by the current risk layers.
W12998,Onveer Kata,Belagavi,Public Works Department,School Building Repair,14.16,4.65,0.0,0.0,0.0,4.65,1.86,LOW,NORMAL,No major anomaly detected by the current risk layers.
W12370,Yug Choudhry,Lucknow,Municipal Corporation,Street Lighting,4.98,4.66,0.0,0.0,0.0,4.66,1.86,LOW,NORMAL,No major anomaly detected by the current risk layers.
W11080,Vanya Suresh,Varanasi,Public Works Department,School Building Repair,12.63,4.61,0.0,0.0,0.0,4.61,1.85,LOW,NORMAL,No major anomaly detected by the current risk layers.
W10009,Yug Choudhry,Agra,Public Works Department,School Building Repair,6.18,4.63,0.0,0.0,0.0,4.63,1.85,LOW,NORMAL,No major anomaly detected by the current risk layers.
W11967,Jagat Mangat,Varanasi,Zilla Panchayat,Drainage System,5.48,4.57,0.0,0.0,0.0,4.57,1.83,LOW,NORMAL,No major anomaly detected by the current risk layers.
W11099,Mugdha Varty,Nagpur,State Housing Board,Street Lighting,3.58,4.58,0.0,0.0,0.0,4.58,1.83,LOW,NORMAL,No major anomaly detected by the current risk layers.
W12956,Pallavi Krish,Coimbatore,State Housing Board,Drainage System,14.63,4.54,0.0,0.0,0.0,4.54,1.82,LOW,NORMAL,No major anomaly detected by the current risk layers.
W11608,Hemang Bava,Madurai,Zilla Panchayat,School Building Repair,12.77,4.53,0.0,0.0,0.0,4.53,1.81,LOW,NORMAL,No major anomaly detected by the current risk layers.
W12017,Meera Banerjee,Nashik,State Housing Board,Public Toilet Complex,9.189205137611236,4.52,0.0,0.0,0.0,4.52,1.81,LOW,NORMAL,No major anomaly detected by the current risk layers.
W11350,Yug Choudhry,Thane,Zilla Panchayat,Public Toilet Complex,4.73,4.5,0.0,0.0,0.0,4.5,1.8,LOW,NORMAL,No major anomaly detected by the current risk layers.
W12622,Azaan Gupta,Thane,Public Works Department,Drinking Water Supply,8.15,4.44,0.0,0.0,0.0,4.44,1.78,LOW,NORMAL,No major anomaly detected by the current risk layers.
W12270,Christopher Kadakia,Howrah,State Housing Board,Drainage System,9.57,4.45,0.0,0.0,0.0,4.45,1.78,LOW,NORMAL,No major anomaly detected by the current risk layers.
W10472,Ronith Zachariah,Madurai,Public Works Department,School Building Repair,3.51,4.44,0.0,0.0,0.0,4.44,1.78,LOW,NORMAL,No major anomaly detected by the current risk layers.
W10399,Mugdha Varty,Kolkata,State Housing Board,Drainage System,13.21,4.43,0.0,0.0,0.0,4.43,1.77,LOW,NORMAL,No major anomaly detected by the current risk layers.
W10189,Nicholas Gour,Nagpur,Municipal Corporation,Drainage System,10.41,4.44,0.0,0.0,0.0,4.44,1.77,LOW,NORMAL,No major anomaly detected by the current risk layers.
W10046,Krishna Pant,Salem,Municipal Corporation,Drinking Water Supply,10.44,4.43,0.0,0.0,0.0,4.43,1.77,LOW,NORMAL,No major anomaly detected by the current risk layers.
W10451,Varsha Morar,Agra,Public Works Department,Road Construction,15.38,4.42,0.0,0.0,0.0,4.42,1.77,LOW,NORMAL,No major anomaly detected by the current risk layers.
W10426,Nicholas Gour,Dharwad,District Rural Development Agency,Public Toilet Complex,5.92,4.4,0.0,0.0,0.0,4.4,1.76,LOW,NORMAL,No major anomaly detected by the current risk layers.
W11994,Harrison Kapur,Salem,Zilla Panchayat,Drainage System,8.46,4.38,0.0,0.0,0.0,4.38,1.75,LOW,NORMAL,No major anomaly detected by the current risk layers.
W12662,Rayaan Mand,Agra,State Housing Board,Drainage System,15.67,4.38,0.0,0.0,0.0,4.38,1.75,LOW,NORMAL,No major anomaly detected by the current risk layers.
W11916,Vanya Suresh,Asansol,Municipal Corporation,Drinking Water Supply,14.94,4.36,0.0,0.0,0.0,4.36,1.75,LOW,NORMAL,No major anomaly detected by the current risk layers.
W10130,Yug Choudhry,Agra,Zilla Panchayat,School Building Repair,7.97,4.34,0.0,0.0,0.0,4.34,1.74,LOW,NORMAL,No major anomaly detected by the current risk layers.
W10410,Onveer Kata,Kanpur,District Rural Development Agency,School Building Repair,11.34,4.35,0.0,0.0,0.0,4.35,1.74,LOW,NORMAL,No major anomaly detected by the current risk layers.
W12515,Widisha Yohannan,Kanpur,Public Works Department,Public Toilet Complex,7.26,4.34,0.0,0.0,0.0,4.34,1.74,LOW,NORMAL,No major anomaly detected by the current risk layers.
W10925,Widisha Yohannan,Madurai,Public Works Department,School Building Repair,11.47,4.33,0.0,0.0,0.0,4.33,1.73,LOW,NORMAL,No major anomaly detected by the current risk layers.
W10282,Ria Ratta,Bengaluru Urban,State Housing Board,Drinking Water Supply,7.55,4.33,0.0,0.0,0.0,4.33,1.73,LOW,NORMAL,No major anomaly detected by the current risk layers.
W11291,Onveer Kata,Kanpur,Municipal Corporation,Drainage System,12.09,4.27,0.0,0.0,0.0,4.27,1.71,LOW,NORMAL,No major anomaly detected by the current risk layers.
W11183,Advaith Gole,Kanpur,State Housing Board,Street Lighting,5.83,4.28,0.0,0.0,0.0,4.28,1.71,LOW,NORMAL,No major anomaly detected by the current risk layers.
W11969,Nicholas Gour,Chennai,District Rural Development Agency,Drainage System,11.71,4.24,0.0,0.0,0.0,4.24,1.7,LOW,NORMAL,No major anomaly detected by the current risk layers.
W11985,Jagat Mangat,Agra,State Housing Board,Drinking Water Supply,12.73,4.25,0.0,0.0,0.0,4.25,1.7,LOW,NORMAL,No major anomaly detected by the current risk layers.
W12654,Ekansh Sami,Agra,District Rural Development Agency,Drinking Water Supply,4.09,4.22,0.0,0.0,0.0,4.22,1.69,LOW,NORMAL,No major anomaly detected by the current risk layers.
W10135,Odika Naik,Howrah,State Housing Board,Drainage System,9.44,4.23,0.0,0.0,0.0,4.23,1.69,LOW,NORMAL,No major anomaly detected by the current risk layers.
W10290,Krishna Pant,Thane,Zilla Panchayat,Road Construction,14.18,4.22,0.0,0.0,0.0,4.22,1.69,LOW,NORMAL,No major anomaly detected by the current risk layers.
W12663,Meera Banerjee,Darjeeling,Zilla Panchayat,Road Construction,12.34,4.22,0.0,0.0,0.0,4.22,1.69,LOW,NORMAL,No major anomaly detected by the current risk layers.
W10318,Azaan Gupta,Howrah,District Rural Development Agency,Public Toilet Complex,4.35,4.2,0.0,0.0,0.0,4.2,1.68,LOW,NORMAL,No major anomaly detected by the current risk layers.
W10125,Ronith Zachariah,Chennai,Public Works Department,School Building Repair,6.18,4.19,0.0,0.0,0.0,4.19,1.68,LOW,NORMAL,No major anomaly detected by the current risk layers.
W11278,Leena Butala,Agra,State Housing Board,Drainage System,12.45,4.19,0.0,0.0,0.0,4.19,1.68,LOW,NORMAL,No major anomaly detected by the current risk layers.
W10021,Christopher Kadakia,Kanpur,Zilla Panchayat,Road Construction,8.39,4.2,0.0,0.0,0.0,4.2,1.68,LOW,NORMAL,No major anomaly detected by the current risk layers.
W12980,Odika Naik,Kanpur,District Rural Development Agency,Drinking Water Supply,12.97,4.2,0.0,0.0,0.0,4.2,1.68,LOW,NORMAL,No major anomaly detected by the current risk layers.
W11395,Odika Naik,Kolkata,State Housing Board,Drainage System,3.84,4.16,0.0,0.0,0.0,4.16,1.66,LOW,NORMAL,No major anomaly detected by the current risk layers.
W11324,Widisha Yohannan,Thane,Public Works Department,Road Construction,14.64,4.15,0.0,0.0,0.0,4.15,1.66,LOW,NORMAL,No major anomaly detected by the current risk layers.
W10898,Jagat Mangat,Asansol,District Rural Development Agency,Road Construction,8.56,4.13,0.0,0.0,0.0,4.13,1.65,LOW,NORMAL,No major anomaly detected by the current risk layers.
W10469,Ria Ratta,Kanpur,Municipal Corporation,Drainage System,11.84,4.12,0.0,0.0,0.0,4.12,1.65,LOW,NORMAL,No major anomaly detected by the current risk layers.
W11089,Owen Bansal,Dharwad,Zilla Panchayat,Drainage System,9.35,4.11,0.0,0.0,0.0,4.11,1.64,LOW,NORMAL,No major anomaly detected by the current risk layers.
W11141,Owen Bansal,Kanpur,State Housing Board,Road Construction,17.2,4.1,0.0,0.0,0.0,4.1,1.64,LOW,NORMAL,No major anomaly detected by the current risk layers.
W12227,Yutika Rana,Lucknow,State Housing Board,Drinking Water Supply,14.61,4.09,0.0,0.0,0.0,4.09,1.64,LOW,NORMAL,No major anomaly detected by the current risk layers.
W10499,Gabriel Thaman,Madurai,State Housing Board,Drainage System,7.15,4.1,0.0,0.0,0.0,4.1,1.64,LOW,NORMAL,No major anomaly detected by the current risk layers.
W11005,Yug Choudhry,Salem,District Rural Development Agency,School Building Repair,14.34,4.09,0.0,0.0,0.0,4.09,1.63,LOW,NORMAL,No major anomaly detected by the current risk layers.
W10010,Vrinda Biswas,Asansol,Public Works Department,Drinking Water Supply,7.51,4.02,0.0,0.0,0.0,4.02,1.61,LOW,NORMAL,No major anomaly detected by the current risk layers.
W10113,Owen Bala,Nagpur,Municipal Corporation,School Building Repair,12.44,4.01,0.0,0.0,0.0,4.01,1.6,LOW,NORMAL,No major anomaly detected by the current risk layers.
W11472,Widisha Yohannan,Thane,Municipal Corporation,Drainage System,4.33,4.0,0.0,0.0,0.0,4.0,1.6,LOW,NORMAL,No major anomaly detected by the current risk layers.
W11636,Ishwar Boase,Howrah,Zilla Panchayat,Drainage System,14.41,3.97,0.0,0.0,0.0,3.97,1.59,LOW,NORMAL,No major anomaly detected by the current risk layers.
W10858,Owen Bansal,Agra,State Housing Board,Drainage System,5.44,3.96,0.0,0.0,0.0,3.96,1.58,LOW,NORMAL,No major anomaly detected by the current risk layers.
W12934,Varsha Morar,Agra,District Rural Development Agency,Drinking Water Supply,12.39,3.93,0.0,0.0,0.0,3.93,1.57,LOW,NORMAL,No major anomaly detected by the current risk layers.
W11804,Oliver Sarma,Asansol,District Rural Development Agency,Public Toilet Complex,7.27,3.91,0.0,0.0,0.0,3.91,1.56,LOW,NORMAL,No major anomaly detected by the current risk layers.
W12760,Odika Naik,Darjeeling,State Housing Board,Road Construction,12.53,3.88,0.0,0.0,0.0,3.88,1.55,LOW,NORMAL,No major anomaly detected by the current risk layers.
W10007,Yamini Chand,Nagpur,Municipal Corporation,School Building Repair,8.55,3.87,0.0,0.0,0.0,3.87,1.55,LOW,NORMAL,No major anomaly detected by the current risk layers.
W10033,Lucky Prashad,Mysuru,District Rural Development Agency,Drinking Water Supply,5.85,3.86,0.0,0.0,0.0,3.86,1.54,LOW,NORMAL,No major anomaly detected by the current risk layers.
W12414,Owen Bansal,Mysuru,District Rural Development Agency,Drainage System,7.3,3.84,0.0,0.0,0.0,3.84,1.54,LOW,NORMAL,No major anomaly detected by the current risk layers.
W12250,Vrinda Biswas,Belagavi,State Housing Board,School Building Repair,12.24,3.84,0.0,0.0,0.0,3.84,1.54,LOW,NORMAL,No major anomaly detected by the current risk layers.
W11113,Christopher Kadakia,Belagavi,Zilla Panchayat,Drainage System,13.68,3.83,0.0,0.0,0.0,3.83,1.53,LOW,NORMAL,No major anomaly detected by the current risk layers.
W12057,Yutika Rana,Dharwad,State Housing Board,Drainage System,13.99,3.82,0.0,0.0,0.0,3.82,1.53,LOW,NORMAL,No major anomaly detected by the current risk layers.
W10579,Owen Bansal,Lucknow,State Housing Board,Drinking Water Supply,11.75,3.81,0.0,0.0,0.0,3.81,1.53,LOW,NORMAL,No major anomaly detected by the current risk layers.
W10413,Gabriel Thaman,Pune,Public Works Department,Street Lighting,3.48,3.81,0.0,0.0,0.0,3.81,1.52,LOW,NORMAL,No major anomaly detected by the current risk layers.
W11081,Azaan Gupta,Kanpur,Zilla Panchayat,Community Health Center,13.34,3.79,0.0,0.0,0.0,3.79,1.51,LOW,NORMAL,No major anomaly detected by the current risk layers.
W12467,Eesha Memon,Chennai,State Housing Board,School Building Repair,13.26,3.77,0.0,0.0,0.0,3.77,1.51,LOW,NORMAL,No major anomaly detected by the current risk layers.
W12459,Victor Venkataraman,Varanasi,Public Works Department,Drainage System,5.57,3.76,0.0,0.0,0.0,3.76,1.51,LOW,NORMAL,No major anomaly detected by the current risk layers.
W10036,Nicholas Gour,Kolkata,Public Works Department,Road Construction,7.63,3.76,0.0,0.0,0.0,3.76,1.51,LOW,NORMAL,No major anomaly detected by the current risk layers.
W12392,Triya Khatri,Chennai,Zilla Panchayat,Street Lighting,5.4,3.76,0.0,0.0,0.0,3.76,1.5,LOW,NORMAL,No major anomaly detected by the current risk layers.
W10832,Varsha Morar,Salem,State Housing Board,Community Health Center,14.68,3.76,0.0,0.0,0.0,3.76,1.5,LOW,NORMAL,No major anomaly detected by the current risk layers.
W12878,Gabriel Thaman,Nashik,Municipal Corporation,School Building Repair,13.5,3.73,0.0,0.0,0.0,3.73,1.49,LOW,NORMAL,No major anomaly detected by the current risk layers.
W10744,Oliver Sarma,Coimbatore,State Housing Board,Drainage System,10.51,3.73,0.0,0.0,0.0,3.73,1.49,LOW,NORMAL,No major anomaly detected by the current risk layers.
W12264,Ekansh Sami,Bengaluru Urban,Municipal Corporation,Drainage System,11.17,3.72,0.0,0.0,0.0,3.72,1.49,LOW,NORMAL,No major anomaly detected by the current risk layers.
W10001,Yutika Rana,Asansol,Public Works Department,Road Construction,6.04,3.72,0.0,0.0,0.0,3.72,1.49,LOW,NORMAL,No major anomaly detected by the current risk layers.
W12926,Mugdha Varty,Dharwad,District Rural Development Agency,School Building Repair,13.64,3.71,0.0,0.0,0.0,3.71,1.49,LOW,NORMAL,No major anomaly detected by the current risk layers.
W10704,Eesha Memon,Chennai,Municipal Corporation,Drinking Water Supply,10.81,3.7,0.0,0.0,0.0,3.7,1.48,LOW,NORMAL,No major anomaly detected by the current risk layers.
W11778,Owen Bala,Kolkata,District Rural Development Agency,School Building Repair,9.47,3.67,0.0,0.0,0.0,3.67,1.47,LOW,NORMAL,No major anomaly detected by the current risk layers.
W11162,Gaurav Chandra,Belagavi,State Housing Board,School Building Repair,12.77,3.67,0.0,0.0,0.0,3.67,1.47,LOW,NORMAL,No major anomaly detected by the current risk layers.
W10827,Vrinda Biswas,Howrah,Zilla Panchayat,Road Construction,15.53,3.65,0.0,0.0,0.0,3.65,1.46,LOW,NORMAL,No major anomaly detected by the current risk layers.
W11964,Odika Naik,Howrah,State Housing Board,Street Lighting,5.91,3.62,0.0,0.0,0.0,3.62,1.45,LOW,NORMAL,No major anomaly detected by the current risk layers.
W12193,Tanish Iyer,Belagavi,State Housing Board,School Building Repair,10.96,3.62,0.0,0.0,0.0,3.62,1.45,LOW,NORMAL,No major anomaly detected by the current risk layers.
W11896,Ishwar Boase,Asansol,Public Works Department,School Building Repair,9.0,3.62,0.0,0.0,0.0,3.62,1.45,LOW,NORMAL,No major anomaly detected by the current risk layers.
W12975,Krishna Pant,Nashik,District Rural Development Agency,Drainage System,6.54,3.61,0.0,0.0,0.0,3.61,1.45,LOW,NORMAL,No major anomaly detected by the current risk layers.
W12182,Azaan Gupta,Kanpur,State Housing Board,Street Lighting,4.35,3.61,0.0,0.0,0.0,3.61,1.44,LOW,NORMAL,No major anomaly detected by the current risk layers.
W12469,Mugdha Varty,Pune,Municipal Corporation,Drainage System,11.06,3.59,0.0,0.0,0.0,3.59,1.44,LOW,NORMAL,No major anomaly detected by the current risk layers.
W10576,Krishna Pant,Nagpur,Municipal Corporation,School Building Repair,9.56,3.57,0.0,0.0,0.0,3.57,1.43,LOW,NORMAL,No major anomaly detected by the current risk layers.
W10205,Onveer Kata,Howrah,District Rural Development Agency,Drinking Water Supply,12.85,3.57,0.0,0.0,0.0,3.57,1.43,LOW,NORMAL,No major anomaly detected by the current risk layers.
W12323,Victor Venkataraman,Belagavi,State Housing Board,Road Construction,6.31,3.57,0.0,0.0,0.0,3.57,1.43,LOW,NORMAL,No major anomaly detected by the current risk layers.
W12218,Owen Bansal,Howrah,Municipal Corporation,School Building Repair,14.71,3.56,0.0,0.0,0.0,3.56,1.42,LOW,NORMAL,No major anomaly detected by the current risk layers.
W11867,Yutika Rana,Belagavi,State Housing Board,School Building Repair,5.82,3.54,0.0,0.0,0.0,3.54,1.42,LOW,NORMAL,No major anomaly detected by the current risk layers.
W12557,Nicholas Gour,Kanpur,State Housing Board,Street Lighting,5.57,3.53,0.0,0.0,0.0,3.53,1.41,LOW,NORMAL,No major anomaly detected by the current risk layers.
W11017,Varsha Morar,Coimbatore,District Rural Development Agency,Public Toilet Complex,5.73,3.53,0.0,0.0,0.0,3.53,1.41,LOW,NORMAL,No major anomaly detected by the current risk layers.
W10519,Krishna Pant,Howrah,Municipal Corporation,Drainage System,7.27,3.52,0.0,0.0,0.0,3.52,1.41,LOW,NORMAL,No major anomaly detected by the current risk layers.
W12626,Victor Venkataraman,Howrah,Public Works Department,School Building Repair,12.13,3.5,0.0,0.0,0.0,3.5,1.4,LOW,NORMAL,No major anomaly detected by the current risk layers.
W12672,Triya Khatri,Asansol,Municipal Corporation,Public Toilet Complex,5.74,3.49,0.0,0.0,0.0,3.49,1.4,LOW,NORMAL,No major anomaly detected by the current risk layers.
W11513,Jagat Mangat,Mysuru,Public Works Department,Drainage System,10.33,3.42,0.0,0.0,0.0,3.42,1.37,LOW,NORMAL,No major anomaly detected by the current risk layers.
W10620,Owen Bansal,Chennai,District Rural Development Agency,Drainage System,6.03,3.39,0.0,0.0,0.0,3.39,1.35,LOW,NORMAL,No major anomaly detected by the current risk layers.
W11978,Yadavi Deshmukh,Nagpur,Public Works Department,Public Toilet Complex,4.44,3.37,0.0,0.0,0.0,3.37,1.35,LOW,NORMAL,No major anomaly detected by the current risk layers.
W10072,Advaith Gole,Howrah,Zilla Panchayat,Road Construction,13.45,3.37,0.0,0.0,0.0,3.37,1.35,LOW,NORMAL,No major anomaly detected by the current risk layers.
W11492,Jagat Mangat,Madurai,Municipal Corporation,School Building Repair,11.49,3.36,0.0,0.0,0.0,3.36,1.35,LOW,NORMAL,No major anomaly detected by the current risk layers.
W12508,Mugdha Varty,Lucknow,Municipal Corporation,School Building Repair,7.31,3.36,0.0,0.0,0.0,3.36,1.34,LOW,NORMAL,No major anomaly detected by the current risk layers.
W12913,Oliver Sarma,Varanasi,Zilla Panchayat,Road Construction,8.07,3.35,0.0,0.0,0.0,3.35,1.34,LOW,NORMAL,No major anomaly detected by the current risk layers.
W11420,Yadavi Deshmukh,Lucknow,Municipal Corporation,Street Lighting,5.37,3.33,0.0,0.0,0.0,3.33,1.33,LOW,NORMAL,No major anomaly detected by the current risk layers.
W11431,Ishwar Boase,Kolkata,District Rural Development Agency,School Building Repair,12.08,3.32,0.0,0.0,0.0,3.32,1.33,LOW,NORMAL,No major anomaly detected by the current risk layers.
W10034,Hemang Bava,Nashik,Municipal Corporation,School Building Repair,11.25,3.31,0.0,0.0,0.0,3.31,1.32,LOW,NORMAL,No major anomaly detected by the current risk layers.
W10870,Odika Naik,Salem,District Rural Development Agency,Drinking Water Supply,5.46,3.31,0.0,0.0,0.0,3.31,1.32,LOW,NORMAL,No major anomaly detected by the current risk layers.
W10024,Jagat Mangat,Bengaluru Urban,Public Works Department,Drainage System,15.73,3.3,0.0,0.0,0.0,3.3,1.32,LOW,NORMAL,No major anomaly detected by the current risk layers.
W11806,Leena Butala,Bengaluru Urban,State Housing Board,Drainage System,12.18,3.26,0.0,0.0,0.0,3.26,1.3,LOW,NORMAL,No major anomaly detected by the current risk layers.
W10346,Yug Choudhry,Lucknow,Zilla Panchayat,School Building Repair,14.09,3.26,0.0,0.0,0.0,3.26,1.3,LOW,NORMAL,No major anomaly detected by the current risk layers.
W10055,Yamini Chand,Belagavi,Municipal Corporation,School Building Repair,6.26,3.26,0.0,0.0,0.0,3.26,1.3,LOW,NORMAL,No major anomaly detected by the current risk layers.
W12062,Widisha Yohannan,Howrah,Municipal Corporation,Public Toilet Complex,7.98,3.24,0.0,0.0,0.0,3.24,1.29,LOW,NORMAL,No major anomaly detected by the current risk layers.
W12529,Owen Bala,Dharwad,District Rural Development Agency,Public Toilet Complex,7.49,3.22,0.0,0.0,0.0,3.22,1.29,LOW,NORMAL,No major anomaly detected by the current risk layers.
W10412,Triya Khatri,Dharwad,Municipal Corporation,School Building Repair,10.31,3.21,0.0,0.0,0.0,3.21,1.29,LOW,NORMAL,No major anomaly detected by the current risk layers.
W11521,Varsha Morar,Nashik,District Rural Development Agency,Road Construction,8.9,3.16,0.0,0.0,0.0,3.16,1.26,LOW,NORMAL,No major anomaly detected by the current risk layers.
W11946,Lucky Prashad,Asansol,State Housing Board,School Building Repair,7.19,3.15,0.0,0.0,0.0,3.15,1.26,LOW,NORMAL,No major anomaly detected by the current risk layers.
W11359,Widisha Yohannan,Madurai,District Rural Development Agency,Road Construction,10.14,3.13,0.0,0.0,0.0,3.13,1.25,LOW,NORMAL,No major anomaly detected by the current risk layers.
W10450,Owen Bansal,Varanasi,District Rural Development Agency,Street Lighting,4.62,3.11,0.0,0.0,0.0,3.11,1.25,LOW,NORMAL,No major anomaly detected by the current risk layers.
W11196,Deepa Gala,Nashik,District Rural Development Agency,Public Toilet Complex,3.87,3.12,0.0,0.0,0.0,3.12,1.25,LOW,NORMAL,No major anomaly detected by the current risk layers.
W12522,Owen Bansal,Bengaluru Urban,State Housing Board,Drainage System,10.68,3.12,0.0,0.0,0.0,3.12,1.25,LOW,NORMAL,No major anomaly detected by the current risk layers.
W11038,Harrison Kapur,Varanasi,Public Works Department,Drinking Water Supply,9.83,3.09,0.0,0.0,0.0,3.09,1.24,LOW,NORMAL,No major anomaly detected by the current risk layers.
W12554,Christopher Kadakia,Mysuru,State Housing Board,Drinking Water Supply,13.3,3.11,0.0,0.0,0.0,3.11,1.24,LOW,NORMAL,No major anomaly detected by the current risk layers.
W10570,Jagat Mangat,Agra,Public Works Department,Drainage System,13.47,3.09,0.0,0.0,0.0,3.09,1.23,LOW,NORMAL,No major anomaly detected by the current risk layers.
W12271,Sanya Swamy,Asansol,District Rural Development Agency,Public Toilet Complex,7.47,3.01,0.0,0.0,0.0,3.01,1.2,LOW,NORMAL,No major anomaly detected by the current risk layers.
W10708,Ekansh Sami,Salem,Municipal Corporation,Drinking Water Supply,4.87,3.0,0.0,0.0,0.0,3.0,1.2,LOW,NORMAL,No major anomaly detected by the current risk layers.
W11515,Yamini Chand,Dharwad,District Rural Development Agency,School Building Repair,4.53,2.98,0.0,0.0,0.0,2.98,1.19,LOW,NORMAL,No major anomaly detected by the current risk layers.
W10977,Varsha Morar,Lucknow,Zilla Panchayat,Road Construction,7.44,2.95,0.0,0.0,0.0,2.95,1.18,LOW,NORMAL,No major anomaly detected by the current risk layers.
W11473,Yutika Rana,Bengaluru Urban,State Housing Board,Public Toilet Complex,4.44,2.95,0.0,0.0,0.0,2.95,1.18,LOW,NORMAL,No major anomaly detected by the current risk layers.
W11435,Sanya Swamy,Nagpur,Public Works Department,School Building Repair,9.77,2.92,0.0,0.0,0.0,2.92,1.17,LOW,NORMAL,No major anomaly detected by the current risk layers.
W12999,Eesha Memon,Asansol,Zilla Panchayat,Drainage System,8.04,2.93,0.0,0.0,0.0,2.93,1.17,LOW,NORMAL,No major anomaly detected by the current risk layers.
W11214,Ronith Zachariah,Belagavi,State Housing Board,School Building Repair,11.19,2.91,0.0,0.0,0.0,2.91,1.16,LOW,NORMAL,No major anomaly detected by the current risk layers.
W10054,Harrison Kapur,Varanasi,Municipal Corporation,Drainage System,6.71,2.87,0.0,0.0,0.0,2.87,1.15,LOW,NORMAL,No major anomaly detected by the current risk layers.
W10058,Yamini Chand,Madurai,Zilla Panchayat,Drainage System,8.85,2.87,0.0,0.0,0.0,2.87,1.15,LOW,NORMAL,No major anomaly detected by the current risk layers.
W10634,Yadavi Deshmukh,Agra,State Housing Board,School Building Repair,10.45,2.85,0.0,0.0,0.0,2.85,1.14,LOW,NORMAL,No major anomaly detected by the current risk layers.
W12106,Jagat Mangat,Belagavi,Public Works Department,Public Toilet Complex,6.76,2.82,0.0,0.0,0.0,2.82,1.13,LOW,NORMAL,No major anomaly detected by the current risk layers.
W12327,Pallavi Krish,Howrah,Municipal Corporation,School Building Repair,9.07,2.79,0.0,0.0,0.0,2.79,1.11,LOW,NORMAL,No major anomaly detected by the current risk layers.
W10253,Advaith Gole,Nashik,Public Works Department,School Building Repair,7.56,2.73,0.0,0.0,0.0,2.73,1.09,LOW,NORMAL,No major anomaly detected by the current risk layers.
W12054,Meera Banerjee,Varanasi,District Rural Development Agency,Public Toilet Complex,6.98,2.72,0.0,0.0,0.0,2.72,1.09,LOW,NORMAL,No major anomaly detected by the current risk layers.
W10889,Tanish Iyer,Pune,State Housing Board,School Building Repair,6.12,2.73,0.0,0.0,0.0,2.73,1.09,LOW,NORMAL,No major anomaly detected by the current risk layers.
W12594,Hemang Bava,Salem,District Rural Development Agency,Public Toilet Complex,6.19,2.71,0.0,0.0,0.0,2.71,1.08,LOW,NORMAL,No major anomaly detected by the current risk layers.
W11393,Ria Ratta,Agra,District Rural Development Agency,Street Lighting,5.56,2.69,0.0,0.0,0.0,2.69,1.08,LOW,NORMAL,No major anomaly detected by the current risk layers.
W10921,Harrison Kapur,Darjeeling,Zilla Panchayat,School Building Repair,10.01,2.69,0.0,0.0,0.0,2.69,1.08,LOW,NORMAL,No major anomaly detected by the current risk layers.
W12481,Meera Banerjee,Madurai,District Rural Development Agency,Drainage System,4.97,2.65,0.0,0.0,0.0,2.65,1.06,LOW,NORMAL,No major anomaly detected by the current risk layers.
W11105,Eesha Memon,Darjeeling,Zilla Panchayat,Drinking Water Supply,5.34,2.66,0.0,0.0,0.0,2.66,1.06,LOW,NORMAL,No major anomaly detected by the current risk layers.
W10560,Gabriel Thaman,Thane,Municipal Corporation,Drainage System,11.25,2.64,0.0,0.0,0.0,2.64,1.06,LOW,NORMAL,No major anomaly detected by the current risk layers.
W12377,Rayaan Mand,Pune,Public Works Department,Public Toilet Complex,5.04,2.65,0.0,0.0,0.0,2.65,1.06,LOW,NORMAL,No major anomaly detected by the current risk layers.
W11275,Yug Choudhry,Varanasi,District Rural Development Agency,School Building Repair,5.38,2.63,0.0,0.0,0.0,2.63,1.05,LOW,NORMAL,No major anomaly detected by the current risk layers.
W12517,Gaurav Chandra,Kanpur,District Rural Development Agency,Street Lighting,5.22,2.64,0.0,0.0,0.0,2.64,1.05,LOW,NORMAL,No major anomaly detected by the current risk layers.
W10904,Azaan Gupta,Madurai,District Rural Development Agency,Drinking Water Supply,9.9,2.58,0.0,0.0,0.0,2.58,1.03,LOW,NORMAL,No major anomaly detected by the current risk layers.
W11180,Yadavi Deshmukh,Belagavi,Zilla Panchayat,Public Toilet Complex,6.07,2.54,0.0,0.0,0.0,2.54,1.02,LOW,NORMAL,No major anomaly detected by the current risk layers.
W11532,Tanish Iyer,Nashik,Zilla Panchayat,Street Lighting,5.45,2.51,0.0,0.0,0.0,2.51,1.01,LOW,NORMAL,No major anomaly detected by the current risk layers.
W12893,Advaith Gole,Kanpur,State Housing Board,School Building Repair,6.82,2.54,0.0,0.0,0.0,2.54,1.01,LOW,NORMAL,No major anomaly detected by the current risk layers.
W10677,Sanya Swamy,Thane,State Housing Board,Community Health Center,12.52,2.52,0.0,0.0,0.0,2.52,1.01,LOW,NORMAL,No major anomaly detected by the current risk layers.
W11200,Triya Khatri,Nagpur,State Housing Board,School Building Repair,9.14,2.51,0.0,0.0,0.0,2.51,1.0,LOW,NORMAL,No major anomaly detected by the current risk layers.
W11667,Eesha Memon,Coimbatore,Public Works Department,School Building Repair,7.91,2.47,0.0,0.0,0.0,2.47,0.99,LOW,NORMAL,No major anomaly detected by the current risk layers.
W10985,Ishwar Boase,Kolkata,Public Works Department,Drainage System,10.96,2.32,0.0,0.0,0.0,2.32,0.93,LOW,NORMAL,No major anomaly detected by the current risk layers.
W12741,Eesha Memon,Madurai,Public Works Department,School Building Repair,5.6,2.29,0.0,0.0,0.0,2.29,0.92,LOW,NORMAL,No major anomaly detected by the current risk layers.
W12222,Varsha Morar,Salem,Zilla Panchayat,School Building Repair,6.22,2.3,0.0,0.0,0.0,2.3,0.92,LOW,NORMAL,No major anomaly detected by the current risk layers.
W12200,Vrinda Biswas,Mysuru,Municipal Corporation,Road Construction,12.68,2.28,0.0,0.0,0.0,2.28,0.91,LOW,NORMAL,No major anomaly detected by the current risk layers.
W12814,Victor Venkataraman,Agra,Public Works Department,Road Construction,10.68,2.26,0.0,0.0,0.0,2.26,0.9,LOW,NORMAL,No major anomaly detected by the current risk layers.
W12181,Lucky Prashad,Mysuru,State Housing Board,School Building Repair,5.69,2.22,0.0,0.0,0.0,2.22,0.89,LOW,NORMAL,No major anomaly detected by the current risk layers.
W10013,Leena Butala,Salem,Municipal Corporation,School Building Repair,8.44,2.21,0.0,0.0,0.0,2.21,0.88,LOW,NORMAL,No major anomaly detected by the current risk layers.
W10728,Widisha Yohannan,Nagpur,State Housing Board,Drainage System,8.73,2.17,0.0,0.0,0.0,2.17,0.87,LOW,NORMAL,No major anomaly detected by the current risk layers.
W12326,Gabriel Thaman,Asansol,Zilla Panchayat,Street Lighting,4.99,2.19,0.0,0.0,0.0,2.19,0.87,LOW,NORMAL,No major anomaly detected by the current risk layers.
W10540,Meera Banerjee,Thane,State Housing Board,Public Toilet Complex,6.63,2.14,0.0,0.0,0.0,2.14,0.86,LOW,NORMAL,No major anomaly detected by the current risk layers.
W11649,Bachittar Choudhry,Asansol,Municipal Corporation,Road Construction,7.33,2.12,0.0,0.0,0.0,2.12,0.85,LOW,NORMAL,No major anomaly detected by the current risk layers.
W12471,Ronith Zachariah,Coimbatore,Public Works Department,Road Construction,9.13,2.1,0.0,0.0,0.0,2.1,0.84,LOW,NORMAL,No major anomaly detected by the current risk layers.
W11612,Nicholas Gour,Nagpur,Municipal Corporation,Public Toilet Complex,6.26,2.08,0.0,0.0,0.0,2.08,0.83,LOW,NORMAL,No major anomaly detected by the current risk layers.
W10757,Yadavi Deshmukh,Agra,Zilla Panchayat,School Building Repair,6.52,2.06,0.0,0.0,0.0,2.06,0.83,LOW,NORMAL,No major anomaly detected by the current risk layers.
W10098,Vanya Suresh,Asansol,State Housing Board,Drainage System,5.23,2.06,0.0,0.0,0.0,2.06,0.83,LOW,NORMAL,No major anomaly detected by the current risk layers.
W11171,Pallavi Krish,Mysuru,Municipal Corporation,Public Toilet Complex,6.94,2.02,0.0,0.0,0.0,2.02,0.81,LOW,NORMAL,No major anomaly detected by the current risk layers.
W11634,Ronith Zachariah,Belagavi,Public Works Department,Drainage System,5.06,2.0,0.0,0.0,0.0,2.0,0.8,LOW,NORMAL,No major anomaly detected by the current risk layers.
W12300,Mugdha Varty,Kanpur,Municipal Corporation,Street Lighting,5.55,1.92,0.0,0.0,0.0,1.92,0.77,LOW,NORMAL,No major anomaly detected by the current risk layers.
W12750,Leena Butala,Coimbatore,Zilla Panchayat,Public Toilet Complex,6.53,1.92,0.0,0.0,0.0,1.92,0.77,LOW,NORMAL,No major anomaly detected by the current risk layers.
W11779,Yamini Chand,Coimbatore,Zilla Panchayat,Drainage System,5.67,1.9,0.0,0.0,0.0,1.9,0.76,LOW,NORMAL,No major anomaly detected by the current risk layers.
W10956,Lucky Prashad,Kanpur,Municipal Corporation,Drinking Water Supply,6.81,1.88,0.0,0.0,0.0,1.88,0.75,LOW,NORMAL,No major anomaly detected by the current risk layers.
W12066,Lucky Prashad,Belagavi,District Rural Development Agency,Drainage System,7.87,1.85,0.0,0.0,0.0,1.85,0.74,LOW,NORMAL,No major anomaly detected by the current risk layers.
W12025,Vrinda Biswas,Nagpur,State Housing Board,Road Construction,5.57,1.86,0.0,0.0,0.0,1.86,0.74,LOW,NORMAL,No major anomaly detected by the current risk layers.
W10327,Advaith Gole,Belagavi,District Rural Development Agency,Public Toilet Complex,7.85,1.81,0.0,0.0,0.0,1.81,0.73,LOW,NORMAL,No major anomaly detected by the current risk layers.
W10243,Ekansh Sami,Mysuru,State Housing Board,Public Toilet Complex,6.07,1.83,0.0,0.0,0.0,1.83,0.73,LOW,NORMAL,No major anomaly detected by the current risk layers.
W10462,Azaan Gupta,Chennai,State Housing Board,Drinking Water Supply,5.57,1.76,0.0,0.0,0.0,1.76,0.7,LOW,NORMAL,No major anomaly detected by the current risk layers.
W11894,Victor Venkataraman,Madurai,Municipal Corporation,Road Construction,12.29,1.75,0.0,0.0,0.0,1.75,0.7,LOW,NORMAL,No major anomaly detected by the current risk layers.
W10917,Meera Banerjee,Lucknow,State Housing Board,School Building Repair,9.1,1.65,0.0,0.0,0.0,1.65,0.66,LOW,NORMAL,No major anomaly detected by the current risk layers.
W12257,Gabriel Thaman,Chennai,State Housing Board,Drainage System,9.57,1.56,0.0,0.0,0.0,1.56,0.63,LOW,NORMAL,No major anomaly detected by the current risk layers.
W12169,Gabriel Thaman,Varanasi,Zilla Panchayat,Drinking Water Supply,13.01,1.31,0.0,0.0,0.0,1.31,0.52,LOW,NORMAL,No major anomaly detected by the current risk layers.
